feature_name,feature_length,feature_count,feature_mut_rate,feature_A3A_rate,feature_G_count,feature_C_count,feature_A_count,feature_T_count,feature_direction,feature_tct_count,feature_tca_count,feature_tcg_count,feature_aga_count,feature_tga_count,feature_cga_count,feature_A3A_motifs_top,feature_A3A_motifs_bottom,feature_chromosome,feature_start,feature_end
YAR028W,201,21,0.1044776119402985,0.01990049751243781,1,3,10,7,+,12,21,9,11,22,10,42,43,ref|NC_001133|,184732,184932
YEL035C,201,19,0.0945273631840796,0.0945273631840796,3,16,0,0,-,4,10,8,6,3,14,22,23,ref|NC_001137|,85645,85445
YAL038W,201,16,0.07960199004975124,0.07960199004975124,1,15,0,0,+,27,28,15,38,42,17,70,97,ref|NC_001133|,71544,71744
YGR287C,201,16,0.07960199004975124,0.03980099502487562,8,0,1,7,-,24,33,13,54,44,30,70,128,ref|NC_001139|,1069120,1068920
YOL052C-A,201,14,0.06965174129353234,0.06965174129353234,10,4,0,0,-,3,5,4,0,2,1,12,3,ref|NC_001147|,231855,231655
YOR374W,201,12,0.05970149253731343,0.05970149253731343,0,12,0,0,+,29,28,8,29,34,18,65,81,ref|NC_001147|,1039673,1039873
YEL009C,201,11,0.05472636815920398,0.05472636815920398,7,4,0,0,-,17,16,8,21,25,12,41,58,ref|NC_001137|,139784,139584
YEL008W,201,11,0.05472636815920398,0.05472636815920398,7,4,0,0,+,6,7,4,7,2,5,17,14,ref|NC_001137|,139495,139695
YCR048W,201,11,0.05472636815920398,0.03482587064676617,4,3,4,0,+,26,29,30,35,29,19,85,83,ref|NC_001135|,211775,211975
YKR039W,201,11,0.05472636815920398,0.05472636815920398,5,6,0,0,+,44,38,16,38,28,5,98,71,ref|NC_001143|,514860,515060
YOR052C,201,10,0.04975124378109453,0.04975124378109453,6,4,0,0,-,4,7,7,17,9,9,18,35,ref|NC_001147|,427537,427337
YGL055W,201,10,0.04975124378109453,0.04975124378109453,1,9,0,0,+,36,22,14,31,36,15,72,82,ref|NC_001139|,398436,398636
YDL218W,201,10,0.04975124378109453,0.04975124378109453,7,3,0,0,+,17,17,8,12,18,9,42,39,ref|NC_001136|,66393,66593
YHR211W,201,10,0.04975124378109453,0.03482587064676617,6,1,1,2,+,78,83,12,39,72,33,173,144,ref|NC_001140|,525292,525492
YNL336W,201,9,0.04477611940298507,0.04477611940298507,0,9,0,0,+,26,15,9,24,25,8,50,57,ref|NC_001146|,8230,8430
YBL029C-A,201,9,0.04477611940298507,0.04477611940298507,9,0,0,0,-,3,8,2,5,3,6,13,14,ref|NC_001134|,164872,164672
YOL126C,201,9,0.04477611940298507,0.04477611940298507,8,1,0,0,-,20,21,16,23,20,11,57,54,ref|NC_001147|,83197,82997
YNL251C,201,9,0.04477611940298507,0.04477611940298507,8,1,0,0,-,28,39,14,30,29,18,81,77,ref|NC_001146|,174687,174487
YER098W,201,9,0.04477611940298507,0.04477611940298507,5,4,0,0,+,21,48,14,65,55,22,83,142,ref|NC_001137|,354378,354578
YCR049C,201,9,0.04477611940298507,0.04477611940298507,9,0,0,0,-,10,7,6,3,5,10,23,18,ref|NC_001135|,215140,214940
YDR134C,201,9,0.04477611940298507,0.04477611940298507,7,2,0,0,-,8,6,2,3,6,1,16,10,ref|NC_001136|,721581,721381
YBR249C,201,9,0.04477611940298507,0.04477611940298507,9,0,0,0,-,17,27,7,29,25,8,51,62,ref|NC_001134|,718207,718007
YOR136W,201,9,0.04477611940298507,0.04477611940298507,0,9,0,0,+,27,21,10,24,28,10,58,62,ref|NC_001147|,580032,580232
YBR072W,201,9,0.04477611940298507,0.04477611940298507,1,8,0,0,+,9,13,5,21,19,3,27,43,ref|NC_001134|,381748,381948
YDR525W,201,9,0.04477611940298507,0.04477611940298507,7,2,0,0,+,8,5,3,6,5,5,16,16,ref|NC_001136|,1489805,1490005
YBR054W,201,9,0.04477611940298507,0.04477611940298507,2,7,0,0,+,20,20,4,26,20,4,44,50,ref|NC_001134|,342681,342881
YMR241W,201,8,0.03980099502487562,0.03980099502487562,4,4,0,0,+,17,18,8,23,13,5,43,41,ref|NC_001145|,751648,751848
YKL152C,201,8,0.03980099502487562,0.03980099502487562,7,1,0,0,-,12,10,5,23,21,7,27,51,ref|NC_001143|,164509,164309
YHL033C,201,8,0.03980099502487562,0.03980099502487562,7,1,0,0,-,7,14,6,30,14,8,27,52,ref|NC_001140|,36137,35937
YCL048W-A,201,8,0.03980099502487562,0.03980099502487562,0,8,0,0,+,4,3,4,0,2,3,11,5,ref|NC_001135|,41388,41588
YJL026W,201,8,0.03980099502487562,0.03980099502487562,3,5,0,0,+,20,19,11,32,34,18,50,84,ref|NC_001142|,392110,392310
YOR187W,201,8,0.03980099502487562,0.03980099502487562,5,3,0,0,+,20,20,9,30,33,8,49,71,ref|NC_001147|,683814,684014
YDR099W,201,8,0.03980099502487562,0.03980099502487562,2,6,0,0,+,22,15,10,17,27,8,47,52,ref|NC_001136|,652567,652767
YPL223C,201,8,0.03980099502487562,0.03980099502487562,6,2,0,0,-,8,10,3,8,13,13,21,34,ref|NC_001148|,129238,129038
YHR139C,201,8,0.03980099502487562,0.03980099502487562,7,1,0,0,-,21,33,8,11,11,6,62,28,ref|NC_001140|,379299,379099
YIL032C,201,8,0.03980099502487562,0.03980099502487562,1,7,0,0,-,8,6,3,6,5,7,17,18,ref|NC_001141|,292417,292217
YOR065W,201,8,0.03980099502487562,0.03980099502487562,2,6,0,0,+,19,12,6,17,25,13,37,55,ref|NC_001147|,446984,447184
YDL133W,201,8,0.03980099502487562,0.03980099502487562,5,3,0,0,+,19,34,12,33,19,13,65,65,ref|NC_001136|,221843,222043
YLR055C,201,8,0.03980099502487562,0.03980099502487562,0,8,0,0,-,25,18,15,42,54,39,58,135,ref|NC_001144|,253180,252980
YER136W,201,8,0.03980099502487562,0.03980099502487562,2,6,0,0,+,18,21,9,36,27,17,48,80,ref|NC_001137|,438556,438756
YBR196C,201,8,0.03980099502487562,0.03980099502487562,8,0,0,0,-,38,39,18,24,43,14,95,81,ref|NC_001134|,614094,613894
YMR297W,201,8,0.03980099502487562,0.03980099502487562,5,3,0,0,+,27,28,17,21,32,19,72,72,ref|NC_001145|,861779,861979
YKL065W-A,201,7,0.03482587064676617,0.03482587064676617,2,5,0,0,+,5,1,1,7,7,1,7,15,ref|NC_001143|,315854,316054
YGR130C,201,7,0.03482587064676617,0.03482587064676617,5,2,0,0,-,25,57,24,72,69,25,106,166,ref|NC_001139|,754082,753882
YBR118W,201,7,0.03482587064676617,0.03482587064676617,1,6,0,0,+,17,33,19,34,30,12,69,76,ref|NC_001134|,477364,477564
YHR195W,201,7,0.03482587064676617,0.03482587064676617,4,3,0,0,+,13,12,9,26,23,12,34,61,ref|NC_001140|,490473,490673
YDL145C,201,7,0.03482587064676617,0.03482587064676617,3,4,0,0,-,44,67,25,82,89,23,136,194,ref|NC_001136|,198581,198381
YIL134C-A,201,7,0.03482587064676617,0.03482587064676617,1,6,0,0,-,2,3,2,2,2,1,7,5,ref|NC_001141|,96825,96625
YDR524C-A,201,7,0.03482587064676617,0.03482587064676617,6,1,0,0,-,5,2,2,1,1,1,9,3,ref|NC_001136|,1490090,1489890
YGR211W,201,7,0.03482587064676617,0.03482587064676617,1,6,0,0,+,18,29,16,48,36,26,63,110,ref|NC_001139|,915017,915217
YGR209C,201,7,0.03482587064676617,0.03482587064676617,1,6,0,0,-,7,5,3,3,9,2,15,14,ref|NC_001139|,913418,913218
YCR051W,201,7,0.03482587064676617,0.03482587064676617,5,2,0,0,+,1,8,6,17,14,11,15,42,ref|NC_001135|,216685,216885
YGR095C,201,7,0.03482587064676617,0.03482587064676617,3,4,0,0,-,10,15,8,21,14,5,33,40,ref|NC_001139|,677215,677015
YBL041W,201,7,0.03482587064676617,0.03482587064676617,2,5,0,0,+,9,21,8,15,13,10,38,38,ref|NC_001134|,140910,141110
YNL118C,201,7,0.03482587064676617,0.03482587064676617,4,3,0,0,-,39,74,18,80,70,33,131,183,ref|NC_001146|,405717,405517
YKR041W,201,7,0.03482587064676617,0.0,0,0,0,7,+,1,9,7,22,21,22,17,65,ref|NC_001143|,518079,518279
YFR053C,201,7,0.03482587064676617,0.03482587064676617,4,3,0,0,-,15,18,13,36,40,22,46,98,ref|NC_001138|,255260,255060
YPL004C,201,7,0.03482587064676617,0.03482587064676617,5,2,0,0,-,17,24,10,29,34,12,51,75,ref|NC_001148|,551806,551606
YOR054C,201,7,0.03482587064676617,0.03482587064676617,4,3,0,0,-,36,31,15,52,49,49,82,150,ref|NC_001147|,430108,429908
YLL024C,201,7,0.03482587064676617,0.03482587064676617,4,3,0,0,-,33,29,22,57,58,23,84,138,ref|NC_001144|,97637,97437
YPL131W,201,7,0.03482587064676617,0.03482587064676617,4,3,0,0,+,16,15,7,32,22,10,38,64,ref|NC_001148|,303002,303202
YJL159W,201,7,0.03482587064676617,0.03482587064676617,3,4,0,0,+,26,31,8,18,19,6,65,43,ref|NC_001142|,120162,120362
YGR142W,201,7,0.03482587064676617,0.03482587064676617,2,5,0,0,+,21,12,2,49,40,10,35,99,ref|NC_001139|,772177,772377
YCR012W,201,7,0.03482587064676617,0.03482587064676617,1,6,0,0,+,27,29,18,28,20,15,74,63,ref|NC_001135|,137524,137724
YJR155W,201,7,0.03482587064676617,0.03482587064676617,1,6,0,0,+,15,12,6,21,16,5,33,42,ref|NC_001142|,726926,727126
YGR254W,201,7,0.03482587064676617,0.03482587064676617,1,6,0,0,+,22,20,15,32,40,16,57,88,ref|NC_001139|,1000790,1000990
YDR186C,201,6,0.029850746268656716,0.029850746268656716,5,1,0,0,-,44,53,26,64,64,41,123,169,ref|NC_001136|,835592,835392
YIR022W,201,6,0.029850746268656716,0.029850746268656716,3,3,0,0,+,6,6,3,7,12,5,15,24,ref|NC_001141|,398625,398825
YKL096C-B,201,6,0.029850746268656716,0.029850746268656716,0,6,0,0,-,2,1,1,7,7,1,4,15,ref|NC_001143|,259322,259122
YBL039W-B,201,6,0.029850746268656716,0.029850746268656716,4,2,0,0,+,2,5,2,4,3,4,9,11,ref|NC_001134|,143293,143493
YKL096W-A,201,6,0.029850746268656716,0.029850746268656716,0,6,0,0,+,6,4,4,0,4,2,14,6,ref|NC_001143|,259153,259353
YER145C,201,6,0.029850746268656716,0.029850746268656716,2,4,0,0,-,20,21,20,31,25,10,61,66,ref|NC_001137|,461053,460853
YPL250C,201,6,0.029850746268656716,0.029850746268656716,6,0,0,0,-,11,4,10,9,5,10,25,24,ref|NC_001148|,74886,74686
YNL036W,201,6,0.029850746268656716,0.029850746268656716,3,3,0,0,+,11,14,3,10,11,6,28,27,ref|NC_001146|,559566,559766
YOR285W,201,6,0.029850746268656716,0.029850746268656716,2,4,0,0,+,5,10,4,12,13,2,19,27,ref|NC_001147|,849515,849715
YNL007C,201,6,0.029850746268656716,0.029850746268656716,4,2,0,0,-,15,24,3,26,18,3,42,47,ref|NC_001146|,619792,619592
YMR112C,201,6,0.029850746268656716,0.029850746268656716,2,4,0,0,-,3,11,3,13,6,8,17,27,ref|NC_001145|,494739,494539
YNL238W,201,6,0.029850746268656716,0.029850746268656716,5,1,0,0,+,35,48,13,53,60,27,96,140,ref|NC_001146|,202014,202214
YBR219C,201,6,0.029850746268656716,0.029850746268656716,6,0,0,0,-,11,19,5,10,11,10,35,31,ref|NC_001134|,663403,663203
YDL133C-A,201,6,0.029850746268656716,0.029850746268656716,5,1,0,0,-,0,0,0,10,2,0,0,12,ref|NC_001136|,221901,221701
YDR435C,201,6,0.029850746268656716,0.029850746268656716,3,3,0,0,-,12,22,8,21,24,13,42,58,ref|NC_001136|,1334282,1334082
YGR178C,201,6,0.029850746268656716,0.029850746268656716,3,3,0,0,-,31,36,15,62,54,19,82,135,ref|NC_001139|,853548,853348
YGL200C,201,6,0.029850746268656716,0.029850746268656716,1,5,0,0,-,13,10,9,14,12,8,32,34,ref|NC_001139|,123482,123282
YGR161C,201,6,0.029850746268656716,0.029850746268656716,6,0,0,0,-,19,14,12,24,13,11,45,48,ref|NC_001139|,809618,809418
YDR419W,201,6,0.029850746268656716,0.029850746268656716,3,3,0,0,+,30,34,17,45,38,20,81,103,ref|NC_001136|,1303069,1303269
YMR120C,201,6,0.029850746268656716,0.029850746268656716,3,3,0,0,-,27,33,20,49,34,16,80,99,ref|NC_001145|,509490,509290
YOL040C,201,6,0.029850746268656716,0.029850746268656716,6,0,0,0,-,4,10,5,19,11,1,19,31,ref|NC_001147|,253729,253529
YFL039C,201,6,0.029850746268656716,0.029850746268656716,5,1,0,0,-,35,26,14,29,35,14,75,78,ref|NC_001138|,55003,54803
YFL033C,201,6,0.029850746268656716,0.024875621890547265,2,3,1,0,-,87,135,51,121,106,80,273,307,ref|NC_001138|,74527,74327
YMR244W,201,6,0.029850746268656716,0.029850746268656716,3,3,0,0,+,11,20,9,16,18,9,40,43,ref|NC_001145|,757150,757350
YHL030W,201,6,0.029850746268656716,0.029850746268656716,5,1,0,0,+,102,128,43,115,143,60,273,318,ref|NC_001140|,39984,40184
YOR018W,201,6,0.029850746268656716,0.029850746268656716,1,5,0,0,+,43,74,21,50,47,29,138,126,ref|NC_001147|,364269,364469
YMR278W,201,6,0.029850746268656716,0.024875621890547265,4,1,0,1,+,25,29,15,42,39,16,69,97,ref|NC_001145|,822623,822823
YLR109W,201,6,0.029850746268656716,0.029850746268656716,1,5,0,0,+,5,8,6,5,13,5,19,23,ref|NC_001144|,368644,368844
YGL260W,201,6,0.029850746268656716,0.029850746268656716,4,2,0,0,+,4,4,4,6,2,3,12,11,ref|NC_001139|,6760,6960
YEL039C,201,6,0.029850746268656716,0.029850746268656716,5,1,0,0,-,2,7,0,10,4,4,9,18,ref|NC_001137|,80270,80070
YLR317W,201,6,0.029850746268656716,0.029850746268656716,3,3,0,0,+,7,19,11,3,3,6,37,12,ref|NC_001144|,765083,765283
YOR034C,201,6,0.029850746268656716,0.029850746268656716,6,0,0,0,-,42,43,12,33,55,22,97,110,ref|NC_001147|,397424,397224
YFR033C,201,6,0.029850746268656716,0.029850746268656716,2,4,0,0,-,2,4,0,23,17,8,6,48,ref|NC_001138|,225625,225425
YDL075W,201,6,0.029850746268656716,0.029850746268656716,1,5,0,0,+,11,14,6,35,16,4,31,55,ref|NC_001136|,321971,322171
YGL262W,201,6,0.029850746268656716,0.014925373134328358,2,1,2,1,+,6,8,4,7,14,4,18,25,ref|NC_001139|,5212,5412
YOR183W,201,6,0.029850746268656716,0.029850746268656716,2,4,0,0,+,5,5,2,6,6,4,12,16,ref|NC_001147|,678772,678972
YDL087C,201,6,0.029850746268656716,0.029850746268656716,4,2,0,0,-,10,14,9,27,11,11,33,49,ref|NC_001136|,301112,300912
YML127W,201,6,0.029850746268656716,0.029850746268656716,4,2,0,0,+,29,33,21,30,34,18,83,82,ref|NC_001145|,16884,17084
YLR249W,201,6,0.029850746268656716,0.029850746268656716,0,6,0,0,+,68,45,26,103,88,37,139,228,ref|NC_001144|,636614,636814
YDL055C,201,6,0.029850746268656716,0.029850746268656716,6,0,0,0,-,18,17,13,20,27,12,48,59,ref|NC_001136|,357008,356808
YPL230W,201,6,0.029850746268656716,0.029850746268656716,2,4,0,0,+,24,27,12,15,21,14,63,50,ref|NC_001148|,114969,115169
YLR058C,201,6,0.029850746268656716,0.029850746268656716,5,1,0,0,-,25,25,13,32,35,15,63,82,ref|NC_001144|,259615,259415
YBR078W,201,6,0.029850746268656716,0.029850746268656716,2,4,0,0,+,66,31,15,19,33,12,112,64,ref|NC_001134|,392847,393047
YGR197C,201,6,0.029850746268656716,0.029850746268656716,2,4,0,0,-,30,31,19,23,34,17,80,74,ref|NC_001139|,894446,894246
YMR175W,201,6,0.029850746268656716,0.029850746268656716,1,5,0,0,+,2,4,1,6,11,5,7,22,ref|NC_001145|,610916,611116
YOR349W,201,6,0.029850746268656716,0.029850746268656716,1,5,0,0,+,64,88,37,61,47,46,189,154,ref|NC_001147|,989689,989889
YDL020C,201,6,0.029850746268656716,0.029850746268656716,3,3,0,0,-,26,36,13,45,38,25,75,108,ref|NC_001136|,417052,416852
YLR297W,201,6,0.029850746268656716,0.029850746268656716,2,4,0,0,+,5,7,7,7,13,5,19,25,ref|NC_001144|,723734,723934
YPL198W,201,6,0.029850746268656716,0.029850746268656716,2,4,0,0,+,30,35,17,31,37,13,82,81,ref|NC_001148|,173015,173215
YGL227W,201,6,0.029850746268656716,0.029850746268656716,5,1,0,0,+,50,50,11,76,96,40,111,212,ref|NC_001139|,69529,69729
YDL192W,201,5,0.024875621890547265,0.024875621890547265,4,1,0,0,+,9,7,4,16,14,3,20,33,ref|NC_001136|,116175,116375
YOR125C,201,5,0.024875621890547265,0.024875621890547265,5,0,0,0,-,6,19,5,18,9,7,30,34,ref|NC_001147|,559880,559680
YEL024W,201,5,0.024875621890547265,0.024875621890547265,1,4,0,0,+,9,17,2,12,14,4,28,30,ref|NC_001137|,107059,107259
YPR076W,201,5,0.024875621890547265,0.024875621890547265,3,2,0,0,+,3,6,6,7,12,3,15,22,ref|NC_001148|,696376,696576
YDR516C,201,5,0.024875621890547265,0.024875621890547265,4,1,0,0,-,22,24,14,30,45,16,60,91,ref|NC_001136|,1476688,1476488
YOL029C,201,5,0.024875621890547265,0.024875621890547265,0,5,0,0,-,8,18,4,19,6,10,30,35,ref|NC_001147|,271122,270922
YDL022W,201,5,0.024875621890547265,0.024875621890547265,2,3,0,0,+,23,25,13,28,26,12,61,66,ref|NC_001136|,411582,411782
YJL028W,201,5,0.024875621890547265,0.024875621890547265,1,4,0,0,+,9,5,5,4,0,5,19,9,ref|NC_001142|,391211,391411
YDL051W,201,5,0.024875621890547265,0.024875621890547265,0,5,0,0,+,10,13,4,29,26,8,27,63,ref|NC_001136|,363746,363946
YLR259C,201,5,0.024875621890547265,0.024875621890547265,4,1,0,0,-,22,30,18,41,56,12,70,109,ref|NC_001144|,665148,664948
YOR223W,201,5,0.024875621890547265,0.024875621890547265,5,0,0,0,+,9,8,11,21,22,9,28,52,ref|NC_001147|,759546,759746
YJL212C,201,5,0.024875621890547265,0.024875621890547265,3,2,0,0,-,44,46,35,34,39,18,125,91,ref|NC_001142|,36381,36181
YBR101C,201,5,0.024875621890547265,0.024875621890547265,5,0,0,0,-,15,9,8,20,29,14,32,63,ref|NC_001134|,444843,444643
YBL059W,201,5,0.024875621890547265,0.024875621890547265,3,2,0,0,+,8,12,3,13,9,7,23,29,ref|NC_001134|,110494,110694
YBR077C,201,5,0.024875621890547265,0.024875621890547265,2,3,0,0,-,4,5,6,8,15,8,15,31,ref|NC_001134|,392934,392734
YGL106W,201,5,0.024875621890547265,0.024875621890547265,2,3,0,0,+,2,7,6,14,12,7,15,33,ref|NC_001139|,306435,306635
YBL059C-A,201,5,0.024875621890547265,0.024875621890547265,3,2,0,0,-,5,8,2,15,8,6,15,29,ref|NC_001134|,110639,110439
YJL034W,201,5,0.024875621890547265,0.024875621890547265,2,3,0,0,+,32,24,19,62,70,21,75,153,ref|NC_001142|,381189,381389
YNL037C,201,5,0.024875621890547265,0.024875621890547265,4,1,0,0,-,14,24,9,27,30,6,47,63,ref|NC_001146|,559215,559015
YER053C-A,201,5,0.024875621890547265,0.024875621890547265,5,0,0,0,-,1,3,2,5,3,1,6,9,ref|NC_001137|,260341,260141
YDR517W,201,5,0.024875621890547265,0.024875621890547265,4,1,0,0,+,18,26,11,25,20,13,55,58,ref|NC_001136|,1476523,1476723
YER088W-B,201,5,0.024875621890547265,0.024875621890547265,3,2,0,0,+,1,4,1,3,2,0,6,5,ref|NC_001137|,335022,335222
YDL126C,201,5,0.024875621890547265,0.024875621890547265,2,3,0,0,-,30,41,29,76,74,22,100,172,ref|NC_001136|,238829,238629
YDL128W,201,5,0.024875621890547265,0.024875621890547265,1,4,0,0,+,29,24,8,15,25,8,61,48,ref|NC_001136|,232420,232620
YMR195W,201,5,0.024875621890547265,0.024875621890547265,2,3,0,0,+,6,7,8,7,7,6,21,20,ref|NC_001145|,653842,654042
YPR036W-A,201,5,0.024875621890547265,0.024875621890547265,1,4,0,0,+,10,6,3,4,4,1,19,9,ref|NC_001148|,645850,646050
YBR144C,201,5,0.024875621890547265,0.024875621890547265,3,2,0,0,-,2,7,1,8,5,1,10,14,ref|NC_001134|,533649,533449
YLR346C,201,5,0.024875621890547265,0.01990049751243781,4,0,1,0,-,1,8,2,9,6,1,11,16,ref|NC_001144|,822862,822662
YOR230W,201,5,0.024875621890547265,0.024875621890547265,5,0,0,0,+,29,24,12,32,39,11,65,82,ref|NC_001147|,770552,770752
YPL178W,201,5,0.024875621890547265,0.024875621890547265,5,0,0,0,+,4,12,6,22,15,9,22,46,ref|NC_001148|,212010,212210
YGL080W,201,5,0.024875621890547265,0.024875621890547265,2,3,0,0,+,7,14,1,8,7,0,22,15,ref|NC_001139|,358455,358655
YDR043C,201,5,0.024875621890547265,0.024875621890547265,2,3,0,0,-,8,16,4,20,14,5,28,39,ref|NC_001136|,543673,543473
YBL003C,201,5,0.024875621890547265,0.024875621890547265,4,1,0,0,-,9,5,1,15,5,0,15,20,ref|NC_001134|,235956,235756
YER088C-A,201,5,0.024875621890547265,0.024875621890547265,2,3,0,0,-,1,3,1,11,7,5,5,23,ref|NC_001137|,335314,335114
YGR088W,201,5,0.024875621890547265,0.024875621890547265,2,3,0,0,+,25,37,11,43,33,15,73,91,ref|NC_001139|,653462,653662
YGR060W,201,5,0.024875621890547265,0.024875621890547265,0,5,0,0,+,30,21,6,20,16,4,57,40,ref|NC_001139|,610373,610573
YHR203C,201,5,0.024875621890547265,0.024875621890547265,3,2,0,0,-,17,24,9,36,24,8,50,68,ref|NC_001140|,505705,505505
YLR237W,201,5,0.024875621890547265,0.024875621890547265,2,3,0,0,+,47,32,18,21,42,10,97,73,ref|NC_001144|,612132,612332
YDR034W-B,201,5,0.024875621890547265,0.024875621890547265,2,3,0,0,+,2,3,1,2,2,0,6,4,ref|NC_001136|,521214,521414
YPL240C,201,5,0.024875621890547265,0.024875621890547265,4,1,0,0,-,41,40,15,82,69,23,96,174,ref|NC_001148|,98847,98647
YBR009C,201,5,0.024875621890547265,0.024875621890547265,1,4,0,0,-,8,6,1,15,3,2,15,20,ref|NC_001134|,256309,256109
YNL042W-B,201,5,0.024875621890547265,0.024875621890547265,1,4,0,0,+,6,8,2,7,4,2,16,13,ref|NC_001146|,547013,547213
YMR145C,201,5,0.024875621890547265,0.024875621890547265,4,1,0,0,-,26,28,17,43,38,15,71,96,ref|NC_001145|,556798,556598
YEL046C,201,5,0.024875621890547265,0.024875621890547265,5,0,0,0,-,25,20,9,26,21,16,54,63,ref|NC_001137|,69010,68810
YDL095W,201,5,0.024875621890547265,0.024875621890547265,4,1,0,0,+,50,45,24,44,42,18,119,104,ref|NC_001136|,286929,287129
YPL164C,201,5,0.024875621890547265,0.024875621890547265,1,4,0,0,-,27,46,20,58,51,22,93,131,ref|NC_001148|,241626,241426
YHR104W,201,5,0.024875621890547265,0.024875621890547265,3,2,0,0,+,14,25,6,22,20,11,45,53,ref|NC_001140|,323160,323360
YPR125W,201,5,0.024875621890547265,0.024875621890547265,1,4,0,0,+,17,18,13,41,35,12,48,88,ref|NC_001148|,787765,787965
YEL071W,201,5,0.024875621890547265,0.024875621890547265,3,2,0,0,+,20,26,15,33,42,12,61,87,ref|NC_001137|,16226,16426
YKL068W-A,201,5,0.024875621890547265,0.024875621890547265,0,5,0,0,+,3,10,0,6,5,1,13,12,ref|NC_001143|,309106,309306
YGL008C,201,5,0.024875621890547265,0.024875621890547265,5,0,0,0,-,66,31,36,58,72,34,133,164,ref|NC_001139|,483005,482805
YBL082C,201,5,0.024875621890547265,0.024875621890547265,1,4,0,0,-,28,22,22,16,26,9,72,51,ref|NC_001134|,71273,71073
YIL136W,201,5,0.024875621890547265,0.024875621890547265,3,2,0,0,+,12,16,10,41,27,13,38,81,ref|NC_001141|,93456,93656
YMR250W,201,5,0.024875621890547265,0.024875621890547265,4,1,0,0,+,20,28,16,42,49,17,64,108,ref|NC_001145|,770701,770901
YOL002C,201,5,0.024875621890547265,0.024875621890547265,3,2,0,0,-,10,18,6,23,13,1,34,37,ref|NC_001147|,324750,324550
YLR415C,201,5,0.024875621890547265,0.024875621890547265,2,3,0,0,-,7,8,5,5,5,2,20,12,ref|NC_001144|,954697,954497
YGR174C,201,5,0.024875621890547265,0.024875621890547265,0,5,0,0,-,6,11,1,14,9,2,18,25,ref|NC_001139|,846505,846305
YIL135C,201,5,0.024875621890547265,0.024875621890547265,2,3,0,0,-,21,33,16,27,20,16,70,63,ref|NC_001141|,96697,96497
YML057C-A,201,5,0.024875621890547265,0.024875621890547265,0,5,0,0,-,15,4,3,3,4,4,22,11,ref|NC_001145|,160512,160312
YLR056W,201,5,0.024875621890547265,0.024875621890547265,2,3,0,0,+,26,29,12,19,25,10,67,54,ref|NC_001144|,253550,253750
YGR183C,201,5,0.024875621890547265,0.024875621890547265,4,1,0,0,-,4,10,1,3,8,9,15,20,ref|NC_001139|,859653,859453
YMR251W-A,201,5,0.024875621890547265,0.024875621890547265,2,3,0,0,+,3,4,1,1,2,0,8,3,ref|NC_001145|,774652,774852
YPL020C,201,5,0.024875621890547265,0.024875621890547265,1,4,0,0,-,22,27,11,71,47,20,60,138,ref|NC_001148|,514408,514208
YCR075C,201,5,0.024875621890547265,0.024875621890547265,1,4,0,0,-,13,21,13,7,14,15,47,36,ref|NC_001135|,251660,251460
YML125C,201,5,0.024875621890547265,0.024875621890547265,3,2,0,0,-,19,20,9,27,22,10,48,59,ref|NC_001145|,21836,21636
YPL022W,201,5,0.024875621890547265,0.024875621890547265,1,4,0,0,+,41,73,21,88,100,41,135,229,ref|NC_001148|,506505,506705
YCR063W,201,5,0.024875621890547265,0.024875621890547265,0,5,0,0,+,7,5,5,13,5,4,17,22,ref|NC_001135|,230822,231022
YPR183W,201,5,0.024875621890547265,0.024875621890547265,0,5,0,0,+,17,15,14,14,15,11,46,40,ref|NC_001148|,900604,900804
YMR320W,201,5,0.024875621890547265,0.024875621890547265,4,1,0,0,+,1,7,2,4,5,2,10,11,ref|NC_001145|,915606,915806
YGR202C,201,5,0.024875621890547265,0.024875621890547265,4,1,0,0,-,14,27,7,36,33,20,48,89,ref|NC_001139|,904953,904753
YDR124W,201,5,0.024875621890547265,0.024875621890547265,2,3,0,0,+,7,18,9,29,23,15,34,67,ref|NC_001136|,699760,699960
YML081C-A,201,5,0.024875621890547265,0.024875621890547265,1,4,0,0,-,3,1,1,3,6,1,5,10,ref|NC_001145|,104262,104062
YDR225W,201,5,0.024875621890547265,0.024875621890547265,3,2,0,0,+,8,5,1,14,6,1,14,21,ref|NC_001136|,914733,914933
YDR224C,201,5,0.024875621890547265,0.024875621890547265,3,2,0,0,-,14,3,2,11,10,2,19,23,ref|NC_001136|,914928,914728
YGL238W,201,5,0.024875621890547265,0.024875621890547265,1,4,0,0,+,43,57,15,60,79,23,115,162,ref|NC_001139|,49407,49607
YDR214W,201,5,0.024875621890547265,0.024875621890547265,4,1,0,0,+,15,18,13,16,22,16,46,54,ref|NC_001136|,892634,892834
YCR047C,201,5,0.024875621890547265,0.024875621890547265,0,5,0,0,-,11,10,4,19,17,14,25,50,ref|NC_001135|,211772,211572
YML073C,201,5,0.024875621890547265,0.024875621890547265,2,3,0,0,-,14,19,13,23,28,8,46,59,ref|NC_001145|,124309,124109
YHL015W,201,5,0.024875621890547265,0.024875621890547265,0,5,0,0,+,4,11,3,14,8,3,18,25,ref|NC_001140|,75293,75493
YCR045C,201,5,0.024875621890547265,0.024875621890547265,4,1,0,0,-,22,32,20,27,29,25,74,81,ref|NC_001135|,209710,209510
YNL154C,201,5,0.024875621890547265,0.024875621890547265,1,4,0,0,-,13,37,17,29,31,20,67,80,ref|NC_001146|,345598,345398
YLR110C,201,5,0.024875621890547265,0.024875621890547265,5,0,0,0,-,13,8,5,4,6,1,26,11,ref|NC_001144|,370245,370045
YGR165W,201,5,0.024875621890547265,0.024875621890547265,2,3,0,0,+,11,15,5,36,12,10,31,58,ref|NC_001139|,828889,829089
YAL021C,201,5,0.024875621890547265,0.024875621890547265,1,4,0,0,-,33,46,14,49,36,26,93,111,ref|NC_001133|,113503,113303
YDR274C,201,5,0.024875621890547265,0.024875621890547265,4,1,0,0,-,6,7,6,2,2,5,19,9,ref|NC_001136|,1012060,1011860
YER145C-A,201,5,0.024875621890547265,0.024875621890547265,4,1,0,0,-,13,5,9,5,5,7,27,17,ref|NC_001137|,462118,461918
YIL056W,201,5,0.024875621890547265,0.024875621890547265,1,4,0,0,+,34,47,20,37,32,23,101,92,ref|NC_001141|,249553,249753
YNR041C,201,5,0.024875621890547265,0.024875621890547265,5,0,0,0,-,18,16,13,18,16,7,47,41,ref|NC_001146|,701849,701649
YKL102C,201,5,0.024875621890547265,0.024875621890547265,4,1,0,0,-,4,8,5,5,5,2,17,12,ref|NC_001143|,248467,248267
YDR459C,201,5,0.024875621890547265,0.024875621890547265,1,4,0,0,-,22,28,13,19,16,11,63,46,ref|NC_001136|,1383839,1383639
YLL039C,201,5,0.024875621890547265,0.024875621890547265,2,3,0,0,-,22,20,10,50,31,11,52,92,ref|NC_001144|,65911,65711
YLR180W,201,5,0.024875621890547265,0.024875621890547265,2,3,0,0,+,16,22,17,33,24,17,55,74,ref|NC_001144|,515106,515306
YOL082W,201,5,0.024875621890547265,0.024875621890547265,3,2,0,0,+,16,26,6,31,34,14,48,79,ref|NC_001147|,168321,168521
YDR460W,201,5,0.024875621890547265,0.024875621890547265,1,4,0,0,+,8,17,14,37,28,17,39,82,ref|NC_001136|,1383571,1383771
YHR041C,201,5,0.024875621890547265,0.024875621890547265,2,3,0,0,-,13,14,12,11,12,12,39,35,ref|NC_001140|,189975,189775
YPL119C,201,5,0.024875621890547265,0.024875621890547265,3,2,0,0,-,22,35,10,51,34,21,67,106,ref|NC_001148|,326364,326164
YPL003W,201,5,0.024875621890547265,0.024875621890547265,5,0,0,0,+,21,21,8,34,28,11,50,73,ref|NC_001148|,551908,552108
YMR015C,201,5,0.024875621890547265,0.024875621890547265,4,1,0,0,-,31,31,12,40,33,10,74,83,ref|NC_001145|,302754,302554
YKL113C,201,5,0.024875621890547265,0.024875621890547265,1,4,0,0,-,15,17,8,42,38,10,40,90,ref|NC_001143|,226037,225837
YCR005C,201,5,0.024875621890547265,0.024875621890547265,4,1,0,0,-,21,39,12,30,22,11,72,63,ref|NC_001135|,122483,122283
YFR017C,201,4,0.01990049751243781,0.01990049751243781,3,1,0,0,-,9,7,5,10,9,7,21,26,ref|NC_001138|,183937,183737
YKR052C,201,4,0.01990049751243781,0.01990049751243781,2,2,0,0,-,12,14,5,11,23,9,31,43,ref|NC_001143|,533930,533730
YMR081C,201,4,0.01990049751243781,0.01990049751243781,2,2,0,0,-,22,28,10,24,19,11,60,54,ref|NC_001145|,431342,431142
YMR080C,201,4,0.01990049751243781,0.01990049751243781,3,1,0,0,-,42,59,22,57,64,22,123,143,ref|NC_001145|,429814,429614
YPR074W-A,201,4,0.01990049751243781,0.01990049751243781,2,2,0,0,+,4,2,4,7,2,4,10,13,ref|NC_001148|,694918,695118
YMR063W,201,4,0.01990049751243781,0.01990049751243781,4,0,0,0,+,6,21,8,14,14,6,35,34,ref|NC_001145|,396977,397177
YPL061W,201,4,0.01990049751243781,0.01990049751243781,4,0,0,0,+,27,26,16,40,33,20,69,93,ref|NC_001148|,432367,432567
YLR074C,201,4,0.01990049751243781,0.014925373134328358,1,2,0,1,-,6,6,2,16,11,4,14,31,ref|NC_001144|,282888,282688
YGL007C-A,201,4,0.01990049751243781,0.01990049751243781,4,0,0,0,-,2,2,2,0,0,1,6,1,ref|NC_001139|,483127,482927
YOL058W,201,4,0.01990049751243781,0.01990049751243781,1,3,0,0,+,17,19,14,36,27,14,50,77,ref|NC_001147|,219039,219239
YGL256W,201,4,0.01990049751243781,0.01990049751243781,3,1,0,0,+,16,27,5,29,29,6,48,64,ref|NC_001139|,14366,14566
YCR022C,201,4,0.01990049751243781,0.01990049751243781,4,0,0,0,-,8,5,5,4,1,8,18,13,ref|NC_001135|,158129,157929
YPL066W,201,4,0.01990049751243781,0.01990049751243781,2,2,0,0,+,26,41,19,30,24,25,86,79,ref|NC_001148|,425962,426162
YOL055C,201,4,0.01990049751243781,0.009950248756218905,2,0,0,2,-,20,23,13,29,38,10,56,77,ref|NC_001147|,226448,226248
YBR121C,201,4,0.01990049751243781,0.01990049751243781,2,2,0,0,-,26,32,16,66,70,15,74,151,ref|NC_001134|,483666,483466
YFL021W,201,4,0.01990049751243781,0.01990049751243781,3,1,0,0,+,30,25,21,25,33,19,76,77,ref|NC_001138|,95686,95886
YHR139C-A,201,4,0.01990049751243781,0.01990049751243781,0,4,0,0,-,6,7,1,9,5,2,14,16,ref|NC_001140|,380519,380319
YJL166W,201,4,0.01990049751243781,0.01990049751243781,1,3,0,0,+,4,5,0,6,1,1,9,8,ref|NC_001142|,106232,106432
YIL033C,201,4,0.01990049751243781,0.01990049751243781,1,3,0,0,-,18,30,9,29,18,19,57,66,ref|NC_001141|,292062,291862
YBR076C-A,201,4,0.01990049751243781,0.01990049751243781,4,0,0,0,-,8,4,5,2,4,0,17,6,ref|NC_001134|,391717,391517
YFR034C,201,4,0.01990049751243781,0.01990049751243781,0,4,0,0,-,7,10,20,15,15,23,37,53,ref|NC_001138|,226093,225893
YKR020W,201,4,0.01990049751243781,0.01990049751243781,3,1,0,0,+,9,11,1,24,13,7,21,44,ref|NC_001143|,478206,478406
YFR034W-A,201,4,0.01990049751243781,0.01990049751243781,0,4,0,0,+,2,3,2,7,4,3,7,14,ref|NC_001138|,225922,226122
YOR161C,201,4,0.01990049751243781,0.01990049751243781,2,2,0,0,-,30,28,19,22,31,18,77,71,ref|NC_001147|,638795,638595
YOR043W,201,4,0.01990049751243781,0.01990049751243781,4,0,0,0,+,20,30,14,34,32,19,64,85,ref|NC_001147|,410058,410258
YNL268W,201,4,0.01990049751243781,0.014925373134328358,2,1,1,0,+,39,31,17,36,34,14,87,84,ref|NC_001146|,138395,138595
YOR157C,201,4,0.01990049751243781,0.01990049751243781,0,4,0,0,-,13,10,7,18,13,5,30,36,ref|NC_001147|,631913,631713
YNL071W,201,4,0.01990049751243781,0.01990049751243781,3,1,0,0,+,25,28,11,37,34,8,64,79,ref|NC_001146|,491289,491489
YGL038C,201,4,0.01990049751243781,0.01990049751243781,2,2,0,0,-,24,35,12,37,36,14,71,87,ref|NC_001139|,427016,426816
YIL055C,201,4,0.01990049751243781,0.01990049751243781,0,4,0,0,-,34,34,13,39,40,21,81,100,ref|NC_001141|,254866,254666
YIL072W,201,4,0.01990049751243781,0.01990049751243781,3,1,0,0,+,33,34,16,48,34,21,83,103,ref|NC_001141|,226502,226702
YFR027W,201,4,0.01990049751243781,0.01990049751243781,0,4,0,0,+,7,9,13,24,18,13,29,55,ref|NC_001138|,207280,207480
YOR046C,201,4,0.01990049751243781,0.01990049751243781,3,1,0,0,-,16,24,9,41,37,9,49,87,ref|NC_001147|,416027,415827
YIL046W,201,4,0.01990049751243781,0.01990049751243781,4,0,0,0,+,21,38,26,39,34,37,85,110,ref|NC_001141|,268475,268675
YLR094C,201,4,0.01990049751243781,0.01990049751243781,0,4,0,0,-,21,27,22,31,34,38,70,103,ref|NC_001144|,329418,329218
YNL179C,201,4,0.01990049751243781,0.01990049751243781,2,2,0,0,-,9,6,2,5,4,5,17,14,ref|NC_001146|,301203,301003
YFR029W,201,4,0.01990049751243781,0.01990049751243781,2,2,0,0,+,31,50,28,46,26,40,109,112,ref|NC_001138|,210737,210937
YCL039W,201,4,0.01990049751243781,0.01990049751243781,0,4,0,0,+,42,54,24,44,35,38,120,117,ref|NC_001135|,52511,52711
YMR262W,201,4,0.01990049751243781,0.01990049751243781,2,2,0,0,+,12,19,7,23,18,16,38,57,ref|NC_001145|,793586,793786
YER048C,201,4,0.01990049751243781,0.01990049751243781,2,2,0,0,-,10,15,7,39,31,14,32,84,ref|NC_001137|,247529,247329
YPR074C,201,4,0.01990049751243781,0.01990049751243781,1,3,0,0,-,41,37,12,49,41,12,90,102,ref|NC_001148|,695063,694863
YHR140W,201,4,0.01990049751243781,0.01990049751243781,0,4,0,0,+,14,11,4,14,9,6,29,29,ref|NC_001140|,380413,380613
YGL136C,201,4,0.01990049751243781,0.01990049751243781,2,2,0,0,-,16,16,7,25,26,9,39,60,ref|NC_001139|,254104,253904
YHR171W,201,4,0.01990049751243781,0.01990049751243781,1,3,0,0,+,27,33,10,37,47,17,70,101,ref|NC_001140|,445595,445795
YER058W,201,4,0.01990049751243781,0.01990049751243781,1,3,0,0,+,2,3,1,17,7,6,6,30,ref|NC_001137|,270801,271001
YOR098C,201,4,0.01990049751243781,0.01990049751243781,2,2,0,0,-,56,84,25,61,44,33,165,138,ref|NC_001147|,511330,511130
YOR078W,201,4,0.01990049751243781,0.01990049751243781,1,3,0,0,+,3,20,2,26,22,3,25,51,ref|NC_001147|,471804,472004
YMR039C,201,4,0.01990049751243781,0.01990049751243781,3,1,0,0,-,9,11,1,40,24,12,21,76,ref|NC_001145|,349809,349609
YKR089C,201,4,0.01990049751243781,0.01990049751243781,1,3,0,0,-,38,56,16,65,57,28,110,150,ref|NC_001143|,608544,608344
YGL191W,201,4,0.01990049751243781,0.01990049751243781,1,3,0,0,+,6,6,3,6,10,6,15,22,ref|NC_001139|,144601,144801
YOR084W,201,4,0.01990049751243781,0.01990049751243781,3,1,0,0,+,13,17,19,21,20,25,49,66,ref|NC_001147|,479565,479765
YER097W,201,4,0.01990049751243781,0.01990049751243781,2,2,0,0,+,5,4,5,2,5,8,14,15,ref|NC_001137|,354235,354435
YIL154C,201,4,0.01990049751243781,0.01990049751243781,1,3,0,0,-,13,15,20,30,19,32,48,81,ref|NC_001141|,55146,54946
YGL172W,201,4,0.01990049751243781,0.01990049751243781,1,3,0,0,+,25,28,16,22,20,14,69,56,ref|NC_001139|,180556,180756
YBR230W-A,201,4,0.01990049751243781,0.01990049751243781,4,0,0,0,+,1,3,4,5,3,2,8,10,ref|NC_001134|,680262,680462
YDL227C,201,4,0.01990049751243781,0.01990049751243781,4,0,0,0,-,24,38,7,45,33,14,69,92,ref|NC_001136|,48164,47964
YDL161W,201,4,0.01990049751243781,0.01990049751243781,3,1,0,0,+,13,29,10,34,30,16,52,80,ref|NC_001136|,167588,167788
YIR020C-B,201,4,0.01990049751243781,0.01990049751243781,0,4,0,0,-,18,21,12,15,10,9,51,34,ref|NC_001141|,398049,397849
YLR218C,201,4,0.01990049751243781,0.01990049751243781,0,4,0,0,-,5,5,2,18,5,7,12,30,ref|NC_001144|,574099,573899
YDL162C,201,4,0.01990049751243781,0.01990049751243781,3,1,0,0,-,11,8,3,4,9,3,22,16,ref|NC_001136|,167815,167615
YBR181C,201,4,0.01990049751243781,0.01990049751243781,0,4,0,0,-,17,24,12,40,26,10,53,76,ref|NC_001134|,592913,592713
YIL164C,201,4,0.01990049751243781,0.01990049751243781,4,0,0,0,-,11,6,8,15,8,12,25,35,ref|NC_001141|,34786,34586
YNL124W,201,4,0.01990049751243781,0.01990049751243781,4,0,0,0,+,17,29,10,32,36,27,56,95,ref|NC_001146|,392788,392988
YER155C,201,4,0.01990049751243781,0.01990049751243781,4,0,0,0,-,100,154,50,165,145,56,304,366,ref|NC_001137|,482143,481943
YGL122C,201,4,0.01990049751243781,0.01990049751243781,4,0,0,0,-,11,31,15,43,31,6,57,80,ref|NC_001139|,280632,280432
YGL126W,201,4,0.01990049751243781,0.01990049751243781,2,2,0,0,+,11,19,10,8,18,14,40,40,ref|NC_001139|,270897,271097
YDL181W,201,4,0.01990049751243781,0.01990049751243781,3,1,0,0,+,5,4,3,7,6,2,12,15,ref|NC_001136|,135019,135219
YER131W,201,4,0.01990049751243781,0.01990049751243781,3,1,0,0,+,4,5,0,21,2,1,9,24,ref|NC_001137|,422540,422740
YBR201W,201,4,0.01990049751243781,0.01990049751243781,3,1,0,0,+,12,13,6,9,15,7,31,31,ref|NC_001134|,623333,623533
YDL198C,201,4,0.01990049751243781,0.01990049751243781,2,2,0,0,-,17,20,13,18,21,6,50,45,ref|NC_001136|,104815,104615
YOR077W,201,4,0.01990049751243781,0.01990049751243781,1,3,0,0,+,7,17,8,16,18,6,32,40,ref|NC_001147|,471761,471961
YNL200C,201,4,0.01990049751243781,0.01990049751243781,2,2,0,0,-,11,15,10,15,16,6,36,37,ref|NC_001146|,264690,264490
YER065C,201,4,0.01990049751243781,0.01990049751243781,4,0,0,0,-,20,37,13,46,37,13,70,96,ref|NC_001137|,286550,286350
YBR284W,201,4,0.01990049751243781,0.01990049751243781,3,1,0,0,+,43,57,24,51,42,28,124,121,ref|NC_001134|,771139,771339
YER071C,201,4,0.01990049751243781,0.01990049751243781,4,0,0,0,-,8,7,2,10,11,6,17,27,ref|NC_001137|,301782,301582
YLR234W,201,4,0.01990049751243781,0.01990049751243781,3,1,0,0,+,16,25,30,51,33,38,71,122,ref|NC_001144|,609616,609816
YBR296C-A,201,4,0.01990049751243781,0.01990049751243781,2,2,0,0,-,3,5,0,2,3,0,8,5,ref|NC_001134|,800342,800142
YBR296C,201,4,0.01990049751243781,0.01990049751243781,4,0,0,0,-,40,29,18,28,26,17,87,71,ref|NC_001134|,798622,798422
YFL031W,201,4,0.01990049751243781,0.01990049751243781,2,2,0,0,+,18,14,13,24,25,17,45,66,ref|NC_001138|,75013,75213
YGL062W,201,4,0.01990049751243781,0.01990049751243781,2,2,0,0,+,44,64,33,93,88,30,141,211,ref|NC_001139|,385040,385240
YPL177C,201,4,0.01990049751243781,0.01990049751243781,2,2,0,0,-,11,18,7,14,17,10,36,41,ref|NC_001148|,214247,214047
YPR039W,201,4,0.01990049751243781,0.01990049751243781,2,2,0,0,+,9,8,2,5,3,0,19,8,ref|NC_001148|,646912,647112
YBR139W,201,4,0.01990049751243781,0.01990049751243781,1,3,0,0,+,19,31,13,25,36,11,63,72,ref|NC_001134|,515558,515758
YOR066W,201,4,0.01990049751243781,0.01990049751243781,0,4,0,0,+,33,50,18,33,28,20,101,81,ref|NC_001147|,449320,449520
YCR065W,201,4,0.01990049751243781,0.01990049751243781,1,3,0,0,+,21,44,15,46,39,18,80,103,ref|NC_001135|,231708,231908
YGL215W,201,4,0.01990049751243781,0.01990049751243781,3,1,0,0,+,21,51,8,12,25,11,80,48,ref|NC_001139|,87409,87609
YMR110C,201,4,0.01990049751243781,0.01990049751243781,1,3,0,0,-,27,32,12,30,50,8,71,88,ref|NC_001145|,492111,491911
YBR278W,201,4,0.01990049751243781,0.01990049751243781,2,2,0,0,+,10,4,10,32,12,16,24,60,ref|NC_001134|,760169,760369
YDL130W,201,4,0.01990049751243781,0.01990049751243781,2,2,0,0,+,12,8,5,13,15,10,25,38,ref|NC_001136|,229777,229977
YDL130W-A,201,4,0.01990049751243781,0.01990049751243781,0,4,0,0,+,3,4,2,12,2,0,9,14,ref|NC_001136|,229071,229271
YIL014W,201,4,0.01990049751243781,0.01990049751243781,3,1,0,0,+,31,29,12,41,50,20,72,111,ref|NC_001141|,325818,326018
YPL169C,201,4,0.01990049751243781,0.01990049751243781,2,2,0,0,-,21,29,17,40,34,16,67,90,ref|NC_001148|,230988,230788
YGL209W,201,4,0.01990049751243781,0.01990049751243781,2,2,0,0,+,20,22,8,27,20,8,50,55,ref|NC_001139|,95706,95906
YPL019C,201,4,0.01990049751243781,0.01990049751243781,4,0,0,0,-,35,51,12,75,54,24,98,153,ref|NC_001148|,517365,517165
YNL083W,201,4,0.01990049751243781,0.01990049751243781,3,1,0,0,+,20,37,13,42,23,20,70,85,ref|NC_001146|,471247,471447
YDL137W,201,4,0.01990049751243781,0.01990049751243781,2,2,0,0,+,13,8,5,18,10,6,26,34,ref|NC_001136|,215915,216115
YMR108W,201,4,0.01990049751243781,0.01990049751243781,2,2,0,0,+,28,39,21,45,37,18,88,100,ref|NC_001145|,483714,483914
YPL015C,201,4,0.01990049751243781,0.01990049751243781,2,2,0,0,-,19,19,15,31,19,13,53,63,ref|NC_001148|,527590,527390
YNL277W,201,4,0.01990049751243781,0.01990049751243781,1,3,0,0,+,28,25,15,29,30,20,68,79,ref|NC_001146|,117154,117354
YGR282C,201,4,0.01990049751243781,0.01990049751243781,3,1,0,0,-,21,14,7,11,26,11,42,48,ref|NC_001139|,1058848,1058648
YNL172W,201,4,0.01990049751243781,0.01990049751243781,2,2,0,0,+,89,103,48,115,102,65,240,282,ref|NC_001146|,310536,310736
YHR077C,201,4,0.01990049751243781,0.01990049751243781,1,3,0,0,-,41,72,19,115,97,47,132,259,ref|NC_001140|,255917,255717
YLR438C-A,201,4,0.01990049751243781,0.01990049751243781,3,1,0,0,-,3,6,3,8,10,6,12,24,ref|NC_001144|,1014278,1014078
YOL117W,201,4,0.01990049751243781,0.01990049751243781,3,1,0,0,+,38,26,19,66,59,23,83,148,ref|NC_001147|,97451,97651
YDR530C,201,4,0.01990049751243781,0.01990049751243781,1,3,0,0,-,18,17,7,29,27,9,42,65,ref|NC_001136|,1498118,1497918
YMR240C,201,4,0.01990049751243781,0.01990049751243781,1,3,0,0,-,9,20,11,49,37,18,40,104,ref|NC_001145|,751752,751552
YDR381W,201,4,0.01990049751243781,0.01990049751243781,1,3,0,0,+,19,29,18,39,24,11,66,74,ref|NC_001136|,1236361,1236561
YPR119W,201,4,0.01990049751243781,0.01990049751243781,4,0,0,0,+,19,35,9,55,28,15,63,98,ref|NC_001148|,771204,771404
YKL060C,201,4,0.01990049751243781,0.01990049751243781,4,0,0,0,-,22,16,10,29,18,5,48,52,ref|NC_001143|,327609,327409
YNL308C,201,4,0.01990049751243781,0.01990049751243781,4,0,0,0,-,17,15,11,94,57,24,43,175,ref|NC_001146|,56032,55832
YLR352W,201,4,0.01990049751243781,0.01990049751243781,0,4,0,0,+,43,55,16,51,52,20,114,123,ref|NC_001144|,830891,831091
YDR535C,201,4,0.01990049751243781,0.01990049751243781,4,0,0,0,-,11,16,10,11,18,3,37,32,ref|NC_001136|,1507462,1507262
YDR070C,201,4,0.01990049751243781,0.01990049751243781,1,3,0,0,-,2,4,3,14,8,1,9,23,ref|NC_001136|,588657,588457
YJR085C,201,4,0.01990049751243781,0.01990049751243781,0,4,0,0,-,3,2,5,2,4,2,10,8,ref|NC_001142|,585581,585381
YLR348C,201,4,0.01990049751243781,0.01990049751243781,1,3,0,0,-,10,14,5,21,19,10,29,50,ref|NC_001144|,828065,827865
YOL109W,201,4,0.01990049751243781,0.01990049751243781,0,4,0,0,+,4,3,2,15,11,3,9,29,ref|NC_001147|,110076,110276
YLR366W,201,4,0.01990049751243781,0.01990049751243781,1,3,0,0,+,9,7,3,6,5,2,19,13,ref|NC_001144|,855438,855638
YPL249C-A,201,4,0.01990049751243781,0.01990049751243781,4,0,0,0,-,7,7,10,21,13,2,24,36,ref|NC_001148|,76339,76139
YKL050C,201,4,0.01990049751243781,0.01990049751243781,3,1,0,0,-,35,37,21,89,73,34,93,196,ref|NC_001143|,345720,345520
YNR017W,201,4,0.01990049751243781,0.01990049751243781,4,0,0,0,+,11,10,8,15,12,5,29,32,ref|NC_001146|,662213,662413
YGR222W,201,4,0.01990049751243781,0.01990049751243781,4,0,0,0,+,13,16,9,18,24,9,38,51,ref|NC_001139|,939724,939924
YDR049W,201,4,0.01990049751243781,0.01990049751243781,3,1,0,0,+,26,33,14,57,61,24,73,142,ref|NC_001136|,553062,553262
YGR066C,201,4,0.01990049751243781,0.01990049751243781,4,0,0,0,-,9,24,8,21,24,6,41,51,ref|NC_001139|,621899,621699
YKL043W,201,4,0.01990049751243781,0.01990049751243781,0,4,0,0,+,15,27,11,21,23,13,53,57,ref|NC_001143|,356342,356542
YOR372C,201,4,0.01990049751243781,0.01990049751243781,3,1,0,0,-,34,55,14,35,19,14,103,68,ref|NC_001147|,1036663,1036463
YNL294C,201,4,0.01990049751243781,0.01990049751243781,2,2,0,0,-,20,32,22,37,37,19,74,93,ref|NC_001146|,80549,80349
YJL089W,201,4,0.01990049751243781,0.01990049751243781,1,3,0,0,+,37,56,17,47,66,21,110,134,ref|NC_001142|,265826,266026
YDR036C,201,4,0.01990049751243781,0.01990049751243781,3,1,0,0,-,22,36,13,36,26,16,71,78,ref|NC_001136|,524886,524686
YML075C,201,4,0.01990049751243781,0.01990049751243781,2,2,0,0,-,60,66,26,74,63,19,152,156,ref|NC_001145|,119169,118969
YMR302C,201,4,0.01990049751243781,0.01990049751243781,0,4,0,0,-,26,52,19,65,55,20,97,140,ref|NC_001145|,872752,872552
YML063W,201,4,0.01990049751243781,0.01990049751243781,0,4,0,0,+,11,14,7,28,23,9,32,60,ref|NC_001145|,146138,146338
YLR367W,201,4,0.01990049751243781,0.01990049751243781,1,3,0,0,+,16,13,7,16,15,7,36,38,ref|NC_001144|,855737,855937
YHR097C,201,4,0.01990049751243781,0.01990049751243781,3,1,0,0,-,13,20,5,36,22,12,38,70,ref|NC_001140|,298832,298632
YJR048W,201,4,0.01990049751243781,0.01990049751243781,2,2,0,0,+,4,5,1,12,7,2,10,21,ref|NC_001142|,525927,526127
YDR155C,201,4,0.01990049751243781,0.01990049751243781,4,0,0,0,-,9,8,4,10,9,4,21,23,ref|NC_001136|,769240,769040
YJR019C,201,4,0.01990049751243781,0.01990049751243781,1,3,0,0,-,17,22,18,19,13,20,57,52,ref|NC_001142|,468416,468216
YPR149W,201,4,0.01990049751243781,0.01990049751243781,1,3,0,0,+,11,14,3,9,6,1,28,16,ref|NC_001148|,829635,829835
YJR024C,201,4,0.01990049751243781,0.01990049751243781,1,3,0,0,-,8,11,6,19,17,11,25,47,ref|NC_001142|,471080,470880
YJR016C,201,4,0.01990049751243781,0.01990049751243781,1,3,0,0,-,25,34,15,40,43,9,74,92,ref|NC_001142|,466372,466172
YDR151C,201,4,0.01990049751243781,0.01990049751243781,2,2,0,0,-,11,22,6,18,21,14,39,53,ref|NC_001136|,765429,765229
YJR010C-A,201,4,0.01990049751243781,0.01990049751243781,2,2,0,0,-,1,2,3,4,8,1,6,13,ref|NC_001142|,458461,458261
YDR444W,201,4,0.01990049751243781,0.01990049751243781,1,3,0,0,+,19,27,23,53,45,25,69,123,ref|NC_001136|,1350105,1350305
YKL100C,201,4,0.01990049751243781,0.01990049751243781,1,3,0,0,-,29,38,14,35,48,20,81,103,ref|NC_001143|,255633,255433
YDR133C,201,4,0.01990049751243781,0.01990049751243781,2,2,0,0,-,4,5,1,3,4,1,10,8,ref|NC_001136|,721930,721730
YHR022C,201,4,0.01990049751243781,0.01990049751243781,0,4,0,0,-,14,15,14,13,19,6,43,38,ref|NC_001140|,151255,151055
YBL083C,201,4,0.01990049751243781,0.01990049751243781,0,4,0,0,-,11,7,10,2,5,1,28,8,ref|NC_001134|,71193,70993
YDR171W,201,4,0.01990049751243781,0.01990049751243781,0,4,0,0,+,10,14,9,31,28,16,33,75,ref|NC_001136|,806435,806635
YGR137W,201,4,0.01990049751243781,0.01990049751243781,1,3,0,0,+,2,9,1,5,5,1,12,11,ref|NC_001139|,762354,762554
YPL265W,201,4,0.01990049751243781,0.01990049751243781,3,1,0,0,+,40,36,21,28,31,8,97,67,ref|NC_001148|,40817,41017
YLR420W,201,4,0.01990049751243781,0.01990049751243781,1,3,0,0,+,9,21,9,25,23,10,39,58,ref|NC_001144|,963577,963777
YKL091C,201,4,0.01990049751243781,0.01990049751243781,3,1,0,0,-,14,14,8,26,13,13,36,52,ref|NC_001143|,270789,270589
YLR384C,201,4,0.01990049751243781,0.01990049751243781,1,3,0,0,-,52,65,30,115,103,32,147,250,ref|NC_001144|,893000,892800
YML056C,201,4,0.01990049751243781,0.01990049751243781,2,2,0,0,-,41,38,11,39,50,6,90,95,ref|NC_001145|,164479,164279
YKL085W,201,4,0.01990049751243781,0.01990049751243781,1,3,0,0,+,16,21,14,25,16,13,51,54,ref|NC_001143|,278631,278831
YNR007C,201,4,0.01990049751243781,0.01990049751243781,3,1,0,0,-,11,9,8,33,23,12,28,68,ref|NC_001146|,640300,640100
YML058W,201,4,0.01990049751243781,0.01990049751243781,2,2,0,0,+,7,6,3,4,4,3,16,11,ref|NC_001145|,159261,159461
YKL142W,201,4,0.01990049751243781,0.01990049751243781,4,0,0,0,+,16,7,5,27,22,8,28,57,ref|NC_001143|,178318,178518
YDR111C,201,4,0.01990049751243781,0.01990049751243781,4,0,0,0,-,29,29,11,35,35,18,69,88,ref|NC_001136|,680085,679885
YKL082C,201,4,0.01990049751243781,0.01990049751243781,2,2,0,0,-,12,15,8,69,34,18,35,121,ref|NC_001143|,282476,282276
YHR007C,201,4,0.01990049751243781,0.01990049751243781,4,0,0,0,-,28,34,13,48,31,11,75,90,ref|NC_001140|,122009,121809
YJR062C,201,4,0.01990049751243781,0.01990049751243781,4,0,0,0,-,19,22,4,38,34,9,45,81,ref|NC_001142|,554963,554763
YOL127W,201,4,0.01990049751243781,0.01990049751243781,0,4,0,0,+,8,13,8,26,21,8,29,55,ref|NC_001147|,80211,80411
YBR010W,201,4,0.01990049751243781,0.01990049751243781,0,4,0,0,+,7,11,3,22,6,2,21,30,ref|NC_001134|,256203,256403
YLR349W,201,4,0.01990049751243781,0.01990049751243781,0,4,0,0,+,8,10,5,8,5,6,23,19,ref|NC_001144|,827421,827621
YBL102W,201,4,0.01990049751243781,0.01990049751243781,3,1,0,0,+,17,12,9,11,11,5,38,27,ref|NC_001134|,23779,23979
YKL212W,201,4,0.01990049751243781,0.01990049751243781,1,3,0,0,+,23,35,16,49,42,18,74,109,ref|NC_001143|,34242,34442
YOR347C,201,4,0.01990049751243781,0.01990049751243781,2,2,0,0,-,21,25,16,34,31,21,62,86,ref|NC_001147|,986661,986461
YOL086C,201,4,0.01990049751243781,0.01990049751243781,2,2,0,0,-,26,23,13,14,21,8,62,43,ref|NC_001147|,161118,160918
YOL085W-A,201,4,0.01990049751243781,0.01990049751243781,0,4,0,0,+,10,8,9,0,1,0,27,1,ref|NC_001147|,161479,161679
YNR028W,201,4,0.01990049751243781,0.01990049751243781,1,3,0,0,+,13,15,6,29,16,6,34,51,ref|NC_001146|,676006,676206
YDR004W,201,4,0.01990049751243781,0.01990049751243781,2,2,0,0,+,16,40,13,26,31,16,69,73,ref|NC_001136|,455101,455301
YLR295C,201,4,0.01990049751243781,0.01990049751243781,2,2,0,0,-,3,8,1,16,9,1,12,26,ref|NC_001144|,722598,722398
YEL012W,201,4,0.01990049751243781,0.01990049751243781,2,2,0,0,+,8,11,8,20,30,11,27,61,ref|NC_001137|,130722,130922
YOR328W,201,4,0.01990049751243781,0.01990049751243781,0,4,0,0,+,79,101,40,96,87,51,220,234,ref|NC_001147|,931703,931903
YMR291W,201,4,0.01990049751243781,0.01990049751243781,0,4,0,0,+,28,36,20,39,51,25,84,115,ref|NC_001145|,852447,852647
YHR126C,201,4,0.01990049751243781,0.01990049751243781,4,0,0,0,-,6,10,3,10,9,3,19,22,ref|NC_001140|,360281,360081
YAL054C,201,4,0.01990049751243781,0.01990049751243781,4,0,0,0,-,37,33,19,53,51,11,89,115,ref|NC_001133|,45122,44922
YLR305C,201,4,0.01990049751243781,0.01990049751243781,2,2,0,0,-,102,122,54,101,131,67,278,299,ref|NC_001144|,743963,743763
YJR125C,201,4,0.01990049751243781,0.01990049751243781,0,4,0,0,-,14,25,9,35,30,21,48,86,ref|NC_001142|,656123,655923
YLR304C,201,4,0.01990049751243781,0.01990049751243781,2,2,0,0,-,38,47,23,54,68,8,108,130,ref|NC_001144|,737759,737559
YKL198C,201,4,0.01990049751243781,0.01990049751243781,3,1,0,0,-,35,42,32,35,26,32,109,93,ref|NC_001143|,70546,70346
YNL052W,201,4,0.01990049751243781,0.01990049751243781,1,3,0,0,+,5,7,3,11,11,2,15,24,ref|NC_001146|,531591,531791
YML116W,201,4,0.01990049751243781,0.01990049751243781,2,2,0,0,+,29,37,15,23,22,12,81,57,ref|NC_001145|,38015,38215
YLR293C,201,4,0.01990049751243781,0.01990049751243781,3,1,0,0,-,7,7,9,17,14,6,23,37,ref|NC_001144|,721597,721397
YMR182W-A,201,4,0.01990049751243781,0.01990049751243781,1,3,0,0,+,1,2,1,1,2,1,4,4,ref|NC_001145|,625711,625911
YOR344C,201,4,0.01990049751243781,0.01990049751243781,4,0,0,0,-,21,10,12,22,21,18,43,61,ref|NC_001147|,978303,978103
YEL027W,201,4,0.01990049751243781,0.01990049751243781,2,2,0,0,+,11,9,6,6,11,0,26,17,ref|NC_001137|,100606,100806
YHR105W,201,4,0.01990049751243781,0.01990049751243781,2,2,0,0,+,7,18,4,20,13,13,29,46,ref|NC_001140|,324543,324743
YPR081C,201,4,0.01990049751243781,0.01990049751243781,2,2,0,0,-,13,32,24,50,53,22,69,125,ref|NC_001148|,704070,703870
YBR025C,201,4,0.01990049751243781,0.01990049751243781,2,2,0,0,-,20,25,14,45,36,8,59,89,ref|NC_001134|,291996,291796
YJR109C,201,4,0.01990049751243781,0.01990049751243781,1,3,0,0,-,52,65,22,75,97,19,139,191,ref|NC_001142|,633118,632918
YOR184W,201,4,0.01990049751243781,0.01990049751243781,1,3,0,0,+,16,26,11,25,29,6,53,60,ref|NC_001147|,679135,679335
YPR184W,201,4,0.01990049751243781,0.01990049751243781,0,4,0,0,+,56,76,39,104,101,55,171,260,ref|NC_001148|,901944,902144
YKL216W,201,4,0.01990049751243781,0.01990049751243781,0,4,0,0,+,13,15,7,18,26,6,35,50,ref|NC_001143|,25073,25273
YJR058C,201,3,0.014925373134328358,0.014925373134328358,3,0,0,0,-,5,8,6,14,5,6,19,25,ref|NC_001142|,545564,545364
YOR355W,201,3,0.014925373134328358,0.014925373134328358,1,2,0,0,+,35,35,9,30,33,15,79,78,ref|NC_001147|,1004448,1004648
YDR408C,201,3,0.014925373134328358,0.014925373134328358,3,0,0,0,-,8,8,10,9,9,14,26,32,ref|NC_001136|,1289251,1289051
YER175W-A,201,3,0.014925373134328358,0.014925373134328358,2,1,0,0,+,3,3,1,5,6,0,7,11,ref|NC_001137|,539745,539945
YIL048W,201,3,0.014925373134328358,0.014925373134328358,1,2,0,0,+,63,70,38,70,72,33,171,175,ref|NC_001141|,261089,261289
YMR281W,201,3,0.014925373134328358,0.014925373134328358,0,3,0,0,+,10,19,6,17,19,12,35,48,ref|NC_001145|,832121,832321
YER173W,201,3,0.014925373134328358,0.014925373134328358,2,1,0,0,+,29,31,19,45,44,39,79,128,ref|NC_001137|,535395,535595
YPL118W,201,3,0.014925373134328358,0.014925373134328358,3,0,0,0,+,12,23,13,31,20,14,48,65,ref|NC_001148|,326446,326646
YDR314C,201,3,0.014925373134328358,0.014925373134328358,1,2,0,0,-,32,30,13,58,53,21,75,132,ref|NC_001136|,1092611,1092411
YOR072W,201,3,0.014925373134328358,0.014925373134328358,2,1,0,0,+,10,3,4,0,6,5,17,11,ref|NC_001147|,461402,461602
YKL146W,201,3,0.014925373134328358,0.014925373134328358,2,1,0,0,+,40,37,25,27,31,15,102,73,ref|NC_001143|,171508,171708
YMR107W,201,3,0.014925373134328358,0.014925373134328358,0,3,0,0,+,2,3,3,14,5,5,8,24,ref|NC_001145|,482914,483114
YMR265C,201,3,0.014925373134328358,0.014925373134328358,1,2,0,0,-,20,23,16,40,24,17,59,81,ref|NC_001145|,798028,797828
YOR283W,201,3,0.014925373134328358,0.014925373134328358,2,1,0,0,+,4,20,5,16,19,6,29,41,ref|NC_001147|,847187,847387
YDR287W,201,3,0.014925373134328358,0.014925373134328358,0,3,0,0,+,5,12,7,19,17,6,24,42,ref|NC_001136|,1035117,1035317
YDR157W,201,3,0.014925373134328358,0.014925373134328358,1,2,0,0,+,10,13,1,7,7,1,24,15,ref|NC_001136|,769831,770031
YLR009W,201,3,0.014925373134328358,0.014925373134328358,0,3,0,0,+,8,9,4,38,10,6,21,54,ref|NC_001144|,166247,166447
YPL100W,201,3,0.014925373134328358,0.014925373134328358,1,2,0,0,+,18,33,12,45,37,12,63,94,ref|NC_001148|,361719,361919
YOR072W-A,201,3,0.014925373134328358,0.014925373134328358,2,1,0,0,+,5,6,1,5,4,5,12,14,ref|NC_001147|,461691,461891
YCR091W,201,3,0.014925373134328358,0.014925373134328358,0,3,0,0,+,25,44,14,55,47,23,83,125,ref|NC_001135|,276953,277153
YDR267C,201,3,0.014925373134328358,0.014925373134328358,1,2,0,0,-,19,13,7,20,30,15,39,65,ref|NC_001136|,1003895,1003695
YDR268W,201,3,0.014925373134328358,0.014925373134328358,1,2,0,0,+,15,18,13,27,27,17,46,71,ref|NC_001136|,1003735,1003935
YDR448W,201,3,0.014925373134328358,0.014925373134328358,2,1,0,0,+,10,10,11,43,30,17,31,90,ref|NC_001136|,1355929,1356129
YLR063W,201,3,0.014925373134328358,0.004975124378109453,1,0,0,2,+,19,24,11,28,14,18,54,60,ref|NC_001144|,264057,264257
YOR087W,201,3,0.014925373134328358,0.014925373134328358,1,2,0,0,+,30,31,15,49,54,21,76,124,ref|NC_001147|,487526,487726
YPL112C,201,3,0.014925373134328358,0.014925373134328358,1,2,0,0,-,19,24,7,28,23,9,50,60,ref|NC_001148|,338813,338613
YCR098C,201,3,0.014925373134328358,0.014925373134328358,2,1,0,0,-,26,24,10,33,32,10,60,75,ref|NC_001135|,301666,301466
YPL123C,201,3,0.014925373134328358,0.014925373134328358,3,0,0,0,-,16,20,8,31,26,13,44,70,ref|NC_001148|,319128,318928
YMR258C,201,3,0.014925373134328358,0.014925373134328358,3,0,0,0,-,17,30,11,28,53,10,58,91,ref|NC_001145|,784448,784248
YPL111W,201,3,0.014925373134328358,0.014925373134328358,1,2,0,0,+,12,13,8,21,23,9,33,53,ref|NC_001148|,339504,339704
YDR434W,201,3,0.014925373134328358,0.014925373134328358,2,1,0,0,+,27,38,10,36,36,13,75,85,ref|NC_001136|,1330949,1331149
YMR317W,201,3,0.014925373134328358,0.014925373134328358,0,3,0,0,+,84,114,50,39,42,30,248,111,ref|NC_001145|,907264,907464
YOR351C,201,3,0.014925373134328358,0.014925373134328358,3,0,0,0,-,27,31,11,42,34,11,69,87,ref|NC_001147|,996611,996411
YDR190C,201,3,0.014925373134328358,0.014925373134328358,1,2,0,0,-,11,20,10,43,32,10,41,85,ref|NC_001136|,842141,841941
YOR079C,201,3,0.014925373134328358,0.014925373134328358,1,2,0,0,-,20,23,8,9,27,11,51,47,ref|NC_001147|,474761,474561
YMR229C,201,3,0.014925373134328358,0.014925373134328358,1,2,0,0,-,79,105,38,163,141,49,222,353,ref|NC_001145|,731223,731023
YLL021W,201,3,0.014925373134328358,0.014925373134328358,1,2,0,0,+,57,94,39,138,124,72,190,334,ref|NC_001144|,100847,101047
YOR335C,201,3,0.014925373134328358,0.014925373134328358,0,3,0,0,-,43,46,28,68,92,30,117,190,ref|NC_001147|,949326,949126
YIL002C,201,3,0.014925373134328358,0.014925373134328358,3,0,0,0,-,35,42,24,71,70,36,101,177,ref|NC_001141|,353743,353543
YJR050W,201,3,0.014925373134328358,0.014925373134328358,0,3,0,0,+,7,10,1,28,16,7,18,51,ref|NC_001142|,528538,528738
YER187W,201,3,0.014925373134328358,0.014925373134328358,0,3,0,0,+,3,9,8,11,13,6,20,30,ref|NC_001137|,564630,564830
YDR189W,201,3,0.014925373134328358,0.014925373134328358,1,2,0,0,+,28,43,11,43,40,17,82,100,ref|NC_001136|,838244,838444
YDR356W,201,3,0.014925373134328358,0.014925373134328358,1,2,0,0,+,30,52,12,122,106,23,94,251,ref|NC_001136|,1186007,1186207
YCR073W-A,201,3,0.014925373134328358,0.014925373134328358,1,2,0,0,+,11,16,11,21,16,22,38,59,ref|NC_001135|,249586,249786
YCR047W-A,201,3,0.014925373134328358,0.014925373134328358,1,2,0,0,+,4,5,3,3,1,3,12,7,ref|NC_001135|,211201,211401
YDR215C,201,3,0.014925373134328358,0.014925373134328358,1,2,0,0,-,3,10,7,3,5,4,20,12,ref|NC_001136|,894602,894402
YPL128C,201,3,0.014925373134328358,0.014925373134328358,3,0,0,0,-,34,35,20,43,30,19,89,92,ref|NC_001148|,308408,308208
YDR377W,201,3,0.014925373134328358,0.014925373134328358,2,1,0,0,+,4,5,1,5,5,0,10,10,ref|NC_001136|,1228431,1228631
YOR053W,201,3,0.014925373134328358,0.014925373134328358,1,2,0,0,+,15,24,36,2,2,0,75,4,ref|NC_001147|,427717,427917
YDR345C,201,3,0.014925373134328358,0.014925373134328358,3,0,0,0,-,41,26,24,25,42,7,91,74,ref|NC_001136|,1164862,1164662
YJR112W-A,201,3,0.014925373134328358,0.014925373134328358,1,2,0,0,+,5,6,9,3,6,6,20,15,ref|NC_001142|,637690,637890
YMR251W,201,3,0.014925373134328358,0.014925373134328358,0,3,0,0,+,13,21,13,24,20,12,47,56,ref|NC_001145|,772815,773015
YCR045W-A,201,3,0.014925373134328358,0.014925373134328358,2,1,0,0,+,6,2,3,8,8,5,11,21,ref|NC_001135|,208651,208851
YJR086W,201,3,0.014925373134328358,0.014925373134328358,0,3,0,0,+,2,11,1,7,5,2,14,14,ref|NC_001142|,585968,586168
YCR044C,201,3,0.014925373134328358,0.014925373134328358,1,2,0,0,-,16,20,9,24,22,11,45,57,ref|NC_001135|,208068,207868
YLR025W,201,3,0.014925373134328358,0.014925373134328358,1,2,0,0,+,8,11,4,27,16,8,23,51,ref|NC_001144|,194288,194488
YNL190W,201,3,0.014925373134328358,0.014925373134328358,0,3,0,0,+,7,16,1,12,5,0,24,17,ref|NC_001146|,282053,282253
YPL091W,201,3,0.014925373134328358,0.014925373134328358,0,3,0,0,+,19,15,9,43,39,13,43,95,ref|NC_001148|,375368,375568
YCR037C,201,3,0.014925373134328358,0.014925373134328358,3,0,0,0,-,52,53,23,62,60,25,128,147,ref|NC_001135|,197285,197085
YFL024C,201,3,0.014925373134328358,0.014925373134328358,3,0,0,0,-,40,52,26,76,62,39,118,177,ref|NC_001138|,90748,90548
YFL022C,201,3,0.014925373134328358,0.014925373134328358,1,2,0,0,-,29,40,19,39,27,27,88,93,ref|NC_001138|,95183,94983
YDR375C,201,3,0.014925373134328358,0.014925373134328358,1,2,0,0,-,16,20,13,26,36,11,49,73,ref|NC_001136|,1226679,1226479
YKL181W,201,3,0.014925373134328358,0.014925373134328358,1,2,0,0,+,25,24,15,27,33,15,64,75,ref|NC_001143|,107067,107267
YIL031W,201,3,0.014925373134328358,0.014925373134328358,1,2,0,0,+,59,85,26,69,78,33,170,180,ref|NC_001141|,292363,292563
YOR293W,201,3,0.014925373134328358,0.014925373134328358,1,2,0,0,+,8,15,3,26,16,8,26,50,ref|NC_001147|,866971,867171
YMR305C,201,3,0.014925373134328358,0.014925373134328358,1,2,0,0,-,27,30,11,12,23,10,68,45,ref|NC_001145|,880577,880377
YPL081W,201,3,0.014925373134328358,0.014925373134328358,1,2,0,0,+,21,17,15,40,28,8,53,76,ref|NC_001148|,404809,405009
YNL186W,201,3,0.014925373134328358,0.014925373134328358,1,2,0,0,+,38,43,18,61,60,28,99,149,ref|NC_001146|,289182,289382
YCR026C,201,3,0.014925373134328358,0.014925373134328358,1,2,0,0,-,18,35,20,54,72,37,73,163,ref|NC_001135|,166513,166313
YOR061W,201,3,0.014925373134328358,0.014925373134328358,2,1,0,0,+,10,17,8,25,23,10,35,58,ref|NC_001147|,441271,441471
YDR213W,201,3,0.014925373134328358,0.014925373134328358,2,1,0,0,+,36,56,20,57,64,31,112,152,ref|NC_001136|,889409,889609
YDR211W,201,3,0.014925373134328358,0.014925373134328358,3,0,0,0,+,33,38,9,70,72,18,80,160,ref|NC_001136|,884539,884739
YDR402C,201,3,0.014925373134328358,0.014925373134328358,1,2,0,0,-,23,22,14,28,26,15,59,69,ref|NC_001136|,1273803,1273603
YDR344C,201,3,0.014925373134328358,0.014925373134328358,1,2,0,0,-,3,9,1,7,5,2,13,14,ref|NC_001136|,1162549,1162349
YFL041W,201,3,0.014925373134328358,0.014925373134328358,1,2,0,0,+,27,30,13,33,62,16,70,111,ref|NC_001138|,49017,49217
YJR136C,201,3,0.014925373134328358,0.014925373134328358,2,1,0,0,-,29,26,11,25,29,19,66,73,ref|NC_001142|,678828,678628
YIL017C,201,3,0.014925373134328358,0.014925373134328358,2,1,0,0,-,35,51,20,58,77,30,106,165,ref|NC_001141|,321065,320865
YJR135C,201,3,0.014925373134328358,0.014925373134328358,1,2,0,0,-,15,17,4,23,24,11,36,58,ref|NC_001142|,676939,676739
YCR031C,201,3,0.014925373134328358,0.014925373134328358,1,2,0,0,-,9,14,8,24,15,9,31,48,ref|NC_001135|,178348,178148
YDR194W-A,201,3,0.014925373134328358,0.014925373134328358,1,2,0,0,+,1,3,0,3,6,0,4,9,ref|NC_001136|,847971,848171
YDR392W,201,3,0.014925373134328358,0.014925373134328358,2,1,0,0,+,13,18,4,30,38,11,35,79,ref|NC_001136|,1258555,1258755
YDR202C,201,3,0.014925373134328358,0.014925373134328358,1,2,0,0,-,13,23,5,22,23,14,41,59,ref|NC_001136|,858084,857884
YIL047C,201,3,0.014925373134328358,0.014925373134328358,0,3,0,0,-,45,51,33,62,50,28,129,140,ref|NC_001141|,267923,267723
YOR067C,201,3,0.014925373134328358,0.014925373134328358,2,1,0,0,-,31,40,18,24,32,11,89,67,ref|NC_001147|,453667,453467
YDR388W,201,3,0.014925373134328358,0.014925373134328358,2,1,0,0,+,9,23,8,33,27,7,40,67,ref|NC_001136|,1250035,1250235
YCR059C,201,3,0.014925373134328358,0.014925373134328358,2,1,0,0,-,14,15,12,17,14,18,41,49,ref|NC_001135|,227073,226873
YLR023C,201,3,0.014925373134328358,0.014925373134328358,1,2,0,0,-,31,43,15,25,33,8,89,66,ref|NC_001144|,187442,187242
YKL156W,201,3,0.014925373134328358,0.014925373134328358,1,2,0,0,+,9,10,3,19,10,3,22,32,ref|NC_001143|,158459,158659
YJR123W,201,3,0.014925373134328358,0.014925373134328358,1,2,0,0,+,10,19,5,26,19,5,34,50,ref|NC_001142|,651671,651871
YCR054C,201,3,0.014925373134328358,0.014925373134328358,3,0,0,0,-,29,34,14,44,46,14,77,104,ref|NC_001135|,222940,222740
YDR207C,201,3,0.014925373134328358,0.014925373134328358,3,0,0,0,-,40,49,36,52,34,37,125,123,ref|NC_001136|,867622,867422
YIL045W,201,3,0.014925373134328358,0.014925373134328358,1,2,0,0,+,24,24,6,42,36,18,54,96,ref|NC_001141|,270975,271175
YDR340W,201,3,0.014925373134328358,0.014925373134328358,1,2,0,0,+,6,7,4,3,10,1,17,14,ref|NC_001136|,1150781,1150981
YJR117W,201,3,0.014925373134328358,0.014925373134328358,0,3,0,0,+,39,32,12,22,33,11,83,66,ref|NC_001142|,641868,642068
YFL001W,201,3,0.014925373134328358,0.014925373134328358,2,1,0,0,+,14,21,10,31,26,17,45,74,ref|NC_001138|,146973,147173
YMR242W-A,201,3,0.014925373134328358,0.014925373134328358,2,1,0,0,+,0,1,0,2,1,1,1,4,ref|NC_001145|,754197,754397
YFL002C,201,3,0.014925373134328358,0.014925373134328358,2,1,0,0,-,23,24,14,58,37,15,61,110,ref|NC_001138|,147070,146870
YDR380W,201,3,0.014925373134328358,0.014925373134328358,1,2,0,0,+,20,36,21,31,42,18,77,91,ref|NC_001136|,1234015,1234215
YIL039W,201,3,0.014925373134328358,0.014925373134328358,2,1,0,0,+,18,36,13,31,41,14,67,86,ref|NC_001141|,278149,278349
YDR399W,201,3,0.014925373134328358,0.014925373134328358,2,1,0,0,+,8,8,7,14,18,8,23,40,ref|NC_001136|,1269899,1270099
YKR003W,201,3,0.014925373134328358,0.014925373134328358,3,0,0,0,+,16,27,11,34,37,19,54,90,ref|NC_001143|,444764,444964
YOR092W,201,3,0.014925373134328358,0.014925373134328358,2,1,0,0,+,42,37,17,34,35,15,96,84,ref|NC_001147|,494789,494989
YDL088C,201,3,0.014925373134328358,0.014925373134328358,1,2,0,0,-,26,33,14,24,32,20,73,76,ref|NC_001136|,300237,300037
YOR145C,201,3,0.014925373134328358,0.014925373134328358,2,1,0,0,-,9,9,8,28,22,15,26,65,ref|NC_001147|,606305,606105
YEL045C,201,3,0.014925373134328358,0.014925373134328358,2,1,0,0,-,12,6,7,1,2,3,25,6,ref|NC_001137|,69365,69165
YKR057W,201,3,0.014925373134328358,0.014925373134328358,2,1,0,0,+,11,12,4,12,13,7,27,32,ref|NC_001143|,551527,551727
YKL031W,201,3,0.014925373134328358,0.014925373134328358,3,0,0,0,+,4,4,3,11,2,7,11,20,ref|NC_001143|,381972,382172
YDR026C,201,3,0.014925373134328358,0.014925373134328358,0,3,0,0,-,12,32,11,72,45,20,55,137,ref|NC_001136|,494502,494302
YDR017C,201,3,0.014925373134328358,0.014925373134328358,3,0,0,0,-,44,58,27,83,74,43,129,200,ref|NC_001136|,482367,482167
YDR015C,201,3,0.014925373134328358,0.014925373134328358,2,1,0,0,-,9,5,2,3,2,2,16,7,ref|NC_001136|,478299,478099
YDR154C,201,3,0.014925373134328358,0.014925373134328358,2,1,0,0,-,8,5,1,4,7,3,14,14,ref|NC_001136|,769099,768899
YEL031W,201,3,0.014925373134328358,0.014925373134328358,0,3,0,0,+,66,68,21,49,104,25,155,178,ref|NC_001137|,90087,90287
YER046W,201,3,0.014925373134328358,0.014925373134328358,2,1,0,0,+,6,8,6,10,9,8,20,27,ref|NC_001137|,241609,241809
YKL020C,201,3,0.014925373134328358,0.014925373134328358,1,2,0,0,-,70,62,24,67,78,41,156,186,ref|NC_001143|,402180,401980
YJL155C,201,3,0.014925373134328358,0.014925373134328358,3,0,0,0,-,12,26,9,35,34,8,47,77,ref|NC_001142|,130904,130704
YPL189W,201,3,0.014925373134328358,0.014925373134328358,3,0,0,0,+,28,33,14,24,27,22,75,73,ref|NC_001148|,188931,189131
YDL076C,201,3,0.014925373134328358,0.014925373134328358,0,3,0,0,-,11,16,8,28,14,4,35,46,ref|NC_001136|,321799,321599
YKL035W,201,3,0.014925373134328358,0.014925373134328358,3,0,0,0,+,26,34,16,34,32,21,76,87,ref|NC_001143|,369658,369858
YNL293W,201,3,0.014925373134328358,0.014925373134328358,3,0,0,0,+,27,39,14,54,45,25,80,124,ref|NC_001146|,80476,80676
YJL173C,201,3,0.014925373134328358,0.014925373134328358,2,1,0,0,-,4,6,5,9,12,6,15,27,ref|NC_001142|,96642,96442
YER068W,201,3,0.014925373134328358,0.014925373134328358,1,2,0,0,+,25,39,7,41,27,9,71,77,ref|NC_001137|,292025,292225
YDR040C,201,3,0.014925373134328358,0.014925373134328358,2,1,0,0,-,56,72,28,68,91,28,156,187,ref|NC_001136|,538567,538367
YOR190W,201,3,0.014925373134328358,0.014925373134328358,1,2,0,0,+,11,30,10,27,35,15,51,77,ref|NC_001147|,690232,690432
YOR140W,201,3,0.014925373134328358,0.014925373134328358,2,1,0,0,+,35,42,25,46,38,38,102,122,ref|NC_001147|,586524,586724
YDR050C,201,3,0.014925373134328358,0.014925373134328358,3,0,0,0,-,15,14,10,21,15,6,39,42,ref|NC_001136|,556602,556402
YDR051C,201,3,0.014925373134328358,0.014925373134328358,2,1,0,0,-,7,14,5,35,26,9,26,70,ref|NC_001136|,558201,558001
YOR138C,201,3,0.014925373134328358,0.014925373134328358,1,2,0,0,-,24,31,23,51,41,31,78,123,ref|NC_001147|,586503,586303
YDR052C,201,3,0.014925373134328358,0.014925373134328358,3,0,0,0,-,27,33,14,67,53,24,74,144,ref|NC_001136|,560879,560679
YDL120W,201,3,0.014925373134328358,0.014925373134328358,3,0,0,0,+,4,8,4,22,12,2,16,36,ref|NC_001136|,245730,245930
YNL253W,201,3,0.014925373134328358,0.014925373134328358,0,3,0,0,+,22,34,9,21,25,16,65,62,ref|NC_001146|,169888,170088
YEL068C,201,3,0.014925373134328358,0.014925373134328358,0,3,0,0,-,0,2,4,7,7,7,6,21,ref|NC_001137|,26610,26410
YJL076W,201,3,0.014925373134328358,0.014925373134328358,2,1,0,0,+,71,71,32,104,85,43,174,232,ref|NC_001142|,295108,295308
YMR151W,201,3,0.014925373134328358,0.014925373134328358,0,3,0,0,+,5,12,1,13,3,4,18,20,ref|NC_001145|,562406,562606
YOR131C,201,3,0.014925373134328358,0.014925373134328358,1,2,0,0,-,4,10,6,19,20,8,20,47,ref|NC_001147|,573040,572840
YKR040C,201,3,0.014925373134328358,0.014925373134328358,2,1,0,0,-,12,10,16,4,8,3,38,15,ref|NC_001143|,518666,518466
YPL222W,201,3,0.014925373134328358,0.014925373134328358,2,1,0,0,+,21,25,19,45,53,22,65,120,ref|NC_001148|,129939,130139
YJL110C,201,3,0.014925373134328358,0.014925373134328358,3,0,0,0,-,32,36,14,42,26,23,82,91,ref|NC_001142|,211775,211575
YPL197C,201,3,0.014925373134328358,0.014925373134328358,1,2,0,0,-,6,7,4,7,13,3,17,23,ref|NC_001148|,174856,174656
YNL273W,201,3,0.014925373134328358,0.014925373134328358,1,2,0,0,+,54,67,25,101,102,40,146,243,ref|NC_001146|,122783,122983
YER004W,201,3,0.014925373134328358,0.014925373134328358,2,1,0,0,+,15,9,6,10,18,7,30,35,ref|NC_001137|,158379,158579
YPL213W,201,3,0.014925373134328358,0.014925373134328358,1,2,0,0,+,6,10,4,27,18,6,20,51,ref|NC_001148|,150478,150678
YKR009C,201,3,0.014925373134328358,0.014925373134328358,1,2,0,0,-,37,50,20,50,42,18,107,110,ref|NC_001143|,457154,456954
YNL281W,201,3,0.014925373134328358,0.014925373134328358,2,1,0,0,+,6,4,2,5,19,7,12,31,ref|NC_001146|,107595,107795
YNL282W,201,3,0.014925373134328358,0.014925373134328358,2,1,0,0,+,8,11,8,13,9,7,27,29,ref|NC_001146|,107548,107748
YOR163W,201,3,0.014925373134328358,0.014925373134328358,2,1,0,0,+,8,7,3,24,11,9,18,44,ref|NC_001147|,642302,642502
YMR182C,201,3,0.014925373134328358,0.014925373134328358,2,1,0,0,-,10,10,3,13,8,5,23,26,ref|NC_001145|,625404,625204
YER019W,201,3,0.014925373134328358,0.014925373134328358,2,1,0,0,+,30,22,14,30,27,20,66,77,ref|NC_001137|,191846,192046
YER021W,201,3,0.014925373134328358,0.014925373134328358,2,1,0,0,+,28,35,7,37,56,13,70,106,ref|NC_001137|,195981,196181
YDL010W,201,3,0.014925373134328358,0.014925373134328358,2,1,0,0,+,8,9,5,17,16,7,22,40,ref|NC_001136|,432202,432402
YDL046W,201,3,0.014925373134328358,0.014925373134328358,1,2,0,0,+,9,7,4,12,17,6,20,35,ref|NC_001136|,371094,371294
YMR172W,201,3,0.014925373134328358,0.014925373134328358,2,1,0,0,+,27,42,24,46,56,35,93,137,ref|NC_001145|,605881,606081
YPL219W,201,3,0.014925373134328358,0.014925373134328358,2,1,0,0,+,21,27,8,37,45,24,56,106,ref|NC_001148|,136542,136742
YPL220W,201,3,0.014925373134328358,0.014925373134328358,1,2,0,0,+,17,14,5,21,18,5,36,44,ref|NC_001148|,135670,135870
YNL287W,201,3,0.014925373134328358,0.014925373134328358,3,0,0,0,+,52,64,25,67,87,29,141,183,ref|NC_001146|,91693,91893
YNL269W,201,3,0.014925373134328358,0.014925373134328358,0,3,0,0,+,2,5,3,5,3,3,10,11,ref|NC_001146|,137599,137799
YOR175C,201,3,0.014925373134328358,0.014925373134328358,1,2,0,0,-,27,32,8,52,38,12,67,102,ref|NC_001147|,662243,662043
YER024W,201,3,0.014925373134328358,0.014925373134328358,1,2,0,0,+,41,63,25,62,76,30,129,168,ref|NC_001137|,201287,201487
YJL144W,201,3,0.014925373134328358,0.014925373134328358,2,1,0,0,+,3,6,3,5,5,3,12,13,ref|NC_001142|,146178,146378
YMR185W,201,3,0.014925373134328358,0.014925373134328358,0,3,0,0,+,53,57,15,83,83,30,125,196,ref|NC_001145|,628925,629125
YJL117W,201,3,0.014925373134328358,0.014925373134328358,2,1,0,0,+,12,17,14,22,24,7,43,53,ref|NC_001142|,192341,192541
YER030W,201,3,0.014925373134328358,0.014925373134328358,0,3,0,0,+,6,4,0,31,17,10,10,58,ref|NC_001137|,212444,212644
YJL147C,201,3,0.014925373134328358,0.014925373134328358,1,2,0,0,-,21,23,11,23,31,15,55,69,ref|NC_001142|,142742,142542
YER038C,201,3,0.014925373134328358,0.014925373134328358,2,1,0,0,-,20,28,8,31,36,23,56,90,ref|NC_001137|,227557,227357
YDL065C,201,3,0.014925373134328358,0.014925373134328358,0,3,0,0,-,6,10,4,37,43,15,20,95,ref|NC_001136|,337474,337274
YKR031C,201,3,0.014925373134328358,0.014925373134328358,2,1,0,0,-,80,92,46,160,132,58,218,350,ref|NC_001143|,506495,506295
YKR032W,201,3,0.014925373134328358,0.014925373134328358,2,1,0,0,+,6,8,4,3,5,3,18,11,ref|NC_001143|,506417,506617
YMR168C,201,3,0.014925373134328358,0.014925373134328358,1,2,0,0,-,26,37,14,40,39,13,77,92,ref|NC_001145|,599258,599058
YKR035W-A,201,3,0.014925373134328358,0.014925373134328358,3,0,0,0,+,4,9,6,14,16,8,19,38,ref|NC_001143|,507839,508039
YDR064W,201,3,0.014925373134328358,0.014925373134328358,0,3,0,0,+,23,20,8,24,18,6,51,48,ref|NC_001136|,579337,579537
YJL064W,201,3,0.014925373134328358,0.014925373134328358,0,3,0,0,+,11,12,3,8,3,5,26,16,ref|NC_001142|,315075,315275
YKL054C,201,3,0.014925373134328358,0.014925373134328358,2,1,0,0,-,23,53,3,61,33,6,79,100,ref|NC_001143|,338963,338763
YNL214W,201,3,0.014925373134328358,0.014925373134328358,3,0,0,0,+,4,12,3,16,16,8,19,40,ref|NC_001146|,245284,245484
YIR038C,201,3,0.014925373134328358,0.014925373134328358,1,2,0,0,-,11,12,4,26,15,4,27,45,ref|NC_001141|,425365,425165
YIR037W,201,3,0.014925373134328358,0.014925373134328358,0,3,0,0,+,6,6,6,11,12,6,18,29,ref|NC_001141|,422949,423149
YPL151C,201,3,0.014925373134328358,0.014925373134328358,2,1,0,0,-,19,29,11,36,27,15,59,78,ref|NC_001148|,268114,267914
YER135C,201,3,0.014925373134328358,0.014925373134328358,1,2,0,0,-,9,5,5,10,7,2,19,19,ref|NC_001137|,437639,437439
YJL027C,201,3,0.014925373134328358,0.014925373134328358,2,1,0,0,-,8,5,8,3,2,6,21,11,ref|NC_001142|,392825,392625
YDL196W,201,3,0.014925373134328358,0.014925373134328358,0,3,0,0,+,11,10,2,8,5,4,23,17,ref|NC_001136|,106641,106841
YDR486C,201,3,0.014925373134328358,0.014925373134328358,1,2,0,0,-,5,13,7,22,17,9,25,48,ref|NC_001136|,1428278,1428078
YER141W,201,3,0.014925373134328358,0.014925373134328358,1,2,0,0,+,23,29,13,37,18,11,65,66,ref|NC_001137|,452475,452675
YPL147W,201,3,0.014925373134328358,0.014925373134328358,2,1,0,0,+,31,44,21,61,45,28,96,134,ref|NC_001148|,273155,273355
YPL276W,201,3,0.014925373134328358,0.014925373134328358,2,1,0,0,+,5,9,6,11,12,5,20,28,ref|NC_001148|,17848,18048
YPL145C,201,3,0.014925373134328358,0.014925373134328358,3,0,0,0,-,31,32,9,32,27,13,72,72,ref|NC_001148|,280055,279855
YJL007C,201,3,0.014925373134328358,0.014925373134328358,1,2,0,0,-,6,8,2,5,6,2,16,13,ref|NC_001142|,423112,422912
YER008C,201,3,0.014925373134328358,0.014925373134328358,2,1,0,0,-,52,77,30,133,98,53,159,284,ref|NC_001137|,171179,170979
YER149C,201,3,0.014925373134328358,0.014925373134328358,2,1,0,0,-,20,21,10,36,42,18,51,96,ref|NC_001137|,466858,466658
YDR131C,201,3,0.014925373134328358,0.014925373134328358,1,2,0,0,-,27,28,15,34,39,29,70,102,ref|NC_001136|,718640,718440
YMR205C,201,3,0.014925373134328358,0.014925373134328358,2,1,0,0,-,56,51,24,66,74,22,131,162,ref|NC_001145|,675024,674824
YER153C,201,3,0.014925373134328358,0.014925373134328358,1,2,0,0,-,3,7,6,11,15,15,16,41,ref|NC_001137|,474100,473900
YDR481C,201,3,0.014925373134328358,0.014925373134328358,3,0,0,0,-,24,39,16,39,41,21,79,101,ref|NC_001136|,1420405,1420205
YOR236W,201,3,0.014925373134328358,0.014925373134328358,3,0,0,0,+,7,13,6,20,11,10,26,41,ref|NC_001147|,780800,781000
YER156C,201,3,0.014925373134328358,0.014925373134328358,2,1,0,0,-,19,20,8,23,20,13,47,56,ref|NC_001137|,483923,483723
YIR021W-A,201,3,0.014925373134328358,0.014925373134328358,1,2,0,0,+,5,4,0,5,0,2,9,7,ref|NC_001141|,398414,398614
YPL280W,201,3,0.014925373134328358,0.014925373134328358,2,1,0,0,+,11,6,11,16,16,13,28,45,ref|NC_001148|,11787,11987
YMR214W,201,3,0.014925373134328358,0.014925373134328358,1,2,0,0,+,11,17,8,34,25,13,36,72,ref|NC_001145|,695220,695420
YDL221W,201,3,0.014925373134328358,0.014925373134328358,0,3,0,0,+,6,13,4,11,9,5,23,25,ref|NC_001136|,61911,62111
YDL222C,201,3,0.014925373134328358,0.014925373134328358,1,2,0,0,-,17,14,9,10,13,6,40,29,ref|NC_001136|,61901,61701
YKL109W,201,3,0.014925373134328358,0.014925373134328358,0,3,0,0,+,34,36,18,39,41,32,88,112,ref|NC_001143|,231856,232056
YOR097C,201,3,0.014925373134328358,0.014925373134328358,0,3,0,0,-,5,8,2,10,8,8,15,26,ref|NC_001147|,507721,507521
YDL229W,201,3,0.014925373134328358,0.014925373134328358,0,3,0,0,+,39,24,21,52,52,30,84,134,ref|NC_001136|,43865,44065
YIR018W,201,3,0.014925373134328358,0.014925373134328358,1,2,0,0,+,8,13,9,23,12,14,30,49,ref|NC_001141|,384492,384692
YKL112W,201,3,0.014925373134328358,0.014925373134328358,2,1,0,0,+,23,52,16,60,63,35,91,158,ref|NC_001143|,226289,226489
YDR110W,201,3,0.014925373134328358,0.014925373134328358,2,1,0,0,+,22,31,11,49,44,20,64,113,ref|NC_001136|,675947,676147
YER125W,201,3,0.014925373134328358,0.014925373134328358,0,3,0,0,+,27,50,20,68,54,21,97,143,ref|NC_001137|,408780,408980
YJL191W,201,3,0.014925373134328358,0.014925373134328358,1,2,0,0,+,14,15,7,26,12,7,36,45,ref|NC_001142|,73636,73836
YNL244C,201,3,0.014925373134328358,0.014925373134328358,0,3,0,0,-,3,6,2,12,6,4,11,22,ref|NC_001146|,187694,187494
YJL192C,201,3,0.014925373134328358,0.014925373134328358,2,1,0,0,-,10,15,7,20,9,8,32,37,ref|NC_001142|,73548,73348
YDR074W,201,3,0.014925373134328358,0.014925373134328358,1,2,0,0,+,43,57,20,70,63,25,120,158,ref|NC_001136|,593699,593899
YER089C,201,3,0.014925373134328358,0.014925373134328358,3,0,0,0,-,16,19,15,31,32,24,50,87,ref|NC_001137|,336974,336774
YPL166W,201,3,0.014925373134328358,0.014925373134328358,2,1,0,0,+,9,9,2,19,22,3,20,44,ref|NC_001148|,237197,237397
YDL147W,201,3,0.014925373134328358,0.014925373134328358,2,1,0,0,+,15,27,9,46,36,10,51,92,ref|NC_001136|,190790,190990
YDR079W,201,3,0.014925373134328358,0.014925373134328358,0,3,0,0,+,3,3,0,13,7,0,6,20,ref|NC_001136|,602933,603133
YJL052C-A,201,3,0.014925373134328358,0.014925373134328358,1,2,0,0,-,3,0,1,4,1,3,4,8,ref|NC_001142|,338103,337903
YDL148C,201,3,0.014925373134328358,0.014925373134328358,1,2,0,0,-,28,49,9,98,76,18,86,192,ref|NC_001136|,190747,190547
YJL199C,201,3,0.014925373134328358,0.014925373134328358,2,1,0,0,-,5,9,2,6,6,7,16,19,ref|NC_001142|,60649,60449
YDR088C,201,3,0.014925373134328358,0.014925373134328358,1,2,0,0,-,6,18,4,45,34,10,28,89,ref|NC_001136|,619928,619728
YOR215C,201,3,0.014925373134328358,0.014925373134328358,2,1,0,0,-,6,17,3,18,14,4,26,36,ref|NC_001147|,747412,747212
YJL047C-A,201,3,0.014925373134328358,0.014925373134328358,3,0,0,0,-,2,0,2,4,2,5,4,11,ref|NC_001142|,349278,349078
YPL260W,201,3,0.014925373134328358,0.014925373134328358,3,0,0,0,+,29,31,8,36,53,22,68,111,ref|NC_001148|,49097,49297
YKR093W,201,3,0.014925373134328358,0.014925373134328358,0,3,0,0,+,31,34,21,28,31,18,86,77,ref|NC_001143|,615432,615632
YER102W,201,3,0.014925373134328358,0.014925373134328358,2,1,0,0,+,13,13,6,32,11,3,32,46,ref|NC_001137|,361809,362009
YER121W,201,3,0.014925373134328358,0.014925373134328358,1,2,0,0,+,4,4,5,9,5,6,13,20,ref|NC_001137|,401324,401524
YNL241C,201,3,0.014925373134328358,0.014925373134328358,3,0,0,0,-,28,27,21,42,32,23,76,97,ref|NC_001146|,198231,198031
YJL045W,201,3,0.014925373134328358,0.014925373134328358,1,2,0,0,+,27,40,20,38,39,11,87,88,ref|NC_001142|,355924,356124
YDR098C,201,3,0.014925373134328358,0.014925373134328358,3,0,0,0,-,12,16,3,20,18,8,31,46,ref|NC_001136|,645075,644875
YDR512C,201,3,0.014925373134328358,0.014925373134328358,0,3,0,0,-,5,7,4,12,13,10,16,35,ref|NC_001136|,1471163,1470963
YNL240C,201,3,0.014925373134328358,0.014925373134328358,2,1,0,0,-,23,23,24,35,26,22,70,83,ref|NC_001146|,200125,199925
YNL239W,201,3,0.014925373134328358,0.014925373134328358,3,0,0,0,+,24,29,16,33,30,15,69,78,ref|NC_001146|,200090,200290
YMR201C,201,3,0.014925373134328358,0.014925373134328358,0,3,0,0,-,9,17,7,41,34,14,33,89,ref|NC_001145|,667209,667009
YNL314W,201,3,0.014925373134328358,0.014925373134328358,1,2,0,0,+,15,22,10,19,17,13,47,49,ref|NC_001146|,44291,44491
YDL169C,201,3,0.014925373134328358,0.014925373134328358,2,1,0,0,-,6,10,6,16,16,7,22,39,ref|NC_001136|,158835,158635
YER119C,201,3,0.014925373134328358,0.014925373134328358,2,1,0,0,-,27,25,17,17,34,10,69,61,ref|NC_001137|,400159,399959
YPL156C,201,3,0.014925373134328358,0.014925373134328358,1,2,0,0,-,17,19,12,22,18,12,48,52,ref|NC_001148|,256927,256727
YNL315C,201,3,0.014925373134328358,0.014925373134328358,2,1,0,0,-,11,10,10,28,18,7,31,53,ref|NC_001146|,44410,44210
YMR136W,201,3,0.014925373134328358,0.014925373134328358,1,2,0,0,+,31,44,5,33,25,16,80,74,ref|NC_001145|,541001,541201
YMR135W-A,201,3,0.014925373134328358,0.014925373134328358,0,3,0,0,+,10,7,5,9,6,6,22,21,ref|NC_001145|,539811,540011
YDL205C,201,3,0.014925373134328358,0.014925373134328358,1,2,0,0,-,15,13,7,33,26,12,35,71,ref|NC_001136|,94080,93880
YFL004W,201,3,0.014925373134328358,0.014925373134328358,0,3,0,0,+,39,39,11,77,64,22,89,163,ref|NC_001138|,131552,131752
YBR182C-A,201,3,0.014925373134328358,0.014925373134328358,1,2,0,0,-,3,5,0,4,6,1,8,11,ref|NC_001134|,595655,595455
YPR145W,201,3,0.014925373134328358,0.014925373134328358,0,3,0,0,+,24,24,19,53,27,29,67,109,ref|NC_001148|,822396,822596
YBR154C,201,3,0.014925373134328358,0.014925373134328358,3,0,0,0,-,6,11,2,25,16,3,19,44,ref|NC_001134|,549250,549050
YLR406C,201,3,0.014925373134328358,0.014925373134328358,1,2,0,0,-,13,7,8,21,17,8,28,46,ref|NC_001144|,932108,931908
YBR155W,201,3,0.014925373134328358,0.014925373134328358,3,0,0,0,+,7,18,6,38,36,8,31,82,ref|NC_001134|,549159,549359
YPR033C,201,3,0.014925373134328358,0.014925373134328358,2,1,0,0,-,31,33,16,33,45,16,80,94,ref|NC_001148|,639164,638964
YNL085W,201,3,0.014925373134328358,0.014925373134328358,3,0,0,0,+,49,55,16,52,64,19,120,135,ref|NC_001146|,466750,466950
YGL086W,201,3,0.014925373134328358,0.014925373134328358,3,0,0,0,+,25,38,16,69,70,29,79,168,ref|NC_001139|,347019,347219
YGR161W-C,201,3,0.014925373134328358,0.014925373134328358,0,3,0,0,+,3,7,3,9,5,6,13,20,ref|NC_001139|,810127,810327
YBL100W-C,201,3,0.014925373134328358,0.014925373134328358,1,2,0,0,+,3,2,2,5,1,0,7,6,ref|NC_001134|,28327,28527
YBR161W,201,3,0.014925373134328358,0.014925373134328358,1,2,0,0,+,20,22,7,21,30,8,49,59,ref|NC_001134|,561305,561505
YBR162C,201,3,0.014925373134328358,0.014925373134328358,1,2,0,0,-,39,31,17,16,30,17,87,63,ref|NC_001134|,564908,564708
YBL101C,201,3,0.014925373134328358,0.014925373134328358,1,2,0,0,-,44,73,28,81,68,47,145,196,ref|NC_001134|,28506,28306
YGL097W,201,3,0.014925373134328358,0.014925373134328358,0,3,0,0,+,13,28,9,34,26,10,50,70,ref|NC_001139|,321606,321806
YBL103C,201,3,0.014925373134328358,0.014925373134328358,2,1,0,0,-,23,25,14,38,41,16,62,95,ref|NC_001134|,23890,23690
YLR214W,201,3,0.014925373134328358,0.014925373134328358,1,2,0,0,+,36,42,15,39,46,15,93,100,ref|NC_001144|,568370,568570
YBR169C,201,3,0.014925373134328358,0.014925373134328358,1,2,0,0,-,20,40,23,49,54,27,83,130,ref|NC_001134|,576224,576024
YMR006C,201,3,0.014925373134328358,0.014925373134328358,1,2,0,0,-,41,31,16,23,49,14,88,86,ref|NC_001145|,279857,279657
YPR034W,201,3,0.014925373134328358,0.014925373134328358,1,2,0,0,+,13,25,10,27,26,18,48,71,ref|NC_001148|,639129,639329
YPR027C,201,3,0.014925373134328358,0.014925373134328358,3,0,0,0,-,12,26,8,10,20,8,46,38,ref|NC_001148|,621358,621158
YPR035W,201,3,0.014925373134328358,0.014925373134328358,1,2,0,0,+,15,14,10,33,28,14,39,75,ref|NC_001148|,641915,642115
YBR126W-B,201,3,0.014925373134328358,0.014925373134328358,0,3,0,0,+,3,2,2,3,3,1,7,7,ref|NC_001134|,490827,491027
YGR136W,201,3,0.014925373134328358,0.014925373134328358,0,3,0,0,+,5,23,6,16,12,6,34,34,ref|NC_001139|,762328,762528
YBL081W,201,3,0.014925373134328358,0.014925373134328358,2,1,0,0,+,24,22,15,9,16,8,61,33,ref|NC_001134|,71217,71417
YPR042C,201,3,0.014925373134328358,0.014925373134328358,1,2,0,0,-,56,74,24,55,59,24,154,138,ref|NC_001148|,653762,653562
YHR037W,201,3,0.014925373134328358,0.014925373134328358,0,3,0,0,+,22,36,8,39,37,14,66,90,ref|NC_001140|,181813,182013
YGR146C-A,201,3,0.014925373134328358,0.014925373134328358,1,2,0,0,-,4,3,1,0,1,1,8,2,ref|NC_001139|,785537,785337
YBL090W,201,3,0.014925373134328358,0.014925373134328358,0,3,0,0,+,8,14,5,21,13,5,27,39,ref|NC_001134|,48685,48885
YHR033W,201,3,0.014925373134328358,0.014925373134328358,2,1,0,0,+,18,24,25,20,18,33,67,71,ref|NC_001140|,175448,175648
YLR228C,201,3,0.014925373134328358,0.014925373134328358,2,1,0,0,-,30,52,20,43,55,18,102,116,ref|NC_001144|,602755,602555
YMR003W,201,3,0.014925373134328358,0.014925373134328358,2,1,0,0,+,8,17,4,14,11,7,29,32,ref|NC_001145|,272975,273175
YOL052C,201,3,0.014925373134328358,0.014925373134328358,3,0,0,0,-,19,18,17,27,29,28,54,84,ref|NC_001147|,233891,233691
YGL076C,201,3,0.014925373134328358,0.014925373134328358,3,0,0,0,-,25,42,20,31,34,14,87,79,ref|NC_001139|,366248,366048
YBR146W,201,3,0.014925373134328358,0.014925373134328358,1,2,0,0,+,8,19,12,20,16,14,39,50,ref|NC_001134|,535097,535297
YGR155W,201,3,0.014925373134328358,0.014925373134328358,3,0,0,0,+,26,30,15,36,49,14,71,99,ref|NC_001139|,798366,798566
YGR157W,201,3,0.014925373134328358,0.014925373134328358,2,1,0,0,+,51,51,20,46,70,25,122,141,ref|NC_001139|,802092,802292
YLR213C,201,3,0.014925373134328358,0.014925373134328358,0,3,0,0,-,9,20,15,26,26,14,44,66,ref|NC_001144|,568535,568335
YBR173C,201,3,0.014925373134328358,0.014925373134328358,1,2,0,0,-,6,7,6,10,9,6,19,25,ref|NC_001134|,582303,582103
YIL161W,201,3,0.014925373134328358,0.014925373134328358,1,2,0,0,+,8,9,6,18,12,10,23,40,ref|NC_001141|,39323,39523
YGR180C,201,3,0.014925373134328358,0.014925373134328358,2,1,0,0,-,19,14,9,25,35,9,42,69,ref|NC_001139|,856607,856407
YHR010W,201,3,0.014925373134328358,0.014925373134328358,1,2,0,0,+,10,18,10,26,21,8,38,55,ref|NC_001140|,126411,126611
YNL110C,201,3,0.014925373134328358,0.014925373134328358,3,0,0,0,-,8,7,7,30,19,6,22,55,ref|NC_001146|,418637,418437
YOL019W-A,201,3,0.014925373134328358,0.014925373134328358,2,1,0,0,+,4,1,4,2,3,2,9,7,ref|NC_001147|,288320,288520
YPR162C,201,3,0.014925373134328358,0.014925373134328358,0,3,0,0,-,28,30,12,53,32,23,70,108,ref|NC_001148|,868432,868232
YOL019W,201,3,0.014925373134328358,0.014925373134328358,1,2,0,0,+,24,46,12,29,29,19,82,77,ref|NC_001147|,288643,288843
YNR008W,201,3,0.014925373134328358,0.014925373134328358,3,0,0,0,+,30,32,21,42,51,29,83,122,ref|NC_001146|,640241,640441
YOL016C,201,3,0.014925373134328358,0.014925373134328358,1,2,0,0,-,19,29,11,43,34,12,59,89,ref|NC_001147|,296321,296121
YHR005C,201,3,0.014925373134328358,0.014925373134328358,2,1,0,0,-,14,25,10,36,48,19,49,103,ref|NC_001140|,115143,114943
YAR019C,201,3,0.014925373134328358,0.014925373134328358,1,2,0,0,-,47,74,25,35,75,37,146,147,ref|NC_001133|,175235,175035
YGL148W,201,3,0.014925373134328358,0.014925373134328358,1,2,0,0,+,19,27,18,30,22,14,64,66,ref|NC_001139|,226159,226359
YAR018C,201,3,0.014925373134328358,0.014925373134328358,1,2,0,0,-,11,15,13,31,37,13,39,81,ref|NC_001133|,171815,171615
YGL149W,201,3,0.014925373134328358,0.014925373134328358,0,3,0,0,+,16,2,6,0,1,4,24,5,ref|NC_001139|,225472,225672
YGL150C,201,3,0.014925373134328358,0.014925373134328358,0,3,0,0,-,58,91,23,127,135,54,172,316,ref|NC_001139|,225673,225473
YLR173W,201,3,0.014925373134328358,0.014925373134328358,2,1,0,0,+,33,39,20,38,48,29,92,115,ref|NC_001144|,502260,502460
YGL163C,201,3,0.014925373134328358,0.014925373134328358,1,2,0,0,-,32,51,17,70,72,36,100,178,ref|NC_001139|,196637,196437
YOL020W,201,3,0.014925373134328358,0.014925373134328358,1,2,0,0,+,29,46,22,17,23,20,97,60,ref|NC_001147|,285925,286125
YNL108C,201,3,0.014925373134328358,0.014925373134328358,2,1,0,0,-,7,5,4,25,27,5,16,57,ref|NC_001146|,419995,419795
YOL032W,201,3,0.014925373134328358,0.014925373134328358,2,1,0,0,+,3,14,8,20,15,9,25,44,ref|NC_001147|,265207,265407
YLR191W,201,3,0.014925373134328358,0.014925373134328358,2,1,0,0,+,14,9,12,22,28,12,35,62,ref|NC_001144|,537128,537328
YOL030W,201,3,0.014925373134328358,0.014925373134328358,1,2,0,0,+,38,26,17,21,38,15,81,74,ref|NC_001147|,267813,268013
YOL156W,201,3,0.014925373134328358,0.009950248756218905,0,2,1,0,+,38,37,18,22,37,7,93,66,ref|NC_001147|,25173,25373
YGL110C,201,3,0.014925373134328358,0.014925373134328358,3,0,0,0,-,26,34,15,57,64,14,75,135,ref|NC_001139|,303521,303321
YLR207W,201,3,0.014925373134328358,0.014925373134328358,1,2,0,0,+,26,45,21,53,46,33,92,132,ref|NC_001144|,556628,556828
YBR007C,201,3,0.014925373134328358,0.009950248756218905,2,0,1,0,-,35,51,19,55,41,26,105,122,ref|NC_001134|,251206,251006
YLR411W,201,3,0.014925373134328358,0.014925373134328358,2,1,0,0,+,5,14,8,16,12,5,27,33,ref|NC_001144|,947067,947267
YMR012W,201,3,0.014925373134328358,0.014925373134328358,0,3,0,0,+,59,78,32,92,89,39,169,220,ref|NC_001145|,290906,291106
YNR002C,201,3,0.014925373134328358,0.014925373134328358,2,1,0,0,-,14,13,14,9,10,7,41,26,ref|NC_001146|,634104,633904
YGL121C,201,3,0.014925373134328358,0.014925373134328358,1,2,0,0,-,7,8,6,10,7,5,21,22,ref|NC_001139|,281362,281162
YHR020W,201,3,0.014925373134328358,0.014925373134328358,2,1,0,0,+,39,32,18,51,44,18,89,113,ref|NC_001140|,143760,143960
YBR195C,201,3,0.014925373134328358,0.014925373134328358,1,2,0,0,-,18,23,14,30,21,14,55,65,ref|NC_001134|,612050,611850
YLR424W,201,3,0.014925373134328358,0.014925373134328358,1,2,0,0,+,25,29,14,55,50,29,68,134,ref|NC_001144|,973295,973495
YLR195C,201,3,0.014925373134328358,0.014925373134328358,2,1,0,0,-,15,22,15,44,32,16,52,92,ref|NC_001144|,543422,543222
YPR160W,201,3,0.014925373134328358,0.014925373134328358,2,1,0,0,+,37,52,20,62,76,22,109,160,ref|NC_001148|,861083,861283
YNL107W,201,3,0.014925373134328358,0.014925373134328358,2,1,0,0,+,2,8,3,21,23,7,13,51,ref|NC_001146|,419765,419965
YPR140W,201,3,0.014925373134328358,0.014925373134328358,1,2,0,0,+,16,18,8,32,27,10,42,69,ref|NC_001148|,814191,814391
YOL054W,201,3,0.014925373134328358,0.014925373134328358,2,1,0,0,+,10,12,9,45,41,26,31,112,ref|NC_001147|,228412,228612
YLR389C,201,3,0.014925373134328358,0.014925373134328358,3,0,0,0,-,52,67,27,64,79,30,146,173,ref|NC_001144|,902788,902588
YBL011W,201,3,0.014925373134328358,0.014925373134328358,1,2,0,0,+,39,36,29,72,38,29,104,139,ref|NC_001134|,202714,202914
YOL084W,201,3,0.014925373134328358,0.014925373134328358,2,1,0,0,+,54,52,33,58,59,28,139,145,ref|NC_001147|,162256,162456
YLR299C-A,201,3,0.014925373134328358,0.014925373134328358,2,1,0,0,-,3,1,1,1,2,0,5,3,ref|NC_001144|,728103,727903
YML018C,201,3,0.014925373134328358,0.014925373134328358,3,0,0,0,-,24,27,16,14,26,8,67,48,ref|NC_001145|,236183,235983
YBL014C,201,3,0.014925373134328358,0.014925373134328358,2,1,0,0,-,36,74,20,73,57,42,130,172,ref|NC_001134|,201877,201677
YBR046C,201,3,0.014925373134328358,0.014925373134328358,0,3,0,0,-,8,19,11,15,24,13,38,52,ref|NC_001134|,331652,331452
YBR047W,201,3,0.014925373134328358,0.014925373134328358,1,2,0,0,+,2,12,3,17,16,5,17,38,ref|NC_001134|,331188,331388
YOL110W,201,3,0.014925373134328358,0.014925373134328358,1,2,0,0,+,12,6,14,12,6,19,32,37,ref|NC_001147|,109028,109228
YML016C,201,3,0.014925373134328358,0.014925373134328358,3,0,0,0,-,41,57,23,39,48,25,121,112,ref|NC_001145|,241636,241436
YNL055C,201,3,0.014925373134328358,0.014925373134328358,2,1,0,0,-,18,15,9,9,19,9,42,37,ref|NC_001146|,519149,518949
YBR056W,201,3,0.014925373134328358,0.014925373134328358,1,2,0,0,+,20,23,9,30,42,19,52,91,ref|NC_001134|,347709,347909
YBR056C-B,201,3,0.014925373134328358,0.014925373134328358,1,2,0,0,-,1,2,2,3,2,0,5,5,ref|NC_001134|,351551,351351
YPR080W,201,3,0.014925373134328358,0.014925373134328358,1,2,0,0,+,17,33,17,34,30,12,67,76,ref|NC_001148|,700359,700559
YHR133C,201,3,0.014925373134328358,0.014925373134328358,2,1,0,0,-,13,16,6,16,15,5,35,36,ref|NC_001140|,371944,371744
YHR134W,201,3,0.014925373134328358,0.014925373134328358,2,1,0,0,+,7,12,6,24,20,8,25,52,ref|NC_001140|,371648,371848
YLR288C,201,3,0.014925373134328358,0.014925373134328358,3,0,0,0,-,10,24,16,29,36,21,50,86,ref|NC_001144|,715022,714822
YBL013W,201,3,0.014925373134328358,0.014925373134328358,0,3,0,0,+,12,21,15,23,21,17,48,61,ref|NC_001134|,201956,202156
YPR112C,201,3,0.014925373134328358,0.014925373134328358,3,0,0,0,-,33,51,13,107,64,18,97,189,ref|NC_001148|,752071,751871
YBR126C,201,3,0.014925373134328358,0.014925373134328358,1,2,0,0,-,19,25,19,33,37,20,63,90,ref|NC_001134|,490652,490452
YPR111W,201,3,0.014925373134328358,0.014925373134328358,1,2,0,0,+,22,33,12,55,44,19,67,118,ref|NC_001148|,746972,747172
YPR103W,201,3,0.014925373134328358,0.014925373134328358,3,0,0,0,+,14,19,6,19,10,7,39,36,ref|NC_001148|,732181,732381
YHR100C,201,3,0.014925373134328358,0.014925373134328358,3,0,0,0,-,10,5,6,9,8,6,21,23,ref|NC_001140|,314829,314629
YOL098C,201,3,0.014925373134328358,0.014925373134328358,1,2,0,0,-,48,52,24,79,93,27,124,199,ref|NC_001147|,136031,135831
YGR055W,201,3,0.014925373134328358,0.014925373134328358,0,3,0,0,+,31,23,18,21,28,11,72,60,ref|NC_001139|,599187,599387
YLR328W,201,3,0.014925373134328358,0.014925373134328358,3,0,0,0,+,20,34,8,35,21,14,62,70,ref|NC_001144|,784602,784802
YLR330W,201,3,0.014925373134328358,0.014925373134328358,1,2,0,0,+,17,28,7,74,53,23,52,150,ref|NC_001144|,787509,787709
YGR036C,201,3,0.014925373134328358,0.014925373134328358,1,2,0,0,-,10,14,9,14,15,4,33,33,ref|NC_001139|,559410,559210
YLR314C,201,3,0.014925373134328358,0.014925373134328358,2,1,0,0,-,15,38,12,41,45,19,65,105,ref|NC_001144|,764307,764107
YHR084W,201,3,0.014925373134328358,0.014925373134328358,1,2,0,0,+,39,42,14,46,36,27,95,109,ref|NC_001140|,273759,273959
YLR335W,201,3,0.014925373134328358,0.014925373134328358,2,1,0,0,+,34,42,16,52,52,22,92,126,ref|NC_001144|,797300,797500
YGR027C,201,3,0.014925373134328358,0.014925373134328358,1,2,0,0,-,9,4,1,14,4,2,14,20,ref|NC_001139|,534997,534797
YML030W,201,3,0.014925373134328358,0.014925373134328358,0,3,0,0,+,6,6,4,17,8,6,16,31,ref|NC_001145|,216250,216450
YBL006C,201,3,0.014925373134328358,0.014925373134328358,1,2,0,0,-,5,11,5,9,6,8,21,23,ref|NC_001134|,217263,217063
YGR067C,201,3,0.014925373134328358,0.014925373134328358,2,1,0,0,-,48,70,21,42,48,25,139,115,ref|NC_001139|,624886,624686
YNL049C,201,3,0.014925373134328358,0.014925373134328358,2,1,0,0,-,39,61,20,62,58,22,120,142,ref|NC_001146|,538016,537816
YLR354C,201,3,0.014925373134328358,0.014925373134328358,2,1,0,0,-,20,14,9,30,22,16,43,68,ref|NC_001144|,837529,837329
YHR070C-A,201,3,0.014925373134328358,0.014925373134328358,3,0,0,0,-,6,7,10,5,5,2,23,12,ref|NC_001140|,236612,236412
YLR356W,201,3,0.014925373134328358,0.014925373134328358,2,1,0,0,+,18,8,4,8,7,4,30,19,ref|NC_001144|,840137,840337
YPR075C,201,3,0.014925373134328358,0.014925373134328358,2,1,0,0,-,14,26,11,25,28,24,51,77,ref|NC_001148|,696919,696719
YLR374C,201,3,0.014925373134328358,0.014925373134328358,2,1,0,0,-,5,8,7,2,4,6,20,12,ref|NC_001144|,871942,871742
YLR254C,201,3,0.014925373134328358,0.014925373134328358,0,3,0,0,-,7,7,3,20,12,9,17,41,ref|NC_001144|,645671,645471
YML043C,201,3,0.014925373134328358,0.014925373134328358,2,1,0,0,-,18,37,8,46,36,15,63,97,ref|NC_001145|,192029,191829
YGR121W-A,201,3,0.014925373134328358,0.014925373134328358,1,2,0,0,+,7,5,2,4,2,0,14,6,ref|NC_001139|,733312,733512
YPR056W,201,3,0.014925373134328358,0.014925373134328358,0,3,0,0,+,16,22,3,25,26,3,41,54,ref|NC_001148|,670995,671195
YBR109C,201,3,0.014925373134328358,0.014925373134328358,2,1,0,0,-,10,11,5,11,22,6,26,39,ref|NC_001134|,458507,458307
YGR124W,201,3,0.014925373134328358,0.014925373134328358,0,3,0,0,+,34,27,18,44,38,23,79,105,ref|NC_001139|,739747,739947
YOL136C,201,3,0.014925373134328358,0.014925373134328358,2,1,0,0,-,19,32,15,25,23,19,66,67,ref|NC_001147|,69124,68924
YBR111C,201,3,0.014925373134328358,0.014925373134328358,1,2,0,0,-,7,12,4,18,18,3,23,39,ref|NC_001134|,462246,462046
YBR111W-A,201,3,0.014925373134328358,0.014925373134328358,1,2,0,0,+,6,11,1,13,11,2,18,26,ref|NC_001134|,462039,462239
YHR045W,201,3,0.014925373134328358,0.014925373134328358,1,2,0,0,+,24,21,15,33,35,23,60,91,ref|NC_001140|,195321,195521
YOL139C,201,3,0.014925373134328358,0.014925373134328358,2,1,0,0,-,7,12,5,16,22,6,24,44,ref|NC_001147|,61247,61047
YLR246W,201,3,0.014925373134328358,0.014925373134328358,2,1,0,0,+,15,24,10,16,11,9,49,36,ref|NC_001144|,626670,626870
YPR048W,201,3,0.014925373134328358,0.014925373134328358,1,2,0,0,+,23,35,16,48,44,11,74,103,ref|NC_001148|,659057,659257
YPR138C,201,3,0.014925373134328358,0.014925373134328358,2,1,0,0,-,23,20,12,20,28,8,55,56,ref|NC_001148|,812867,812667
YLR258W,201,3,0.014925373134328358,0.014925373134328358,2,1,0,0,+,17,36,23,47,63,30,76,140,ref|NC_001144|,660535,660735
YML007W,201,3,0.014925373134328358,0.014925373134328358,2,1,0,0,+,23,38,18,47,50,28,79,125,ref|NC_001145|,253560,253760
YBL056W,201,3,0.014925373134328358,0.014925373134328358,0,3,0,0,+,21,24,9,30,56,12,54,98,ref|NC_001134|,113526,113726
YOL073C,201,3,0.014925373134328358,0.014925373134328358,0,3,0,0,-,13,19,4,15,13,12,36,40,ref|NC_001147|,194936,194736
YLR357W,201,3,0.014925373134328358,0.014925373134328358,3,0,0,0,+,28,49,22,84,58,28,99,170,ref|NC_001144|,841175,841375
YLR283W,201,3,0.014925373134328358,0.014925373134328358,1,2,0,0,+,7,25,11,28,21,7,43,56,ref|NC_001144|,704747,704947
YLR281C,201,3,0.014925373134328358,0.014925373134328358,0,3,0,0,-,2,6,9,13,7,14,17,34,ref|NC_001144|,705060,704860
YLR280C,201,3,0.014925373134328358,0.014925373134328358,1,2,0,0,-,2,2,9,9,4,12,13,25,ref|NC_001144|,704933,704733
YOL077C,201,3,0.014925373134328358,0.014925373134328358,2,1,0,0,-,16,16,9,27,19,6,41,52,ref|NC_001147|,186861,186661
YBL043W,201,3,0.014925373134328358,0.014925373134328358,0,3,0,0,+,12,12,8,22,23,17,32,62,ref|NC_001134|,136457,136657
YOL120C,201,3,0.014925373134328358,0.014925373134328358,2,1,0,0,-,22,20,9,32,21,7,51,60,ref|NC_001147|,94522,94322
YPR065W,201,3,0.014925373134328358,0.014925373134328358,0,3,0,0,+,28,32,5,25,11,10,65,46,ref|NC_001148|,679429,679629
YOL121C,201,3,0.014925373134328358,0.014925373134328358,1,2,0,0,-,13,15,6,23,14,7,34,44,ref|NC_001147|,93034,92834
YBL047C,201,3,0.014925373134328358,0.014925373134328358,0,3,0,0,-,60,83,24,85,96,34,167,215,ref|NC_001134|,132269,132069
YPR067W,201,3,0.014925373134328358,0.014925373134328358,2,1,0,0,+,7,10,4,14,15,5,21,34,ref|NC_001148|,681508,681708
YML008C,201,3,0.014925373134328358,0.014925373134328358,1,2,0,0,-,10,11,15,31,32,16,36,79,ref|NC_001145|,253365,253165
YML007C-A,201,3,0.014925373134328358,0.014925373134328358,1,2,0,0,-,1,2,1,2,1,3,4,6,ref|NC_001145|,253372,253172
YBR094W,201,3,0.014925373134328358,0.014925373134328358,2,1,0,0,+,32,37,13,63,60,24,82,147,ref|NC_001134|,431870,432070
YPR007C,201,3,0.014925373134328358,0.014925373134328358,1,2,0,0,-,34,45,9,56,45,24,88,125,ref|NC_001148|,571478,571278
YBR008C,201,3,0.014925373134328358,0.014925373134328358,1,2,0,0,-,26,26,18,27,26,9,70,62,ref|NC_001134|,254935,254735
YBR258C,201,3,0.014925373134328358,0.014925373134328358,1,2,0,0,-,5,5,1,16,13,1,11,30,ref|NC_001134|,730337,730137
YIL090W,201,3,0.014925373134328358,0.014925373134328358,3,0,0,0,+,22,34,13,23,28,8,69,59,ref|NC_001141|,193318,193518
YML112W,201,3,0.014925373134328358,0.014925373134328358,1,2,0,0,+,7,18,6,25,15,15,31,55,ref|NC_001145|,44909,45109
YNL142W,201,3,0.014925373134328358,0.014925373134328358,2,1,0,0,+,29,21,11,17,20,11,61,48,ref|NC_001146|,357018,357218
YPL017C,201,3,0.014925373134328358,0.014925373134328358,0,3,0,0,-,20,29,19,29,21,19,68,69,ref|NC_001148|,520333,520133
YFR052C-A,201,3,0.014925373134328358,0.014925373134328358,1,2,0,0,-,3,2,0,3,6,3,5,12,ref|NC_001138|,253834,253634
YCL048W,201,3,0.014925373134328358,0.014925373134328358,1,2,0,0,+,17,42,12,30,37,16,71,83,ref|NC_001135|,42065,42265
YBR259W,201,3,0.014925373134328358,0.014925373134328358,2,1,0,0,+,34,43,20,44,45,26,97,115,ref|NC_001134|,730227,730427
YGR268C,201,3,0.014925373134328358,0.014925373134328358,2,1,0,0,-,6,11,3,11,5,8,20,24,ref|NC_001139|,1026791,1026591
YOR002W,201,3,0.014925373134328358,0.014925373134328358,2,1,0,0,+,29,30,9,18,20,12,68,50,ref|NC_001147|,329277,329477
YBR255C-A,201,3,0.014925373134328358,0.014925373134328358,0,3,0,0,-,11,16,3,16,9,0,30,25,ref|NC_001134|,727174,726974
YLR099C,201,3,0.014925373134328358,0.014925373134328358,2,1,0,0,-,14,21,12,22,19,11,47,52,ref|NC_001144|,341127,340927
YML081W,201,3,0.014925373134328358,0.014925373134328358,2,1,0,0,+,67,93,24,83,76,42,184,201,ref|NC_001145|,104677,104877
YHL029C,201,3,0.014925373134328358,0.014925373134328358,2,1,0,0,-,47,38,24,29,41,37,109,107,ref|NC_001140|,48088,47888
YGL189C,201,3,0.014925373134328358,0.014925373134328358,3,0,0,0,-,4,12,0,22,3,1,16,26,ref|NC_001139|,149180,148980
YGL188C,201,3,0.014925373134328358,0.014925373134328358,3,0,0,0,-,4,3,2,7,2,3,9,12,ref|NC_001139|,149616,149416
YLR097C,201,3,0.014925373134328358,0.014925373134328358,2,1,0,0,-,17,18,11,24,35,9,46,68,ref|NC_001144|,337417,337217
YOR031W,201,3,0.014925373134328358,0.014925373134328358,0,3,0,0,+,2,3,0,2,7,2,5,11,ref|NC_001147|,389113,389313
YHL021C,201,3,0.014925373134328358,0.014925373134328358,3,0,0,0,-,23,24,13,31,26,16,60,73,ref|NC_001140|,66037,65837
YAL062W,201,3,0.014925373134328358,0.014925373134328358,1,2,0,0,+,17,29,16,24,27,19,62,70,ref|NC_001133|,31427,31627
YPL008W,201,3,0.014925373134328358,0.014925373134328358,3,0,0,0,+,33,60,15,60,65,25,108,150,ref|NC_001148|,539049,539249
YAL019W,201,3,0.014925373134328358,0.014925373134328358,3,0,0,0,+,39,59,28,90,100,45,126,235,ref|NC_001133|,114819,115019
YGR221C,201,3,0.014925373134328358,0.014925373134328358,2,1,0,0,-,34,41,25,41,37,22,100,100,ref|NC_001139|,939262,939062
YCL040W,201,3,0.014925373134328358,0.014925373134328358,2,1,0,0,+,17,31,23,28,31,26,71,85,ref|NC_001135|,50687,50887
YNL135C,201,3,0.014925373134328358,0.014925373134328358,2,1,0,0,-,3,5,5,3,9,3,13,15,ref|NC_001146|,372330,372130
YNL143C,201,3,0.014925373134328358,0.014925373134328358,2,1,0,0,-,12,1,6,8,9,5,19,22,ref|NC_001146|,357286,357086
YLR146W-A,201,3,0.014925373134328358,0.014925373134328358,2,1,0,0,+,3,5,1,3,4,5,9,12,ref|NC_001144|,433770,433970
YAL016W,201,3,0.014925373134328358,0.014925373134328358,3,0,0,0,+,35,38,15,48,54,17,88,119,ref|NC_001133|,124686,124886
YNR033W,201,3,0.014925373134328358,0.014925373134328358,1,2,0,0,+,28,44,11,58,53,24,83,135,ref|NC_001146|,687267,687467
YNR032C-A,201,3,0.014925373134328358,0.014925373134328358,2,1,0,0,-,2,3,0,6,9,1,5,16,ref|NC_001146|,687564,687364
YPL039W,201,3,0.014925373134328358,0.014925373134328358,1,2,0,0,+,12,18,10,14,26,10,40,50,ref|NC_001148|,479068,479268
YBR298C-A,201,3,0.014925373134328358,0.014925373134328358,0,3,0,0,-,3,5,1,6,4,3,9,13,ref|NC_001134|,805356,805156
YOR023C,201,3,0.014925373134328358,0.014925373134328358,1,2,0,0,-,29,39,13,35,34,16,81,85,ref|NC_001147|,377982,377782
YLR124W,201,3,0.014925373134328358,0.014925373134328358,2,1,0,0,+,6,8,2,7,5,2,16,14,ref|NC_001144|,391500,391700
YPR192W,201,3,0.014925373134328358,0.014925373134328358,2,1,0,0,+,19,6,19,8,15,9,44,32,ref|NC_001148|,921743,921943
YIL113W,201,3,0.014925373134328358,0.014925373134328358,2,1,0,0,+,8,10,6,19,17,12,24,48,ref|NC_001141|,150427,150627
YGL228W,201,3,0.014925373134328358,0.014925373134328358,1,2,0,0,+,20,36,16,52,45,20,72,117,ref|NC_001139|,67318,67518
YHL047C,201,3,0.014925373134328358,0.014925373134328358,1,2,0,0,-,32,36,22,31,35,10,90,76,ref|NC_001140|,10589,10389
YHL048W,201,3,0.014925373134328358,0.014925373134328358,1,2,0,0,+,22,15,13,24,24,14,50,62,ref|NC_001140|,6294,6494
YMR061W,201,3,0.014925373134328358,0.014925373134328358,0,3,0,0,+,25,41,15,56,43,21,81,120,ref|NC_001145|,392639,392839
YGR248W,201,3,0.014925373134328358,0.014925373134328358,0,3,0,0,+,6,11,13,11,14,14,30,39,ref|NC_001139|,985854,986054
YOR024W,201,3,0.014925373134328358,0.014925373134328358,1,2,0,0,+,8,7,2,1,0,2,17,3,ref|NC_001147|,377747,377947
YHL038C,201,3,0.014925373134328358,0.014925373134328358,1,2,0,0,-,21,35,22,47,39,29,78,115,ref|NC_001140|,25644,25444
YAL042W,201,3,0.014925373134328358,0.014925373134328358,3,0,0,0,+,19,25,15,24,24,21,59,69,ref|NC_001133|,61169,61369
YAL040C,201,3,0.014925373134328358,0.014925373134328358,2,1,0,0,-,47,59,16,29,21,14,122,64,ref|NC_001133|,67948,67748
YCL056C,201,3,0.014925373134328358,0.014925373134328358,0,3,0,0,-,4,6,5,8,6,6,15,20,ref|NC_001135|,27483,27283
YLR138W,201,3,0.014925373134328358,0.014925373134328358,1,2,0,0,+,42,51,24,82,74,33,117,189,ref|NC_001144|,418238,418438
YPL048W,201,3,0.014925373134328358,0.014925373134328358,2,1,0,0,+,15,20,16,34,25,19,51,78,ref|NC_001148|,464181,464381
YMR047C,201,3,0.014925373134328358,0.014925373134328358,1,2,0,0,-,41,64,28,44,26,27,133,97,ref|NC_001145|,366892,366692
YAL035W,201,3,0.014925373134328358,0.014925373134328358,2,1,0,0,+,35,35,17,127,82,23,87,232,ref|NC_001133|,76265,76465
YBR276C,201,3,0.014925373134328358,0.014925373134328358,1,2,0,0,-,37,49,19,44,49,24,105,117,ref|NC_001134|,760269,760069
YGR237C,201,3,0.014925373134328358,0.014925373134328358,2,1,0,0,-,30,57,15,61,69,29,102,159,ref|NC_001139|,965815,965615
YBR243C,201,3,0.014925373134328358,0.014925373134328358,2,1,0,0,-,17,22,10,18,26,9,49,53,ref|NC_001134|,706946,706746
YIL100C-A,201,3,0.014925373134328358,0.014925373134328358,2,1,0,0,-,9,3,4,0,2,3,16,5,ref|NC_001141|,177781,177581
YFR031C-A,201,3,0.014925373134328358,0.014925373134328358,2,1,0,0,-,17,18,9,29,18,3,44,50,ref|NC_001138|,221518,221318
YNR014W,201,3,0.014925373134328358,0.014925373134328358,3,0,0,0,+,9,13,15,13,11,6,37,30,ref|NC_001146|,652283,652483
YGR199W,201,3,0.014925373134328358,0.014925373134328358,3,0,0,0,+,47,48,19,38,46,16,114,100,ref|NC_001139|,897377,897577
YHL001W,201,3,0.014925373134328358,0.014925373134328358,3,0,0,0,+,9,14,6,18,19,4,29,41,ref|NC_001140|,104156,104356
YAL011W,201,3,0.014925373134328358,0.014925373134328358,1,2,0,0,+,20,28,12,77,49,32,60,158,ref|NC_001133|,132069,132269
YNL132W,201,3,0.014925373134328358,0.014925373134328358,3,0,0,0,+,57,74,26,81,82,24,157,187,ref|NC_001146|,375130,375330
YIL160C,201,3,0.014925373134328358,0.014925373134328358,2,1,0,0,-,12,23,19,28,18,16,54,62,ref|NC_001141|,41544,41344
YGL182C,201,3,0.014925373134328358,0.014925373134328358,1,2,0,0,-,14,8,3,4,3,7,25,14,ref|NC_001139|,157696,157496
YBR230C,201,3,0.014925373134328358,0.014925373134328358,3,0,0,0,-,18,8,3,10,8,4,29,22,ref|NC_001134|,680371,680171
YHL011C,201,3,0.014925373134328358,0.014925373134328358,2,1,0,0,-,16,17,11,24,19,6,44,49,ref|NC_001140|,81816,81616
YOR035C,201,3,0.014925373134328358,0.014925373134328358,2,1,0,0,-,33,40,17,52,62,30,90,144,ref|NC_001147|,400204,400004
YFR035C,201,3,0.014925373134328358,0.014925373134328358,3,0,0,0,-,9,5,5,2,6,5,19,13,ref|NC_001138|,226565,226365
YFR030W,201,3,0.014925373134328358,0.014925373134328358,1,2,0,0,+,59,71,31,74,71,30,161,175,ref|NC_001138|,213093,213293
YFR037C,201,3,0.014925373134328358,0.014925373134328358,0,3,0,0,-,16,31,15,52,31,36,62,119,ref|NC_001138|,229319,229119
YML097C,201,3,0.014925373134328358,0.014925373134328358,2,1,0,0,-,19,21,7,53,37,17,47,107,ref|NC_001145|,79846,79646
YIL074C,201,3,0.014925373134328358,0.014925373134328358,1,2,0,0,-,30,32,15,27,36,6,77,69,ref|NC_001141|,222724,222524
YNR013C,201,3,0.014925373134328358,0.014925373134328358,0,3,0,0,-,71,53,26,35,62,20,150,117,ref|NC_001146|,651909,651709
YGR201C,201,3,0.014925373134328358,0.014925373134328358,2,1,0,0,-,8,5,8,13,25,10,21,48,ref|NC_001139|,903319,903119
YGR215W,201,3,0.014925373134328358,0.014925373134328358,1,2,0,0,+,5,4,2,13,10,4,11,27,ref|NC_001139|,922010,922210
YPR172W,201,3,0.014925373134328358,0.014925373134328358,2,1,0,0,+,8,13,3,12,15,9,24,36,ref|NC_001148|,885675,885875
YLR168C,201,3,0.014925373134328358,0.014925373134328358,1,2,0,0,-,8,12,3,12,18,7,23,37,ref|NC_001144|,500796,500596
YCL036W,201,3,0.014925373134328358,0.014925373134328358,2,1,0,0,+,21,24,16,44,29,23,61,96,ref|NC_001135|,58874,59074
YCL034W,201,3,0.014925373134328358,0.014925373134328358,1,2,0,0,+,21,27,12,23,27,23,60,73,ref|NC_001135|,61508,61708
YLR448W,201,3,0.014925373134328358,0.014925373134328358,2,1,0,0,+,12,17,2,24,27,4,31,55,ref|NC_001144|,1028688,1028888
YGR099W,201,2,0.009950248756218905,0.009950248756218905,2,0,0,0,+,34,39,20,43,63,25,93,131,ref|NC_001139|,687719,687919
YHR066W,201,2,0.009950248756218905,0.009950248756218905,1,1,0,0,+,20,27,7,55,35,12,54,102,ref|NC_001140|,229181,229381
YNR043W,201,2,0.009950248756218905,0.009950248756218905,2,0,0,0,+,19,22,12,21,31,10,53,62,ref|NC_001146|,701759,701959
YGR285C,201,2,0.009950248756218905,0.009950248756218905,0,2,0,0,-,17,21,10,48,45,17,48,110,ref|NC_001139|,1063285,1063085
YDR524C-B,201,2,0.009950248756218905,0.009950248756218905,1,1,0,0,-,5,1,6,2,0,0,12,2,ref|NC_001136|,1489898,1489698
YDR524W-C,201,2,0.009950248756218905,0.009950248756218905,2,0,0,0,+,5,2,0,2,1,0,7,3,ref|NC_001136|,1489303,1489503
YDR316W,201,2,0.009950248756218905,0.009950248756218905,0,2,0,0,+,16,17,15,52,35,16,48,103,ref|NC_001136|,1093626,1093826
YOR323C,201,2,0.009950248756218905,0.009950248756218905,1,1,0,0,-,16,18,10,29,34,14,44,77,ref|NC_001147|,923040,922840
YOR324C,201,2,0.009950248756218905,0.009950248756218905,2,0,0,0,-,27,42,22,45,43,24,91,112,ref|NC_001147|,925297,925097
YMR264W,201,2,0.009950248756218905,0.009950248756218905,2,0,0,0,+,6,10,3,19,17,4,19,40,ref|NC_001145|,795659,795859
YGR054W,201,2,0.009950248756218905,0.009950248756218905,2,0,0,0,+,33,37,13,44,33,11,83,88,ref|NC_001139|,596403,596603
YOL103W,201,2,0.009950248756218905,0.009950248756218905,0,2,0,0,+,35,37,16,28,36,12,88,76,ref|NC_001147|,123694,123894
YEL054C,201,2,0.009950248756218905,0.009950248756218905,1,1,0,0,-,6,8,6,15,12,1,20,28,ref|NC_001137|,53354,53154
YHR070W,201,2,0.009950248756218905,0.009950248756218905,2,0,0,0,+,13,32,17,28,28,23,62,79,ref|NC_001140|,234719,234919
YGR270C-A,201,2,0.009950248756218905,0.009950248756218905,2,0,0,0,-,10,10,2,1,2,1,22,4,ref|NC_001139|,1027700,1027500
YGR105W,201,2,0.009950248756218905,0.009950248756218905,2,0,0,0,+,1,4,2,3,4,2,7,9,ref|NC_001139|,698121,698321
YNL292W,201,2,0.009950248756218905,0.009950248756218905,2,0,0,0,+,14,12,7,38,35,10,33,83,ref|NC_001146|,82646,82846
YGR114C,201,2,0.009950248756218905,0.009950248756218905,2,0,0,0,-,22,15,7,3,3,1,44,7,ref|NC_001139|,720754,720554
YJR139C,201,2,0.009950248756218905,0.009950248756218905,0,2,0,0,-,28,25,5,13,29,7,58,49,ref|NC_001142|,690736,690536
YEL050C,201,2,0.009950248756218905,0.009950248756218905,1,1,0,0,-,16,15,14,42,24,11,45,77,ref|NC_001137|,61131,60931
YGR112W,201,2,0.009950248756218905,0.009950248756218905,0,2,0,0,+,15,20,10,34,24,16,45,74,ref|NC_001139|,717200,717400
YOL125W,201,2,0.009950248756218905,0.009950248756218905,1,1,0,0,+,15,20,14,35,29,24,49,88,ref|NC_001147|,83420,83620
YDR295C,201,2,0.009950248756218905,0.009950248756218905,0,2,0,0,-,27,38,12,55,40,23,77,118,ref|NC_001136|,1055010,1054810
YNL042W,201,2,0.009950248756218905,0.009950248756218905,2,0,0,0,+,18,23,11,23,25,11,52,59,ref|NC_001146|,547235,547435
YDR320C,201,2,0.009950248756218905,0.009950248756218905,1,1,0,0,-,29,38,11,59,55,17,78,131,ref|NC_001136|,1108237,1108037
YJL043W,201,2,0.009950248756218905,0.009950248756218905,0,2,0,0,+,6,12,5,11,13,17,23,41,ref|NC_001142|,359960,360160
YJL047C,201,2,0.009950248756218905,0.009950248756218905,2,0,0,0,-,24,56,13,70,64,38,93,172,ref|NC_001142|,352208,352008
YDR296W,201,2,0.009950248756218905,0.009950248756218905,1,1,0,0,+,10,9,3,21,11,4,22,36,ref|NC_001136|,1055078,1055278
YJL044C,201,2,0.009950248756218905,0.009950248756218905,0,2,0,0,-,18,22,8,25,42,25,48,92,ref|NC_001142|,359825,359625
YDR319C,201,2,0.009950248756218905,0.009950248756218905,2,0,0,0,-,19,23,3,8,11,5,45,24,ref|NC_001136|,1105974,1105774
YGR109C,201,2,0.009950248756218905,0.009950248756218905,2,0,0,0,-,11,25,8,19,32,13,44,64,ref|NC_001139|,706695,706495
YNR047W,201,2,0.009950248756218905,0.009950248756218905,1,1,0,0,+,53,70,22,71,59,43,145,173,ref|NC_001146|,708358,708558
YGR093W,201,2,0.009950248756218905,0.009950248756218905,2,0,0,0,+,20,28,12,35,38,21,60,94,ref|NC_001139|,670202,670402
YGR049W,201,2,0.009950248756218905,0.009950248756218905,1,1,0,0,+,8,15,2,8,9,1,25,18,ref|NC_001139|,591131,591331
YGR106C,201,2,0.009950248756218905,0.009950248756218905,1,1,0,0,-,16,19,8,13,27,8,43,48,ref|NC_001139|,699946,699746
YOL122C,201,2,0.009950248756218905,0.009950248756218905,1,1,0,0,-,25,34,15,36,26,16,74,78,ref|NC_001147|,91657,91457
YJR161C,201,2,0.009950248756218905,0.009950248756218905,2,0,0,0,-,22,16,9,23,27,9,47,59,ref|NC_001142|,744099,743899
YDR525W-A,201,2,0.009950248756218905,0.009950248756218905,2,0,0,0,+,5,5,1,2,5,2,11,9,ref|NC_001136|,1490496,1490696
YJR151W-A,201,2,0.009950248756218905,0.009950248756218905,0,2,0,0,+,2,0,2,0,1,0,4,1,ref|NC_001142|,717480,717680
YNR038W,201,2,0.009950248756218905,0.009950248756218905,1,1,0,0,+,29,39,23,48,53,19,91,120,ref|NC_001146|,695450,695650
YOL111C,201,2,0.009950248756218905,0.009950248756218905,1,1,0,0,-,10,12,6,11,12,13,28,36,ref|NC_001147|,109185,108985
YGR078C,201,2,0.009950248756218905,0.009950248756218905,0,2,0,0,-,5,11,5,16,9,16,21,41,ref|NC_001139|,640502,640302
YEL065W,201,2,0.009950248756218905,0.009950248756218905,2,0,0,0,+,29,36,21,34,26,11,86,71,ref|NC_001137|,27245,27445
YGR256W,201,2,0.009950248756218905,0.009950248756218905,2,0,0,0,+,22,32,9,25,24,20,63,69,ref|NC_001139|,1004517,1004717
YEL066W,201,2,0.009950248756218905,0.009950248756218905,1,1,0,0,+,3,7,6,12,10,8,16,30,ref|NC_001137|,26017,26217
YJL066C,201,2,0.009950248756218905,0.009950248756218905,0,2,0,0,-,16,12,3,16,20,8,31,44,ref|NC_001142|,315010,314810
YHR075C,201,2,0.009950248756218905,0.009950248756218905,0,2,0,0,-,14,24,5,30,18,11,43,59,ref|NC_001140|,249800,249600
YGR271C-A,201,2,0.009950248756218905,0.009950248756218905,2,0,0,0,-,8,8,2,37,20,3,18,60,ref|NC_001139|,1038601,1038401
YEL060C,201,2,0.009950248756218905,0.009950248756218905,0,2,0,0,-,31,38,22,46,44,25,91,115,ref|NC_001137|,42108,41908
YGR068C,201,2,0.009950248756218905,0.009950248756218905,2,0,0,0,-,19,30,25,41,30,25,74,96,ref|NC_001139|,627257,627057
YOR332W,201,2,0.009950248756218905,0.009950248756218905,2,0,0,0,+,6,9,10,21,25,12,25,58,ref|NC_001147|,943525,943725
YGR069W,201,2,0.009950248756218905,0.009950248756218905,2,0,0,0,+,8,8,3,10,1,4,19,15,ref|NC_001139|,626983,627183
YOR200W,201,2,0.009950248756218905,0.009950248756218905,0,2,0,0,+,8,7,5,3,4,3,20,10,ref|NC_001147|,720317,720517
YNR040W,201,2,0.009950248756218905,0.009950248756218905,1,1,0,0,+,13,24,10,18,12,8,47,38,ref|NC_001146|,699590,699790
YJL073W,201,2,0.009950248756218905,0.009950248756218905,1,1,0,0,+,21,39,17,42,43,24,77,109,ref|NC_001142|,302961,303161
YJL068C,201,2,0.009950248756218905,0.009950248756218905,1,1,0,0,-,13,14,5,19,20,10,32,49,ref|NC_001142|,314079,313879
YOR198C,201,2,0.009950248756218905,0.009950248756218905,0,2,0,0,-,17,32,10,62,42,14,59,118,ref|NC_001147|,720398,720198
YDR306C,201,2,0.009950248756218905,0.009950248756218905,0,2,0,0,-,23,28,12,33,35,12,63,80,ref|NC_001136|,1075442,1075242
YDR541C,201,2,0.009950248756218905,0.009950248756218905,1,1,0,0,-,15,22,2,29,22,9,39,60,ref|NC_001136|,1521019,1520819
YGR261C,201,2,0.009950248756218905,0.009950248756218905,1,1,0,0,-,36,52,19,63,61,23,107,147,ref|NC_001139|,1016913,1016713
YDR532C,201,2,0.009950248756218905,0.009950248756218905,1,1,0,0,-,11,20,3,33,26,17,34,76,ref|NC_001136|,1500893,1500693
YJL052W,201,2,0.009950248756218905,0.009950248756218905,2,0,0,0,+,16,19,11,24,22,13,46,59,ref|NC_001142|,338057,338257
YJR146W,201,2,0.009950248756218905,0.009950248756218905,2,0,0,0,+,11,6,5,4,3,4,22,11,ref|NC_001142|,703785,703985
YJL054W,201,2,0.009950248756218905,0.009950248756218905,1,1,0,0,+,15,24,13,48,28,17,52,93,ref|NC_001142|,334122,334322
YGR262C,201,2,0.009950248756218905,0.009950248756218905,0,2,0,0,-,11,15,11,21,18,9,37,48,ref|NC_001139|,1017904,1017704
YOR195W,201,2,0.009950248756218905,0.009950248756218905,2,0,0,0,+,19,49,13,83,89,35,81,207,ref|NC_001147|,712696,712896
YNR034W-A,201,2,0.009950248756218905,0.009950248756218905,1,1,0,0,+,1,11,5,7,2,5,17,14,ref|NC_001146|,692461,692661
YDR308C,201,2,0.009950248756218905,0.009950248756218905,1,1,0,0,-,3,4,1,19,15,4,8,38,ref|NC_001136|,1078590,1078390
YGR091W,201,2,0.009950248756218905,0.009950248756218905,0,2,0,0,+,21,36,9,47,25,15,66,87,ref|NC_001139|,666172,666372
YGR083C,201,2,0.009950248756218905,0.009950248756218905,1,1,0,0,-,29,33,16,52,35,15,78,102,ref|NC_001139|,646915,646715
YNL295W,201,2,0.009950248756218905,0.0,0,0,2,0,+,13,32,10,49,37,16,55,102,ref|NC_001146|,76697,76897
YGR081C,201,2,0.009950248756218905,0.009950248756218905,0,2,0,0,-,11,8,1,24,11,6,20,41,ref|NC_001139|,643884,643684
YDR536W,201,2,0.009950248756218905,0.009950248756218905,1,1,0,0,+,28,40,17,35,29,14,85,78,ref|NC_001136|,1507905,1508105
YOR209C,201,2,0.009950248756218905,0.009950248756218905,1,1,0,0,-,12,20,15,37,30,10,47,77,ref|NC_001147|,737977,737777
YJL087C,201,2,0.009950248756218905,0.009950248756218905,1,1,0,0,-,17,50,11,72,66,26,78,164,ref|NC_001142|,272710,272510
YGR274C,201,2,0.009950248756218905,0.009950248756218905,1,1,0,0,-,44,61,19,86,95,23,124,204,ref|NC_001139|,1043203,1043003
YGR062C,201,2,0.009950248756218905,0.009950248756218905,1,1,0,0,-,12,21,11,20,13,6,44,39,ref|NC_001139|,617413,617213
YJL061W,201,2,0.009950248756218905,0.009950248756218905,2,0,0,0,+,28,48,21,49,56,25,97,130,ref|NC_001142|,319868,320068
YOL112W,201,2,0.009950248756218905,0.009950248756218905,1,1,0,0,+,15,22,13,55,38,29,50,122,ref|NC_001147|,106421,106621
YHR001W-A,201,2,0.009950248756218905,0.009950248756218905,2,0,0,0,+,5,6,1,9,2,2,12,13,ref|NC_001140|,107726,107926
YGR133W,201,2,0.009950248756218905,0.009950248756218905,2,0,0,0,+,6,10,5,11,15,8,21,34,ref|NC_001139|,756796,756996
YNR031C,201,2,0.009950248756218905,0.009950248756218905,2,0,0,0,-,66,88,33,115,134,47,187,296,ref|NC_001146|,685533,685333
YOR259C,201,2,0.009950248756218905,0.009950248756218905,1,1,0,0,-,9,26,9,42,46,10,44,98,ref|NC_001147|,813857,813657
YDR421W,201,2,0.009950248756218905,0.009950248756218905,0,2,0,0,+,38,48,24,81,74,43,110,198,ref|NC_001136|,1311875,1312075
YGR175C,201,2,0.009950248756218905,0.009950248756218905,1,1,0,0,-,24,27,13,35,47,13,64,95,ref|NC_001139|,848621,848421
YGR174W-A,201,2,0.009950248756218905,0.009950248756218905,0,2,0,0,+,2,2,0,1,2,0,4,3,ref|NC_001139|,846555,846755
YNR006W,201,2,0.009950248756218905,0.009950248756218905,2,0,0,0,+,22,35,13,59,48,17,70,124,ref|NC_001146|,636824,637024
YGR170W,201,2,0.009950248756218905,0.009950248756218905,1,1,0,0,+,49,80,22,90,85,41,151,216,ref|NC_001139|,837042,837242
YMR316W,201,2,0.009950248756218905,0.009950248756218905,0,2,0,0,+,9,23,11,30,17,12,43,59,ref|NC_001145|,904383,904583
YMR316C-A,201,2,0.009950248756218905,0.009950248756218905,2,0,0,0,-,11,6,2,0,6,2,19,8,ref|NC_001145|,906073,905873
YNR003C,201,2,0.009950248756218905,0.009950248756218905,2,0,0,0,-,14,15,9,29,18,11,38,58,ref|NC_001146|,635449,635249
YGR164W,201,2,0.009950248756218905,0.009950248756218905,2,0,0,0,+,3,8,3,9,5,6,14,20,ref|NC_001139|,828525,828725
YJR034W,201,2,0.009950248756218905,0.009950248756218905,1,1,0,0,+,4,6,5,11,8,7,15,26,ref|NC_001142|,496480,496680
YNR018W,201,2,0.009950248756218905,0.009950248756218905,1,1,0,0,+,7,13,14,23,10,10,34,43,ref|NC_001146|,663777,663977
YNR001W-A,201,2,0.009950248756218905,0.009950248756218905,1,1,0,0,+,1,4,3,1,3,2,8,6,ref|NC_001146|,631163,631363
YHR060W,201,2,0.009950248756218905,0.009950248756218905,2,0,0,0,+,3,10,4,23,15,6,17,44,ref|NC_001140|,220595,220795
YNR001C,201,2,0.009950248756218905,0.009950248756218905,1,1,0,0,-,17,19,12,36,30,11,48,77,ref|NC_001146|,631368,631168
YNR066C,201,2,0.009950248756218905,0.009950248756218905,2,0,0,0,-,23,32,14,27,31,19,69,77,ref|NC_001146|,755135,754935
YJR018W,201,2,0.009950248756218905,0.009950248756218905,2,0,0,0,+,10,4,7,3,8,4,21,15,ref|NC_001142|,466388,466588
YGR230W,201,2,0.009950248756218905,0.009950248756218905,1,1,0,0,+,7,10,5,11,8,3,22,22,ref|NC_001139|,951649,951849
YOR252W,201,2,0.009950248756218905,0.009950248756218905,1,1,0,0,+,6,12,3,21,13,4,21,38,ref|NC_001147|,803535,803735
YJR017C,201,2,0.009950248756218905,0.009950248756218905,1,1,0,0,-,4,12,8,17,7,14,24,38,ref|NC_001142|,467208,467008
YHL027W,201,2,0.009950248756218905,0.009950248756218905,2,0,0,0,+,35,36,17,39,37,14,88,90,ref|NC_001140|,50869,51069
YHR025W,201,2,0.009950248756218905,0.009950248756218905,0,2,0,0,+,22,16,10,18,17,12,48,47,ref|NC_001140|,159293,159493
YJR091C,201,2,0.009950248756218905,0.009950248756218905,0,2,0,0,-,51,57,28,52,56,42,136,150,ref|NC_001142|,598506,598306
YJR092W,201,2,0.009950248756218905,0.009950248756218905,1,1,0,0,+,51,87,39,132,117,55,177,304,ref|NC_001142|,598635,598835
YDR370C,201,2,0.009950248756218905,0.009950248756218905,2,0,0,0,-,17,29,11,41,25,8,57,74,ref|NC_001136|,1219275,1219075
YOR273C,201,2,0.009950248756218905,0.009950248756218905,2,0,0,0,-,35,27,23,37,33,18,85,88,ref|NC_001147|,836732,836532
YGR176W,201,2,0.009950248756218905,0.009950248756218905,2,0,0,0,+,3,5,6,8,2,14,14,24,ref|NC_001139|,848620,848820
YJR053W,201,2,0.009950248756218905,0.009950248756218905,2,0,0,0,+,22,39,8,56,49,23,69,128,ref|NC_001142|,533927,534127
YDR415C,201,2,0.009950248756218905,0.004975124378109453,1,0,1,0,-,16,23,8,28,23,11,47,62,ref|NC_001136|,1298315,1298115
YMR308C,201,2,0.009950248756218905,0.009950248756218905,1,1,0,0,-,47,59,31,66,87,31,137,184,ref|NC_001145|,892468,892268
YHR001W,201,2,0.009950248756218905,0.009950248756218905,2,0,0,0,+,17,21,8,35,26,13,46,74,ref|NC_001140|,105863,106063
YMR311C,201,2,0.009950248756218905,0.009950248756218905,2,0,0,0,-,0,8,3,33,21,15,11,69,ref|NC_001145|,897757,897557
YHR004C,201,2,0.009950248756218905,0.009950248756218905,1,1,0,0,-,23,34,7,30,33,14,64,77,ref|NC_001140|,113194,112994
YDR390C,201,2,0.009950248756218905,0.009950248756218905,2,0,0,0,-,29,34,17,36,52,21,80,109,ref|NC_001136|,1256976,1256776
YDR397C,201,2,0.009950248756218905,0.009950248756218905,2,0,0,0,-,7,9,4,17,14,7,20,38,ref|NC_001136|,1267286,1267086
YJR076C,201,2,0.009950248756218905,0.009950248756218905,1,1,0,0,-,16,23,18,44,36,22,57,102,ref|NC_001142|,576790,576590
YDR387C,201,2,0.009950248756218905,0.009950248756218905,1,1,0,0,-,33,30,18,28,34,11,81,73,ref|NC_001136|,1250067,1249867
YGR188C,201,2,0.009950248756218905,0.009950248756218905,0,2,0,0,-,30,58,17,93,75,30,105,198,ref|NC_001139|,875265,875065
YGR187C,201,2,0.009950248756218905,0.009950248756218905,1,1,0,0,-,11,19,5,37,34,12,35,83,ref|NC_001139|,871601,871401
YHR005C-A,201,2,0.009950248756218905,0.009950248756218905,2,0,0,0,-,5,10,3,8,6,1,18,15,ref|NC_001140|,116001,115801
YDR404C,201,2,0.009950248756218905,0.009950248756218905,0,2,0,0,-,5,15,8,13,9,4,28,26,ref|NC_001136|,1278007,1277807
YJR077C,201,2,0.009950248756218905,0.009950248756218905,0,2,0,0,-,20,13,16,17,10,8,49,35,ref|NC_001142|,578351,578151
YHL004W,201,2,0.009950248756218905,0.009950248756218905,1,1,0,0,+,23,20,10,35,28,14,53,77,ref|NC_001140|,99039,99239
YGR204W,201,2,0.009950248756218905,0.009950248756218905,1,1,0,0,+,32,56,29,59,61,29,117,149,ref|NC_001139|,905757,905957
YMR307W,201,2,0.009950248756218905,0.009950248756218905,1,1,0,0,+,47,25,12,24,44,14,84,82,ref|NC_001145|,886806,887006
YJR060W,201,2,0.009950248756218905,0.009950248756218905,0,2,0,0,+,11,17,9,28,30,19,37,77,ref|NC_001142|,548544,548744
YOR281C,201,2,0.009950248756218905,0.009950248756218905,1,1,0,0,-,8,10,6,39,27,9,24,75,ref|NC_001147|,847315,847115
YNR015W,201,2,0.009950248756218905,0.009950248756218905,1,1,0,0,+,20,27,13,33,19,13,60,65,ref|NC_001146|,653253,653453
YOR292C,201,2,0.009950248756218905,0.009950248756218905,2,0,0,0,-,21,18,6,12,18,8,45,38,ref|NC_001147|,866738,866538
YDR409W,201,2,0.009950248756218905,0.009950248756218905,0,2,0,0,+,40,56,16,44,66,26,112,136,ref|NC_001136|,1289306,1289506
YHL010C,201,2,0.009950248756218905,0.009950248756218905,2,0,0,0,-,20,40,10,49,41,18,70,108,ref|NC_001140|,83821,83621
YOR276W,201,2,0.009950248756218905,0.009950248756218905,1,1,0,0,+,4,10,4,20,10,6,18,36,ref|NC_001147|,841140,841340
YMR303C,201,2,0.009950248756218905,0.009950248756218905,2,0,0,0,-,25,18,10,16,17,12,53,45,ref|NC_001145|,874487,874287
YHL030W-A,201,2,0.009950248756218905,0.009950248756218905,2,0,0,0,+,16,3,4,8,8,3,23,19,ref|NC_001140|,38974,39174
YHR026W,201,2,0.009950248756218905,0.009950248756218905,1,1,0,0,+,11,8,8,3,14,5,27,22,ref|NC_001140|,160597,160797
YJL013C,201,2,0.009950248756218905,0.009950248756218905,2,0,0,0,-,26,33,15,56,36,17,74,109,ref|NC_001142|,411140,410940
YOL141W,201,2,0.009950248756218905,0.009950248756218905,1,1,0,0,+,27,45,14,52,54,23,86,129,ref|NC_001147|,56352,56552
YGR247W,201,2,0.009950248756218905,0.009950248756218905,1,1,0,0,+,6,18,7,18,11,7,31,36,ref|NC_001139|,984727,984927
YDR488C,201,2,0.009950248756218905,0.009950248756218905,1,1,0,0,-,18,24,13,37,25,27,55,89,ref|NC_001136|,1430889,1430689
YNL322C,201,2,0.009950248756218905,0.009950248756218905,2,0,0,0,-,21,23,14,10,8,7,58,25,ref|NC_001146|,34353,34153
YJL020C,201,2,0.009950248756218905,0.009950248756218905,0,2,0,0,-,42,66,22,101,82,47,130,230,ref|NC_001142|,402510,402310
YNL321W,201,2,0.009950248756218905,0.009950248756218905,2,0,0,0,+,59,45,32,39,39,31,136,109,ref|NC_001146|,34596,34796
YJR072C,201,2,0.009950248756218905,0.009950248756218905,0,2,0,0,-,9,23,10,38,28,18,42,84,ref|NC_001142|,572265,572065
YJL023C,201,2,0.009950248756218905,0.009950248756218905,2,0,0,0,-,10,18,8,29,23,14,36,66,ref|NC_001142|,398515,398315
YOR231W,201,2,0.009950248756218905,0.009950248756218905,0,2,0,0,+,25,39,18,29,37,22,82,88,ref|NC_001147|,772326,772526
YJL024C,201,2,0.009950248756218905,0.009950248756218905,2,0,0,0,-,12,19,4,13,17,4,35,34,ref|NC_001142|,396721,396521
YHL039W,201,2,0.009950248756218905,0.009950248756218905,1,1,0,0,+,31,31,11,36,36,16,73,88,ref|NC_001140|,21616,21816
YHR044C,201,2,0.009950248756218905,0.009950248756218905,2,0,0,0,-,10,8,6,21,21,5,24,47,ref|NC_001140|,195131,194931
YGR129W,201,2,0.009950248756218905,0.009950248756218905,2,0,0,0,+,4,9,5,31,17,7,18,55,ref|NC_001139|,750276,750476
YHR047C,201,2,0.009950248756218905,0.009950248756218905,0,2,0,0,-,46,39,17,67,60,21,102,148,ref|NC_001140|,201479,201279
YMR290W-A,201,2,0.009950248756218905,0.009950248756218905,1,1,0,0,+,11,8,3,4,4,1,22,9,ref|NC_001145|,851322,851522
YJL029C,201,2,0.009950248756218905,0.009950248756218905,2,0,0,0,-,40,54,21,71,57,36,115,164,ref|NC_001142|,391032,390832
YOR314W,201,2,0.009950248756218905,0.009950248756218905,2,0,0,0,+,12,3,3,6,5,5,18,16,ref|NC_001147|,902943,903143
YOR316C,201,2,0.009950248756218905,0.009950248756218905,2,0,0,0,-,23,25,9,26,22,14,57,62,ref|NC_001147|,907866,907666
YHR048W,201,2,0.009950248756218905,0.009950248756218905,0,2,0,0,+,26,30,22,25,27,17,78,69,ref|NC_001140|,204411,204611
YNR029C,201,2,0.009950248756218905,0.009950248756218905,1,1,0,0,-,15,13,15,30,31,21,43,82,ref|NC_001146|,678620,678420
YNL016W,201,2,0.009950248756218905,0.009950248756218905,0,2,0,0,+,8,30,9,25,35,9,47,69,ref|NC_001146|,602749,602949
YDR506C,201,2,0.009950248756218905,0.009950248756218905,2,0,0,0,-,21,35,11,33,46,23,67,102,ref|NC_001136|,1461705,1461505
YOR317W,201,2,0.009950248756218905,0.009950248756218905,2,0,0,0,+,32,46,18,42,53,18,96,113,ref|NC_001147|,909139,909339
YGR244C,201,2,0.009950248756218905,0.009950248756218905,2,0,0,0,-,5,31,10,37,32,11,46,80,ref|NC_001139|,979557,979357
YNR027W,201,2,0.009950248756218905,0.009950248756218905,1,1,0,0,+,8,24,7,14,19,9,39,42,ref|NC_001146|,674629,674829
YOR297C,201,2,0.009950248756218905,0.009950248756218905,1,1,0,0,-,7,7,4,9,11,6,18,26,ref|NC_001147|,875447,875247
YHL034C,201,2,0.009950248756218905,0.009950248756218905,2,0,0,0,-,7,19,5,38,22,10,31,70,ref|NC_001140|,34371,34171
YJR100C,201,2,0.009950248756218905,0.009950248756218905,1,1,0,0,-,12,15,11,28,20,15,38,63,ref|NC_001142|,617671,617471
YHR028C,201,2,0.009950248756218905,0.009950248756218905,0,2,0,0,-,33,49,17,49,54,32,99,135,ref|NC_001140|,167661,167461
YDR362C,201,2,0.009950248756218905,0.009950248756218905,0,2,0,0,-,19,33,14,53,55,17,66,125,ref|NC_001136|,1198907,1198707
YOR298C-A,201,2,0.009950248756218905,0.009950248756218905,2,0,0,0,-,5,4,6,19,8,5,15,32,ref|NC_001147|,877785,877585
YDR358W,201,2,0.009950248756218905,0.009950248756218905,1,1,0,0,+,24,31,10,38,49,24,65,111,ref|NC_001136|,1189907,1190107
YOR301W,201,2,0.009950248756218905,0.009950248756218905,1,1,0,0,+,20,17,23,27,25,18,60,70,ref|NC_001147|,880855,881055
YGR235C,201,2,0.009950248756218905,0.009950248756218905,0,2,0,0,-,7,7,5,25,17,4,19,46,ref|NC_001139|,962432,962232
YOR248W,201,2,0.009950248756218905,0.009950248756218905,1,1,0,0,+,4,10,2,2,6,4,16,12,ref|NC_001147|,797590,797790
YOR247W,201,2,0.009950248756218905,0.009950248756218905,1,1,0,0,+,12,20,7,4,6,9,39,19,ref|NC_001147|,797576,797776
YHR031C,201,2,0.009950248756218905,0.009950248756218905,1,1,0,0,-,28,37,26,61,49,23,91,133,ref|NC_001140|,173111,172911
YOR302W,201,2,0.009950248756218905,0.009950248756218905,1,1,0,0,+,3,1,1,1,1,1,5,3,ref|NC_001147|,881126,881326
YGR149W,201,2,0.009950248756218905,0.009950248756218905,1,1,0,0,+,22,39,12,22,28,15,73,65,ref|NC_001139|,788861,789061
YDR471W,201,2,0.009950248756218905,0.009950248756218905,0,2,0,0,+,11,18,12,20,13,4,41,37,ref|NC_001136|,1401645,1401845
YHR032C-A,201,2,0.009950248756218905,0.009950248756218905,1,1,0,0,-,0,1,0,0,1,1,1,2,ref|NC_001140|,175494,175294
YNL333W,201,2,0.009950248756218905,0.009950248756218905,1,1,0,0,+,4,17,9,22,24,10,30,56,ref|NC_001146|,13167,13367
YDR478W,201,2,0.009950248756218905,0.009950248756218905,1,1,0,0,+,5,10,5,17,13,9,20,39,ref|NC_001136|,1414435,1414635
YNR026C,201,2,0.009950248756218905,0.009950248756218905,1,1,0,0,-,20,23,8,26,40,17,51,83,ref|NC_001146|,674833,674633
YDR479C,201,2,0.009950248756218905,0.009950248756218905,2,0,0,0,-,34,33,13,37,41,14,80,92,ref|NC_001136|,1417041,1416841
YJR110W,201,2,0.009950248756218905,0.009950248756218905,2,0,0,0,+,26,44,9,61,45,19,79,125,ref|NC_001142|,633389,633589
YGR240C,201,2,0.009950248756218905,0.009950248756218905,1,1,0,0,-,59,57,24,83,82,31,140,196,ref|NC_001139|,974068,973868
YGR144W,201,2,0.009950248756218905,0.009950248756218905,0,2,0,0,+,17,21,11,12,23,9,49,44,ref|NC_001139|,780299,780499
YHR039C,201,2,0.009950248756218905,0.004975124378109453,1,0,1,0,-,35,48,13,38,41,7,96,86,ref|NC_001140|,187032,186832
YGR141W,201,2,0.009950248756218905,0.009950248756218905,1,1,0,0,+,15,15,11,29,32,11,41,72,ref|NC_001139|,770449,770649
YIL058W,201,2,0.009950248756218905,0.009950248756218905,1,1,0,0,+,4,6,0,3,5,1,10,9,ref|NC_001141|,246814,247014
YOL080C,201,2,0.009950248756218905,0.009950248756218905,2,0,0,0,-,7,16,11,25,10,7,34,42,ref|NC_001147|,181571,181371
YJL093C,201,2,0.009950248756218905,0.009950248756218905,2,0,0,0,-,36,41,17,36,42,14,94,92,ref|NC_001142|,256912,256712
YNL209W,201,2,0.009950248756218905,0.009950248756218905,2,0,0,0,+,40,24,22,52,53,28,86,133,ref|NC_001146|,251895,252095
YIL153W,201,2,0.009950248756218905,0.009950248756218905,1,1,0,0,+,19,21,18,20,21,13,58,54,ref|NC_001141|,55065,55265
YER171W,201,2,0.009950248756218905,0.009950248756218905,1,1,0,0,+,40,42,17,90,60,28,99,178,ref|NC_001137|,526054,526254
YER170W,201,2,0.009950248756218905,0.009950248756218905,1,1,0,0,+,13,10,8,19,12,12,31,43,ref|NC_001137|,525038,525238
YIL155C,201,2,0.009950248756218905,0.009950248756218905,2,0,0,0,-,27,40,20,44,29,22,87,95,ref|NC_001141|,53861,53661
YER168C,201,2,0.009950248756218905,0.009950248756218905,2,0,0,0,-,24,29,8,31,44,15,61,90,ref|NC_001137|,522019,521819
YIL156W-B,201,2,0.009950248756218905,0.009950248756218905,1,1,0,0,+,4,2,3,6,6,2,9,14,ref|NC_001141|,47590,47790
YIL157C,201,2,0.009950248756218905,0.009950248756218905,1,1,0,0,-,9,8,3,18,18,6,20,42,ref|NC_001141|,47676,47476
YER172C,201,2,0.009950248756218905,0.009950248756218905,0,2,0,0,-,84,112,56,145,208,63,252,416,ref|NC_001137|,535316,535116
YIL158W,201,2,0.009950248756218905,0.009950248756218905,0,2,0,0,+,3,8,3,16,11,10,14,37,ref|NC_001141|,46043,46243
YER162C,201,2,0.009950248756218905,0.009950248756218905,1,1,0,0,-,15,30,10,91,65,23,55,179,ref|NC_001137|,502189,501989
YOR096W,201,2,0.009950248756218905,0.009950248756218905,1,1,0,0,+,20,20,8,30,19,5,48,54,ref|NC_001147|,504926,505126
YOL011W,201,2,0.009950248756218905,0.009950248756218905,2,0,0,0,+,41,41,18,35,38,19,100,92,ref|NC_001147|,304493,304693
YGL165C,201,2,0.009950248756218905,0.009950248756218905,1,1,0,0,-,7,11,7,11,8,9,25,28,ref|NC_001139|,192076,191876
YER158W-A,201,2,0.009950248756218905,0.009950248756218905,2,0,0,0,+,7,3,5,2,0,1,15,3,ref|NC_001137|,490582,490782
YIL148W,201,2,0.009950248756218905,0.009950248756218905,0,2,0,0,+,15,13,3,23,26,4,31,53,ref|NC_001141|,68043,68243
YIR016W,201,2,0.009950248756218905,0.009950248756218905,1,1,0,0,+,15,14,17,17,14,21,46,52,ref|NC_001141|,382078,382278
YER116C,201,2,0.009950248756218905,0.009950248756218905,1,1,0,0,-,11,13,6,32,20,15,30,67,ref|NC_001137|,395567,395367
YOR085W,201,2,0.009950248756218905,0.009950248756218905,1,1,0,0,+,29,31,8,10,13,10,68,33,ref|NC_001147|,481818,482018
YOR080W,201,2,0.009950248756218905,0.009950248756218905,0,2,0,0,+,26,44,12,60,41,23,82,124,ref|NC_001147|,474486,474686
YGL190C,201,2,0.009950248756218905,0.009950248756218905,1,1,0,0,-,15,30,10,34,45,13,55,92,ref|NC_001139|,148034,147834
YOR081C,201,2,0.009950248756218905,0.009950248756218905,2,0,0,0,-,49,55,25,38,37,27,129,102,ref|NC_001147|,479336,479136
YOR082C,201,2,0.009950248756218905,0.009950248756218905,1,1,0,0,-,15,8,6,2,2,1,29,5,ref|NC_001147|,479737,479537
YOR083W,201,2,0.009950248756218905,0.009950248756218905,2,0,0,0,+,8,15,16,24,11,25,39,60,ref|NC_001147|,479398,479598
YGL187C,201,2,0.009950248756218905,0.009950248756218905,0,2,0,0,-,6,9,6,14,8,4,21,26,ref|NC_001139|,150795,150595
YER183C,201,2,0.009950248756218905,0.009950248756218905,1,1,0,0,-,9,15,7,14,15,5,31,34,ref|NC_001137|,553327,553127
YNL131W,201,2,0.009950248756218905,0.009950248756218905,2,0,0,0,+,5,3,7,12,16,7,15,35,ref|NC_001146|,378587,378787
YER181C,201,2,0.009950248756218905,0.009950248756218905,2,0,0,0,-,7,10,3,5,5,1,20,11,ref|NC_001137|,551703,551503
YNL134C,201,2,0.009950248756218905,0.009950248756218905,1,1,0,0,-,11,20,8,25,30,8,39,63,ref|NC_001146|,374032,373832
YIR010W,201,2,0.009950248756218905,0.009950248756218905,2,0,0,0,+,22,30,12,44,39,41,64,124,ref|NC_001141|,375240,375440
YNL207W,201,2,0.009950248756218905,0.009950248756218905,1,1,0,0,+,18,20,15,33,44,16,53,93,ref|NC_001146|,255135,255335
YIL145C,201,2,0.009950248756218905,0.009950248756218905,0,2,0,0,-,14,13,13,25,21,13,40,59,ref|NC_001141|,77427,77227
YIR015W,201,2,0.009950248756218905,0.009950248756218905,2,0,0,0,+,4,4,4,12,2,7,12,21,ref|NC_001141|,381848,382048
YER158C,201,2,0.009950248756218905,0.009950248756218905,1,1,0,0,-,48,34,21,34,34,19,103,87,ref|NC_001137|,490077,489877
YNL123W,201,2,0.009950248756218905,0.009950248756218905,1,1,0,0,+,37,68,26,71,68,24,131,163,ref|NC_001146|,394562,394762
YGL152C,201,2,0.009950248756218905,0.009950248756218905,2,0,0,0,-,20,13,12,7,5,6,45,18,ref|NC_001139|,217469,217269
YER122C,201,2,0.009950248756218905,0.009950248756218905,1,1,0,0,-,19,29,16,45,32,14,64,91,ref|NC_001137|,403728,403528
YOR111W,201,2,0.009950248756218905,0.009950248756218905,2,0,0,0,+,9,7,2,19,22,10,18,51,ref|NC_001147|,530289,530489
YIR043C,201,2,0.009950248756218905,0.004975124378109453,0,1,1,0,-,22,14,10,21,23,11,46,55,ref|NC_001141|,438279,438079
YER126C,201,2,0.009950248756218905,0.009950248756218905,1,1,0,0,-,10,22,4,29,14,8,36,51,ref|NC_001137|,413576,413376
YNL104C,201,2,0.009950248756218905,0.009950248756218905,1,1,0,0,-,35,32,16,46,35,19,83,100,ref|NC_001146|,427041,426841
YNL103W-A,201,2,0.009950248756218905,0.009950248756218905,1,1,0,0,+,4,1,0,1,2,0,5,3,ref|NC_001146|,426619,426819
YOR114W,201,2,0.009950248756218905,0.009950248756218905,0,2,0,0,+,9,19,4,19,23,9,32,51,ref|NC_001147|,537242,537442
YOL025W,201,2,0.009950248756218905,0.009950248756218905,0,2,0,0,+,38,29,19,34,55,27,86,116,ref|NC_001147|,274784,274984
YOR101W,201,2,0.009950248756218905,0.009950248756218905,0,2,0,0,+,16,17,11,22,21,12,44,55,ref|NC_001147|,515062,515262
YOR115C,201,2,0.009950248756218905,0.009950248756218905,0,2,0,0,-,15,20,4,21,17,7,39,45,ref|NC_001147|,539631,539431
YGL124C,201,2,0.009950248756218905,0.009950248756218905,1,1,0,0,-,32,41,22,44,39,29,95,112,ref|NC_001139|,276814,276614
YGL123W,201,2,0.009950248756218905,0.009950248756218905,2,0,0,0,+,15,17,5,26,10,3,37,39,ref|NC_001139|,277228,277428
YNL232W,201,2,0.009950248756218905,0.009950248756218905,2,0,0,0,+,8,18,9,24,22,5,35,51,ref|NC_001146|,214736,214936
YNL102W,201,2,0.009950248756218905,0.009950248756218905,2,0,0,0,+,51,75,40,119,123,40,166,282,ref|NC_001146|,429987,430187
YNL233W,201,2,0.009950248756218905,0.009950248756218905,0,2,0,0,+,44,53,28,83,79,44,125,206,ref|NC_001146|,211637,211837
YNL225C,201,2,0.009950248756218905,0.009950248756218905,2,0,0,0,-,23,34,15,52,48,22,72,122,ref|NC_001146|,224619,224419
YER133W,201,2,0.009950248756218905,0.009950248756218905,1,1,0,0,+,22,27,8,47,40,10,57,97,ref|NC_001137|,431521,431721
YNL106C,201,2,0.009950248756218905,0.009950248756218905,2,0,0,0,-,56,63,27,93,69,44,146,206,ref|NC_001146|,424595,424395
YGL131C,201,2,0.009950248756218905,0.009950248756218905,1,1,0,0,-,43,72,29,123,96,54,144,273,ref|NC_001139|,265959,265759
YNL223W,201,2,0.009950248756218905,0.009950248756218905,1,1,0,0,+,21,23,13,38,34,14,57,86,ref|NC_001146|,227263,227463
YIR034C,201,2,0.009950248756218905,0.009950248756218905,0,2,0,0,-,16,20,7,30,15,9,43,54,ref|NC_001141|,420874,420674
YER139C,201,2,0.009950248756218905,0.009950248756218905,1,1,0,0,-,5,11,3,26,24,6,19,56,ref|NC_001137|,450694,450494
YER140W,201,2,0.009950248756218905,0.009950248756218905,1,1,0,0,+,14,29,21,42,26,13,64,81,ref|NC_001137|,450588,450788
YER142C,201,2,0.009950248756218905,0.009950248756218905,0,2,0,0,-,15,12,8,29,25,9,35,63,ref|NC_001137|,455679,455479
YGL141W,201,2,0.009950248756218905,0.009950248756218905,0,2,0,0,+,49,51,18,71,69,30,118,170,ref|NC_001139|,238192,238392
YNL112W,201,2,0.009950248756218905,0.009950248756218905,0,2,0,0,+,42,52,29,71,65,24,123,160,ref|NC_001146|,413498,413698
YGL144C,201,2,0.009950248756218905,0.009950248756218905,1,1,0,0,-,23,42,18,42,59,30,83,131,ref|NC_001139|,234621,234421
YER148W,201,2,0.009950248756218905,0.009950248756218905,2,0,0,0,+,6,10,4,22,15,3,20,40,ref|NC_001137|,464209,464409
YER148W-A,201,2,0.009950248756218905,0.009950248756218905,0,2,0,0,+,19,15,8,5,9,7,42,21,ref|NC_001137|,465280,465480
YNL115C,201,2,0.009950248756218905,0.009950248756218905,0,2,0,0,-,29,38,16,43,41,22,83,106,ref|NC_001146|,412197,411997
YGL147C,201,2,0.009950248756218905,0.009950248756218905,2,0,0,0,-,7,19,5,16,15,4,31,35,ref|NC_001139|,228446,228246
YER152W-A,201,2,0.009950248756218905,0.009950248756218905,1,1,0,0,+,6,12,15,7,12,10,33,29,ref|NC_001137|,472580,472780
YIL137C,201,2,0.009950248756218905,0.009950248756218905,1,1,0,0,-,48,57,32,61,58,26,137,145,ref|NC_001141|,92937,92737
YOR001W,201,2,0.009950248756218905,0.009950248756218905,1,1,0,0,+,34,47,19,67,56,26,100,149,ref|NC_001147|,326687,326887
YNL199C,201,2,0.009950248756218905,0.009950248756218905,1,1,0,0,-,14,33,10,38,27,21,57,86,ref|NC_001146|,266758,266558
YIL028W,201,2,0.009950248756218905,0.009950248756218905,1,1,0,0,+,3,5,1,3,10,3,9,16,ref|NC_001141|,301466,301666
YIL087C,201,2,0.009950248756218905,0.009950248756218905,2,0,0,0,-,11,3,5,5,7,3,19,15,ref|NC_001141|,200451,200251
YFR055W,201,2,0.009950248756218905,0.009950248756218905,0,2,0,0,+,17,15,10,19,22,8,42,49,ref|NC_001138|,263563,263763
YIL030C,201,2,0.009950248756218905,0.009950248756218905,1,1,0,0,-,48,83,37,90,78,41,168,209,ref|NC_001141|,300174,299974
YOR057W,201,2,0.009950248756218905,0.009950248756218905,1,1,0,0,+,28,23,9,29,33,7,60,69,ref|NC_001147|,432006,432206
YOR029W,201,2,0.009950248756218905,0.009950248756218905,1,1,0,0,+,5,7,6,3,4,4,18,11,ref|NC_001147|,384500,384700
YIL029C,201,2,0.009950248756218905,0.009950248756218905,2,0,0,0,-,5,10,2,7,5,4,17,16,ref|NC_001141|,301477,301277
YNL185C,201,2,0.009950248756218905,0.009950248756218905,2,0,0,0,-,2,6,1,6,9,2,9,17,ref|NC_001146|,292872,292672
YOR022C,201,2,0.009950248756218905,0.009950248756218905,0,2,0,0,-,31,39,19,54,32,25,89,111,ref|NC_001147|,375957,375757
YNL156C,201,2,0.009950248756218905,0.009950248756218905,1,1,0,0,-,22,20,8,19,15,8,50,42,ref|NC_001146|,342286,342086
YFL020C,201,2,0.009950248756218905,0.009950248756218905,0,2,0,0,-,7,8,2,6,7,3,17,16,ref|NC_001138|,100393,100193
YIL097W,201,2,0.009950248756218905,0.009950248756218905,2,0,0,0,+,21,37,10,35,47,16,68,98,ref|NC_001141|,180301,180501
YIL098C,201,2,0.009950248756218905,0.009950248756218905,1,1,0,0,-,5,7,3,19,9,9,15,37,ref|NC_001141|,180420,180220
YOR063W,201,2,0.009950248756218905,0.009950248756218905,1,1,0,0,+,16,23,13,46,26,10,52,82,ref|NC_001147|,444005,444205
YFL027C,201,2,0.009950248756218905,0.009950248756218905,0,2,0,0,-,25,26,12,36,43,14,63,93,ref|NC_001138|,82063,81863
YFL011W,201,2,0.009950248756218905,0.009950248756218905,1,1,0,0,+,29,24,16,25,19,9,69,53,ref|NC_001138|,112245,112445
YIL086C,201,2,0.009950248756218905,0.009950248756218905,1,1,0,0,-,10,9,2,7,3,3,21,13,ref|NC_001141|,200561,200361
YFR049W,201,2,0.009950248756218905,0.009950248756218905,0,2,0,0,+,2,4,7,6,9,3,13,18,ref|NC_001138|,248250,248450
YOR050C,201,2,0.009950248756218905,0.009950248756218905,0,2,0,0,-,9,4,4,3,5,5,17,13,ref|NC_001147|,426097,425897
YNL159C,201,2,0.009950248756218905,0.009950248756218905,2,0,0,0,-,14,18,9,19,11,11,41,41,ref|NC_001146|,339466,339266
YNL162W-A,201,2,0.009950248756218905,0.009950248756218905,0,2,0,0,+,5,4,1,4,3,4,10,11,ref|NC_001146|,330229,330429
YIL076W,201,2,0.009950248756218905,0.009950248756218905,0,2,0,0,+,12,15,8,20,20,9,35,49,ref|NC_001141|,216153,216353
YIL073C,201,2,0.009950248756218905,0.009950248756218905,0,2,0,0,-,46,64,26,76,61,23,136,160,ref|NC_001141|,226054,225854
YFR036W,201,2,0.009950248756218905,0.009950248756218905,2,0,0,0,+,4,7,7,10,7,16,18,33,ref|NC_001138|,226813,227013
YIL071C,201,2,0.009950248756218905,0.009950248756218905,0,2,0,0,-,11,30,10,27,39,14,51,80,ref|NC_001141|,230103,229903
YFR011C,201,2,0.009950248756218905,0.009950248756218905,0,2,0,0,-,7,16,5,16,13,7,28,36,ref|NC_001138|,167402,167202
YIL053W,201,2,0.009950248756218905,0.009950248756218905,0,2,0,0,+,11,15,11,17,23,10,37,50,ref|NC_001141|,254996,255196
YOR037W,201,2,0.009950248756218905,0.009950248756218905,0,2,0,0,+,14,21,4,27,19,10,39,56,ref|NC_001147|,401380,401580
YFR024C-A,201,2,0.009950248756218905,0.009950248756218905,1,1,0,0,-,23,28,13,42,33,16,64,91,ref|NC_001138|,203533,203333
YIL066C,201,2,0.009950248756218905,0.009950248756218905,2,0,0,0,-,42,42,36,50,54,27,120,131,ref|NC_001141|,240808,240608
YFR021W,201,2,0.009950248756218905,0.009950248756218905,0,2,0,0,+,19,37,20,32,32,20,76,84,ref|NC_001138|,194597,194797
YIL061C,201,2,0.009950248756218905,0.009950248756218905,2,0,0,0,-,12,17,4,32,8,15,33,55,ref|NC_001141|,245689,245489
YNL189W,201,2,0.009950248756218905,0.009950248756218905,2,0,0,0,+,22,25,13,48,45,12,60,105,ref|NC_001146|,283966,284166
YFL030W,201,2,0.009950248756218905,0.009950248756218905,1,1,0,0,+,19,16,18,21,26,12,53,59,ref|NC_001138|,76731,76931
YIL134W,201,2,0.009950248756218905,0.009950248756218905,1,1,0,0,+,10,12,9,8,13,10,31,31,ref|NC_001141|,97010,97210
YIL012W,201,2,0.009950248756218905,0.009950248756218905,2,0,0,0,+,4,6,4,7,2,5,14,14,ref|NC_001141|,332911,333111
YFL042C,201,2,0.009950248756218905,0.009950248756218905,1,1,0,0,-,25,46,15,52,51,23,86,126,ref|NC_001138|,47877,47677
YFL044C,201,2,0.009950248756218905,0.009950248756218905,0,2,0,0,-,10,21,9,19,24,12,40,55,ref|NC_001138|,45695,45495
YGL212W,201,2,0.009950248756218905,0.009950248756218905,2,0,0,0,+,8,11,7,29,24,18,26,71,ref|NC_001139|,91298,91498
YFL045C,201,2,0.009950248756218905,0.009950248756218905,0,2,0,0,-,13,11,11,21,27,8,35,56,ref|NC_001138|,45560,45360
YGL211W,201,2,0.009950248756218905,0.009950248756218905,2,0,0,0,+,14,19,8,31,24,11,41,66,ref|NC_001139|,91675,91875
YIL125W,201,2,0.009950248756218905,0.009950248756218905,1,1,0,0,+,52,43,26,80,64,16,121,160,ref|NC_001141|,122589,122789
YIL010W,201,2,0.009950248756218905,0.009950248756218905,1,1,0,0,+,8,12,4,26,14,5,24,45,ref|NC_001141|,334666,334866
YIL100W,201,2,0.009950248756218905,0.009950248756218905,2,0,0,0,+,0,2,3,9,5,3,5,17,ref|NC_001141|,177273,177473
YOR071C,201,2,0.009950248756218905,0.009950248756218905,1,1,0,0,-,48,32,19,20,41,10,99,71,ref|NC_001147|,461501,461301
YFL055W,201,2,0.009950248756218905,0.009950248756218905,1,1,0,0,+,34,29,15,22,32,17,78,71,ref|NC_001138|,16582,16782
YIL131C,201,2,0.009950248756218905,0.009950248756218905,0,2,0,0,-,18,26,14,36,30,15,58,81,ref|NC_001141|,102390,102190
YIL009W,201,2,0.009950248756218905,0.009950248756218905,1,1,0,0,+,33,37,25,52,52,20,95,124,ref|NC_001141|,338682,338882
YNL138W-A,201,2,0.009950248756218905,0.009950248756218905,2,0,0,0,+,3,4,3,11,9,5,10,25,ref|NC_001146|,365933,366133
YIL005W,201,2,0.009950248756218905,0.009950248756218905,0,2,0,0,+,25,35,16,50,48,21,76,119,ref|NC_001141|,345444,345644
YFL041W-A,201,2,0.009950248756218905,0.009950248756218905,1,1,0,0,+,2,4,0,4,9,3,6,16,ref|NC_001138|,48634,48834
YOR007C,201,2,0.009950248756218905,0.009950248756218905,0,2,0,0,-,19,19,3,36,31,9,41,76,ref|NC_001147|,340157,339957
YFL038C,201,2,0.009950248756218905,0.009950248756218905,0,2,0,0,-,3,12,8,16,13,7,23,36,ref|NC_001138|,56153,55953
YOR008C,201,2,0.009950248756218905,0.009950248756218905,1,1,0,0,-,24,36,12,15,19,16,72,50,ref|NC_001147|,342811,342611
YIL123W,201,2,0.009950248756218905,0.009950248756218905,0,2,0,0,+,51,22,10,17,26,10,83,53,ref|NC_001141|,127327,127527
YIL122W,201,2,0.009950248756218905,0.009950248756218905,0,2,0,0,+,10,19,8,28,20,19,37,67,ref|NC_001141|,130223,130423
YGL222C,201,2,0.009950248756218905,0.009950248756218905,1,1,0,0,-,10,11,6,15,3,3,27,21,ref|NC_001139|,81286,81086
YFL034W,201,2,0.009950248756218905,0.009950248756218905,2,0,0,0,+,37,44,29,90,83,49,110,222,ref|NC_001138|,65207,65407
YGL225W,201,2,0.009950248756218905,0.009950248756218905,1,1,0,0,+,28,18,12,8,22,6,58,36,ref|NC_001139|,74814,75014
YIL115C,201,2,0.009950248756218905,0.009950248756218905,1,1,0,0,-,82,101,36,98,107,45,219,250,ref|NC_001141|,148941,148741
YFL032W,201,2,0.009950248756218905,0.009950248756218905,0,2,0,0,+,6,6,4,5,7,4,16,16,ref|NC_001138|,74772,74972
YGL234W,201,2,0.009950248756218905,0.009950248756218905,2,0,0,0,+,42,54,22,51,50,17,118,118,ref|NC_001139|,55735,55935
YIL109C,201,2,0.009950248756218905,0.009950248756218905,1,1,0,0,-,43,47,24,57,65,25,114,147,ref|NC_001141|,160347,160147
YIL108W,201,2,0.009950248756218905,0.009950248756218905,1,1,0,0,+,26,32,28,41,43,22,86,106,ref|NC_001141|,160617,160817
YOR016C,201,2,0.009950248756218905,0.009950248756218905,2,0,0,0,-,13,10,8,12,15,5,31,32,ref|NC_001147|,361272,361072
YGL242C,201,2,0.009950248756218905,0.009950248756218905,1,1,0,0,-,6,6,3,17,25,10,15,52,ref|NC_001139|,45369,45169
YIL101C,201,2,0.009950248756218905,0.009950248756218905,1,1,0,0,-,38,52,21,29,24,16,111,69,ref|NC_001141|,177350,177150
YNL101W,201,2,0.009950248756218905,0.009950248756218905,1,1,0,0,+,33,45,23,32,40,18,101,90,ref|NC_001146|,434686,434886
YGL113W,201,2,0.009950248756218905,0.009950248756218905,1,1,0,0,+,29,45,16,60,45,20,90,125,ref|NC_001139|,295785,295985
YEL047C,201,2,0.009950248756218905,0.009950248756218905,1,1,0,0,-,24,27,9,30,29,17,60,76,ref|NC_001137|,66897,66697
YOL081W,201,2,0.009950248756218905,0.009950248756218905,1,1,0,0,+,152,220,80,188,223,103,452,514,ref|NC_001147|,170970,171170
YNL056W,201,2,0.009950248756218905,0.009950248756218905,2,0,0,0,+,7,13,6,14,14,7,26,35,ref|NC_001146|,516933,517133
YGL006W-A,201,2,0.009950248756218905,0.009950248756218905,0,2,0,0,+,1,5,1,0,1,0,7,1,ref|NC_001139|,485323,485523
YER009W,201,2,0.009950248756218905,0.009950248756218905,2,0,0,0,+,9,8,3,5,10,6,20,21,ref|NC_001137|,171145,171345
YNL173C,201,2,0.009950248756218905,0.009950248756218905,2,0,0,0,-,10,13,9,33,23,24,32,80,ref|NC_001146|,310205,310005
YOR165W,201,2,0.009950248756218905,0.009950248756218905,2,0,0,0,+,31,48,21,67,65,25,100,157,ref|NC_001147|,644433,644633
YER006C-A,201,2,0.009950248756218905,0.009950248756218905,2,0,0,0,-,5,2,2,2,9,1,9,12,ref|NC_001137|,163956,163756
YER005W,201,2,0.009950248756218905,0.009950248756218905,1,1,0,0,+,22,43,16,45,42,18,81,105,ref|NC_001137|,159596,159796
YER014W,201,2,0.009950248756218905,0.009950248756218905,2,0,0,0,+,20,24,11,40,29,20,55,89,ref|NC_001137|,181641,181841
YHR135C,201,2,0.009950248756218905,0.009950248756218905,0,2,0,0,-,26,25,14,34,32,14,65,80,ref|NC_001140|,374536,374336
YER003C,201,2,0.009950248756218905,0.009950248756218905,2,0,0,0,-,19,28,10,30,42,6,57,78,ref|NC_001137|,158457,158257
YNL277W-A,201,2,0.009950248756218905,0.009950248756218905,1,1,0,0,+,4,3,2,2,5,1,9,8,ref|NC_001146|,116579,116779
YEL003W,201,2,0.009950248756218905,0.009950248756218905,0,2,0,0,+,6,6,2,11,11,4,14,26,ref|NC_001137|,147048,147248
YEL007W,201,2,0.009950248756218905,0.009950248756218905,0,2,0,0,+,30,45,12,26,33,18,87,77,ref|NC_001137|,140987,141187
YEL008C-A,201,2,0.009950248756218905,0.009950248756218905,1,1,0,0,-,1,1,1,4,3,1,3,8,ref|NC_001137|,140113,139913
YJL136C,201,2,0.009950248756218905,0.009950248756218905,0,2,0,0,-,9,14,1,22,14,7,24,43,ref|NC_001142|,157387,157187
YJL136W-A,201,2,0.009950248756218905,0.009950248756218905,1,1,0,0,+,2,2,0,0,2,1,4,3,ref|NC_001142|,156069,156269
YJL214W,201,2,0.009950248756218905,0.009950248756218905,0,2,0,0,+,39,23,18,35,34,15,80,84,ref|NC_001142|,26787,26987
YOL072W,201,2,0.009950248756218905,0.009950248756218905,0,2,0,0,+,19,30,10,28,24,19,59,71,ref|NC_001147|,194870,195070
YER029C,201,2,0.009950248756218905,0.009950248756218905,2,0,0,0,-,3,7,6,25,12,7,16,44,ref|NC_001137|,212776,212576
YJL145W,201,2,0.009950248756218905,0.009950248756218905,0,2,0,0,+,6,14,11,15,22,16,31,53,ref|NC_001142|,144984,145184
YGL026C,201,2,0.009950248756218905,0.009950248756218905,2,0,0,0,-,44,45,16,57,35,14,105,106,ref|NC_001139|,448663,448463
YHR146W,201,2,0.009950248756218905,0.009950248756218905,1,1,0,0,+,17,19,10,54,33,12,46,99,ref|NC_001140|,390161,390361
YGL023C,201,2,0.009950248756218905,0.009950248756218905,0,2,0,0,-,27,30,30,51,42,37,87,130,ref|NC_001139|,452253,452053
YOL071W,201,2,0.009950248756218905,0.009950248756218905,2,0,0,0,+,4,8,6,14,12,6,18,32,ref|NC_001147|,196280,196480
YJL143W,201,2,0.009950248756218905,0.009950248756218905,1,1,0,0,+,2,9,5,7,7,5,16,19,ref|NC_001142|,146955,147155
YER018C,201,2,0.009950248756218905,0.009950248756218905,0,2,0,0,-,7,6,15,9,8,11,28,28,ref|NC_001137|,193202,193002
YGL013C,201,2,0.009950248756218905,0.009950248756218905,0,2,0,0,-,51,73,31,73,67,44,155,184,ref|NC_001139|,472398,472198
YGL011C,201,2,0.009950248756218905,0.009950248756218905,2,0,0,0,-,4,14,8,23,16,7,26,46,ref|NC_001139|,475372,475172
YGL010W,201,2,0.009950248756218905,0.009950248756218905,2,0,0,0,+,9,9,3,9,7,4,21,20,ref|NC_001139|,475338,475538
YNL270C,201,2,0.009950248756218905,0.009950248756218905,0,2,0,0,-,40,30,22,25,30,8,92,63,ref|NC_001146|,137761,137561
YOR162C,201,2,0.009950248756218905,0.009950248756218905,1,1,0,0,-,31,37,25,62,50,25,93,137,ref|NC_001147|,642092,641892
YGL009C,201,2,0.009950248756218905,0.009950248756218905,2,0,0,0,-,28,40,22,61,52,23,90,136,ref|NC_001139|,478807,478607
YJL121C,201,2,0.009950248756218905,0.009950248756218905,2,0,0,0,-,10,12,8,11,14,11,30,36,ref|NC_001142|,191646,191446
YHR132C,201,2,0.009950248756218905,0.009950248756218905,1,1,0,0,-,14,21,12,29,26,11,47,66,ref|NC_001140|,369936,369736
YHR128W,201,2,0.009950248756218905,0.009950248756218905,1,1,0,0,+,15,12,5,21,11,7,32,39,ref|NC_001140|,361976,362176
YJL097W,201,2,0.009950248756218905,0.009950248756218905,0,2,0,0,+,16,15,6,12,5,2,37,19,ref|NC_001142|,245390,245590
YEL032W,201,2,0.009950248756218905,0.009950248756218905,2,0,0,0,+,44,55,37,86,71,31,136,188,ref|NC_001137|,86753,86953
YOL093W,201,2,0.009950248756218905,0.009950248756218905,0,2,0,0,+,8,8,7,34,23,13,23,70,ref|NC_001147|,142255,142455
YJL101C,201,2,0.009950248756218905,0.009950248756218905,1,1,0,0,-,24,26,12,46,47,27,62,120,ref|NC_001142|,236594,236394
YGR033C,201,2,0.009950248756218905,0.009950248756218905,1,1,0,0,-,9,15,4,24,13,5,28,42,ref|NC_001139|,555197,554997
YJL100W,201,2,0.009950248756218905,0.009950248756218905,1,1,0,0,+,23,39,13,54,33,22,75,109,ref|NC_001142|,236820,237020
YGR035W-A,201,2,0.009950248756218905,0.009950248756218905,1,1,0,0,+,9,3,2,2,3,1,14,6,ref|NC_001139|,557465,557665
YEL037C,201,2,0.009950248756218905,0.009950248756218905,0,2,0,0,-,16,17,9,39,17,15,42,71,ref|NC_001137|,82888,82688
YEL013W,201,2,0.009950248756218905,0.009950248756218905,2,0,0,0,+,28,28,8,41,41,10,64,92,ref|NC_001137|,127650,127850
YJL096W,201,2,0.009950248756218905,0.009950248756218905,0,2,0,0,+,4,14,1,14,11,4,19,29,ref|NC_001142|,246310,246510
YGR038W,201,2,0.009950248756218905,0.009950248756218905,2,0,0,0,+,9,17,6,11,19,8,32,38,ref|NC_001139|,560231,560431
YHR101C,201,2,0.009950248756218905,0.009950248756218905,2,0,0,0,-,12,16,9,35,24,7,37,66,ref|NC_001140|,316109,315909
YEL041W,201,2,0.009950248756218905,0.009950248756218905,2,0,0,0,+,17,29,13,41,44,19,59,104,ref|NC_001137|,75844,76044
YOR186C-A,201,2,0.009950248756218905,0.009950248756218905,2,0,0,0,-,3,3,6,3,5,3,12,11,ref|NC_001147|,683638,683438
YHR096C,201,2,0.009950248756218905,0.009950248756218905,2,0,0,0,-,36,35,25,34,31,12,96,77,ref|NC_001140|,296547,296347
YEL032C-A,201,2,0.009950248756218905,0.009950248756218905,2,0,0,0,-,5,7,4,2,4,1,16,7,ref|NC_001137|,87301,87101
YGR028W,201,2,0.009950248756218905,0.009950248756218905,1,1,0,0,+,18,23,9,25,27,10,50,62,ref|NC_001139|,541948,542148
YEL028W,201,2,0.009950248756218905,0.009950248756218905,0,2,0,0,+,4,11,7,3,5,5,22,13,ref|NC_001137|,96984,97184
YHR115C,201,2,0.009950248756218905,0.009950248756218905,1,1,0,0,-,22,25,10,29,19,12,57,60,ref|NC_001140|,341459,341259
YHR117W,201,2,0.009950248756218905,0.009950248756218905,1,1,0,0,+,29,22,9,46,50,18,60,114,ref|NC_001140|,342217,342417
YNL288W,201,2,0.009950248756218905,0.009950248756218905,2,0,0,0,+,21,19,7,20,25,12,47,57,ref|NC_001146|,90058,90258
YGR018C,201,2,0.009950248756218905,0.009950248756218905,0,2,0,0,-,13,9,2,6,5,0,24,11,ref|NC_001139|,524856,524656
YHR121W,201,2,0.009950248756218905,0.009950248756218905,1,1,0,0,+,6,21,5,18,11,4,32,33,ref|NC_001140|,352576,352776
YJL109C,201,2,0.009950248756218905,0.009950248756218905,2,0,0,0,-,84,111,36,124,128,42,231,294,ref|NC_001142|,217409,217209
YOL085C,201,2,0.009950248756218905,0.009950248756218905,0,2,0,0,-,2,2,1,5,10,10,5,25,ref|NC_001147|,162114,161914
YGR013W,201,2,0.009950248756218905,0.009950248756218905,0,2,0,0,+,20,35,14,68,47,23,69,138,ref|NC_001139|,514412,514612
YEL020W-A,201,2,0.009950248756218905,0.009950248756218905,1,1,0,0,+,3,7,0,7,5,2,10,14,ref|NC_001137|,116306,116506
YGR012W,201,2,0.009950248756218905,0.009950248756218905,0,2,0,0,+,13,25,12,29,14,15,50,58,ref|NC_001139|,513042,513242
YEL018W,201,2,0.009950248756218905,0.009950248756218905,0,2,0,0,+,5,13,6,25,19,16,24,60,ref|NC_001137|,120532,120732
YEL017C-A,201,2,0.009950248756218905,0.009950248756218905,2,0,0,0,-,5,1,2,4,2,0,8,6,ref|NC_001137|,122224,122024
YGR008C,201,2,0.009950248756218905,0.009950248756218905,2,0,0,0,-,1,4,2,7,12,3,7,22,ref|NC_001139|,508509,508309
YEL014C,201,2,0.009950248756218905,0.009950248756218905,2,0,0,0,-,4,5,3,6,7,0,12,13,ref|NC_001137|,127903,127703
YHR151C,201,2,0.009950248756218905,0.009950248756218905,0,2,0,0,-,31,34,7,30,41,16,72,87,ref|NC_001140|,401114,400914
YOL065C,201,2,0.009950248756218905,0.009950248756218905,0,2,0,0,-,16,14,9,18,27,13,39,58,ref|NC_001147|,206038,205838
YER036C,201,2,0.009950248756218905,0.009950248756218905,2,0,0,0,-,35,31,20,63,39,12,86,114,ref|NC_001137|,224531,224331
YER080W,201,2,0.009950248756218905,0.009950248756218905,1,1,0,0,+,22,35,11,47,51,16,68,114,ref|NC_001137|,319013,319213
YER085C,201,2,0.009950248756218905,0.009950248756218905,0,2,0,0,-,5,3,3,19,14,7,11,40,ref|NC_001137|,327583,327383
YGL075C,201,2,0.009950248756218905,0.009950248756218905,1,1,0,0,-,14,27,9,39,22,13,50,74,ref|NC_001139|,368383,368183
YJL190C,201,2,0.009950248756218905,0.009950248756218905,1,1,0,0,-,5,8,3,13,13,1,16,27,ref|NC_001142|,75418,75218
YGL068W,201,2,0.009950248756218905,0.009950248756218905,0,2,0,0,+,9,11,4,12,16,5,24,33,ref|NC_001139|,374949,375149
YER081W,201,2,0.009950248756218905,0.009950248756218905,0,2,0,0,+,25,33,12,29,36,14,70,79,ref|NC_001137|,321308,321508
YNL075W,201,2,0.009950248756218905,0.009950248756218905,2,0,0,0,+,9,12,4,32,26,5,25,63,ref|NC_001146|,485416,485616
YJL185C,201,2,0.009950248756218905,0.009950248756218905,0,2,0,0,-,17,20,16,25,18,14,53,57,ref|NC_001142|,83139,82939
YGL063C-A,201,2,0.009950248756218905,0.009950248756218905,2,0,0,0,-,1,2,3,1,1,0,6,2,ref|NC_001139|,384751,384551
YJL184W,201,2,0.009950248756218905,0.009950248756218905,0,2,0,0,+,0,2,2,13,9,8,4,30,ref|NC_001142|,83110,83310
YGL066W,201,2,0.009950248756218905,0.009950248756218905,1,1,0,0,+,28,42,9,45,37,28,79,110,ref|NC_001139|,377318,377518
YGL065C,201,2,0.009950248756218905,0.009950248756218905,0,2,0,0,-,18,28,12,35,33,17,58,85,ref|NC_001139|,381427,381227
YOR139C,201,2,0.009950248756218905,0.009950248756218905,2,0,0,0,-,8,6,8,3,7,3,22,13,ref|NC_001147|,587442,587242
YNL074C,201,2,0.009950248756218905,0.009950248756218905,1,1,0,0,-,29,34,21,34,20,20,84,74,ref|NC_001146|,488270,488070
YER073W,201,2,0.009950248756218905,0.009950248756218905,0,2,0,0,+,20,28,15,30,38,10,63,78,ref|NC_001137|,302434,302634
YHR180C-B,201,2,0.009950248756218905,0.009950248756218905,0,2,0,0,-,2,1,0,1,1,1,3,3,ref|NC_001140|,467162,466962
YER086W,201,2,0.009950248756218905,0.009950248756218905,0,2,0,0,+,35,29,12,28,44,17,76,89,ref|NC_001137|,327427,327627
YHR181W,201,2,0.009950248756218905,0.009950248756218905,0,2,0,0,+,9,13,7,10,14,2,29,26,ref|NC_001140|,467079,467279
YER087C-B,201,2,0.009950248756218905,0.009950248756218905,0,2,0,0,-,5,4,2,5,3,2,11,10,ref|NC_001137|,332125,331925
YER088C,201,2,0.009950248756218905,0.009950248756218905,1,1,0,0,-,45,62,31,44,29,21,138,94,ref|NC_001137|,334753,334553
YGL084C,201,2,0.009950248756218905,0.009950248756218905,0,2,0,0,-,32,37,13,31,28,10,82,69,ref|NC_001139|,352445,352245
YER091C,201,2,0.009950248756218905,0.009950248756218905,1,1,0,0,-,44,45,19,56,54,20,108,130,ref|NC_001137|,341676,341476
YGL087C,201,2,0.009950248756218905,0.009950248756218905,1,1,0,0,-,6,11,0,14,9,4,17,27,ref|NC_001139|,347043,346843
YGL096W,201,2,0.009950248756218905,0.009950248756218905,0,2,0,0,+,14,18,5,18,11,8,37,37,ref|NC_001139|,324710,324910
YNL097W-A,201,2,0.009950248756218905,0.009950248756218905,1,1,0,0,+,3,2,2,1,1,1,7,3,ref|NC_001146|,441331,441531
YNL245C,201,2,0.009950248756218905,0.009950248756218905,1,1,0,0,-,5,6,5,21,13,9,16,43,ref|NC_001146|,187005,186805
YER099C,201,2,0.009950248756218905,0.009950248756218905,2,0,0,0,-,10,25,7,16,20,8,42,44,ref|NC_001137|,358375,358175
YER100W,201,2,0.009950248756218905,0.009950248756218905,2,0,0,0,+,8,16,3,24,21,6,27,51,ref|NC_001137|,358371,358571
YHR205W,201,2,0.009950248756218905,0.009950248756218905,2,0,0,0,+,35,53,29,53,47,35,117,135,ref|NC_001140|,508785,508985
YER109C,201,2,0.009950248756218905,0.009950248756218905,0,2,0,0,-,32,43,18,48,32,28,93,108,ref|NC_001137|,376909,376709
YJL211C,201,2,0.009950248756218905,0.009950248756218905,1,1,0,0,-,9,6,13,5,6,6,28,17,ref|NC_001142|,37524,37324
YHR207C,201,2,0.009950248756218905,0.009950248756218905,1,1,0,0,-,22,21,17,51,47,13,60,111,ref|NC_001140|,516585,516385
YER072W,201,2,0.009950248756218905,0.009950248756218905,2,0,0,0,+,3,5,2,8,11,2,10,21,ref|NC_001137|,301664,301864
YHR167W,201,2,0.009950248756218905,0.009950248756218905,2,0,0,0,+,13,11,5,23,23,9,29,55,ref|NC_001140|,439178,439378
YJL152W,201,2,0.009950248756218905,0.009950248756218905,2,0,0,0,+,5,9,5,6,5,4,19,15,ref|NC_001142|,136074,136274
YER039C-A,201,2,0.009950248756218905,0.009950248756218905,1,1,0,0,-,3,3,2,0,8,3,8,11,ref|NC_001137|,228776,228576
YOR149C,201,2,0.009950248756218905,0.009950248756218905,1,1,0,0,-,20,38,11,21,22,10,69,53,ref|NC_001147|,611549,611349
YNL261W,201,2,0.009950248756218905,0.009950248756218905,0,2,0,0,+,22,29,10,32,29,24,61,85,ref|NC_001146|,154954,155154
YJL163C,201,2,0.009950248756218905,0.009950248756218905,0,2,0,0,-,25,34,14,30,36,13,73,79,ref|NC_001142|,113513,113313
YOL059W,201,2,0.009950248756218905,0.009950248756218905,1,1,0,0,+,14,32,15,35,24,13,61,72,ref|NC_001147|,216982,217182
YER044C,201,2,0.009950248756218905,0.009950248756218905,0,2,0,0,-,11,8,3,9,7,2,22,18,ref|NC_001137|,237718,237518
YJL154C,201,2,0.009950248756218905,0.009950248756218905,1,1,0,0,-,53,63,29,61,67,32,145,160,ref|NC_001142|,134035,133835
YNL068C,201,2,0.009950248756218905,0.009950248756218905,2,0,0,0,-,36,64,18,38,27,22,118,87,ref|NC_001146|,498642,498442
YER070W,201,2,0.009950248756218905,0.009950248756218905,0,2,0,0,+,41,47,26,51,64,19,114,134,ref|NC_001137|,297967,298167
YNL067W-A,201,2,0.009950248756218905,0.009950248756218905,2,0,0,0,+,2,1,2,3,1,4,5,8,ref|NC_001146|,498438,498638
YOL062C,201,2,0.009950248756218905,0.009950248756218905,1,1,0,0,-,29,27,11,35,40,19,67,94,ref|NC_001147|,212115,211915
YGL039W,201,2,0.009950248756218905,0.009950248756218905,2,0,0,0,+,15,22,11,19,16,12,48,47,ref|NC_001139|,423350,423550
YER039C,201,2,0.009950248756218905,0.009950248756218905,1,1,0,0,-,26,18,7,9,13,5,51,27,ref|NC_001137|,228745,228545
YOL063C,201,2,0.009950248756218905,0.009950248756218905,1,1,0,0,-,41,64,29,76,57,31,134,164,ref|NC_001147|,210436,210236
YHR153C,201,2,0.009950248756218905,0.009950248756218905,2,0,0,0,-,12,10,6,13,14,8,28,35,ref|NC_001140|,402805,402605
YGL044C,201,2,0.009950248756218905,0.009950248756218905,0,2,0,0,-,7,6,7,17,26,12,20,55,ref|NC_001139|,417364,417164
YHR162W,201,2,0.009950248756218905,0.009950248756218905,0,2,0,0,+,12,8,5,6,5,4,25,15,ref|NC_001140|,422569,422769
YOR148C,201,2,0.009950248756218905,0.009950248756218905,1,1,0,0,-,5,11,8,15,15,11,24,41,ref|NC_001147|,609338,609138
YER053C,201,2,0.009950248756218905,0.009950248756218905,2,0,0,0,-,7,17,8,16,13,7,32,36,ref|NC_001137|,259318,259118
YGL047W,201,2,0.009950248756218905,0.009950248756218905,1,1,0,0,+,11,11,4,13,17,6,26,36,ref|NC_001139|,411365,411565
YER055C,201,2,0.009950248756218905,0.009950248756218905,0,2,0,0,-,12,11,9,20,29,9,32,58,ref|NC_001137|,265139,264939
YER056C-A,201,2,0.009950248756218905,0.009950248756218905,2,0,0,0,-,11,12,3,31,13,8,26,52,ref|NC_001137|,269480,269280
YGL048C,201,2,0.009950248756218905,0.009950248756218905,0,2,0,0,-,18,18,14,41,33,8,50,82,ref|NC_001139|,411414,411214
YOL057W,201,2,0.009950248756218905,0.009950248756218905,0,2,0,0,+,41,47,17,46,57,10,105,113,ref|NC_001147|,220603,220803
YNL072W,201,2,0.009950248756218905,0.009950248756218905,1,1,0,0,+,12,13,9,34,16,14,34,64,ref|NC_001146|,490136,490336
YER060W,201,2,0.009950248756218905,0.009950248756218905,1,1,0,0,+,24,22,22,20,25,12,68,57,ref|NC_001137|,273621,273821
YJL171C,201,2,0.009950248756218905,0.009950248756218905,2,0,0,0,-,20,17,11,16,25,14,48,55,ref|NC_001142|,101022,100822
YJL172W,201,2,0.009950248756218905,0.009950248756218905,0,2,0,0,+,30,32,15,38,49,20,77,107,ref|NC_001142|,97598,97798
YJL174W,201,2,0.009950248756218905,0.009950248756218905,1,1,0,0,+,10,15,6,11,13,3,31,27,ref|NC_001142|,94841,95041
YNL256W,201,2,0.009950248756218905,0.009950248756218905,1,1,0,0,+,30,52,18,61,55,22,100,138,ref|NC_001146|,164438,164638
YER066W,201,2,0.009950248756218905,0.009950248756218905,2,0,0,0,+,9,9,5,9,13,6,23,28,ref|NC_001137|,288395,288595
YOR142W,201,2,0.009950248756218905,0.009950248756218905,2,0,0,0,+,14,24,7,20,19,9,45,48,ref|NC_001147|,592738,592938
YKL221W,201,2,0.009950248756218905,0.009950248756218905,0,2,0,0,+,23,31,12,15,18,9,66,42,ref|NC_001143|,6007,6207
YDR279W,201,2,0.009950248756218905,0.009950248756218905,1,1,0,0,+,11,17,9,16,24,14,37,54,ref|NC_001136|,1019001,1019201
YBR263W,201,2,0.009950248756218905,0.009950248756218905,1,1,0,0,+,23,32,19,35,27,16,74,78,ref|NC_001134|,736124,736324
YDR003W,201,2,0.009950248756218905,0.009950248756218905,2,0,0,0,+,6,8,6,20,18,13,20,51,ref|NC_001136|,454022,454222
YKR006C,201,2,0.009950248756218905,0.009950248756218905,1,1,0,0,-,15,13,3,23,15,4,31,42,ref|NC_001143|,451370,451170
YDL030W,201,2,0.009950248756218905,0.009950248756218905,1,1,0,0,+,24,20,20,58,39,26,64,123,ref|NC_001136|,397293,397493
YDL029W,201,2,0.009950248756218905,0.009950248756218905,2,0,0,0,+,17,14,17,34,29,10,48,73,ref|NC_001136|,399217,399417
YDL027C,201,2,0.009950248756218905,0.009950248756218905,1,1,0,0,-,20,30,12,28,16,17,62,61,ref|NC_001136|,405103,404903
YMR176W,201,2,0.009950248756218905,0.009950248756218905,2,0,0,0,+,57,82,42,101,106,49,181,256,ref|NC_001145|,611640,611840
YKL001C,201,2,0.009950248756218905,0.009950248756218905,2,0,0,0,-,7,10,5,16,16,4,22,36,ref|NC_001143|,439636,439436
YLR334C,201,2,0.009950248756218905,0.009950248756218905,2,0,0,0,-,10,10,2,2,10,4,22,16,ref|NC_001144|,797178,796978
YMR094W,201,2,0.009950248756218905,0.009950248756218905,1,1,0,0,+,15,23,13,43,33,13,51,89,ref|NC_001145|,455725,455925
YDL023C,201,2,0.009950248756218905,0.009950248756218905,2,0,0,0,-,8,8,3,5,4,2,19,11,ref|NC_001136|,412181,411981
YMR179W,201,2,0.009950248756218905,0.009950248756218905,0,2,0,0,+,32,46,24,55,52,30,102,137,ref|NC_001145|,619758,619958
YCR028C,201,2,0.009950248756218905,0.009950248756218905,2,0,0,0,-,30,24,14,33,25,14,68,72,ref|NC_001135|,172642,172442
YDL018C,201,2,0.009950248756218905,0.009950248756218905,2,0,0,0,-,8,12,5,18,17,8,25,43,ref|NC_001136|,423683,423483
YCR027C,201,2,0.009950248756218905,0.009950248756218905,2,0,0,0,-,10,5,10,13,13,7,25,33,ref|NC_001135|,168290,168090
YKL006C-A,201,2,0.009950248756218905,0.009950248756218905,2,0,0,0,-,7,13,2,10,4,5,22,19,ref|NC_001143|,430732,430532
YDL015C,201,2,0.009950248756218905,0.009950248756218905,2,0,0,0,-,16,26,3,15,18,1,45,34,ref|NC_001136|,427100,426900
YMR181C,201,2,0.009950248756218905,0.009950248756218905,0,2,0,0,-,9,10,4,8,10,3,23,21,ref|NC_001145|,625177,624977
YMR090W,201,2,0.009950248756218905,0.009950248756218905,2,0,0,0,+,9,12,5,12,15,4,26,31,ref|NC_001145|,448374,448574
YLR342W-A,201,2,0.009950248756218905,0.009950248756218905,0,2,0,0,+,5,3,2,0,5,0,10,5,ref|NC_001144|,815710,815910
YDL007C-A,201,2,0.009950248756218905,0.009950248756218905,2,0,0,0,-,2,4,4,7,5,7,10,19,ref|NC_001136|,436924,436724
YLR041W,201,2,0.009950248756218905,0.009950248756218905,2,0,0,0,+,2,5,5,9,7,2,12,18,ref|NC_001144|,228817,229017
YBL015W,201,2,0.009950248756218905,0.009950248756218905,1,1,0,0,+,26,29,13,31,43,16,68,90,ref|NC_001134|,193853,194053
YMR184W,201,2,0.009950248756218905,0.009950248756218905,1,1,0,0,+,10,6,5,19,7,12,21,38,ref|NC_001145|,628082,628282
YKL013C,201,2,0.009950248756218905,0.009950248756218905,2,0,0,0,-,9,6,4,8,21,2,19,31,ref|NC_001143|,418176,417976
YLR042C,201,2,0.009950248756218905,0.009950248756218905,0,2,0,0,-,14,22,7,5,4,2,43,11,ref|NC_001144|,230649,230449
YKL016C,201,2,0.009950248756218905,0.004975124378109453,0,1,0,1,-,6,12,5,16,15,7,23,38,ref|NC_001143|,408185,407985
YCR021C,201,2,0.009950248756218905,0.009950248756218905,1,1,0,0,-,16,17,10,15,19,9,43,43,ref|NC_001135|,157320,157120
YCR020W-B,201,2,0.009950248756218905,0.009950248756218905,0,2,0,0,+,1,6,1,6,9,2,8,17,ref|NC_001135|,155220,155420
YLR347C,201,2,0.009950248756218905,0.009950248756218905,2,0,0,0,-,44,48,18,61,64,14,110,139,ref|NC_001144|,826715,826515
YDR001C,201,2,0.009950248756218905,0.009950248756218905,1,1,0,0,-,33,40,17,58,49,28,90,135,ref|NC_001136|,452575,452375
YKR007W,201,2,0.009950248756218905,0.009950248756218905,0,2,0,0,+,3,11,1,13,10,10,15,33,ref|NC_001143|,451285,451485
YPL207W,201,2,0.009950248756218905,0.009950248756218905,1,1,0,0,+,27,32,19,73,56,27,78,156,ref|NC_001148|,159732,159932
YLR332W,201,2,0.009950248756218905,0.009950248756218905,1,1,0,0,+,26,46,15,17,14,15,87,46,ref|NC_001144|,790125,790325
YKR022C,201,2,0.009950248756218905,0.009950248756218905,0,2,0,0,-,12,15,5,30,29,18,32,77,ref|NC_001143|,483326,483126
YCR046C,201,2,0.009950248756218905,0.009950248756218905,1,1,0,0,-,4,6,12,20,3,9,22,32,ref|NC_001135|,210749,210549
YMR164C,201,2,0.009950248756218905,0.009950248756218905,2,0,0,0,-,36,54,13,27,33,11,103,71,ref|NC_001145|,589650,589450
YCR043C,201,2,0.009950248756218905,0.009950248756218905,0,2,0,0,-,4,6,1,8,13,4,11,25,ref|NC_001135|,206777,206577
YPR101W,201,2,0.009950248756218905,0.009950248756218905,2,0,0,0,+,4,5,2,14,8,15,11,37,ref|NC_001148|,730315,730515
YPR102C,201,2,0.009950248756218905,0.009950248756218905,2,0,0,0,-,8,12,7,20,13,4,27,37,ref|NC_001148|,732127,731927
YDL063C,201,2,0.009950248756218905,0.009950248756218905,2,0,0,0,-,34,34,16,33,60,14,84,107,ref|NC_001136|,340302,340102
YPL014W,201,2,0.009950248756218905,0.009950248756218905,0,2,0,0,+,19,22,13,28,16,12,54,56,ref|NC_001148|,527331,527531
YLR027C,201,2,0.009950248756218905,0.009950248756218905,2,0,0,0,-,27,24,11,18,17,11,62,46,ref|NC_001144|,198213,198013
YKR028W,201,2,0.009950248756218905,0.009950248756218905,2,0,0,0,+,41,54,16,107,107,46,111,260,ref|NC_001143|,494157,494357
YLR324W,201,2,0.009950248756218905,0.009950248756218905,1,1,0,0,+,17,20,7,49,44,21,44,114,ref|NC_001144|,779048,779248
YKR026C,201,2,0.009950248756218905,0.009950248756218905,1,1,0,0,-,11,18,11,28,23,9,40,60,ref|NC_001143|,489899,489699
YKR025W,201,2,0.009950248756218905,0.009950248756218905,1,1,0,0,+,6,10,6,33,29,8,22,70,ref|NC_001143|,487610,487810
YBR005W,201,2,0.009950248756218905,0.009950248756218905,1,1,0,0,+,5,14,2,13,10,9,21,32,ref|NC_001134|,245742,245942
YMR170C,201,2,0.009950248756218905,0.009950248756218905,0,2,0,0,-,23,25,15,25,30,14,63,69,ref|NC_001145|,603443,603243
YPL203W,201,2,0.009950248756218905,0.009950248756218905,2,0,0,0,+,15,24,11,22,22,12,50,56,ref|NC_001148|,165994,166194
YPL196W,201,2,0.009950248756218905,0.009950248756218905,1,1,0,0,+,14,12,2,15,15,11,28,41,ref|NC_001148|,174866,175066
YMR171C,201,2,0.009950248756218905,0.009950248756218905,2,0,0,0,-,21,30,14,38,42,26,65,106,ref|NC_001145|,605842,605642
YKR018C,201,2,0.009950248756218905,0.009950248756218905,1,1,0,0,-,26,34,9,64,71,18,69,153,ref|NC_001143|,476022,475822
YLR029C,201,2,0.009950248756218905,0.009950248756218905,1,1,0,0,-,8,11,6,35,11,2,25,48,ref|NC_001144|,202713,202513
YDL045C,201,2,0.009950248756218905,0.009950248756218905,1,1,0,0,-,10,19,5,27,19,7,34,53,ref|NC_001136|,373893,373693
YLR030W,201,2,0.009950248756218905,0.009950248756218905,2,0,0,0,+,12,14,9,20,23,8,35,51,ref|NC_001144|,203190,203390
YBR164C,201,2,0.009950248756218905,0.009950248756218905,1,1,0,0,-,8,7,5,13,11,4,20,28,ref|NC_001134|,568648,568448
YPL201C,201,2,0.009950248756218905,0.009950248756218905,2,0,0,0,-,23,26,10,28,20,17,59,65,ref|NC_001148|,171255,171055
YDL041W,201,2,0.009950248756218905,0.009950248756218905,2,0,0,0,+,9,9,4,0,9,2,22,11,ref|NC_001136|,377968,378168
YBR165W,201,2,0.009950248756218905,0.004975124378109453,1,0,1,0,+,16,17,4,12,16,6,37,34,ref|NC_001134|,568641,568841
YLR327C,201,2,0.009950248756218905,0.009950248756218905,0,2,0,0,-,7,3,1,7,5,4,11,16,ref|NC_001144|,783734,783534
YMR173W,201,2,0.009950248756218905,0.009950248756218905,2,0,0,0,+,49,20,10,30,36,24,79,90,ref|NC_001145|,608504,608704
YKR012C,201,2,0.009950248756218905,0.009950248756218905,0,2,0,0,-,5,5,2,11,7,7,12,25,ref|NC_001143|,465124,464924
YML034C-A,201,2,0.009950248756218905,0.009950248756218905,2,0,0,0,-,11,11,7,5,5,5,29,15,ref|NC_001145|,209926,209726
YDR006C,201,2,0.009950248756218905,0.009950248756218905,1,1,0,0,-,43,68,15,52,48,22,126,122,ref|NC_001136|,461511,461311
YLR320W,201,2,0.009950248756218905,0.009950248756218905,2,0,0,0,+,78,100,39,121,128,46,217,295,ref|NC_001144|,771840,772040
YKL019W,201,2,0.009950248756218905,0.009950248756218905,2,0,0,0,+,9,23,10,23,23,16,42,62,ref|NC_001143|,402257,402457
YPL244C,201,2,0.009950248756218905,0.009950248756218905,1,1,0,0,-,16,13,6,14,23,6,35,43,ref|NC_001148|,88418,88218
YDR045C,201,2,0.009950248756218905,0.009950248756218905,1,1,0,0,-,2,4,2,6,10,3,8,19,ref|NC_001136|,548569,548369
YPL075W,201,2,0.009950248756218905,0.009950248756218905,2,0,0,0,+,52,67,15,49,59,32,134,140,ref|NC_001148|,412154,412354
YBL039C,201,2,0.009950248756218905,0.009950248756218905,1,1,0,0,-,15,34,13,39,52,10,62,101,ref|NC_001134|,145907,145707
YDR046C,201,2,0.009950248756218905,0.009950248756218905,1,1,0,0,-,33,49,21,30,31,16,103,77,ref|NC_001136|,550766,550566
YBL040C,201,2,0.009950248756218905,0.009950248756218905,2,0,0,0,-,18,16,2,15,13,3,36,31,ref|NC_001134|,143265,143065
YCR013C,201,2,0.009950248756218905,0.009950248756218905,2,0,0,0,-,11,14,9,13,13,12,34,38,ref|NC_001135|,139149,138949
YLR364C-A,201,2,0.009950248756218905,0.009950248756218905,1,1,0,0,-,3,2,2,3,2,2,7,7,ref|NC_001144|,855745,855545
YDR053W,201,2,0.009950248756218905,0.009950248756218905,1,1,0,0,+,12,9,5,7,2,3,26,12,ref|NC_001136|,560149,560349
YBR119W,201,2,0.009950248756218905,0.009950248756218905,2,0,0,0,+,14,19,8,25,21,7,41,53,ref|NC_001134|,479173,479373
YBR186W,201,2,0.009950248756218905,0.009950248756218905,2,0,0,0,+,33,38,11,45,40,16,82,101,ref|NC_001134|,600453,600653
YMR196W,201,2,0.009950248756218905,0.009950248756218905,0,2,0,0,+,40,47,26,90,90,32,113,212,ref|NC_001145|,654959,655159
YBL052C,201,2,0.009950248756218905,0.009950248756218905,1,1,0,0,-,34,46,18,74,56,28,98,158,ref|NC_001134|,121974,121774
YCR010C,201,2,0.009950248756218905,0.009950248756218905,1,1,0,0,-,14,9,6,12,16,6,29,34,ref|NC_001135|,133544,133344
YPL249C,201,2,0.009950248756218905,0.009950248756218905,1,1,0,0,-,25,47,23,85,73,38,95,196,ref|NC_001148|,79453,79253
YLR369W,201,2,0.009950248756218905,0.009950248756218905,1,1,0,0,+,28,37,7,50,55,21,72,126,ref|NC_001144|,859429,859629
YLR202C,201,2,0.009950248756218905,0.009950248756218905,2,0,0,0,-,7,7,6,5,4,2,20,11,ref|NC_001144|,550736,550536
YKL052C,201,2,0.009950248756218905,0.009950248756218905,0,2,0,0,-,9,16,2,28,18,18,27,64,ref|NC_001143|,341079,340879
YKL053W,201,2,0.009950248756218905,0.009950248756218905,1,1,0,0,+,10,7,11,5,4,2,28,11,ref|NC_001143|,339472,339672
YDR062W,201,2,0.009950248756218905,0.009950248756218905,1,1,0,0,+,22,31,20,34,36,20,73,90,ref|NC_001136|,575979,576179
YPR020W,201,2,0.009950248756218905,0.009950248756218905,1,1,0,0,+,5,8,4,8,3,2,17,13,ref|NC_001148|,599721,599921
YPL251W,201,2,0.009950248756218905,0.009950248756218905,1,1,0,0,+,6,5,6,11,3,5,17,19,ref|NC_001148|,73525,73725
YLR059C,201,2,0.009950248756218905,0.009950248756218905,1,1,0,0,-,10,19,12,21,17,13,41,51,ref|NC_001144|,260905,260705
YLR060W,201,2,0.009950248756218905,0.009950248756218905,1,1,0,0,+,28,34,17,48,45,20,79,113,ref|NC_001144|,260826,261026
YLR061W,201,2,0.009950248756218905,0.009950248756218905,2,0,0,0,+,14,8,9,23,19,13,31,55,ref|NC_001144|,263009,263209
YBR191W,201,2,0.009950248756218905,0.009950248756218905,2,0,0,0,+,18,18,10,24,17,5,46,46,ref|NC_001134|,606148,606348
YDR072C,201,2,0.009950248756218905,0.009950248756218905,0,2,0,0,-,24,34,7,18,27,13,65,58,ref|NC_001136|,591676,591476
YDR073W,201,2,0.009950248756218905,0.009950248756218905,0,2,0,0,+,9,11,3,10,7,6,23,23,ref|NC_001136|,592057,592257
YDR075W,201,2,0.009950248756218905,0.009950248756218905,0,2,0,0,+,10,13,8,20,25,13,31,58,ref|NC_001136|,596868,597068
YDR041W,201,2,0.009950248756218905,0.009950248756218905,1,1,0,0,+,4,11,10,16,10,11,25,37,ref|NC_001136|,539668,539868
YPL243W,201,2,0.009950248756218905,0.009950248756218905,1,1,0,0,+,23,39,17,49,46,19,79,114,ref|NC_001148|,88327,88527
YKL042W,201,2,0.009950248756218905,0.009950248756218905,0,2,0,0,+,15,24,12,37,26,18,51,81,ref|NC_001143|,358237,358437
YCR019W,201,2,0.009950248756218905,0.009950248756218905,1,1,0,0,+,16,17,12,24,27,20,45,71,ref|NC_001135|,152458,152658
YLR350W,201,2,0.009950248756218905,0.009950248756218905,1,1,0,0,+,10,8,10,10,16,11,28,37,ref|NC_001144|,828506,828706
YBL024W,201,2,0.009950248756218905,0.009950248756218905,1,1,0,0,+,33,29,17,75,62,22,79,159,ref|NC_001134|,172404,172604
YLR351C,201,2,0.009950248756218905,0.009950248756218905,0,2,0,0,-,15,16,8,19,20,10,39,49,ref|NC_001144|,830502,830302
YBL026W,201,2,0.009950248756218905,0.009950248756218905,1,1,0,0,+,3,9,3,12,12,2,15,26,ref|NC_001134|,170481,170681
YCR020C-A,201,2,0.009950248756218905,0.009950248756218905,1,1,0,0,-,2,3,1,7,8,1,6,16,ref|NC_001135|,155196,154996
YBL027W,201,2,0.009950248756218905,0.009950248756218905,2,0,0,0,+,11,18,9,38,18,5,38,61,ref|NC_001134|,168304,168504
YPR026W,201,2,0.009950248756218905,0.009950248756218905,1,1,0,0,+,70,61,31,72,89,32,162,193,ref|NC_001148|,615279,615479
YKL023C-A,201,2,0.009950248756218905,0.009950248756218905,0,2,0,0,-,2,3,5,3,5,3,10,11,ref|NC_001143|,393473,393273
YDR012W,201,2,0.009950248756218905,0.009950248756218905,0,2,0,0,+,21,17,11,29,25,6,49,60,ref|NC_001136|,471721,471921
YPL229W,201,2,0.009950248756218905,0.009950248756218905,1,1,0,0,+,17,15,6,14,7,4,38,25,ref|NC_001148|,116766,116966
YKL024C,201,2,0.009950248756218905,0.009950248756218905,0,2,0,0,-,6,13,8,20,15,7,27,42,ref|NC_001143|,393465,393265
YDR018C,201,2,0.009950248756218905,0.009950248756218905,1,1,0,0,-,21,20,8,30,22,8,49,60,ref|NC_001136|,483960,483760
YKL026C,201,2,0.009950248756218905,0.009950248756218905,0,2,0,0,-,8,13,3,16,7,4,24,27,ref|NC_001143|,390094,389894
YDR022C,201,2,0.009950248756218905,0.009950248756218905,1,1,0,0,-,8,15,5,12,28,5,28,45,ref|NC_001136|,488790,488590
YPR124W,201,2,0.009950248756218905,0.009950248756218905,2,0,0,0,+,18,22,15,18,19,22,55,59,ref|NC_001148|,785923,786123
YPL234C,201,2,0.009950248756218905,0.009950248756218905,2,0,0,0,-,8,6,7,3,14,1,21,18,ref|NC_001148|,105591,105391
YPR116W,201,2,0.009950248756218905,0.009950248756218905,0,2,0,0,+,12,20,9,21,12,9,41,42,ref|NC_001148|,758538,758738
YMR010W,201,2,0.009950248756218905,0.009950248756218905,1,1,0,0,+,18,39,10,19,31,13,67,63,ref|NC_001145|,284735,284935
YPR024W,201,2,0.009950248756218905,0.009950248756218905,1,1,0,0,+,26,32,24,51,54,20,82,125,ref|NC_001148|,610197,610397
YPL236C,201,2,0.009950248756218905,0.009950248756218905,1,1,0,0,-,14,19,9,31,19,13,42,63,ref|NC_001148|,102873,102673
YKL032C,201,2,0.009950248756218905,0.009950248756218905,2,0,0,0,-,22,37,16,29,21,19,75,69,ref|NC_001143|,381958,381758
YLR355C,201,2,0.009950248756218905,0.009950248756218905,0,2,0,0,-,21,28,8,35,23,13,57,71,ref|NC_001144|,839432,839232
YPL237W,201,2,0.009950248756218905,0.009950248756218905,2,0,0,0,+,14,11,4,47,18,7,29,72,ref|NC_001148|,100254,100454
YDR032C,201,2,0.009950248756218905,0.009950248756218905,1,1,0,0,-,8,13,4,13,10,3,25,26,ref|NC_001136|,504908,504708
YMR088C,201,2,0.009950248756218905,0.009950248756218905,2,0,0,0,-,24,31,13,17,36,11,68,64,ref|NC_001145|,445319,445119
YLR206W,201,2,0.009950248756218905,0.009950248756218905,0,2,0,0,+,23,22,13,55,27,19,58,101,ref|NC_001144|,554478,554678
YKL038W,201,2,0.009950248756218905,0.009950248756218905,0,2,0,0,+,45,74,35,58,70,47,154,175,ref|NC_001143|,365505,365705
YKL039W,201,2,0.009950248756218905,0.009950248756218905,1,1,0,0,+,19,28,18,30,52,10,65,92,ref|NC_001143|,362348,362548
YDL080C,201,2,0.009950248756218905,0.009950248756218905,0,2,0,0,-,28,27,12,40,33,26,67,99,ref|NC_001136|,312749,312549
YPL093W,201,2,0.009950248756218905,0.009950248756218905,1,1,0,0,+,27,40,18,76,51,21,85,148,ref|NC_001148|,370782,370982
YLR378C,201,2,0.009950248756218905,0.009950248756218905,0,2,0,0,-,35,26,16,25,27,10,77,62,ref|NC_001144|,877549,877349
YDL153C,201,2,0.009950248756218905,0.009950248756218905,2,0,0,0,-,27,27,8,84,68,22,62,174,ref|NC_001136|,183201,183001
YBR086C,201,2,0.009950248756218905,0.009950248756218905,0,2,0,0,-,55,54,21,47,59,26,130,132,ref|NC_001134|,423460,423260
YPR038W,201,2,0.009950248756218905,0.009950248756218905,1,1,0,0,+,13,8,5,4,5,4,26,13,ref|NC_001148|,646736,646936
YPL153C,201,2,0.009950248756218905,0.009950248756218905,0,2,0,0,-,23,60,20,67,45,28,103,140,ref|NC_001148|,264480,264280
YDL184C,201,2,0.009950248756218905,0.009950248756218905,1,1,0,0,-,0,0,0,10,2,0,0,12,ref|NC_001136|,130606,130406
YDL183C,201,2,0.009950248756218905,0.009950248756218905,0,2,0,0,-,17,20,6,25,20,6,43,51,ref|NC_001136|,134827,134627
YPL116W,201,2,0.009950248756218905,0.009950248756218905,1,1,0,0,+,23,48,23,56,44,21,94,121,ref|NC_001148|,329500,329700
YBR136W,201,2,0.009950248756218905,0.009950248756218905,2,0,0,0,+,121,132,51,167,157,68,304,392,ref|NC_001134|,505568,505768
YDL182W,201,2,0.009950248756218905,0.009950248756218905,1,1,0,0,+,13,25,23,33,36,17,61,86,ref|NC_001136|,133247,133447
YMR117C,201,2,0.009950248756218905,0.009950248756218905,0,2,0,0,-,7,9,3,22,19,12,19,53,ref|NC_001145|,502011,501811
YBR084C-A,201,2,0.009950248756218905,0.009950248756218905,1,1,0,0,-,16,14,9,41,30,10,39,81,ref|NC_001134|,415361,415161
YPR036W,201,2,0.009950248756218905,0.009950248756218905,1,1,0,0,+,21,32,13,40,34,24,66,98,ref|NC_001148|,643527,643727
YMR116C,201,2,0.009950248756218905,0.009950248756218905,0,2,0,0,-,23,23,6,24,39,9,52,72,ref|NC_001145|,500898,500698
YBR084W,201,2,0.009950248756218905,0.009950248756218905,0,2,0,0,+,35,59,29,75,59,28,123,162,ref|NC_001134|,410892,411092
YMR004W,201,2,0.009950248756218905,0.009950248756218905,1,1,0,0,+,23,22,12,52,45,15,57,112,ref|NC_001145|,273820,274020
YLR276C,201,2,0.009950248756218905,0.009950248756218905,2,0,0,0,-,15,37,11,58,37,19,63,114,ref|NC_001144|,697082,696882
YPL157W,201,2,0.009950248756218905,0.009950248756218905,2,0,0,0,+,10,9,7,22,19,17,26,58,ref|NC_001148|,254459,254659
YDL168W,201,2,0.009950248756218905,0.009950248756218905,1,1,0,0,+,16,22,4,24,24,9,42,57,ref|NC_001136|,159417,159617
YMR114C,201,2,0.009950248756218905,0.009950248756218905,1,1,0,0,-,7,13,7,45,25,14,27,84,ref|NC_001145|,497603,497403
YDL166C,201,2,0.009950248756218905,0.009950248756218905,0,2,0,0,-,5,8,11,19,15,15,24,49,ref|NC_001136|,164223,164023
YPL160W,201,2,0.009950248756218905,0.009950248756218905,1,1,0,0,+,48,46,30,80,92,30,124,202,ref|NC_001148|,246804,247004
YLR282C,201,2,0.009950248756218905,0.009950248756218905,2,0,0,0,-,10,3,3,2,6,5,16,13,ref|NC_001144|,705512,705312
YBR069C,201,2,0.009950248756218905,0.009950248756218905,1,1,0,0,-,36,37,25,30,26,18,98,74,ref|NC_001134|,378702,378502
YKR100C,201,2,0.009950248756218905,0.009950248756218905,2,0,0,0,-,10,17,12,31,18,9,39,58,ref|NC_001143|,640416,640216
YBR068C,201,2,0.009950248756218905,0.009950248756218905,0,2,0,0,-,38,33,16,26,38,10,87,74,ref|NC_001134|,375867,375667
YDL159W-A,201,2,0.009950248756218905,0.009950248756218905,1,1,0,0,+,4,1,1,2,3,1,6,6,ref|NC_001136|,172082,172282
YBR063C,201,2,0.009950248756218905,0.009950248756218905,1,1,0,0,-,14,19,9,28,32,23,42,83,ref|NC_001134|,369657,369457
YLL006W,201,2,0.009950248756218905,0.009950248756218905,1,1,0,0,+,19,25,13,25,34,12,57,71,ref|NC_001144|,136457,136657
YBR143C,201,2,0.009950248756218905,0.009950248756218905,0,2,0,0,-,18,23,17,28,29,18,58,75,ref|NC_001134|,532385,532185
YBR145W,201,2,0.009950248756218905,0.009950248756218905,2,0,0,0,+,16,21,10,15,22,10,47,47,ref|NC_001134|,533621,533821
YPL152W,201,2,0.009950248756218905,0.009950248756218905,1,1,0,0,+,10,27,9,27,29,10,46,66,ref|NC_001148|,264865,265065
YLL017W,201,2,0.009950248756218905,0.009950248756218905,2,0,0,0,+,5,5,2,3,6,3,12,12,ref|NC_001144|,112134,112334
YLL057C,201,2,0.009950248756218905,0.009950248756218905,2,0,0,0,-,22,31,11,32,35,15,64,82,ref|NC_001144|,27094,26894
YPL127C,201,2,0.009950248756218905,0.009950248756218905,0,2,0,0,-,7,16,6,20,14,5,29,39,ref|NC_001148|,309731,309531
YLR243W,201,2,0.009950248756218905,0.009950248756218905,0,2,0,0,+,12,13,9,20,20,12,34,52,ref|NC_001144|,624011,624211
YDL234C,201,2,0.009950248756218905,0.009950248756218905,1,1,0,0,-,41,44,16,55,55,30,101,140,ref|NC_001136|,36720,36520
YMR121C,201,2,0.009950248756218905,0.009950248756218905,0,2,0,0,-,8,10,6,31,12,1,24,44,ref|NC_001145|,510500,510300
YLL026W,201,2,0.009950248756218905,0.009950248756218905,0,2,0,0,+,40,56,26,84,86,23,122,193,ref|NC_001144|,88342,88542
YPL136W,201,2,0.009950248756218905,0.009950248756218905,1,1,0,0,+,10,7,9,7,3,6,26,16,ref|NC_001148|,296173,296373
YLR250W,201,2,0.009950248756218905,0.009950248756218905,1,1,0,0,+,11,13,2,23,29,5,26,57,ref|NC_001144|,640164,640364
YPL137C,201,2,0.009950248756218905,0.009950248756218905,1,1,0,0,-,66,72,39,86,92,45,177,223,ref|NC_001148|,296747,296547
YDL219W,201,2,0.009950248756218905,0.009950248756218905,0,2,0,0,+,13,8,6,13,17,4,27,34,ref|NC_001136|,64952,65152
YMR001C,201,2,0.009950248756218905,0.009950248756218905,2,0,0,0,-,23,46,16,69,43,21,85,133,ref|NC_001145|,271595,271395
YDL216C,201,2,0.009950248756218905,0.009950248756218905,0,2,0,0,-,10,32,10,31,33,18,52,82,ref|NC_001136|,70438,70238
YDL215C,201,2,0.009950248756218905,0.009950248756218905,1,1,0,0,-,56,75,31,65,72,34,162,171,ref|NC_001136|,74216,74016
YDL213C,201,2,0.009950248756218905,0.009950248756218905,1,1,0,0,-,3,12,5,30,14,5,20,49,ref|NC_001136|,78075,77875
YLL041C,201,2,0.009950248756218905,0.009950248756218905,0,2,0,0,-,11,13,4,25,14,6,28,45,ref|NC_001144|,54116,53916
YPL126W,201,2,0.009950248756218905,0.009950248756218905,0,2,0,0,+,47,65,24,48,60,27,136,135,ref|NC_001148|,310110,310310
YLL018C-A,201,2,0.009950248756218905,0.009950248756218905,1,1,0,0,-,2,3,2,7,6,6,7,19,ref|NC_001144|,109072,108872
YLL045C,201,2,0.009950248756218905,0.009950248756218905,1,1,0,0,-,7,11,5,28,15,7,23,50,ref|NC_001144|,48752,48552
YPL143W,201,2,0.009950248756218905,0.009950248756218905,1,1,0,0,+,16,15,10,29,13,8,41,50,ref|NC_001148|,281991,282191
YBR105C,201,2,0.009950248756218905,0.009950248756218905,2,0,0,0,-,14,23,10,27,21,8,47,56,ref|NC_001134|,452205,452005
YLR257W,201,2,0.009950248756218905,0.009950248756218905,0,2,0,0,+,15,16,12,37,25,15,43,77,ref|NC_001144|,658457,658657
YDL243C,201,2,0.009950248756218905,0.009950248756218905,1,1,0,0,-,15,15,5,22,27,4,35,53,ref|NC_001136|,19388,19188
YLL020C,201,2,0.009950248756218905,0.009950248756218905,1,1,0,0,-,13,5,4,0,4,3,22,7,ref|NC_001144|,106852,106652
YMR001C-A,201,2,0.009950248756218905,0.009950248756218905,2,0,0,0,-,5,8,1,4,6,0,14,10,ref|NC_001145|,271677,271477
YPR063C,201,2,0.009950248756218905,0.009950248756218905,0,2,0,0,-,9,10,4,5,10,6,23,21,ref|NC_001148|,678796,678596
YLR262C-A,201,2,0.009950248756218905,0.009950248756218905,2,0,0,0,-,3,2,1,8,4,1,6,13,ref|NC_001144|,669762,669562
YLL051C,201,2,0.009950248756218905,0.009950248756218905,1,1,0,0,-,32,50,30,35,23,29,112,87,ref|NC_001144|,39571,39371
YLR233C,201,2,0.009950248756218905,0.009950248756218905,0,2,0,0,-,37,44,14,51,53,24,95,128,ref|NC_001144|,609624,609424
YLR266C,201,2,0.009950248756218905,0.009950248756218905,1,1,0,0,-,25,50,15,47,55,22,90,124,ref|NC_001144|,677853,677653
YDL195W,201,2,0.009950248756218905,0.009950248756218905,1,1,0,0,+,69,73,31,73,71,35,173,179,ref|NC_001136|,106995,107195
YDL154W,201,2,0.009950248756218905,0.009950248756218905,0,2,0,0,+,30,60,22,71,66,22,112,159,ref|NC_001136|,178234,178434
YLR225C,201,2,0.009950248756218905,0.009950248756218905,2,0,0,0,-,15,27,6,27,27,10,48,64,ref|NC_001144|,589086,588886
YDL081C,201,2,0.009950248756218905,0.009950248756218905,1,1,0,0,-,6,2,4,5,15,4,12,24,ref|NC_001136|,310289,310089
YLR003C,201,2,0.009950248756218905,0.009950248756218905,1,1,0,0,-,12,11,7,33,26,8,30,67,ref|NC_001144|,157880,157680
YPR093C,201,2,0.009950248756218905,0.009950248756218905,2,0,0,0,-,9,10,4,23,17,17,23,57,ref|NC_001148|,720590,720390
YDL108W,201,2,0.009950248756218905,0.009950248756218905,2,0,0,0,+,11,18,8,28,25,7,37,60,ref|NC_001136|,267258,267458
YMR101C,201,2,0.009950248756218905,0.009950248756218905,0,2,0,0,-,12,22,4,28,24,1,38,53,ref|NC_001145|,469576,469376
YKR067W,201,2,0.009950248756218905,0.009950248756218905,1,1,0,0,+,42,41,23,57,44,28,106,129,ref|NC_001143|,567692,567892
YCR073C,201,2,0.009950248756218905,0.009950248756218905,1,1,0,0,-,43,77,30,89,115,47,150,251,ref|NC_001135|,249406,249206
YKR066C,201,2,0.009950248756218905,0.009950248756218905,1,1,0,0,-,17,19,7,26,22,11,43,59,ref|NC_001143|,567336,567136
YKR065C,201,2,0.009950248756218905,0.009950248756218905,1,1,0,0,-,10,18,8,12,5,5,36,22,ref|NC_001143|,566021,565821
YPL179W,201,2,0.009950248756218905,0.009950248756218905,0,2,0,0,+,32,43,18,33,40,14,93,87,ref|NC_001148|,207838,208038
YMR100W,201,2,0.009950248756218905,0.009950248756218905,0,2,0,0,+,26,40,16,46,45,27,82,118,ref|NC_001145|,466200,466400
YKR062W,201,2,0.009950248756218905,0.009950248756218905,1,1,0,0,+,9,14,3,34,25,13,26,72,ref|NC_001143|,559545,559745
YPL181W,201,2,0.009950248756218905,0.009950248756218905,0,2,0,0,+,14,32,17,51,36,28,63,115,ref|NC_001148|,203074,203274
YLR219W,201,2,0.009950248756218905,0.009950248756218905,0,2,0,0,+,28,46,28,60,33,36,102,129,ref|NC_001144|,573856,574056
YLR312C,201,2,0.009950248756218905,0.009950248756218905,2,0,0,0,-,13,28,18,28,21,20,59,69,ref|NC_001144|,759127,758927
YPL097W,201,2,0.009950248756218905,0.009950248756218905,1,1,0,0,+,24,31,11,28,20,21,66,69,ref|NC_001148|,364769,364969
YPL183C,201,2,0.009950248756218905,0.009950248756218905,2,0,0,0,-,49,65,24,58,74,30,138,162,ref|NC_001148|,202698,202498
YDL097C,201,2,0.009950248756218905,0.009950248756218905,1,1,0,0,-,17,16,13,24,34,19,46,77,ref|NC_001136|,286853,286653
YLR018C,201,2,0.009950248756218905,0.009950248756218905,1,1,0,0,-,13,25,3,17,17,4,41,38,ref|NC_001144|,179788,179588
YBR024W,201,2,0.009950248756218905,0.009950248756218905,1,1,0,0,+,11,20,7,26,21,10,38,57,ref|NC_001134|,289006,289206
YDL091C,201,2,0.009950248756218905,0.009950248756218905,1,1,0,0,-,18,21,3,41,30,11,42,82,ref|NC_001136|,294947,294747
YLR021W,201,2,0.009950248756218905,0.009950248756218905,0,2,0,0,+,6,10,1,14,13,10,17,37,ref|NC_001144|,183514,183714
YCR061W,201,2,0.009950248756218905,0.009950248756218905,1,1,0,0,+,47,33,24,15,21,19,104,55,ref|NC_001135|,228120,228320
YKR048C,201,2,0.009950248756218905,0.009950248756218905,1,1,0,0,-,15,20,16,43,18,29,51,90,ref|NC_001143|,526759,526559
YBR020W,201,2,0.009950248756218905,0.009950248756218905,0,2,0,0,+,33,27,12,29,37,18,72,84,ref|NC_001134|,278921,279121
YDL085W,201,2,0.009950248756218905,0.009950248756218905,1,1,0,0,+,23,21,19,34,33,24,63,91,ref|NC_001136|,303111,303311
YML021C,201,2,0.009950248756218905,0.009950248756218905,1,1,0,0,-,6,22,12,27,20,7,40,54,ref|NC_001145|,230928,230728
YLR022C,201,2,0.009950248756218905,0.009950248756218905,1,1,0,0,-,6,16,10,21,16,8,32,45,ref|NC_001144|,185064,184864
YDL083C,201,2,0.009950248756218905,0.009950248756218905,0,2,0,0,-,14,22,6,25,16,10,42,51,ref|NC_001136|,309583,309383
YCR053W,201,2,0.009950248756218905,0.009950248756218905,0,2,0,0,+,32,31,13,46,40,7,76,93,ref|NC_001135|,219193,219393
YDL082W,201,2,0.009950248756218905,0.009950248756218905,0,2,0,0,+,17,18,5,45,21,3,40,69,ref|NC_001136|,308295,308495
YBR159W,201,2,0.009950248756218905,0.009950248756218905,2,0,0,0,+,18,25,8,28,13,6,51,47,ref|NC_001134|,558532,558732
YDL110C,201,2,0.009950248756218905,0.009950248756218905,1,1,0,0,-,3,7,3,18,9,9,13,36,ref|NC_001136|,265851,265651
YPR091C,201,2,0.009950248756218905,0.009950248756218905,2,0,0,0,-,36,56,22,74,53,24,114,151,ref|NC_001148|,718599,718399
YKR083C,201,2,0.009950248756218905,0.009950248756218905,1,1,0,0,-,5,8,1,16,18,2,14,36,ref|NC_001143|,596990,596790
YDL150W,201,2,0.009950248756218905,0.009950248756218905,2,0,0,0,+,16,21,6,54,31,12,43,97,ref|NC_001136|,183071,183271
YBR149W,201,2,0.009950248756218905,0.009950248756218905,0,2,0,0,+,14,19,10,18,26,14,43,58,ref|NC_001134|,539856,540056
YBR050C,201,2,0.009950248756218905,0.009950248756218905,2,0,0,0,-,7,20,11,24,27,16,38,67,ref|NC_001134|,338560,338360
YLR299W,201,2,0.009950248756218905,0.009950248756218905,0,2,0,0,+,22,34,19,40,47,23,75,110,ref|NC_001144|,725790,725990
YKR087C,201,2,0.009950248756218905,0.009950248756218905,1,1,0,0,-,11,28,12,13,15,11,51,39,ref|NC_001143|,604352,604152
YDL142C,201,2,0.009950248756218905,0.009950248756218905,2,0,0,0,-,9,17,5,15,11,9,31,35,ref|NC_001136|,202762,202562
YBR042C,201,2,0.009950248756218905,0.009950248756218905,2,0,0,0,-,17,21,15,22,26,8,53,56,ref|NC_001134|,321756,321556
YDL141W,201,2,0.009950248756218905,0.009950248756218905,2,0,0,0,+,25,41,11,33,48,12,77,93,ref|NC_001136|,202642,202842
YLR300W,201,2,0.009950248756218905,0.009950248756218905,2,0,0,0,+,21,22,12,28,41,14,55,83,ref|NC_001144|,728721,728921
YDL139C,201,2,0.009950248756218905,0.009950248756218905,1,1,0,0,-,5,11,5,27,19,20,21,66,ref|NC_001136|,212197,211997
YKR085C,201,2,0.009950248756218905,0.009950248756218905,1,1,0,0,-,7,7,6,17,11,3,20,31,ref|NC_001143|,599804,599604
YPL167C,201,2,0.009950248756218905,0.009950248756218905,0,2,0,0,-,59,78,34,120,94,49,171,263,ref|NC_001148|,237207,237007
YMR147W,201,2,0.009950248756218905,0.009950248756218905,1,1,0,0,+,24,29,18,28,25,18,71,71,ref|NC_001145|,559099,559299
YMR149W,201,2,0.009950248756218905,0.009950248756218905,0,2,0,0,+,16,20,11,14,17,8,47,39,ref|NC_001145|,560896,561096
YLR309C,201,2,0.009950248756218905,0.009950248756218905,0,2,0,0,-,33,36,23,110,82,32,92,224,ref|NC_001144|,751869,751669
YPL170W,201,2,0.009950248756218905,0.009950248756218905,1,1,0,0,+,6,4,3,7,13,6,13,26,ref|NC_001148|,228058,228258
YDL125C,201,2,0.009950248756218905,0.009950248756218905,1,1,0,0,-,3,6,5,11,11,10,14,32,ref|NC_001136|,239946,239746
YLR302C,201,2,0.009950248756218905,0.009950248756218905,0,2,0,0,-,4,7,4,8,6,6,15,20,ref|NC_001144|,732653,732453
YLR303W,201,2,0.009950248756218905,0.009950248756218905,0,2,0,0,+,28,22,15,23,28,7,65,58,ref|NC_001144|,732401,732601
YDL124W,201,2,0.009950248756218905,0.009950248756218905,1,1,0,0,+,13,19,9,26,18,9,41,53,ref|NC_001136|,240024,240224
YLR005W,201,2,0.009950248756218905,0.009950248756218905,1,1,0,0,+,12,25,13,39,30,15,50,84,ref|NC_001144|,159912,160112
YBR034C,201,2,0.009950248756218905,0.009950248756218905,1,1,0,0,-,17,19,12,31,23,18,48,72,ref|NC_001134|,306137,305937
YLR008C,201,2,0.009950248756218905,0.009950248756218905,1,1,0,0,-,7,7,3,8,14,4,17,26,ref|NC_001144|,166284,166084
YLR307C-A,201,2,0.009950248756218905,0.009950248756218905,2,0,0,0,-,3,9,2,5,4,2,14,11,ref|NC_001144|,747211,747011
YLR308W,201,2,0.009950248756218905,0.009950248756218905,0,2,0,0,+,14,24,6,18,17,10,44,45,ref|NC_001144|,747837,748037
YDL116W,201,2,0.009950248756218905,0.009950248756218905,2,0,0,0,+,34,42,18,58,53,20,94,131,ref|NC_001136|,251404,251604
YDL115C,201,2,0.009950248756218905,0.009950248756218905,0,2,0,0,-,18,20,3,40,46,14,41,100,ref|NC_001136|,255304,255104
YDL114W-A,201,2,0.009950248756218905,0.009950248756218905,0,2,0,0,+,3,4,1,2,3,0,8,5,ref|NC_001136|,254835,255035
YLR377C,201,2,0.009950248756218905,0.009950248756218905,0,2,0,0,-,20,26,7,24,25,8,53,57,ref|NC_001144|,874892,874692
YBL051C,201,2,0.009950248756218905,0.009950248756218905,1,1,0,0,-,41,49,7,37,34,10,97,81,ref|NC_001134|,124924,124724
YKL059C,201,2,0.009950248756218905,0.009950248756218905,0,2,0,0,-,14,18,6,44,24,18,38,86,ref|NC_001143|,329613,329413
YOR375C,201,2,0.009950248756218905,0.009950248756218905,2,0,0,0,-,27,30,15,31,29,14,72,74,ref|NC_001147|,1043322,1043122
YLR113W,201,2,0.009950248756218905,0.009950248756218905,1,1,0,0,+,13,29,13,26,32,16,55,74,ref|NC_001144|,371176,371376
YLR171W,201,2,0.009950248756218905,0.009950248756218905,1,1,0,0,+,9,10,6,2,3,4,25,9,ref|NC_001144|,500633,500833
YLR115W,201,2,0.009950248756218905,0.009950248756218905,1,1,0,0,+,39,54,17,73,66,21,110,160,ref|NC_001144|,377885,378085
YAL007C,201,2,0.009950248756218905,0.009950248756218905,1,1,0,0,-,11,16,2,13,20,5,29,38,ref|NC_001133|,138514,138314
YMR238W,201,2,0.009950248756218905,0.009950248756218905,1,1,0,0,+,14,27,9,20,31,14,50,65,ref|NC_001145|,746119,746319
YOR381W,201,2,0.009950248756218905,0.009950248756218905,1,1,0,0,+,39,34,17,38,38,19,90,95,ref|NC_001147|,1054978,1055178
YKL154W,201,2,0.009950248756218905,0.009950248756218905,1,1,0,0,+,9,17,1,20,12,9,27,41,ref|NC_001143|,161402,161602
YMR019W,201,2,0.009950248756218905,0.009950248756218905,0,2,0,0,+,48,79,22,60,71,29,149,160,ref|NC_001145|,312056,312256
YMR239C,201,2,0.009950248756218905,0.009950248756218905,0,2,0,0,-,12,27,4,46,40,12,43,98,ref|NC_001145|,749870,749670
YLR120C,201,2,0.009950248756218905,0.009950248756218905,1,1,0,0,-,32,23,21,12,36,17,76,65,ref|NC_001144|,388433,388233
YLR451W,201,2,0.009950248756218905,0.009950248756218905,1,1,0,0,+,29,71,17,69,46,31,117,146,ref|NC_001144|,1035909,1036109
YOR377W,201,2,0.009950248756218905,0.009950248756218905,2,0,0,0,+,23,34,15,35,40,20,72,95,ref|NC_001147|,1046075,1046275
YOR376W,201,2,0.009950248756218905,0.009950248756218905,2,0,0,0,+,9,6,2,8,8,2,17,18,ref|NC_001147|,1043091,1043291
YPR002W,201,2,0.009950248756218905,0.009950248756218905,2,0,0,0,+,20,30,17,33,31,20,67,84,ref|NC_001148|,558278,558478
YML058W-A,201,2,0.009950248756218905,0.009950248756218905,1,1,0,0,+,4,5,3,4,4,2,12,10,ref|NC_001145|,158660,158860
YPR174C,201,2,0.009950248756218905,0.009950248756218905,1,1,0,0,-,14,14,9,17,6,11,37,34,ref|NC_001148|,888843,888643
YLR452C,201,2,0.009950248756218905,0.009950248756218905,1,1,0,0,-,34,46,20,39,54,10,100,103,ref|NC_001144|,1041638,1041438
YLR453C,201,2,0.009950248756218905,0.009950248756218905,0,2,0,0,-,13,23,17,26,29,20,53,75,ref|NC_001144|,1043086,1042886
YML072C,201,2,0.009950248756218905,0.009950248756218905,1,1,0,0,-,66,113,30,112,108,42,209,262,ref|NC_001145|,129467,129267
YLR121C,201,2,0.009950248756218905,0.009950248756218905,0,2,0,0,-,20,26,21,21,16,23,67,60,ref|NC_001144|,390405,390205
YAL020C,201,2,0.009950248756218905,0.009950248756218905,0,2,0,0,-,10,11,9,17,12,10,30,39,ref|NC_001133|,114724,114524
YPL032C,201,2,0.009950248756218905,0.009950248756218905,0,2,0,0,-,31,68,24,44,44,24,123,112,ref|NC_001148|,491666,491466
YDR228C,201,2,0.009950248756218905,0.009950248756218905,1,1,0,0,-,30,39,10,39,45,16,79,100,ref|NC_001136|,923997,923797
YBR233W,201,2,0.009950248756218905,0.009950248756218905,1,1,0,0,+,15,29,8,31,23,13,52,67,ref|NC_001134|,683185,683385
YAL024C,201,2,0.009950248756218905,0.009950248756218905,1,1,0,0,-,63,89,33,123,104,52,185,279,ref|NC_001133|,105972,105772
YML083C,201,2,0.009950248756218905,0.009950248756218905,1,1,0,0,-,13,34,12,25,23,14,59,62,ref|NC_001145|,103927,103727
YDR231C,201,2,0.009950248756218905,0.009950248756218905,2,0,0,0,-,9,11,7,20,14,7,27,41,ref|NC_001136|,927035,926835
YKL175W,201,2,0.009950248756218905,0.009950248756218905,0,2,0,0,+,25,33,24,17,28,20,82,65,ref|NC_001143|,118450,118650
YDR195W,201,2,0.009950248756218905,0.009950248756218905,0,2,0,0,+,32,33,15,35,32,19,80,86,ref|NC_001136|,848245,848445
YDR194C,201,2,0.009950248756218905,0.009950248756218905,1,1,0,0,-,23,29,9,68,47,13,61,128,ref|NC_001136|,848072,847872
YPL042C,201,2,0.009950248756218905,0.009950248756218905,2,0,0,0,-,16,26,9,39,24,17,51,80,ref|NC_001148|,475101,474901
YAL003W,201,2,0.009950248756218905,0.009950248756218905,0,2,0,0,+,18,14,9,27,28,15,41,70,ref|NC_001133|,142041,142241
YPR010C,201,2,0.009950248756218905,0.009950248756218905,1,1,0,0,-,54,72,33,91,76,24,159,191,ref|NC_001148|,581353,581153
YPR163C,201,2,0.009950248756218905,0.009950248756218905,2,0,0,0,-,13,14,5,70,34,5,32,109,ref|NC_001148|,870214,870014
YML059C,201,2,0.009950248756218905,0.009950248756218905,2,0,0,0,-,103,112,46,118,91,50,261,259,ref|NC_001145|,158358,158158
YDR170C,201,2,0.009950248756218905,0.009950248756218905,1,1,0,0,-,95,135,57,176,160,71,287,407,ref|NC_001136|,802322,802122
YLR104W,201,2,0.009950248756218905,0.009950248756218905,1,1,0,0,+,4,11,3,6,10,0,18,16,ref|NC_001144|,346066,346266
YPR165W,201,2,0.009950248756218905,0.009950248756218905,1,1,0,0,+,11,9,6,28,10,5,26,43,ref|NC_001148|,874807,875007
YCL054W,201,2,0.009950248756218905,0.009950248756218905,0,2,0,0,+,19,36,14,106,87,29,69,222,ref|NC_001135|,31306,31506
YMR062C,201,2,0.009950248756218905,0.009950248756218905,2,0,0,0,-,17,28,16,22,37,13,61,72,ref|NC_001145|,396495,396295
YDR174W,201,2,0.009950248756218905,0.009950248756218905,0,2,0,0,+,13,12,10,34,20,7,35,61,ref|NC_001136|,811987,812187
YPL047W,201,2,0.009950248756218905,0.009950248756218905,1,1,0,0,+,4,5,4,10,7,4,13,21,ref|NC_001148|,465728,465928
YPR167C,201,2,0.009950248756218905,0.009950248756218905,2,0,0,0,-,6,12,8,21,16,10,26,47,ref|NC_001148|,877880,877680
YOR392W,201,2,0.009950248756218905,0.009950248756218905,2,0,0,0,+,9,8,5,15,6,4,22,25,ref|NC_001147|,1079182,1079382
YDR177W,201,2,0.009950248756218905,0.009950248756218905,1,1,0,0,+,10,9,6,14,21,9,25,44,ref|NC_001136|,816670,816870
YOR391C,201,2,0.009950248756218905,0.009950248756218905,2,0,0,0,-,11,6,11,16,16,14,28,46,ref|NC_001147|,1079358,1079158
YLR437C-A,201,2,0.009950248756218905,0.009950248756218905,2,0,0,0,-,2,2,2,2,2,2,6,6,ref|NC_001144|,1012786,1012586
YPR170C,201,2,0.009950248756218905,0.009950248756218905,2,0,0,0,-,10,6,2,4,6,2,18,12,ref|NC_001148|,883791,883591
YKL140W,201,2,0.009950248756218905,0.009950248756218905,0,2,0,0,+,35,32,17,35,38,22,84,95,ref|NC_001143|,180411,180611
YDR180W,201,2,0.009950248756218905,0.009950248756218905,1,1,0,0,+,75,77,31,113,106,54,183,273,ref|NC_001136|,821045,821245
YDR181C,201,2,0.009950248756218905,0.009950248756218905,1,1,0,0,-,15,32,11,53,46,14,58,113,ref|NC_001136|,827478,827278
YMR233W,201,2,0.009950248756218905,0.009950248756218905,2,0,0,0,+,13,10,3,22,23,13,26,58,ref|NC_001145|,739028,739228
YPR171W,201,2,0.009950248756218905,0.009950248756218905,2,0,0,0,+,33,28,13,41,41,24,74,106,ref|NC_001148|,883662,883862
YCL061C,201,2,0.009950248756218905,0.009950248756218905,0,2,0,0,-,39,59,28,111,105,43,126,259,ref|NC_001135|,22206,22006
YOR387C,201,2,0.009950248756218905,0.009950248756218905,0,2,0,0,-,8,10,2,8,16,3,20,27,ref|NC_001147|,1070341,1070141
YOR386W,201,2,0.009950248756218905,0.009950248756218905,2,0,0,0,+,22,24,14,38,38,11,60,87,ref|NC_001147|,1066739,1066939
YDR188W,201,2,0.009950248756218905,0.009950248756218905,0,2,0,0,+,23,25,13,42,41,19,61,102,ref|NC_001136|,835832,836032
YDR191W,201,2,0.009950248756218905,0.009950248756218905,2,0,0,0,+,11,19,4,25,33,9,34,67,ref|NC_001136|,842193,842393
YMR237W,201,2,0.009950248756218905,0.009950248756218905,1,1,0,0,+,35,45,23,53,39,28,103,120,ref|NC_001145|,743541,743741
YDR233C,201,2,0.009950248756218905,0.009950248756218905,2,0,0,0,-,23,16,8,13,16,5,47,34,ref|NC_001136|,930746,930546
YBR293W,201,2,0.009950248756218905,0.009950248756218905,1,1,0,0,+,39,31,10,20,19,13,80,52,ref|NC_001134|,786906,787106
YDR235W,201,2,0.009950248756218905,0.009950248756218905,1,1,0,0,+,31,30,10,45,33,14,71,92,ref|NC_001136|,933381,933581
YAL058W,201,2,0.009950248756218905,0.009950248756218905,2,0,0,0,+,20,22,14,30,40,18,56,88,ref|NC_001133|,37305,37505
YMR036C,201,2,0.009950248756218905,0.009950248756218905,0,2,0,0,-,28,40,18,47,40,24,86,111,ref|NC_001145|,343680,343480
YOR357C,201,2,0.009950248756218905,0.009950248756218905,0,2,0,0,-,8,11,5,12,12,6,24,30,ref|NC_001147|,1009829,1009629
YOR356W,201,2,0.009950248756218905,0.009950248756218905,0,2,0,0,+,18,27,16,45,51,19,61,115,ref|NC_001147|,1007026,1007226
YPL011C,201,2,0.009950248756218905,0.009950248756218905,1,1,0,0,-,22,25,4,29,28,14,51,71,ref|NC_001148|,534860,534660
YLR146C,201,2,0.009950248756218905,0.009950248756218905,2,0,0,0,-,11,15,4,17,25,7,30,49,ref|NC_001144|,434051,433851
YBR273C,201,2,0.009950248756218905,0.009950248756218905,1,1,0,0,-,16,25,10,42,35,9,51,86,ref|NC_001134|,749502,749302
YPR198W,201,2,0.009950248756218905,0.009950248756218905,1,1,0,0,+,29,38,14,16,25,10,81,51,ref|NC_001148|,933879,934079
YKL207W,201,2,0.009950248756218905,0.009950248756218905,0,2,0,0,+,10,16,3,7,20,7,29,34,ref|NC_001143|,48060,48260
YAL063C-A,201,2,0.009950248756218905,0.009950248756218905,1,1,0,0,-,4,7,2,7,6,1,13,14,ref|NC_001133|,22785,22585
YDR266C,201,2,0.009950248756218905,0.009950248756218905,1,1,0,0,-,32,40,10,43,43,20,82,106,ref|NC_001136|,1002339,1002139
YKL208W,201,2,0.009950248756218905,0.009950248756218905,1,1,0,0,+,11,19,7,14,19,14,37,47,ref|NC_001143|,47048,47248
YML096W,201,2,0.009950248756218905,0.009950248756218905,2,0,0,0,+,24,28,16,31,42,15,68,88,ref|NC_001145|,79785,79985
YMR040W,201,2,0.009950248756218905,0.009950248756218905,0,2,0,0,+,7,13,4,13,8,4,24,25,ref|NC_001145|,349866,350066
YMR041C,201,2,0.009950248756218905,0.009950248756218905,1,1,0,0,-,16,17,13,26,22,13,46,61,ref|NC_001145|,352266,352066
YLR148W,201,2,0.009950248756218905,0.009950248756218905,2,0,0,0,+,36,56,21,56,97,31,113,184,ref|NC_001144|,434541,434741
YDR275W,201,2,0.009950248756218905,0.009950248756218905,0,2,0,0,+,5,22,5,15,20,11,32,46,ref|NC_001136|,1011473,1011673
YOR348C,201,2,0.009950248756218905,0.009950248756218905,1,1,0,0,-,31,35,28,28,20,23,94,71,ref|NC_001147|,988882,988682
YBR260C,201,2,0.009950248756218905,0.009950248756218905,1,1,0,0,-,25,38,15,54,45,23,78,122,ref|NC_001134|,734780,734580
YNR046W,201,2,0.009950248756218905,0.009950248756218905,2,0,0,0,+,5,4,3,4,8,9,12,21,ref|NC_001146|,706797,706997
YLR149C-A,201,2,0.009950248756218905,0.009950248756218905,2,0,0,0,-,4,1,0,3,0,0,5,3,ref|NC_001144|,440556,440356
YML101C-A,201,2,0.009950248756218905,0.009950248756218905,1,1,0,0,-,10,6,8,3,4,7,24,14,ref|NC_001145|,69826,69626
YMR260C,201,2,0.009950248756218905,0.009950248756218905,0,2,0,0,-,4,2,2,21,23,3,8,47,ref|NC_001145|,789964,789764
YDR285W,201,2,0.009950248756218905,0.009950248756218905,0,2,0,0,+,30,64,15,95,73,26,109,194,ref|NC_001136|,1032336,1032536
YDR286C,201,2,0.009950248756218905,0.009950248756218905,1,1,0,0,-,5,7,3,11,12,5,15,28,ref|NC_001136|,1035893,1035693
YLR150W,201,2,0.009950248756218905,0.009950248756218905,0,2,0,0,+,9,11,5,37,24,4,25,65,ref|NC_001144|,440131,440331
YOR343C,201,2,0.009950248756218905,0.009950248756218905,1,1,0,0,-,5,8,3,3,2,4,16,9,ref|NC_001147|,968658,968458
YBR264C,201,2,0.009950248756218905,0.009950248756218905,2,0,0,0,-,6,16,5,12,5,10,27,27,ref|NC_001134|,738911,738711
YLR137W,201,2,0.009950248756218905,0.009950248756218905,2,0,0,0,+,17,26,10,27,17,11,53,55,ref|NC_001144|,416899,417099
YKL201C,201,2,0.009950248756218905,0.009950248756218905,2,0,0,0,-,40,61,29,142,80,40,130,262,ref|NC_001143|,67566,67366
YPL028W,201,2,0.009950248756218905,0.009950248756218905,2,0,0,0,+,20,19,10,21,25,12,49,58,ref|NC_001148|,497845,498045
YAL056C-A,201,2,0.009950248756218905,0.009950248756218905,2,0,0,0,-,10,6,3,6,2,3,19,11,ref|NC_001133|,39146,38946
YPR186C,201,2,0.009950248756218905,0.009950248756218905,2,0,0,0,-,16,27,6,33,27,14,49,74,ref|NC_001148|,911143,910943
YOR368W,201,2,0.009950248756218905,0.009950248756218905,2,0,0,0,+,15,25,11,34,33,10,51,77,ref|NC_001147|,1026687,1026887
YML131W,201,2,0.009950248756218905,0.009950248756218905,2,0,0,0,+,20,12,8,17,26,6,40,49,ref|NC_001145|,10004,10204
YKL182W,201,2,0.009950248756218905,0.009950248756218905,0,2,0,0,+,97,129,62,140,147,50,288,337,ref|NC_001143|,100571,100771
YDR241W,201,2,0.009950248756218905,0.009950248756218905,0,2,0,0,+,5,7,2,6,5,2,14,13,ref|NC_001136|,945051,945251
YDR244W,201,2,0.009950248756218905,0.009950248756218905,1,1,0,0,+,22,41,9,51,50,13,72,114,ref|NC_001136|,950434,950634
YKL184W,201,2,0.009950248756218905,0.009950248756218905,2,0,0,0,+,20,28,13,33,32,15,61,80,ref|NC_001143|,96444,96644
YML128C,201,2,0.009950248756218905,0.009950248756218905,0,2,0,0,-,24,28,13,43,33,13,65,89,ref|NC_001145|,16940,16740
YML124C,201,2,0.009950248756218905,0.009950248756218905,2,0,0,0,-,22,23,18,38,33,15,63,86,ref|NC_001145|,23821,23621
YDR247W,201,2,0.009950248756218905,0.009950248756218905,0,2,0,0,+,27,28,12,36,26,17,67,79,ref|NC_001136|,955544,955744
YKL187C,201,2,0.009950248756218905,0.009950248756218905,1,1,0,0,-,39,37,19,32,54,30,95,116,ref|NC_001143|,91636,91436
YPR190C,201,2,0.009950248756218905,0.009950248756218905,0,2,0,0,-,27,38,11,61,38,24,76,123,ref|NC_001148|,919171,918971
YAL044C,201,2,0.009950248756218905,0.009950248756218905,1,1,0,0,-,3,7,3,11,17,5,13,33,ref|NC_001133|,58576,58376
YOR363C,201,2,0.009950248756218905,0.009950248756218905,2,0,0,0,-,46,55,22,72,69,35,123,176,ref|NC_001147|,1023312,1023112
YKL190W,201,2,0.009950248756218905,0.009950248756218905,2,0,0,0,+,7,10,7,16,16,12,24,44,ref|NC_001143|,82801,83001
YML118W,201,2,0.009950248756218905,0.009950248756218905,1,1,0,0,+,11,34,11,37,31,11,56,79,ref|NC_001145|,32121,32321
YBR247C,201,2,0.009950248756218905,0.009950248756218905,1,1,0,0,-,14,24,6,54,41,18,44,113,ref|NC_001134|,714588,714388
YML116W-A,201,2,0.009950248756218905,0.009950248756218905,0,2,0,0,+,6,1,2,7,4,5,9,16,ref|NC_001145|,37372,37572
YBR248C,201,2,0.009950248756218905,0.009950248756218905,2,0,0,0,-,24,24,18,45,37,19,66,101,ref|NC_001134|,716670,716470
YAL049C,201,2,0.009950248756218905,0.009950248756218905,0,2,0,0,-,13,15,10,11,13,10,38,34,ref|NC_001133|,54182,53982
YAL051W,201,2,0.009950248756218905,0.009950248756218905,2,0,0,0,+,45,79,28,69,78,37,152,184,ref|NC_001133|,48464,48664
YBR250W,201,2,0.009950248756218905,0.009950248756218905,0,2,0,0,+,24,34,9,39,41,15,67,95,ref|NC_001134|,718933,719133
YKL195W,201,2,0.009950248756218905,0.009950248756218905,0,2,0,0,+,17,25,9,45,39,11,51,95,ref|NC_001143|,75687,75887
YDR256C,201,2,0.009950248756218905,0.009950248756218905,1,1,0,0,-,16,31,12,30,30,12,59,72,ref|NC_001136|,969780,969580
YPR195C,201,2,0.009950248756218905,0.009950248756218905,1,1,0,0,-,5,9,2,6,4,0,16,10,ref|NC_001148|,928394,928194
YMR035W,201,2,0.009950248756218905,0.009950248756218905,2,0,0,0,+,5,10,4,7,8,5,19,20,ref|NC_001145|,340973,341173
YAL056W,201,2,0.009950248756218905,0.009950248756218905,2,0,0,0,+,33,48,27,55,64,35,108,154,ref|NC_001133|,39134,39334
YAR030C,201,2,0.009950248756218905,0.009950248756218905,0,2,0,0,-,8,7,1,5,4,1,16,10,ref|NC_001133|,186953,186753
YLR441C,201,2,0.009950248756218905,0.009950248756218905,0,2,0,0,-,10,12,8,27,22,7,30,56,ref|NC_001144|,1019052,1018852
YAR035W,201,2,0.009950248756218905,0.009950248756218905,1,1,0,0,+,30,38,57,29,18,37,125,84,ref|NC_001133|,190056,190256
YDR128W,201,2,0.009950248756218905,0.009950248756218905,0,2,0,0,+,42,65,24,85,72,44,131,201,ref|NC_001136|,709449,709649
YDR114C,201,2,0.009950248756218905,0.009950248756218905,1,1,0,0,-,8,7,2,1,7,5,17,13,ref|NC_001136|,682326,682126
YKL086W,201,2,0.009950248756218905,0.009950248756218905,2,0,0,0,+,4,6,5,8,2,6,15,16,ref|NC_001143|,278155,278355
YKL087C,201,2,0.009950248756218905,0.009950248756218905,2,0,0,0,-,11,8,5,16,17,11,24,44,ref|NC_001143|,278066,277866
YBR201C-A,201,2,0.009950248756218905,0.009950248756218905,1,1,0,0,-,5,6,0,1,2,4,11,7,ref|NC_001134|,624796,624596
YBR202W,201,2,0.009950248756218905,0.009950248756218905,2,0,0,0,+,41,45,21,63,69,31,107,163,ref|NC_001134|,625576,625776
YDR118W,201,2,0.009950248756218905,0.009950248756218905,2,0,0,0,+,23,45,13,48,44,20,81,112,ref|NC_001136|,685782,685982
YMR072W,201,2,0.009950248756218905,0.009950248756218905,0,2,0,0,+,10,7,5,13,13,3,22,29,ref|NC_001145|,411392,411592
YCL023C,201,2,0.009950248756218905,0.009950248756218905,2,0,0,0,-,7,7,3,5,0,3,17,8,ref|NC_001135|,79396,79196
YKL094W,201,2,0.009950248756218905,0.009950248756218905,2,0,0,0,+,11,20,10,17,16,17,41,50,ref|NC_001143|,262215,262415
YKL095W,201,2,0.009950248756218905,0.009950248756218905,2,0,0,0,+,4,8,3,32,24,9,15,65,ref|NC_001143|,262177,262377
YPL274W,201,2,0.009950248756218905,0.009950248756218905,1,1,0,0,+,33,38,19,30,25,14,90,69,ref|NC_001148|,22770,22970
YAR035C-A,201,2,0.009950248756218905,0.009950248756218905,0,2,0,0,-,1,1,1,1,1,0,3,2,ref|NC_001133|,192517,192317
YCL026C-B,201,2,0.009950248756218905,0.009950248756218905,1,1,0,0,-,9,13,7,4,12,5,29,21,ref|NC_001135|,74086,73886
YMR069W,201,2,0.009950248756218905,0.009950248756218905,0,2,0,0,+,8,10,17,11,13,14,35,38,ref|NC_001145|,407609,407809
YDR130C,201,2,0.009950248756218905,0.009950248756218905,2,0,0,0,-,6,15,9,24,27,12,30,63,ref|NC_001136|,716750,716550
YLR089C,201,2,0.009950248756218905,0.009950248756218905,1,1,0,0,-,33,47,15,48,37,15,95,100,ref|NC_001144|,320419,320219
YMR211W,201,2,0.009950248756218905,0.009950248756218905,2,0,0,0,+,22,33,11,35,42,21,66,98,ref|NC_001145|,688929,689129
YMR212C,201,2,0.009950248756218905,0.009950248756218905,2,0,0,0,-,36,41,20,50,67,17,97,134,ref|NC_001145|,693285,693085
YBR207W,201,2,0.009950248756218905,0.009950248756218905,0,2,0,0,+,30,25,15,27,27,14,70,68,ref|NC_001134|,634961,635161
YPL055C,201,2,0.009950248756218905,0.009950248756218905,0,2,0,0,-,4,14,8,32,15,16,26,63,ref|NC_001148|,455109,454909
YLR404W,201,2,0.009950248756218905,0.009950248756218905,1,1,0,0,+,17,14,8,21,14,7,39,42,ref|NC_001144|,928606,928806
YCL030C,201,2,0.009950248756218905,0.009950248756218905,0,2,0,0,-,38,30,19,54,58,22,87,134,ref|NC_001135|,68493,68293
YKL104C,201,2,0.009950248756218905,0.009950248756218905,2,0,0,0,-,40,39,21,57,45,23,100,125,ref|NC_001143|,245675,245475
YPR144C,201,2,0.009950248756218905,0.009950248756218905,0,2,0,0,-,22,43,11,47,35,14,76,96,ref|NC_001148|,821546,821346
YLR184W,201,2,0.009950248756218905,0.009950248756218905,2,0,0,0,+,6,6,5,8,5,4,17,17,ref|NC_001144|,522006,522206
YBL099W,201,2,0.009950248756218905,0.009950248756218905,0,2,0,0,+,28,24,22,39,42,12,74,93,ref|NC_001134|,36602,36802
YPL270W,201,2,0.009950248756218905,0.009950248756218905,0,2,0,0,+,40,54,23,46,45,20,117,111,ref|NC_001148|,30339,30539
YLR081W,201,2,0.009950248756218905,0.009950248756218905,1,1,0,0,+,32,38,14,32,32,6,84,70,ref|NC_001144|,290051,290251
YMR014W,201,2,0.009950248756218905,0.009950248756218905,0,2,0,0,+,14,31,5,60,46,21,50,127,ref|NC_001145|,298720,298920
YBR198C,201,2,0.009950248756218905,0.009950248756218905,2,0,0,0,-,22,56,16,60,39,22,94,121,ref|NC_001134|,618709,618509
YDR079C-A,201,2,0.009950248756218905,0.009950248756218905,2,0,0,0,-,2,4,2,7,7,2,8,16,ref|NC_001136|,603911,603711
YPR018W,201,2,0.009950248756218905,0.009950248756218905,1,1,0,0,+,26,18,9,76,36,26,53,138,ref|NC_001148|,594303,594503
YCL009C,201,2,0.009950248756218905,0.009950248756218905,2,0,0,0,-,12,11,19,26,14,20,42,60,ref|NC_001135|,105715,105515
YLR379W-A,201,2,0.009950248756218905,0.009950248756218905,0,2,0,0,+,2,3,1,12,6,5,6,23,ref|NC_001144|,877344,877544
YKL065C,201,2,0.009950248756218905,0.009950248756218905,1,1,0,0,-,10,18,3,12,11,4,31,27,ref|NC_001143|,317403,317203
YDR085C,201,2,0.009950248756218905,0.009950248756218905,1,1,0,0,-,24,36,23,51,56,35,83,142,ref|NC_001136|,616250,616050
YKL066W,201,2,0.009950248756218905,0.009950248756218905,1,1,0,0,+,6,9,4,1,9,6,19,16,ref|NC_001143|,315181,315381
YBL067C,201,2,0.009950248756218905,0.009950248756218905,2,0,0,0,-,34,43,8,65,52,26,85,143,ref|NC_001134|,95982,95782
YDR089W,201,2,0.009950248756218905,0.009950248756218905,1,1,0,0,+,38,67,25,59,72,20,130,151,ref|NC_001136|,622012,622212
YBL068W,201,2,0.009950248756218905,0.009950248756218905,2,0,0,0,+,8,15,7,28,20,8,30,56,ref|NC_001134|,92256,92456
YLR381W,201,2,0.009950248756218905,0.009950248756218905,1,1,0,0,+,40,49,22,35,41,30,111,106,ref|NC_001144|,879623,879823
YDR090C,201,2,0.009950248756218905,0.009950248756218905,1,1,0,0,-,12,14,10,11,14,14,36,39,ref|NC_001136|,626218,626018
YLR385C,201,2,0.009950248756218905,0.009950248756218905,1,1,0,0,-,5,10,3,10,10,2,18,22,ref|NC_001144|,893620,893420
YKL069W,201,2,0.009950248756218905,0.009950248756218905,0,2,0,0,+,7,21,4,13,7,7,32,27,ref|NC_001143|,307142,307342
YBL071W-A,201,2,0.009950248756218905,0.009950248756218905,0,2,0,0,+,1,5,4,5,10,7,10,22,ref|NC_001134|,89878,90078
YLR386W,201,2,0.009950248756218905,0.009950248756218905,1,1,0,0,+,42,52,20,68,64,29,114,161,ref|NC_001144|,893471,893671
YDR097C,201,2,0.009950248756218905,0.009950248756218905,0,2,0,0,-,49,66,26,95,103,40,141,238,ref|NC_001136|,644030,643830
YLR076C,201,2,0.009950248756218905,0.009950248756218905,1,1,0,0,-,20,6,2,8,10,4,28,22,ref|NC_001144|,283707,283507
YPL264C,201,2,0.009950248756218905,0.009950248756218905,1,1,0,0,-,23,18,12,14,16,4,53,34,ref|NC_001148|,44466,44266
YPR139C,201,2,0.009950248756218905,0.009950248756218905,1,1,0,0,-,11,19,2,18,15,4,32,37,ref|NC_001148|,814233,814033
YBL076C,201,2,0.009950248756218905,0.009950248756218905,1,1,0,0,-,44,60,32,82,94,29,136,205,ref|NC_001134|,84407,84207
YMR203W,201,2,0.009950248756218905,0.009950248756218905,0,2,0,0,+,26,21,10,25,18,11,57,54,ref|NC_001145|,668327,668527
YBL079W,201,2,0.009950248756218905,0.009950248756218905,1,1,0,0,+,79,100,33,85,98,51,212,234,ref|NC_001134|,75159,75359
YKL080W,201,2,0.009950248756218905,0.009950248756218905,0,2,0,0,+,24,30,10,31,26,10,64,67,ref|NC_001143|,284801,285001
YCL017C,201,2,0.009950248756218905,0.009950248756218905,2,0,0,0,-,27,32,12,43,31,14,71,88,ref|NC_001135|,94485,94285
YCL033C,201,2,0.009950248756218905,0.009950248756218905,0,2,0,0,-,4,3,5,10,14,9,12,33,ref|NC_001135|,63567,63367
YKL096W,201,2,0.009950248756218905,0.009950248756218905,0,2,0,0,+,25,10,10,12,12,13,45,37,ref|NC_001143|,259200,259400
YPL052W,201,2,0.009950248756218905,0.009950248756218905,1,1,0,0,+,13,13,5,16,23,6,31,45,ref|NC_001148|,458642,458842
YLR095C,201,2,0.009950248756218905,0.009950248756218905,0,2,0,0,-,31,37,24,68,52,33,92,153,ref|NC_001144|,332252,332052
YLR177W,201,2,0.009950248756218905,0.009950248756218905,2,0,0,0,+,22,31,20,30,47,17,73,94,ref|NC_001144|,510954,511154
YLR423C,201,2,0.009950248756218905,0.009950248756218905,1,1,0,0,-,18,20,1,37,42,11,39,90,ref|NC_001144|,973399,973199
YPR156C,201,2,0.009950248756218905,0.009950248756218905,2,0,0,0,-,45,22,15,36,38,10,82,84,ref|NC_001148|,840265,840065
YKL111C,201,2,0.009950248756218905,0.009950248756218905,2,0,0,0,-,18,12,5,3,10,2,35,15,ref|NC_001143|,228899,228699
YBR212W,201,2,0.009950248756218905,0.009950248756218905,0,2,0,0,+,27,44,13,26,43,17,84,86,ref|NC_001134|,647338,647538
YML054C-A,201,2,0.009950248756218905,0.009950248756218905,2,0,0,0,-,5,4,2,2,2,2,11,6,ref|NC_001145|,167881,167681
YPR158W,201,2,0.009950248756218905,0.009950248756218905,2,0,0,0,+,13,17,6,25,17,10,36,52,ref|NC_001148|,843064,843264
YPL049C,201,2,0.009950248756218905,0.009950248756218905,1,1,0,0,-,13,23,13,29,28,16,49,73,ref|NC_001148|,464249,464049
YML057W,201,2,0.009950248756218905,0.009950248756218905,1,1,0,0,+,24,34,19,47,36,25,77,108,ref|NC_001145|,159989,160189
YKL107W,201,2,0.009950248756218905,0.009950248756218905,0,2,0,0,+,9,18,7,20,24,12,34,56,ref|NC_001143|,236007,236207
YPR013C,201,2,0.009950248756218905,0.009950248756218905,0,2,0,0,-,8,27,2,13,22,9,37,44,ref|NC_001148|,586387,586187
YKL117W,201,2,0.009950248756218905,0.009950248756218905,2,0,0,0,+,5,16,2,14,22,6,23,42,ref|NC_001143|,220193,220393
YPR155C,201,2,0.009950248756218905,0.009950248756218905,2,0,0,0,-,34,43,15,31,57,20,92,108,ref|NC_001148|,837579,837379
YCL044C,201,2,0.009950248756218905,0.009950248756218905,2,0,0,0,-,24,27,17,22,23,15,68,60,ref|NC_001135|,48547,48347
YDR143C,201,2,0.009950248756218905,0.009950248756218905,1,1,0,0,-,26,42,9,29,39,27,77,95,ref|NC_001136|,744147,743947
YML051W,201,2,0.009950248756218905,0.009950248756218905,1,1,0,0,+,19,31,19,23,20,16,69,59,ref|NC_001145|,171375,171575
YLR412W,201,2,0.009950248756218905,0.009950248756218905,2,0,0,0,+,7,15,4,23,22,7,26,52,ref|NC_001144|,948268,948468
YCL038C,201,2,0.009950248756218905,0.009950248756218905,2,0,0,0,-,28,39,17,23,31,12,84,66,ref|NC_001135|,56728,56528
YKL122C,201,2,0.009950248756218905,0.009950248756218905,1,1,0,0,-,6,6,6,17,6,7,18,30,ref|NC_001143|,213150,212950
YLR410W,201,2,0.009950248756218905,0.009950248756218905,1,1,0,0,+,53,70,29,101,90,24,152,215,ref|NC_001144|,937441,937641
YLR183C,201,2,0.009950248756218905,0.009950248756218905,2,0,0,0,-,24,29,16,37,33,14,69,84,ref|NC_001144|,522241,522041
YBR209W,201,2,0.009950248756218905,0.009950248756218905,0,2,0,0,+,7,3,4,5,5,2,14,12,ref|NC_001134|,642483,642683
YMR224C,201,2,0.009950248756218905,0.009950248756218905,0,2,0,0,-,22,38,14,52,66,30,74,148,ref|NC_001145|,720803,720603
YKL106W,201,2,0.009950248756218905,0.009950248756218905,2,0,0,0,+,22,31,11,30,29,9,64,68,ref|NC_001143|,237336,237536
YNL138W,201,1,0.004975124378109453,0.004975124378109453,1,0,0,0,+,33,32,13,32,40,16,78,88,ref|NC_001146|,366610,366810
YNL100W,201,1,0.004975124378109453,0.004975124378109453,0,1,0,0,+,4,22,6,13,19,5,32,37,ref|NC_001146|,437409,437609
YLR230W,201,1,0.004975124378109453,0.004975124378109453,0,1,0,0,+,6,9,6,4,3,3,21,10,ref|NC_001144|,604474,604674
YMR002W,201,1,0.004975124378109453,0.004975124378109453,1,0,0,0,+,2,7,2,11,5,4,11,20,ref|NC_001145|,271788,271988
YLR231C,201,1,0.004975124378109453,0.004975124378109453,0,1,0,0,-,9,26,12,30,28,19,47,77,ref|NC_001144|,607361,607161
YLR229C,201,1,0.004975124378109453,0.004975124378109453,0,1,0,0,-,5,8,10,12,16,9,23,37,ref|NC_001144|,604989,604789
YLR167W,201,1,0.004975124378109453,0.004975124378109453,1,0,0,0,+,10,5,2,19,9,2,17,30,ref|NC_001144|,498088,498288
YNL094W,201,1,0.004975124378109453,0.004975124378109453,1,0,0,0,+,28,30,14,48,39,17,72,104,ref|NC_001146|,447245,447445
YHR200W,201,1,0.004975124378109453,0.004975124378109453,0,1,0,0,+,12,14,10,27,17,10,36,54,ref|NC_001140|,498955,499155
YNL099C,201,1,0.004975124378109453,0.004975124378109453,0,1,0,0,-,11,14,5,30,16,10,30,56,ref|NC_001146|,439407,439207
YNL126W,201,1,0.004975124378109453,0.004975124378109453,0,1,0,0,+,47,54,23,61,57,28,124,146,ref|NC_001146|,387127,387327
YLR204W,201,1,0.004975124378109453,0.004975124378109453,0,1,0,0,+,1,6,1,15,10,2,8,27,ref|NC_001144|,552107,552307
YLR193C,201,1,0.004975124378109453,0.004975124378109453,0,1,0,0,-,3,11,3,12,10,7,17,29,ref|NC_001144|,540707,540507
YHR210C,201,1,0.004975124378109453,0.004975124378109453,1,0,0,0,-,9,27,6,15,32,10,42,57,ref|NC_001140|,521856,521656
YNL096C,201,1,0.004975124378109453,0.004975124378109453,0,1,0,0,-,17,14,6,29,23,8,37,60,ref|NC_001146|,444514,444314
YNL127W,201,1,0.004975124378109453,0.004975124378109453,0,1,0,0,+,50,56,17,78,74,25,123,177,ref|NC_001146|,383789,383989
YLR172C,201,1,0.004975124378109453,0.004975124378109453,1,0,0,0,-,13,14,11,31,12,13,38,56,ref|NC_001144|,502299,502099
YNL098C,201,1,0.004975124378109453,0.004975124378109453,1,0,0,0,-,12,9,9,19,24,7,30,50,ref|NC_001146|,440983,440783
YIL163C,201,1,0.004975124378109453,0.004975124378109453,0,1,0,0,-,7,7,8,5,1,3,22,9,ref|NC_001141|,37352,37152
YHR168W,201,1,0.004975124378109453,0.004975124378109453,1,0,0,0,+,23,24,12,38,28,19,59,85,ref|NC_001140|,440171,440371
YHR199C-A,201,1,0.004975124378109453,0.004975124378109453,1,0,0,0,-,3,9,2,8,5,3,14,16,ref|NC_001140|,498959,498759
YIL138C,201,1,0.004975124378109453,0.004975124378109453,0,1,0,0,-,7,6,2,28,18,6,15,52,ref|NC_001141|,89834,89634
YHR213W-B,201,1,0.004975124378109453,0.004975124378109453,1,0,0,0,+,10,3,3,6,5,2,16,13,ref|NC_001140|,540700,540900
YLR174W,201,1,0.004975124378109453,0.004975124378109453,0,1,0,0,+,13,20,10,32,34,18,43,84,ref|NC_001144|,504204,504404
YLR242C,201,1,0.004975124378109453,0.004975124378109453,0,1,0,0,-,13,20,8,16,19,7,41,42,ref|NC_001144|,624063,623863
YLR198C,201,1,0.004975124378109453,0.004975124378109453,1,0,0,0,-,26,7,2,1,2,2,35,5,ref|NC_001144|,547745,547545
YNL103W,201,1,0.004975124378109453,0.004975124378109453,0,1,0,0,+,27,45,13,33,42,38,85,113,ref|NC_001146|,427440,427640
YLR240W,201,1,0.004975124378109453,0.004975124378109453,0,1,0,0,+,33,52,19,64,69,24,104,157,ref|NC_001144|,617400,617600
YHR196W,201,1,0.004975124378109453,0.004975124378109453,0,1,0,0,+,27,34,11,63,55,11,72,129,ref|NC_001140|,491769,491969
YLR216C,201,1,0.004975124378109453,0.004975124378109453,1,0,0,0,-,11,16,8,26,40,12,35,78,ref|NC_001144|,573412,573212
YLR200W,201,1,0.004975124378109453,0.004975124378109453,0,1,0,0,+,1,2,1,19,9,3,4,31,ref|NC_001144|,548871,549071
YHR198C,201,1,0.004975124378109453,0.004975124378109453,0,1,0,0,-,18,21,9,13,25,14,48,52,ref|NC_001140|,497380,497180
YNL121C,201,1,0.004975124378109453,0.004975124378109453,1,0,0,0,-,26,25,10,49,56,23,61,128,ref|NC_001146|,400685,400485
YMR013C,201,1,0.004975124378109453,0.004975124378109453,0,1,0,0,-,28,29,17,17,36,9,74,62,ref|NC_001145|,296894,296694
YLR178C,201,1,0.004975124378109453,0.004975124378109453,0,1,0,0,-,9,12,3,13,8,12,24,33,ref|NC_001144|,514483,514283
YMR043W,201,1,0.004975124378109453,0.004975124378109453,0,1,0,0,+,5,21,5,18,23,6,31,47,ref|NC_001145|,353372,353572
YIL169C,201,1,0.004975124378109453,0.004975124378109453,0,1,0,0,-,121,116,14,26,62,14,251,102,ref|NC_001141|,26246,26046
YLR175W,201,1,0.004975124378109453,0.004975124378109453,1,0,0,0,+,21,25,8,58,42,7,54,107,ref|NC_001144|,505936,506136
YLR238W,201,1,0.004975124378109453,0.004975124378109453,0,1,0,0,+,12,28,8,46,29,21,48,96,ref|NC_001144|,614577,614777
YLR197W,201,1,0.004975124378109453,0.004975124378109453,1,0,0,0,+,21,29,9,59,33,12,59,104,ref|NC_001144|,545916,546116
YHR199C,201,1,0.004975124378109453,0.004975124378109453,1,0,0,0,-,19,18,7,19,20,8,44,47,ref|NC_001140|,498699,498499
YHR166C,201,1,0.004975124378109453,0.004975124378109453,1,0,0,0,-,26,31,16,45,40,22,73,107,ref|NC_001140|,439252,439052
YNL125C,201,1,0.004975124378109453,0.004975124378109453,1,0,0,0,-,44,30,31,28,37,28,105,93,ref|NC_001146|,392465,392265
YLR194C,201,1,0.004975124378109453,0.004975124378109453,1,0,0,0,-,12,25,4,9,6,6,41,21,ref|NC_001144|,541932,541732
YLR235C,201,1,0.004975124378109453,0.004975124378109453,1,0,0,0,-,10,4,5,4,7,5,19,16,ref|NC_001144|,612030,611830
YMR009W,201,1,0.004975124378109453,0.004975124378109453,0,1,0,0,+,6,14,3,12,17,5,23,34,ref|NC_001145|,283959,284159
YIL141W,201,1,0.004975124378109453,0.004975124378109453,1,0,0,0,+,9,11,6,10,6,6,26,22,ref|NC_001141|,84953,85153
YNL137C,201,1,0.004975124378109453,0.004975124378109453,0,1,0,0,-,18,34,13,37,30,13,65,80,ref|NC_001146|,370261,370061
YLR163C,201,1,0.004975124378109453,0.004975124378109453,1,0,0,0,-,19,25,10,37,31,6,54,74,ref|NC_001144|,493405,493205
YLR187W,201,1,0.004975124378109453,0.004975124378109453,0,1,0,0,+,48,80,28,66,64,21,156,151,ref|NC_001144|,524765,524965
YMR027W,201,1,0.004975124378109453,0.004975124378109453,1,0,0,0,+,20,16,11,40,37,15,47,92,ref|NC_001145|,325678,325878
YIL162W,201,1,0.004975124378109453,0.004975124378109453,0,1,0,0,+,29,33,5,24,43,15,67,82,ref|NC_001141|,37246,37446
YMR025W,201,1,0.004975124378109453,0.004975124378109453,0,1,0,0,+,8,16,7,22,27,8,31,57,ref|NC_001145|,323178,323378
YHR204W,201,1,0.004975124378109453,0.004975124378109453,0,1,0,0,+,28,34,25,48,49,33,87,130,ref|NC_001140|,506172,506372
YLR211C,201,1,0.004975124378109453,0.004975124378109453,0,1,0,0,-,5,10,2,16,18,10,17,44,ref|NC_001144|,564743,564543
YLR186W,201,1,0.004975124378109453,0.004975124378109453,0,1,0,0,+,11,15,10,20,17,11,36,48,ref|NC_001144|,523391,523591
YMR023C,201,1,0.004975124378109453,0.004975124378109453,0,1,0,0,-,20,34,16,45,32,20,70,97,ref|NC_001145|,321139,320939
YMR021C,201,1,0.004975124378109453,0.004975124378109453,0,1,0,0,-,24,29,4,26,29,13,57,68,ref|NC_001145|,318580,318380
YLR224W,201,1,0.004975124378109453,0.004975124378109453,0,1,0,0,+,15,18,12,24,19,14,45,57,ref|NC_001144|,585767,585967
YIL156W,201,1,0.004975124378109453,0.004975124378109453,0,1,0,0,+,46,60,22,69,78,41,128,188,ref|NC_001141|,47991,48191
YHR188C,201,1,0.004975124378109453,0.004975124378109453,0,1,0,0,-,33,37,18,33,34,25,88,92,ref|NC_001140|,483952,483752
YLR210W,201,1,0.004975124378109453,0.004975124378109453,1,0,0,0,+,16,22,9,41,45,15,47,101,ref|NC_001144|,561840,562040
YNL082W,201,1,0.004975124378109453,0.004975124378109453,1,0,0,0,+,28,65,23,79,84,27,116,190,ref|NC_001146|,473236,473436
YMR008C,201,1,0.004975124378109453,0.004975124378109453,1,0,0,0,-,47,34,8,34,40,12,89,86,ref|NC_001145|,283558,283358
YNL088W,201,1,0.004975124378109453,0.004975124378109453,0,1,0,0,+,48,66,29,146,118,47,143,311,ref|NC_001146|,457604,457804
YLR164W,201,1,0.004975124378109453,0.004975124378109453,0,1,0,0,+,10,11,8,10,6,5,29,21,ref|NC_001144|,493420,493620
YIL156W-A,201,1,0.004975124378109453,0.004975124378109453,0,1,0,0,+,14,9,4,8,5,3,27,16,ref|NC_001141|,47192,47392
YMR008C-A,201,1,0.004975124378109453,0.004975124378109453,0,1,0,0,-,7,9,6,4,6,7,22,17,ref|NC_001145|,283648,283448
YLR165C,201,1,0.004975124378109453,0.0,0,0,1,0,-,7,17,5,20,11,5,29,36,ref|NC_001144|,495399,495199
YLR170C,201,1,0.004975124378109453,0.004975124378109453,0,1,0,0,-,5,3,5,8,17,8,13,33,ref|NC_001144|,501196,500996
YLR220W,201,1,0.004975124378109453,0.004975124378109453,1,0,0,0,+,20,22,9,21,15,15,51,51,ref|NC_001144|,576564,576764
YNL114C,201,1,0.004975124378109453,0.004975124378109453,1,0,0,0,-,15,9,4,3,6,4,28,13,ref|NC_001146|,413362,413162
YIL159W,201,1,0.004975124378109453,0.004975124378109453,0,1,0,0,+,57,90,26,106,111,46,173,263,ref|NC_001141|,41725,41925
YMR029C,201,1,0.004975124378109453,0.004975124378109453,1,0,0,0,-,24,27,15,45,43,16,66,104,ref|NC_001145|,330370,330170
YHR192W,201,1,0.004975124378109453,0.004975124378109453,1,0,0,0,+,11,19,8,20,12,8,38,40,ref|NC_001140|,486397,486597
YNL109W,201,1,0.004975124378109453,0.004975124378109453,0,1,0,0,+,18,24,1,9,4,0,43,13,ref|NC_001146|,418769,418969
YHR177W,201,1,0.004975124378109453,0.004975124378109453,1,0,0,0,+,23,27,12,24,21,15,62,60,ref|NC_001140|,456491,456691
YLR189C,201,1,0.004975124378109453,0.004975124378109453,0,1,0,0,-,40,67,35,98,83,41,142,222,ref|NC_001144|,534553,534353
YMR034C,201,1,0.004975124378109453,0.004975124378109453,1,0,0,0,-,20,33,7,14,20,9,60,43,ref|NC_001145|,341045,340845
YLR226W,201,1,0.004975124378109453,0.004975124378109453,0,1,0,0,+,13,24,4,28,28,13,41,69,ref|NC_001144|,589205,589405
YHR174W,201,1,0.004975124378109453,0.004975124378109453,0,1,0,0,+,22,20,14,33,40,15,56,88,ref|NC_001140|,451197,451397
YLR199C,201,1,0.004975124378109453,0.004975124378109453,0,1,0,0,-,19,16,7,14,29,7,42,50,ref|NC_001144|,549052,548852
YLR166C,201,1,0.004975124378109453,0.004975124378109453,1,0,0,0,-,30,64,17,62,71,15,111,148,ref|NC_001144|,498180,497980
YMR011W,201,1,0.004975124378109453,0.004975124378109453,0,1,0,0,+,48,29,20,20,31,7,97,58,ref|NC_001145|,287949,288149
YLR215C,201,1,0.004975124378109453,0.004975124378109453,0,1,0,0,-,9,16,8,30,35,14,33,79,ref|NC_001144|,572019,571819
YMR033W,201,1,0.004975124378109453,0.004975124378109453,1,0,0,0,+,24,33,11,38,29,14,68,81,ref|NC_001145|,337645,337845
YHR175W,201,1,0.004975124378109453,0.004975124378109453,0,1,0,0,+,7,12,7,14,13,3,26,30,ref|NC_001140|,452772,452972
YHR175W-A,201,1,0.004975124378109453,0.004975124378109453,0,1,0,0,+,2,3,2,0,2,0,7,2,ref|NC_001140|,453458,453658
YMR030W-A,201,1,0.004975124378109453,0.004975124378109453,1,0,0,0,+,5,9,0,7,2,1,14,10,ref|NC_001145|,337213,337413
YLR188W,201,1,0.004975124378109453,0.004975124378109453,1,0,0,0,+,19,50,27,41,42,20,96,103,ref|NC_001144|,528127,528327
YNL079C,201,1,0.004975124378109453,0.004975124378109453,1,0,0,0,-,6,10,3,32,13,12,19,57,ref|NC_001146|,479318,479118
YNL111C,201,1,0.004975124378109453,0.004975124378109453,0,1,0,0,-,6,5,3,7,12,6,14,25,ref|NC_001146|,417648,417448
YLR179C,201,1,0.004975124378109453,0.004975124378109453,0,1,0,0,-,7,12,13,10,13,7,32,30,ref|NC_001144|,514890,514690
YNL080C,201,1,0.004975124378109453,0.004975124378109453,1,0,0,0,-,22,25,8,20,20,16,55,56,ref|NC_001146|,478332,478132
YLR212C,201,1,0.004975124378109453,0.004975124378109453,1,0,0,0,-,23,24,16,28,32,27,63,87,ref|NC_001144|,566426,566226
YNL092W,201,1,0.004975124378109453,0.004975124378109453,0,1,0,0,+,21,22,14,22,27,13,57,62,ref|NC_001146|,450687,450887
YNL081C,201,1,0.004975124378109453,0.004975124378109453,0,1,0,0,-,8,7,6,10,7,6,21,23,ref|NC_001146|,476974,476774
YNL133C,201,1,0.004975124378109453,0.004975124378109453,1,0,0,0,-,3,6,1,21,10,3,10,34,ref|NC_001146|,374834,374634
YMR032W,201,1,0.004975124378109453,0.004975124378109453,0,1,0,0,+,28,43,13,59,49,21,84,129,ref|NC_001145|,335094,335294
YMR030W,201,1,0.004975124378109453,0.004975124378109453,0,1,0,0,+,17,29,8,33,24,10,54,67,ref|NC_001145|,330508,330708
YLR209C,201,1,0.004975124378109453,0.004975124378109453,1,0,0,0,-,9,16,8,18,23,8,33,49,ref|NC_001144|,561934,561734
YNL070W,201,1,0.004975124378109453,0.004975124378109453,1,0,0,0,+,5,1,0,2,4,1,6,7,ref|NC_001146|,493213,493413
YMR263W,201,1,0.004975124378109453,0.004975124378109453,0,1,0,0,+,2,8,4,21,7,6,14,34,ref|NC_001145|,794769,794969
YNL069C,201,1,0.004975124378109453,0.004975124378109453,0,1,0,0,-,17,19,8,28,22,8,44,58,ref|NC_001146|,495112,494912
YNR004W,201,1,0.004975124378109453,0.004975124378109453,0,1,0,0,+,6,7,3,15,12,6,16,33,ref|NC_001146|,635366,635566
YML050W,201,1,0.004975124378109453,0.004975124378109453,0,1,0,0,+,8,23,5,14,16,6,36,36,ref|NC_001145|,173021,173221
YHR027C,201,1,0.004975124378109453,0.004975124378109453,1,0,0,0,-,42,36,23,81,89,33,101,203,ref|NC_001140|,164868,164668
YLR406C-A,201,1,0.004975124378109453,0.004975124378109453,1,0,0,0,-,3,2,1,0,2,1,6,3,ref|NC_001144|,932455,932255
YLR407W,201,1,0.004975124378109453,0.004975124378109453,1,0,0,0,+,13,5,8,22,15,10,26,47,ref|NC_001144|,932619,932819
YLR409C,201,1,0.004975124378109453,0.004975124378109453,1,0,0,0,-,44,63,24,79,58,28,131,165,ref|NC_001144|,937380,937180
YML052W,201,1,0.004975124378109453,0.004975124378109453,1,0,0,0,+,19,12,6,15,11,5,37,31,ref|NC_001145|,170263,170463
YLR412C-A,201,1,0.004975124378109453,0.004975124378109453,1,0,0,0,-,1,2,1,8,3,2,4,13,ref|NC_001144|,950573,950373
YLR413W,201,1,0.004975124378109453,0.004975124378109453,1,0,0,0,+,46,31,17,21,42,16,94,79,ref|NC_001144|,951006,951206
YHR021W-A,201,1,0.004975124378109453,0.004975124378109453,1,0,0,0,+,12,14,4,5,5,5,30,15,ref|NC_001140|,149125,149325
YHR019C,201,1,0.004975124378109453,0.004975124378109453,0,1,0,0,-,20,28,18,47,45,26,66,118,ref|NC_001140|,143700,143500
YHR017W,201,1,0.004975124378109453,0.004975124378109453,1,0,0,0,+,15,31,10,21,22,14,56,57,ref|NC_001140|,138568,138768
YHR016C,201,1,0.004975124378109453,0.004975124378109453,0,1,0,0,-,21,24,14,36,37,18,59,91,ref|NC_001140|,138590,138390
YLR416C,201,1,0.004975124378109453,0.004975124378109453,0,1,0,0,-,9,10,4,6,8,2,23,16,ref|NC_001144|,954989,954789
YHR029C,201,1,0.004975124378109453,0.004975124378109453,1,0,0,0,-,7,15,3,20,26,6,25,52,ref|NC_001140|,168710,168510
YLR417W,201,1,0.004975124378109453,0.004975124378109453,0,1,0,0,+,34,28,25,44,44,32,87,120,ref|NC_001144|,954809,955009
YLR418C,201,1,0.004975124378109453,0.004975124378109453,1,0,0,0,-,14,25,12,28,24,14,51,66,ref|NC_001144|,958295,958095
YML055W,201,1,0.004975124378109453,0.004975124378109453,1,0,0,0,+,9,5,6,15,12,7,20,34,ref|NC_001145|,164499,164699
YHR012W,201,1,0.004975124378109453,0.004975124378109453,1,0,0,0,+,13,13,7,21,22,9,33,52,ref|NC_001140|,129360,129560
YLR427W,201,1,0.004975124378109453,0.004975124378109453,1,0,0,0,+,31,37,15,50,34,29,83,113,ref|NC_001144|,988194,988394
YHR008C,201,1,0.004975124378109453,0.004975124378109453,1,0,0,0,-,12,14,5,12,10,7,31,29,ref|NC_001140|,123823,123623
YLR431C,201,1,0.004975124378109453,0.004975124378109453,0,1,0,0,-,23,28,16,32,35,17,67,84,ref|NC_001144|,1001947,1001747
YLR432W,201,1,0.004975124378109453,0.004975124378109453,0,1,0,0,+,28,25,13,41,35,7,66,83,ref|NC_001144|,1002339,1002539
YLR434C,201,1,0.004975124378109453,0.004975124378109453,1,0,0,0,-,8,12,2,6,7,1,22,14,ref|NC_001144|,1006508,1006308
YHR003C,201,1,0.004975124378109453,0.004975124378109453,1,0,0,0,-,21,18,16,42,28,15,55,85,ref|NC_001140|,111428,111228
YHR002W,201,1,0.004975124378109453,0.004975124378109453,0,1,0,0,+,8,26,7,25,22,7,41,54,ref|NC_001140|,108564,108764
YLR435W,201,1,0.004975124378109453,0.004975124378109453,1,0,0,0,+,3,8,4,23,27,9,15,59,ref|NC_001144|,1006199,1006399
YHR028W-A,201,1,0.004975124378109453,0.004975124378109453,0,1,0,0,+,9,5,4,2,6,2,18,10,ref|NC_001140|,167252,167452
YHR030C,201,1,0.004975124378109453,0.004975124378109453,1,0,0,0,-,14,36,8,43,30,9,58,82,ref|NC_001140|,170600,170400
YLR375W,201,1,0.004975124378109453,0.004975124378109453,1,0,0,0,+,10,21,15,13,26,13,46,52,ref|NC_001144|,871507,871707
YNL006W,201,1,0.004975124378109453,0.004975124378109453,0,1,0,0,+,15,18,9,15,17,11,42,43,ref|NC_001146|,619897,620097
YNL020C,201,1,0.004975124378109453,0.004975124378109453,0,1,0,0,-,31,46,12,31,49,16,89,96,ref|NC_001146|,597767,597567
YNL018C,201,1,0.004975124378109453,0.004975124378109453,1,0,0,0,-,41,42,15,36,31,23,98,90,ref|NC_001146|,601874,601674
YNL017C,201,1,0.004975124378109453,0.004975124378109453,0,1,0,0,-,5,8,4,5,2,4,17,11,ref|NC_001146|,602576,602376
YNL014W,201,1,0.004975124378109453,0.004975124378109453,1,0,0,0,+,41,47,23,71,82,30,111,183,ref|NC_001146|,606219,606419
YNL009W,201,1,0.004975124378109453,0.004975124378109453,1,0,0,0,+,9,25,10,33,34,9,44,76,ref|NC_001146|,614691,614891
YHR049W,201,1,0.004975124378109453,0.004975124378109453,1,0,0,0,+,15,18,1,22,16,8,34,46,ref|NC_001140|,206327,206527
YLR379W,201,1,0.004975124378109453,0.004975124378109453,0,1,0,0,+,7,8,1,7,6,2,16,15,ref|NC_001144|,876822,877022
YLR380W,201,1,0.004975124378109453,0.004975124378109453,0,1,0,0,+,20,25,11,38,23,18,56,79,ref|NC_001144|,877551,877751
YHR043C,201,1,0.004975124378109453,0.004975124378109453,1,0,0,0,-,8,10,6,21,20,4,24,45,ref|NC_001140|,193747,193547
YLR388W,201,1,0.004975124378109453,0.004975124378109453,1,0,0,0,+,4,8,2,5,1,2,14,8,ref|NC_001144|,897906,898106
YLR390W,201,1,0.004975124378109453,0.004975124378109453,0,1,0,0,+,3,7,3,7,3,6,13,16,ref|NC_001144|,898799,898999
YLR390W-A,201,1,0.004975124378109453,0.004975124378109453,0,1,0,0,+,39,10,5,6,7,8,54,21,ref|NC_001144|,903624,903824
YNL005C,201,1,0.004975124378109453,0.004975124378109453,0,1,0,0,-,17,14,10,39,28,4,41,71,ref|NC_001146|,622599,622399
YLR403W,201,1,0.004975124378109453,0.004975124378109453,0,1,0,0,+,36,51,13,34,40,20,100,94,ref|NC_001144|,925468,925668
YLR392C,201,1,0.004975124378109453,0.004975124378109453,0,1,0,0,-,26,38,11,39,39,15,75,93,ref|NC_001144|,906793,906593
YLR393W,201,1,0.004975124378109453,0.004975124378109453,1,0,0,0,+,15,10,7,12,17,6,32,35,ref|NC_001144|,906923,907123
YLR394W,201,1,0.004975124378109453,0.004975124378109453,1,0,0,0,+,28,39,17,31,24,16,84,71,ref|NC_001144|,907222,907422
YLR395C,201,1,0.004975124378109453,0.004975124378109453,1,0,0,0,-,2,9,2,8,5,1,13,14,ref|NC_001144|,910700,910500
YML047C,201,1,0.004975124378109453,0.004975124378109453,0,1,0,0,-,12,19,9,18,24,16,40,58,ref|NC_001145|,181175,180975
YNL002C,201,1,0.004975124378109453,0.004975124378109453,1,0,0,0,-,22,17,6,43,23,8,45,74,ref|NC_001146|,627268,627068
YLR399C,201,1,0.004975124378109453,0.004975124378109453,0,1,0,0,-,25,32,18,67,39,34,75,140,ref|NC_001144|,921746,921546
YLR400W,201,1,0.004975124378109453,0.004975124378109453,0,1,0,0,+,10,10,4,7,11,6,24,24,ref|NC_001144|,921963,922163
YLR401C,201,1,0.004975124378109453,0.004975124378109453,1,0,0,0,-,27,34,24,63,49,25,85,137,ref|NC_001144|,924593,924393
YLR402W,201,1,0.004975124378109453,0.004975124378109453,0,1,0,0,+,3,7,4,0,0,2,14,2,ref|NC_001144|,924789,924989
YHR032W-A,201,1,0.004975124378109453,0.004975124378109453,1,0,0,0,+,2,2,2,1,3,1,6,5,ref|NC_001140|,175095,175295
YHR032W,201,1,0.004975124378109453,0.004975124378109453,1,0,0,0,+,29,28,22,39,31,16,79,86,ref|NC_001140|,173244,173444
YHL002C-A,201,1,0.004975124378109453,0.004975124378109453,1,0,0,0,-,16,12,4,11,8,1,32,20,ref|NC_001140|,103175,102975
YHL003C,201,1,0.004975124378109453,0.004975124378109453,1,0,0,0,-,25,23,8,22,30,5,56,57,ref|NC_001140|,102161,101961
YML064C,201,1,0.004975124378109453,0.004975124378109453,1,0,0,0,-,12,16,8,12,16,8,36,36,ref|NC_001145|,146059,145859
YML094C-A,201,1,0.004975124378109453,0.004975124378109453,0,1,0,0,-,9,7,5,4,6,5,21,15,ref|NC_001145|,82720,82520
YHL034W-A,201,1,0.004975124378109453,0.004975124378109453,0,1,0,0,+,22,13,2,5,8,3,37,16,ref|NC_001140|,33076,33276
YML129C,201,1,0.004975124378109453,0.004975124378109453,0,1,0,0,-,1,1,2,5,4,2,4,11,ref|NC_001145|,14884,14684
YHL036W,201,1,0.004975124378109453,0.004975124378109453,0,1,0,0,+,32,34,16,22,25,11,82,58,ref|NC_001140|,26076,26276
YML121W,201,1,0.004975124378109453,0.004975124378109453,1,0,0,0,+,16,15,11,24,28,10,42,62,ref|NC_001145|,26695,26895
YML120C,201,1,0.004975124378109453,0.004975124378109453,0,1,0,0,-,20,25,16,40,28,19,61,87,ref|NC_001145|,30065,29865
YHL040C,201,1,0.004975124378109453,0.004975124378109453,1,0,0,0,-,36,41,12,27,32,15,89,74,ref|NC_001140|,21071,20871
YHL042W,201,1,0.004975124378109453,0.004975124378109453,1,0,0,0,+,10,9,6,12,13,2,25,27,ref|NC_001140|,15328,15528
YML117W,201,1,0.004975124378109453,0.004975124378109453,0,1,0,0,+,55,68,34,70,73,47,157,190,ref|NC_001145|,34143,34343
YNR032W,201,1,0.004975124378109453,0.004975124378109453,1,0,0,0,+,19,20,11,33,22,17,50,72,ref|NC_001146|,685766,685966
YHL046W-A,201,1,0.004975124378109453,0.004975124378109453,1,0,0,0,+,10,14,2,4,2,5,26,11,ref|NC_001140|,9881,10081
YML093W,201,1,0.004975124378109453,0.004975124378109453,0,1,0,0,+,30,40,21,121,114,35,91,270,ref|NC_001145|,82959,83159
YNR034W,201,1,0.004975124378109453,0.004975124378109453,0,1,0,0,+,12,18,5,28,27,12,35,67,ref|NC_001146|,690094,690294
YNR036C,201,1,0.004975124378109453,0.004975124378109453,1,0,0,0,-,3,6,6,13,8,8,15,29,ref|NC_001146|,694932,694732
YML065W,201,1,0.004975124378109453,0.004975124378109453,1,0,0,0,+,24,47,19,88,79,34,90,201,ref|NC_001145|,142016,142216
YML111W,201,1,0.004975124378109453,0.004975124378109453,0,1,0,0,+,35,64,17,69,76,25,116,170,ref|NC_001145|,46842,47042
YML095C,201,1,0.004975124378109453,0.004975124378109453,0,1,0,0,-,8,14,5,17,16,7,27,40,ref|NC_001145|,82243,82043
YGR294W,201,1,0.004975124378109453,0.004975124378109453,0,1,0,0,+,8,10,4,5,10,1,22,16,ref|NC_001139|,1080206,1080406
YGR293C,201,1,0.004975124378109453,0.004975124378109453,0,1,0,0,-,7,11,0,6,8,5,18,19,ref|NC_001139|,1080446,1080246
YML098W,201,1,0.004975124378109453,0.004975124378109453,0,1,0,0,+,4,7,1,18,14,6,12,38,ref|NC_001145|,77109,77309
YML104C,201,1,0.004975124378109453,0.004975124378109453,0,1,0,0,-,45,79,30,85,100,28,154,213,ref|NC_001145|,62476,62276
YNR042W,201,1,0.004975124378109453,0.004975124378109453,0,1,0,0,+,11,5,3,5,3,5,19,13,ref|NC_001146|,701138,701338
YML103C,201,1,0.004975124378109453,0.004975124378109453,0,1,0,0,-,91,125,44,95,126,47,260,268,ref|NC_001145|,67649,67449
YNR044W,201,1,0.004975124378109453,0.004975124378109453,1,0,0,0,+,84,82,27,14,27,24,193,65,ref|NC_001146|,703482,703682
YML102W,201,1,0.004975124378109453,0.004975124378109453,1,0,0,0,+,17,20,19,31,25,27,56,83,ref|NC_001145|,67924,68124
YML101C,201,1,0.004975124378109453,0.004975124378109453,1,0,0,0,-,3,2,10,4,8,6,15,18,ref|NC_001145|,70248,70048
YGR284C,201,1,0.004975124378109453,0.004975124378109453,0,1,0,0,-,12,21,8,18,15,3,41,36,ref|NC_001139|,1061741,1061541
YML130C,201,1,0.004975124378109453,0.004975124378109453,0,1,0,0,-,27,33,14,35,43,17,74,95,ref|NC_001145|,13395,13195
YML087C,201,1,0.004975124378109453,0.004975124378109453,0,1,0,0,-,12,10,13,15,18,6,35,39,ref|NC_001145|,95558,95358
YML086C,201,1,0.004975124378109453,0.004975124378109453,1,0,0,0,-,25,26,3,23,35,11,54,69,ref|NC_001145|,97643,97443
YHL031C,201,1,0.004975124378109453,0.004975124378109453,0,1,0,0,-,10,14,8,21,5,10,32,36,ref|NC_001140|,39886,39686
YHL005C,201,1,0.004975124378109453,0.004975124378109453,0,1,0,0,-,8,8,5,8,7,6,21,21,ref|NC_001140|,99320,99120
YNR012W,201,1,0.004975124378109453,0.004975124378109453,1,0,0,0,+,15,35,13,28,33,18,63,79,ref|NC_001146|,647204,647404
YHL006W-A,201,1,0.004975124378109453,0.004975124378109453,1,0,0,0,+,5,7,5,4,5,2,17,11,ref|NC_001140|,97632,97832
YHL007C,201,1,0.004975124378109453,0.004975124378109453,1,0,0,0,-,41,65,23,54,61,32,129,147,ref|NC_001140|,98181,97981
YML066C,201,1,0.004975124378109453,0.004975124378109453,1,0,0,0,-,15,17,11,11,33,7,43,51,ref|NC_001145|,141633,141433
YLR443W,201,1,0.004975124378109453,0.004975124378109453,1,0,0,0,+,21,20,15,30,27,19,56,76,ref|NC_001144|,1022354,1022554
YML067C,201,1,0.004975124378109453,0.004975124378109453,0,1,0,0,-,19,23,7,21,22,6,49,49,ref|NC_001145|,140325,140125
YLR446W,201,1,0.004975124378109453,0.004975124378109453,1,0,0,0,+,22,31,12,23,25,16,65,64,ref|NC_001144|,1025028,1025228
YHL009C,201,1,0.004975124378109453,0.004975124378109453,0,1,0,0,-,12,16,3,32,30,7,31,69,ref|NC_001140|,85284,85084
YML070W,201,1,0.004975124378109453,0.004975124378109453,1,0,0,0,+,24,37,13,35,41,16,74,92,ref|NC_001145|,133117,133317
YML071C,201,1,0.004975124378109453,0.004975124378109453,1,0,0,0,-,22,27,9,72,54,20,58,146,ref|NC_001145|,131800,131600
YHL012W,201,1,0.004975124378109453,0.004975124378109453,0,1,0,0,+,21,28,15,27,43,19,64,89,ref|NC_001140|,78836,79036
YHL013C,201,1,0.004975124378109453,0.004975124378109453,1,0,0,0,-,9,12,6,38,34,8,27,80,ref|NC_001140|,78493,78293
YLR455W,201,1,0.004975124378109453,0.004975124378109453,0,1,0,0,+,4,17,5,38,21,8,26,67,ref|NC_001144|,1053246,1053446
YNR019W,201,1,0.004975124378109453,0.004975124378109453,1,0,0,0,+,36,34,15,45,44,14,85,103,ref|NC_001146|,665239,665439
YHL019C,201,1,0.004975124378109453,0.004975124378109453,0,1,0,0,-,18,30,17,54,48,29,65,131,ref|NC_001140|,69684,69484
YNR021W,201,1,0.004975124378109453,0.004975124378109453,0,1,0,0,+,24,36,4,30,26,8,64,64,ref|NC_001146|,668250,668450
YHL020C,201,1,0.004975124378109453,0.004975124378109453,0,1,0,0,-,16,22,17,27,25,25,55,77,ref|NC_001140|,67645,67445
YLR457C,201,1,0.004975124378109453,0.004975124378109453,0,1,0,0,-,16,15,5,40,24,8,36,72,ref|NC_001144|,1057226,1057026
YHL024W,201,1,0.004975124378109453,0.004975124378109453,0,1,0,0,+,24,48,11,46,52,27,83,125,ref|NC_001140|,56549,56749
YHL025W,201,1,0.004975124378109453,0.004975124378109453,1,0,0,0,+,6,11,14,24,19,19,31,62,ref|NC_001140|,54549,54749
YLR458W,201,1,0.004975124378109453,0.004975124378109453,0,1,0,0,+,18,12,5,3,1,1,35,5,ref|NC_001144|,1056355,1056555
YML078W,201,1,0.004975124378109453,0.004975124378109453,1,0,0,0,+,9,11,5,8,14,4,25,26,ref|NC_001145|,110871,111071
YML084W,201,1,0.004975124378109453,0.004975124378109453,1,0,0,0,+,5,4,4,2,2,2,13,6,ref|NC_001145|,99389,99589
YML085C,201,1,0.004975124378109453,0.004975124378109453,1,0,0,0,-,17,25,12,37,22,15,54,74,ref|NC_001145|,99563,99363
YHR056W-A,201,1,0.004975124378109453,0.004975124378109453,0,1,0,0,+,9,4,5,3,9,5,18,17,ref|NC_001140|,217306,217506
YLR373C,201,1,0.004975124378109453,0.004975124378109453,1,0,0,0,-,42,68,28,64,46,39,138,149,ref|NC_001144|,871498,871298
YLR244C,201,1,0.004975124378109453,0.004975124378109453,1,0,0,0,-,11,18,6,29,31,7,35,67,ref|NC_001144|,627015,626815
YHR124W,201,1,0.004975124378109453,0.004975124378109453,1,0,0,0,+,28,46,17,55,40,21,91,116,ref|NC_001140|,356461,356661
YLR284C,201,1,0.004975124378109453,0.004975124378109453,0,1,0,0,-,5,16,9,17,23,7,30,47,ref|NC_001144|,707243,707043
YLR285W,201,1,0.004975124378109453,0.004975124378109453,1,0,0,0,+,9,24,6,21,11,9,39,41,ref|NC_001144|,707254,707454
YHR137W,201,1,0.004975124378109453,0.004975124378109453,1,0,0,0,+,25,23,12,37,37,16,60,90,ref|NC_001140|,375298,375498
YML012W,201,1,0.004975124378109453,0.004975124378109453,0,1,0,0,+,8,12,11,16,16,10,31,42,ref|NC_001145|,244587,244787
YLR287C,201,1,0.004975124378109453,0.004975124378109453,0,1,0,0,-,15,14,3,26,27,12,32,65,ref|NC_001144|,712228,712028
YHR136C,201,1,0.004975124378109453,0.004975124378109453,1,0,0,0,-,5,12,5,15,6,6,22,27,ref|NC_001140|,375393,375193
YML014W,201,1,0.004975124378109453,0.004975124378109453,1,0,0,0,+,10,13,12,23,18,11,35,52,ref|NC_001145|,243078,243278
YML015C,201,1,0.004975124378109453,0.004975124378109453,1,0,0,0,-,9,20,9,24,22,16,38,62,ref|NC_001145|,243192,242992
YLR290C,201,1,0.004975124378109453,0.004975124378109453,0,1,0,0,-,9,10,5,15,23,5,24,43,ref|NC_001144|,718101,717901
YLR291C,201,1,0.004975124378109453,0.004975124378109453,1,0,0,0,-,12,25,10,28,26,8,47,62,ref|NC_001144|,719627,719427
YLR294C,201,1,0.004975124378109453,0.004975124378109453,0,1,0,0,-,9,6,2,7,5,2,17,14,ref|NC_001144|,722130,721930
YHR129C,201,1,0.004975124378109453,0.004975124378109453,0,1,0,0,-,12,18,14,25,18,15,44,58,ref|NC_001140|,364550,364350
YLR306W,201,1,0.004975124378109453,0.004975124378109453,1,0,0,0,+,14,9,8,16,20,7,31,43,ref|NC_001144|,743984,744184
YLR278C,201,1,0.004975124378109453,0.004975124378109453,1,0,0,0,-,73,88,29,82,78,46,190,206,ref|NC_001144|,704124,703924
YML020W,201,1,0.004975124378109453,0.004975124378109453,1,0,0,0,+,32,47,16,44,42,23,95,109,ref|NC_001145|,230873,231073
YHR122W,201,1,0.004975124378109453,0.004975124378109453,0,1,0,0,+,12,10,2,23,24,7,24,54,ref|NC_001140|,353521,353721
YNL050C,201,1,0.004975124378109453,0.004975124378109453,1,0,0,0,-,10,14,9,41,26,7,33,74,ref|NC_001146|,535106,534906
YHR119W,201,1,0.004975124378109453,0.004975124378109453,1,0,0,0,+,57,69,25,97,73,28,151,198,ref|NC_001140|,345943,346143
YLR310C,201,1,0.004975124378109453,0.004975124378109453,0,1,0,0,-,77,107,37,112,117,52,221,281,ref|NC_001144|,757093,756893
YNL048W,201,1,0.004975124378109453,0.004975124378109453,1,0,0,0,+,20,31,12,35,39,10,63,84,ref|NC_001146|,538042,538242
YHR114W,201,1,0.004975124378109453,0.004975124378109453,1,0,0,0,+,27,31,14,52,54,22,72,128,ref|NC_001140|,337983,338183
YLR311C,201,1,0.004975124378109453,0.004975124378109453,0,1,0,0,-,9,6,3,5,3,3,18,11,ref|NC_001144|,757714,757514
YHR113W,201,1,0.004975124378109453,0.004975124378109453,0,1,0,0,+,22,32,12,34,31,15,66,80,ref|NC_001140|,336051,336251
YHR112C,201,1,0.004975124378109453,0.004975124378109453,0,1,0,0,-,19,17,9,28,26,16,45,70,ref|NC_001140|,336263,336063
YHR111W,201,1,0.004975124378109453,0.004975124378109453,1,0,0,0,+,21,16,5,38,35,15,42,88,ref|NC_001140|,332959,333159
YHR110W,201,1,0.004975124378109453,0.004975124378109453,1,0,0,0,+,10,14,5,19,15,5,29,39,ref|NC_001140|,332119,332319
YLR279W,201,1,0.004975124378109453,0.004975124378109453,1,0,0,0,+,11,6,11,1,3,8,28,12,ref|NC_001144|,704209,704409
YLR277C,201,1,0.004975124378109453,0.004975124378109453,1,0,0,0,-,36,54,12,60,60,20,102,140,ref|NC_001144|,699753,699553
YLR372W,201,1,0.004975124378109453,0.004975124378109453,1,0,0,0,+,31,16,7,14,21,3,54,38,ref|NC_001144|,867037,867237
YLR264W,201,1,0.004975124378109453,0.004975124378109453,1,0,0,0,+,5,5,4,4,4,1,14,9,ref|NC_001144|,672975,673175
YLR245C,201,1,0.004975124378109453,0.004975124378109453,1,0,0,0,-,9,9,4,6,7,4,22,17,ref|NC_001144|,627094,626894
YLR247C,201,1,0.004975124378109453,0.004975124378109453,0,1,0,0,-,58,103,32,118,118,66,193,302,ref|NC_001144|,633454,633254
YLR248W,201,1,0.004975124378109453,0.004975124378109453,0,1,0,0,+,23,32,17,41,45,23,72,109,ref|NC_001144|,633487,633687
YHR161C,201,1,0.004975124378109453,0.004975124378109453,0,1,0,0,-,26,45,11,31,39,17,82,87,ref|NC_001140|,422628,422428
YLR251W,201,1,0.004975124378109453,0.004975124378109453,1,0,0,0,+,8,9,3,8,11,6,20,25,ref|NC_001144|,641351,641551
YHR159W,201,1,0.004975124378109453,0.004975124378109453,0,1,0,0,+,24,30,19,39,33,23,73,95,ref|NC_001140|,417374,417574
YLR252W,201,1,0.004975124378109453,0.004975124378109453,1,0,0,0,+,2,7,3,8,3,1,12,12,ref|NC_001144|,641408,641608
YLR260W,201,1,0.004975124378109453,0.004975124378109453,1,0,0,0,+,23,39,21,51,52,23,83,126,ref|NC_001144|,665608,665808
YNL067W-B,201,1,0.004975124378109453,0.0,0,0,0,1,+,2,1,0,1,3,1,3,5,ref|NC_001146|,499317,499517
YHR156C,201,1,0.004975124378109453,0.004975124378109453,1,0,0,0,-,8,21,11,38,35,20,40,93,ref|NC_001140|,412547,412347
YHR154W,201,1,0.004975124378109453,0.004975124378109453,0,1,0,0,+,30,76,24,78,82,35,130,195,ref|NC_001140|,402814,403014
YNL066W,201,1,0.004975124378109453,0.004975124378109453,0,1,0,0,+,38,24,13,12,36,9,75,57,ref|NC_001146|,500862,501062
YNL065W,201,1,0.004975124378109453,0.004975124378109453,1,0,0,0,+,35,39,7,38,27,17,81,82,ref|NC_001146|,503531,503731
YLR275W,201,1,0.004975124378109453,0.004975124378109453,0,1,0,0,+,5,6,5,13,14,2,16,29,ref|NC_001144|,694067,694267
YHR149C,201,1,0.004975124378109453,0.004975124378109453,1,0,0,0,-,29,51,18,55,46,23,98,124,ref|NC_001140|,396934,396734
YNL064C,201,1,0.004975124378109453,0.004975124378109453,1,0,0,0,-,12,22,10,45,34,9,44,88,ref|NC_001146|,507448,507248
YLR267W,201,1,0.004975124378109453,0.004975124378109453,0,1,0,0,+,33,42,16,41,38,22,91,101,ref|NC_001144|,678112,678312
YNL063W,201,1,0.004975124378109453,0.004975124378109453,0,1,0,0,+,12,12,11,22,15,14,35,51,ref|NC_001146|,507534,507734
YLR269C,201,1,0.004975124378109453,0.004975124378109453,1,0,0,0,-,3,3,5,6,11,2,11,19,ref|NC_001144|,681316,681116
YLR270W,201,1,0.004975124378109453,0.004975124378109453,1,0,0,0,+,14,24,6,31,26,8,44,65,ref|NC_001144|,680926,681126
YML010W,201,1,0.004975124378109453,0.004975124378109453,1,0,0,0,+,37,51,28,82,86,31,116,199,ref|NC_001145|,247577,247777
YLR274W,201,1,0.004975124378109453,0.004975124378109453,1,0,0,0,+,36,46,13,63,56,23,95,142,ref|NC_001144|,691416,691616
YHR143W-A,201,1,0.004975124378109453,0.004975124378109453,0,1,0,0,+,4,3,1,7,6,1,8,14,ref|NC_001140|,387133,387333
YNL059C,201,1,0.004975124378109453,0.004975124378109453,0,1,0,0,-,18,41,11,83,64,24,70,171,ref|NC_001146|,515061,514861
YHR142W,201,1,0.004975124378109453,0.004975124378109453,0,1,0,0,+,16,16,13,7,17,7,45,31,ref|NC_001140|,383297,383497
YNL058C,201,1,0.004975124378109453,0.004975124378109453,1,0,0,0,-,16,26,8,26,14,5,50,45,ref|NC_001146|,516842,516642
YHR109W,201,1,0.004975124378109453,0.004975124378109453,0,1,0,0,+,23,33,15,43,42,21,71,106,ref|NC_001140|,330174,330374
YNL047C,201,1,0.004975124378109453,0.004975124378109453,0,1,0,0,-,29,41,11,46,48,25,81,119,ref|NC_001146|,542019,541819
YLR312W-A,201,1,0.004975124378109453,0.004975124378109453,1,0,0,0,+,11,10,8,20,14,9,29,43,ref|NC_001144|,759380,759580
YML038C,201,1,0.004975124378109453,0.004975124378109453,0,1,0,0,-,20,22,15,16,21,11,57,48,ref|NC_001145|,204378,204178
YLR343W,201,1,0.004975124378109453,0.004975124378109453,0,1,0,0,+,29,22,14,37,47,13,65,97,ref|NC_001144|,815994,816194
YML032C,201,1,0.004975124378109453,0.004975124378109453,0,1,0,0,-,16,13,12,36,32,29,41,97,ref|NC_001145|,214070,213870
YHR076W,201,1,0.004975124378109453,0.004975124378109453,1,0,0,0,+,11,24,5,30,18,12,40,60,ref|NC_001140|,250432,250632
YNL035C,201,1,0.004975124378109453,0.004975124378109453,0,1,0,0,-,15,21,10,26,27,18,46,71,ref|NC_001146|,569872,569672
YHR073C-B,201,1,0.004975124378109453,0.004975124378109453,0,1,0,0,-,3,2,1,1,1,1,6,3,ref|NC_001140|,245602,245402
YNL033W,201,1,0.004975124378109453,0.004975124378109453,1,0,0,0,+,11,16,14,13,10,11,41,34,ref|NC_001146|,572899,573099
YHR072W-A,201,1,0.004975124378109453,0.004975124378109453,1,0,0,0,+,3,4,0,8,4,3,7,15,ref|NC_001140|,241564,241764
YNL032W,201,1,0.004975124378109453,0.004975124378109453,1,0,0,0,+,6,15,7,27,28,16,28,71,ref|NC_001146|,574266,574466
YNL031C,201,1,0.004975124378109453,0.004975124378109453,0,1,0,0,-,6,9,3,22,7,2,18,31,ref|NC_001146|,576166,575966
YNL030W,201,1,0.004975124378109453,0.004975124378109453,1,0,0,0,+,8,8,1,14,4,1,17,19,ref|NC_001146|,575743,575943
YLR353W,201,1,0.004975124378109453,0.004975124378109453,1,0,0,0,+,22,42,17,51,37,27,81,115,ref|NC_001144|,833771,833971
YML036W,201,1,0.004975124378109453,0.004975124378109453,0,1,0,0,+,7,14,7,18,18,9,28,45,ref|NC_001145|,204886,205086
YLR362W,201,1,0.004975124378109453,0.004975124378109453,1,0,0,0,+,20,41,10,68,50,15,71,133,ref|NC_001144|,849701,849901
YNL046W,201,1,0.004975124378109453,0.004975124378109453,0,1,0,0,+,9,23,6,9,7,1,38,17,ref|NC_001146|,541962,542162
YNL029C,201,1,0.004975124378109453,0.004975124378109453,0,1,0,0,-,18,26,14,38,31,23,58,92,ref|NC_001146|,578950,578750
YNL027W,201,1,0.004975124378109453,0.004975124378109453,1,0,0,0,+,32,39,15,46,44,22,86,112,ref|NC_001146|,579375,579575
YHR067W,201,1,0.004975124378109453,0.004975124378109453,0,1,0,0,+,13,18,7,20,13,14,38,47,ref|NC_001140|,229629,229829
YNL026W,201,1,0.004975124378109453,0.004975124378109453,1,0,0,0,+,21,24,10,28,30,14,55,72,ref|NC_001146|,581764,581964
YLR363C,201,1,0.004975124378109453,0.004975124378109453,1,0,0,0,-,5,13,4,18,17,6,22,41,ref|NC_001144|,853330,853130
YML042W,201,1,0.004975124378109453,0.004975124378109453,1,0,0,0,+,38,41,16,36,45,27,95,108,ref|NC_001145|,192688,192888
YLR368W,201,1,0.004975124378109453,0.004975124378109453,1,0,0,0,+,31,22,7,46,53,19,60,118,ref|NC_001144|,857386,857586
YHR063W-A,201,1,0.004975124378109453,0.004975124378109453,0,1,0,0,+,12,11,4,2,3,2,27,7,ref|NC_001140|,225342,225542
YHR063C,201,1,0.004975124378109453,0.004975124378109453,1,0,0,0,-,12,26,8,34,25,9,46,68,ref|NC_001140|,225350,225150
YHR061C,201,1,0.004975124378109453,0.004975124378109453,0,1,0,0,-,16,22,8,22,19,18,46,59,ref|NC_001140|,222740,222540
YLR370C,201,1,0.004975124378109453,0.004975124378109453,1,0,0,0,-,9,14,4,13,9,8,27,30,ref|NC_001144|,862397,862197
YLR371W,201,1,0.004975124378109453,0.004975124378109453,1,0,0,0,+,61,103,39,103,80,39,203,222,ref|NC_001144|,862614,862814
YHR079C,201,1,0.004975124378109453,0.004975124378109453,1,0,0,0,-,47,77,33,85,93,39,157,217,ref|NC_001140|,261947,261747
YLR341W,201,1,0.004975124378109453,0.004975124378109453,0,1,0,0,+,22,35,12,34,40,18,69,92,ref|NC_001144|,807285,807485
YNL038W,201,1,0.004975124378109453,0.004975124378109453,1,0,0,0,+,14,11,8,22,19,8,33,49,ref|NC_001146|,556894,557094
YLR340W,201,1,0.004975124378109453,0.004975124378109453,0,1,0,0,+,19,16,12,29,25,8,47,62,ref|NC_001144|,805727,805927
YLR313C,201,1,0.004975124378109453,0.004975124378109453,1,0,0,0,-,32,38,17,44,48,24,87,116,ref|NC_001144|,762481,762281
YLR315W,201,1,0.004975124378109453,0.004975124378109453,0,1,0,0,+,8,9,7,10,9,11,24,30,ref|NC_001144|,764658,764858
YML022W,201,1,0.004975124378109453,0.004975124378109453,0,1,0,0,+,9,7,7,8,14,6,23,28,ref|NC_001145|,228815,229015
YHR103W,201,1,0.004975124378109453,0.004975124378109453,0,1,0,0,+,36,57,25,67,65,25,118,157,ref|NC_001140|,320073,320273
YNL044W,201,1,0.004975124378109453,0.004975124378109453,1,0,0,0,+,11,13,7,6,11,2,31,19,ref|NC_001146|,545097,545297
YML024W,201,1,0.004975124378109453,0.004975124378109453,0,1,0,0,+,13,10,4,22,21,5,27,48,ref|NC_001145|,225747,225947
YLR322W,201,1,0.004975124378109453,0.004975124378109453,0,1,0,0,+,8,10,3,5,6,1,21,12,ref|NC_001144|,777489,777689
YHR098C,201,1,0.004975124378109453,0.004975124378109453,0,1,0,0,-,38,69,20,50,74,29,127,153,ref|NC_001140|,302114,301914
YLR323C,201,1,0.004975124378109453,0.004975124378109453,0,1,0,0,-,9,10,2,33,22,8,21,63,ref|NC_001144|,781002,780802
YHR093W,201,1,0.004975124378109453,0.004975124378109453,0,1,0,0,+,12,7,4,6,5,4,23,15,ref|NC_001140|,289042,289242
YHR091C,201,1,0.004975124378109453,0.004975124378109453,1,0,0,0,-,24,32,23,49,33,18,79,100,ref|NC_001140|,286911,286711
YHR090C,201,1,0.004975124378109453,0.004975124378109453,0,1,0,0,-,10,14,6,34,20,9,30,63,ref|NC_001140|,284920,284720
YHR089C,201,1,0.004975124378109453,0.004975124378109453,0,1,0,0,-,9,14,6,20,8,2,29,30,ref|NC_001140|,283455,283255
YHR088W,201,1,0.004975124378109453,0.004975124378109453,1,0,0,0,+,9,17,6,40,25,6,32,71,ref|NC_001140|,281363,281563
YLR326W,201,1,0.004975124378109453,0.004975124378109453,1,0,0,0,+,3,8,4,18,13,3,15,34,ref|NC_001144|,781912,782112
YNL041C,201,1,0.004975124378109453,0.004975124378109453,0,1,0,0,-,31,55,25,68,80,27,111,175,ref|NC_001146|,552087,551887
YHR086W-A,201,1,0.004975124378109453,0.004975124378109453,0,1,0,0,+,7,2,1,0,0,1,10,1,ref|NC_001140|,280131,280331
YHR086W,201,1,0.004975124378109453,0.004975124378109453,0,1,0,0,+,29,33,7,20,18,15,69,53,ref|NC_001140|,277821,278021
YML028W,201,1,0.004975124378109453,0.004975124378109453,1,0,0,0,+,8,12,11,14,9,11,31,34,ref|NC_001145|,218976,219176
YML029W,201,1,0.004975124378109453,0.004975124378109453,0,1,0,0,+,34,58,17,58,67,35,109,160,ref|NC_001145|,217182,217382
YHR083W,201,1,0.004975124378109453,0.004975124378109453,1,0,0,0,+,16,15,9,23,18,10,40,51,ref|NC_001140|,272506,272706
YHR082C,201,1,0.004975124378109453,0.004975124378109453,1,0,0,0,-,39,79,26,64,70,34,144,168,ref|NC_001140|,272512,272312
YNL039W,201,1,0.004975124378109453,0.004975124378109453,0,1,0,0,+,23,23,13,66,60,22,59,148,ref|NC_001146|,554948,555148
YLR337C,201,1,0.004975124378109453,0.004975124378109453,0,1,0,0,-,44,40,24,28,28,19,108,75,ref|NC_001144|,805271,805071
YML031W,201,1,0.004975124378109453,0.004975124378109453,1,0,0,0,+,28,37,15,42,35,26,80,103,ref|NC_001145|,214016,214216
YHR094C,201,1,0.004975124378109453,0.004975124378109453,1,0,0,0,-,42,34,22,22,36,10,98,68,ref|NC_001140|,293356,293156
YMR091C,201,1,0.004975124378109453,0.004975124378109453,0,1,0,0,-,16,24,6,48,44,19,46,111,ref|NC_001145|,451522,451322
YNL139C,201,1,0.004975124378109453,0.004975124378109453,0,1,0,0,-,66,97,32,105,120,51,195,276,ref|NC_001146|,365817,365617
YNL141W,201,1,0.004975124378109453,0.004975124378109453,1,0,0,0,+,20,14,12,26,22,12,46,60,ref|NC_001146|,359411,359611
YKL073W,201,1,0.004975124378109453,0.004975124378109453,0,1,0,0,+,27,41,23,68,68,25,91,161,ref|NC_001143|,296253,296453
YKL071W,201,1,0.004975124378109453,0.004975124378109453,1,0,0,0,+,19,19,5,16,12,7,43,35,ref|NC_001143|,304794,304994
YKL070W,201,1,0.004975124378109453,0.004975124378109453,0,1,0,0,+,7,7,5,13,7,6,19,26,ref|NC_001143|,305813,306013
YJL046W,201,1,0.004975124378109453,0.004975124378109453,0,1,0,0,+,11,28,6,31,25,18,45,74,ref|NC_001142|,352283,352483
YKL068W,201,1,0.004975124378109453,0.004975124378109453,1,0,0,0,+,35,61,20,36,36,15,116,87,ref|NC_001143|,309979,310179
YJL048C,201,1,0.004975124378109453,0.004975124378109453,1,0,0,0,-,29,26,11,26,18,13,66,57,ref|NC_001142|,348829,348629
YNL311C,201,1,0.004975124378109453,0.004975124378109453,1,0,0,0,-,34,48,23,60,44,36,105,140,ref|NC_001146|,51811,51611
YNL310C,201,1,0.004975124378109453,0.004975124378109453,0,1,0,0,-,6,8,3,16,13,5,17,34,ref|NC_001146|,52584,52384
YKL067W,201,1,0.004975124378109453,0.004975124378109453,0,1,0,0,+,10,5,2,14,12,0,17,26,ref|NC_001143|,314642,314842
YJL051W,201,1,0.004975124378109453,0.004975124378109453,1,0,0,0,+,41,55,21,49,51,25,117,125,ref|NC_001142|,339612,339812
YKL064W,201,1,0.004975124378109453,0.004975124378109453,1,0,0,0,+,40,67,30,82,84,25,137,191,ref|NC_001143|,317664,317864
YKL062W,201,1,0.004975124378109453,0.004975124378109453,1,0,0,0,+,45,45,19,38,42,16,109,96,ref|NC_001143|,322982,323182
YKL061W,201,1,0.004975124378109453,0.004975124378109453,0,1,0,0,+,1,4,3,12,14,4,8,30,ref|NC_001143|,325641,325841
YKL058W,201,1,0.004975124378109453,0.004975124378109453,0,1,0,0,+,3,2,4,9,9,4,9,22,ref|NC_001143|,329798,329998
YJL057C,201,1,0.004975124378109453,0.004975124378109453,0,1,0,0,-,21,42,17,47,47,13,80,107,ref|NC_001142|,330296,330096
YNL306W,201,1,0.004975124378109453,0.004975124378109453,0,1,0,0,+,6,13,4,18,17,6,23,41,ref|NC_001146|,57985,58185
YNL305C,201,1,0.004975124378109453,0.004975124378109453,0,1,0,0,-,21,15,19,11,8,13,55,32,ref|NC_001146|,60103,59903
YNL304W,201,1,0.004975124378109453,0.004975124378109453,0,1,0,0,+,7,24,13,27,28,24,44,79,ref|NC_001146|,60162,60362
YKL056C,201,1,0.004975124378109453,0.004975124378109453,0,1,0,0,-,12,7,4,10,16,8,23,34,ref|NC_001143|,336228,336028
YKL055C,201,1,0.004975124378109453,0.004975124378109453,0,1,0,0,-,10,15,6,20,17,8,31,45,ref|NC_001143|,336302,336102
YJL062W-A,201,1,0.004975124378109453,0.004975124378109453,0,1,0,0,+,4,6,3,5,4,4,13,13,ref|NC_001142|,316623,316823
YJL063C,201,1,0.004975124378109453,0.004975124378109453,0,1,0,0,-,8,18,6,15,11,9,32,35,ref|NC_001142|,316927,316727
YKL053C-A,201,1,0.004975124378109453,0.004975124378109453,1,0,0,0,-,2,4,1,4,9,5,7,18,ref|NC_001143|,339542,339342
YJL065C,201,1,0.004975124378109453,0.004975124378109453,0,1,0,0,-,9,3,6,15,18,10,18,43,ref|NC_001142|,316426,316226
YJL067W,201,1,0.004975124378109453,0.004975124378109453,0,1,0,0,+,10,8,5,4,4,1,23,9,ref|NC_001142|,313984,314184
YJL070C,201,1,0.004975124378109453,0.004975124378109453,0,1,0,0,-,47,60,20,68,58,27,127,153,ref|NC_001142|,310783,310583
YJL071W,201,1,0.004975124378109453,0.004975124378109453,1,0,0,0,+,26,46,17,37,42,12,89,91,ref|NC_001142|,305939,306139
YJL072C,201,1,0.004975124378109453,0.004975124378109453,1,0,0,0,-,8,14,2,17,16,6,24,39,ref|NC_001142|,306015,305815
YKL051W,201,1,0.004975124378109453,0.004975124378109453,0,1,0,0,+,19,25,12,12,18,4,56,34,ref|NC_001143|,341072,341272
YMR200W,201,1,0.004975124378109453,0.004975124378109453,0,1,0,0,+,8,15,6,18,17,8,29,43,ref|NC_001145|,664511,664711
YNL312W,201,1,0.004975124378109453,0.004975124378109453,0,1,0,0,+,11,19,7,18,26,7,37,51,ref|NC_001146|,48148,48348
YNL313C,201,1,0.004975124378109453,0.004975124378109453,1,0,0,0,-,37,45,9,69,61,18,91,148,ref|NC_001146|,48158,47958
YJL010C,201,1,0.004975124378109453,0.004975124378109453,0,1,0,0,-,23,32,14,55,47,19,69,121,ref|NC_001142|,419696,419496
YKL106C-A,201,1,0.004975124378109453,0.004975124378109453,0,1,0,0,-,2,2,1,2,4,3,5,9,ref|NC_001143|,237366,237166
YJR010W,201,1,0.004975124378109453,0.004975124378109453,0,1,0,0,+,20,24,11,48,39,11,55,98,ref|NC_001142|,456055,456255
YJR006W,201,1,0.004975124378109453,0.004975124378109453,0,1,0,0,+,22,22,7,35,41,14,51,90,ref|NC_001142|,449101,449301
YJR005C-A,201,1,0.004975124378109453,0.004975124378109453,0,1,0,0,-,0,3,0,18,2,3,3,23,ref|NC_001142|,448858,448658
YJR005W,201,1,0.004975124378109453,0.004975124378109453,0,1,0,0,+,34,45,21,48,52,23,100,123,ref|NC_001142|,445775,445975
YJR004C,201,1,0.004975124378109453,0.004975124378109453,1,0,0,0,-,38,52,18,18,41,15,108,74,ref|NC_001142|,444961,444761
YKL105C,201,1,0.004975124378109453,0.004975124378109453,0,1,0,0,-,50,75,32,86,86,61,157,233,ref|NC_001143|,242683,242483
YJR003C,201,1,0.004975124378109453,0.004975124378109453,1,0,0,0,-,29,32,11,39,37,14,72,90,ref|NC_001142|,442654,442454
YJL003W,201,1,0.004975124378109453,0.004975124378109453,1,0,0,0,+,8,5,5,8,8,4,18,20,ref|NC_001142|,432317,432517
YMR213W,201,1,0.004975124378109453,0.004975124378109453,1,0,0,0,+,20,20,12,57,43,22,52,122,ref|NC_001145|,693214,693414
YNL331C,201,1,0.004975124378109453,0.004975124378109453,1,0,0,0,-,18,18,5,19,30,7,41,56,ref|NC_001146|,17852,17652
YKL103C,201,1,0.004975124378109453,0.004975124378109453,0,1,0,0,-,18,28,21,36,28,13,67,77,ref|NC_001143|,248237,248037
YKL099C,201,1,0.004975124378109453,0.004975124378109453,0,1,0,0,-,3,24,4,33,16,7,31,56,ref|NC_001143|,256653,256453
YNL328C,201,1,0.004975124378109453,0.004975124378109453,1,0,0,0,-,7,6,3,15,7,7,16,29,ref|NC_001146|,23382,23182
YKL078W,201,1,0.004975124378109453,0.004975124378109453,1,0,0,0,+,33,39,21,55,58,21,93,134,ref|NC_001143|,288712,288912
YNL326C,201,1,0.004975124378109453,0.004975124378109453,0,1,0,0,-,14,22,8,19,22,9,44,50,ref|NC_001146|,28500,28300
YNL323W,201,1,0.004975124378109453,0.004975124378109453,0,1,0,0,+,13,22,4,32,27,11,39,70,ref|NC_001146|,31777,31977
YKL093W,201,1,0.004975124378109453,0.004975124378109453,1,0,0,0,+,15,27,12,21,24,11,54,56,ref|NC_001143|,264623,264823
YMR207C,201,1,0.004975124378109453,0.004975124378109453,0,1,0,0,-,88,110,46,161,161,61,244,383,ref|NC_001145|,683664,683464
YMR206W,201,1,0.004975124378109453,0.004975124378109453,0,1,0,0,+,21,30,10,22,9,11,61,42,ref|NC_001145|,675796,675996
YKL088W,201,1,0.004975124378109453,0.004975124378109453,0,1,0,0,+,15,39,10,47,54,25,64,126,ref|NC_001143|,275122,275322
YNL319W,201,1,0.004975124378109453,0.004975124378109453,0,1,0,0,+,7,9,3,3,8,1,19,12,ref|NC_001146|,38542,38742
YJL030W,201,1,0.004975124378109453,0.004975124378109453,0,1,0,0,+,7,17,3,15,9,5,27,29,ref|NC_001142|,387297,387497
YJL031C,201,1,0.004975124378109453,0.004975124378109453,0,1,0,0,-,16,14,5,33,27,9,35,69,ref|NC_001142|,387614,387414
YKL084W,201,1,0.004975124378109453,0.004975124378109453,1,0,0,0,+,4,4,2,6,10,4,10,20,ref|NC_001143|,280314,280514
YJL032W,201,1,0.004975124378109453,0.004975124378109453,0,1,0,0,+,10,7,4,6,2,2,21,10,ref|NC_001142|,386248,386448
YKL081W,201,1,0.004975124378109453,0.004975124378109453,0,1,0,0,+,26,20,14,32,34,18,60,84,ref|NC_001143|,282712,282912
YJL033W,201,1,0.004975124378109453,0.004975124378109453,0,1,0,0,+,28,37,20,79,61,22,85,162,ref|NC_001142|,383701,383901
YJL074C,201,1,0.004975124378109453,0.004975124378109453,0,1,0,0,-,50,73,23,124,114,30,146,268,ref|NC_001142|,302949,302749
YKL046C,201,1,0.004975124378109453,0.004975124378109453,0,1,0,0,-,18,29,6,18,27,11,53,56,ref|NC_001143|,352990,352790
YJL077W-A,201,1,0.004975124378109453,0.004975124378109453,1,0,0,0,+,0,1,1,2,1,1,2,4,ref|NC_001142|,294699,294899
YKR005C,201,1,0.004975124378109453,0.004975124378109453,0,1,0,0,-,24,25,18,38,45,23,67,106,ref|NC_001143|,450267,450067
YJL118W,201,1,0.004975124378109453,0.004975124378109453,1,0,0,0,+,15,16,13,10,10,9,44,29,ref|NC_001142|,191524,191724
YNL284C,201,1,0.004975124378109453,0.004975124378109453,1,0,0,0,-,15,17,7,27,12,6,39,45,ref|NC_001146|,104202,104002
YMR183C,201,1,0.004975124378109453,0.004975124378109453,0,1,0,0,-,8,19,5,35,19,12,32,66,ref|NC_001145|,627983,627783
YKL010C,201,1,0.004975124378109453,0.004975124378109453,1,0,0,0,-,59,55,36,112,137,47,150,296,ref|NC_001143|,425975,425775
YJL120W,201,1,0.004975124378109453,0.004975124378109453,1,0,0,0,+,11,3,4,4,6,4,18,14,ref|NC_001142|,190223,190423
YNL283C,201,1,0.004975124378109453,0.004975124378109453,1,0,0,0,-,52,38,19,12,20,19,109,51,ref|NC_001146|,108236,108036
YKL006W,201,1,0.004975124378109453,0.004975124378109453,1,0,0,0,+,9,12,6,17,19,9,27,45,ref|NC_001143|,431612,431812
YJL123C,201,1,0.004975124378109453,0.004975124378109453,1,0,0,0,-,17,29,4,61,39,18,50,118,ref|NC_001142|,190408,190208
YKL005C,201,1,0.004975124378109453,0.004975124378109453,0,1,0,0,-,21,19,20,58,55,26,60,139,ref|NC_001143|,435120,434920
YNL280C,201,1,0.004975124378109453,0.004975124378109453,1,0,0,0,-,18,31,12,21,28,11,61,60,ref|NC_001146|,110729,110529
YJL127C,201,1,0.004975124378109453,0.004975124378109453,0,1,0,0,-,15,37,12,59,41,30,64,130,ref|NC_001142|,184320,184120
YNL278W,201,1,0.004975124378109453,0.004975124378109453,0,1,0,0,+,51,66,22,63,51,39,139,153,ref|NC_001146|,113055,113255
YMR178W,201,1,0.004975124378109453,0.004975124378109453,1,0,0,0,+,10,21,5,18,30,8,36,56,ref|NC_001145|,618332,618532
YJL133W,201,1,0.004975124378109453,0.004975124378109453,0,1,0,0,+,12,19,11,12,13,11,42,36,ref|NC_001142|,160275,160475
YJL115W,201,1,0.004975124378109453,0.004975124378109453,1,0,0,0,+,10,8,2,42,33,12,20,87,ref|NC_001142|,195529,195729
YJL133C-A,201,1,0.004975124378109453,0.004975124378109453,0,1,0,0,-,5,6,2,6,2,0,13,8,ref|NC_001142|,159947,159747
YNL272C,201,1,0.004975124378109453,0.004975124378109453,1,0,0,0,-,37,38,17,73,64,23,92,160,ref|NC_001146|,129280,129080
YMR174C,201,1,0.004975124378109453,0.004975124378109453,1,0,0,0,-,0,5,0,7,7,3,5,17,ref|NC_001145|,610783,610583
YJL137C,201,1,0.004975124378109453,0.004975124378109453,1,0,0,0,-,12,22,5,31,30,7,39,68,ref|NC_001142|,156321,156121
YJL138C,201,1,0.004975124378109453,0.004975124378109453,0,1,0,0,-,25,25,13,37,30,13,63,80,ref|NC_001142|,154900,154700
YMR172C-A,201,1,0.004975124378109453,0.004975124378109453,0,1,0,0,-,14,8,4,2,5,2,26,9,ref|NC_001145|,608311,608111
YJL140W,201,1,0.004975124378109453,0.004975124378109453,0,1,0,0,+,11,8,3,26,27,4,22,57,ref|NC_001142|,150762,150962
YKR015C,201,1,0.004975124378109453,0.004975124378109453,0,1,0,0,-,18,33,10,55,42,15,61,112,ref|NC_001143|,468767,468567
YKR017C,201,1,0.004975124378109453,0.004975124378109453,0,1,0,0,-,15,35,10,36,44,18,60,98,ref|NC_001143|,473564,473364
YKR023W,201,1,0.004975124378109453,0.004975124378109453,0,1,0,0,+,12,32,10,56,43,22,54,121,ref|NC_001143|,483258,483458
YKR027W,201,1,0.004975124378109453,0.004975124378109453,0,1,0,0,+,47,37,15,58,67,27,99,152,ref|NC_001143|,491257,491457
YNL267W,201,1,0.004975124378109453,0.004975124378109453,1,0,0,0,+,40,61,26,83,83,32,127,198,ref|NC_001146|,140699,140899
YJL149W,201,1,0.004975124378109453,0.004975124378109453,0,1,0,0,+,35,49,16,46,57,23,100,126,ref|NC_001142|,137243,137443
YMR186W,201,1,0.004975124378109453,0.004975124378109453,1,0,0,0,+,45,38,18,92,69,25,101,186,ref|NC_001145|,632116,632316
YNL285W,201,1,0.004975124378109453,0.004975124378109453,0,1,0,0,+,3,3,4,2,7,10,10,19,ref|NC_001146|,96073,96273
YKL045W,201,1,0.004975124378109453,0.004975124378109453,1,0,0,0,+,25,46,13,41,36,13,84,90,ref|NC_001143|,353320,353520
YJL094C,201,1,0.004975124378109453,0.004975124378109453,0,1,0,0,-,48,57,23,44,64,19,128,127,ref|NC_001142|,254587,254387
YMR194C-B,201,1,0.004975124378109453,0.004975124378109453,1,0,0,0,-,5,9,3,6,6,3,17,15,ref|NC_001145|,652987,652787
YJL077C,201,1,0.004975124378109453,0.004975124378109453,1,0,0,0,-,10,6,7,1,7,7,23,15,ref|NC_001142|,295161,294961
YNL299W,201,1,0.004975124378109453,0.004975124378109453,0,1,0,0,+,26,40,22,67,46,32,88,145,ref|NC_001146|,66316,66516
YJL080C,201,1,0.004975124378109453,0.004975124378109453,0,1,0,0,-,59,80,37,95,105,39,176,239,ref|NC_001142|,289512,289312
YJL081C,201,1,0.004975124378109453,0.004975124378109453,0,1,0,0,-,22,18,12,43,32,15,52,90,ref|NC_001142|,285394,285194
YJL082W,201,1,0.004975124378109453,0.004975124378109453,0,1,0,0,+,31,37,14,50,63,23,82,136,ref|NC_001142|,280969,281169
YJL084C,201,1,0.004975124378109453,0.004975124378109453,0,1,0,0,-,58,70,28,88,61,32,156,181,ref|NC_001142|,278215,278015
YNL296W,201,1,0.004975124378109453,0.004975124378109453,0,1,0,0,+,7,9,4,4,5,5,20,14,ref|NC_001146|,76173,76373
YKL040C,201,1,0.004975124378109453,0.004975124378109453,0,1,0,0,-,8,12,2,28,26,6,22,60,ref|NC_001143|,361990,361790
YJL092W,201,1,0.004975124378109453,0.004975124378109453,1,0,0,0,+,44,76,27,105,86,47,147,238,ref|NC_001142|,257139,257339
YKL037W,201,1,0.004975124378109453,0.004975124378109453,0,1,0,0,+,10,5,3,4,3,1,18,8,ref|NC_001143|,369265,369465
YKL033W-A,201,1,0.004975124378109453,0.004975124378109453,0,1,0,0,+,10,6,6,13,18,9,22,40,ref|NC_001143|,374405,374605
YMR192W,201,1,0.004975124378109453,0.004975124378109453,1,0,0,0,+,40,33,17,55,61,31,90,147,ref|NC_001145|,646925,647125
YJL095W,201,1,0.004975124378109453,0.004975124378109453,0,1,0,0,+,74,99,56,95,100,48,229,243,ref|NC_001142|,247155,247355
YKL018W,201,1,0.004975124378109453,0.004975124378109453,1,0,0,0,+,21,20,11,14,25,16,52,55,ref|NC_001143|,403962,404162
YKL030W,201,1,0.004975124378109453,0.004975124378109453,1,0,0,0,+,9,7,8,6,5,8,24,19,ref|NC_001143|,382398,382598
YMR191W,201,1,0.004975124378109453,0.004975124378109453,0,1,0,0,+,20,28,9,23,22,10,57,55,ref|NC_001145|,645556,645756
YMR190C,201,1,0.004975124378109453,0.004975124378109453,0,1,0,0,-,43,83,34,122,98,63,160,283,ref|NC_001145|,645529,645329
YKL027W,201,1,0.004975124378109453,0.004975124378109453,1,0,0,0,+,18,16,9,29,34,18,43,81,ref|NC_001143|,387299,387499
YMR189W,201,1,0.004975124378109453,0.004975124378109453,1,0,0,0,+,48,60,22,68,75,23,130,166,ref|NC_001145|,637238,637438
YJL102W,201,1,0.004975124378109453,0.004975124378109453,0,1,0,0,+,38,38,21,48,54,33,97,135,ref|NC_001142|,231159,231359
YJL103C,201,1,0.004975124378109453,0.004975124378109453,1,0,0,0,-,29,33,15,41,39,25,77,105,ref|NC_001142|,231185,230985
YJL104W,201,1,0.004975124378109453,0.004975124378109453,1,0,0,0,+,4,11,2,11,4,9,17,24,ref|NC_001142|,226820,227020
YKL022C,201,1,0.004975124378109453,0.004975124378109453,1,0,0,0,-,36,39,22,58,59,35,97,152,ref|NC_001143|,397348,397148
YKL021C,201,1,0.004975124378109453,0.004975124378109453,0,1,0,0,-,18,30,8,39,35,14,56,88,ref|NC_001143|,398850,398650
YJL105W,201,1,0.004975124378109453,0.004975124378109453,0,1,0,0,+,19,48,13,43,37,13,80,93,ref|NC_001142|,224955,225155
YJL107C,201,1,0.004975124378109453,0.004975124378109453,0,1,0,0,-,19,28,5,40,32,13,52,85,ref|NC_001142|,220116,219916
YKL018C-A,201,1,0.004975124378109453,0.004975124378109453,1,0,0,0,-,4,6,1,10,5,2,11,17,ref|NC_001143|,403979,403779
YJR012C,201,1,0.004975124378109453,0.004975124378109453,0,1,0,0,-,5,9,0,6,15,4,14,25,ref|NC_001142|,460293,460093
YJR013W,201,1,0.004975124378109453,0.004975124378109453,0,1,0,0,+,16,23,11,17,18,10,50,45,ref|NC_001142|,459884,460084
YJR014W,201,1,0.004975124378109453,0.004975124378109453,0,1,0,0,+,5,9,8,18,10,8,22,36,ref|NC_001142|,461298,461498
YMR246W,201,1,0.004975124378109453,0.004975124378109453,1,0,0,0,+,27,26,16,50,49,19,69,118,ref|NC_001145|,759099,759299
YKL191W,201,1,0.004975124378109453,0.004975124378109453,0,1,0,0,+,16,27,26,29,32,27,69,88,ref|NC_001143|,80884,81084
YJR121W,201,1,0.004975124378109453,0.004975124378109453,0,1,0,0,+,21,33,20,41,28,10,74,79,ref|NC_001142|,647271,647471
YKL189W,201,1,0.004975124378109453,0.004975124378109453,0,1,0,0,+,21,32,12,21,25,10,65,56,ref|NC_001143|,84332,84532
YMR292W,201,1,0.004975124378109453,0.004975124378109453,1,0,0,0,+,10,9,5,7,5,1,24,13,ref|NC_001145|,854650,854850
YJR119C,201,1,0.004975124378109453,0.004975124378109453,1,0,0,0,-,26,44,17,39,48,33,87,120,ref|NC_001142|,646599,646399
YKL185W,201,1,0.004975124378109453,0.004975124378109453,1,0,0,0,+,31,50,24,34,19,23,105,76,ref|NC_001143|,94033,94233
YJR114W,201,1,0.004975124378109453,0.004975124378109453,0,1,0,0,+,13,4,7,4,5,6,24,15,ref|NC_001142|,638559,638759
YMR295C,201,1,0.004975124378109453,0.004975124378109453,1,0,0,0,-,6,9,3,25,16,9,18,50,ref|NC_001145|,859001,858801
YJR108W,201,1,0.004975124378109453,0.004975124378109453,1,0,0,0,+,7,7,1,8,8,4,15,20,ref|NC_001142|,628612,628812
YJR107C-A,201,1,0.004975124378109453,0.004975124378109453,1,0,0,0,-,1,4,0,13,3,0,5,16,ref|NC_001142|,628793,628593
YMR298W,201,1,0.004975124378109453,0.004975124378109453,1,0,0,0,+,5,14,4,9,12,4,23,25,ref|NC_001145|,863697,863897
YJR106W,201,1,0.004975124378109453,0.004975124378109453,0,1,0,0,+,49,47,17,32,37,14,113,83,ref|NC_001142|,624738,624938
YKL179C,201,1,0.004975124378109453,0.004975124378109453,0,1,0,0,-,28,31,16,63,49,19,75,131,ref|NC_001143|,112603,112403
YJR105W,201,1,0.004975124378109453,0.004975124378109453,0,1,0,0,+,17,20,14,17,13,15,51,45,ref|NC_001142|,623069,623269
YJR126C,201,1,0.004975124378109453,0.004975124378109453,0,1,0,0,-,30,40,18,53,54,30,88,137,ref|NC_001142|,658789,658589
YMR300C,201,1,0.004975124378109453,0.004975124378109453,0,1,0,0,-,13,23,16,40,33,5,52,78,ref|NC_001145|,867432,867232
YKL176C,201,1,0.004975124378109453,0.004975124378109453,1,0,0,0,-,49,51,29,50,53,22,129,125,ref|NC_001143|,118432,118232
YJR102C,201,1,0.004975124378109453,0.004975124378109453,0,1,0,0,-,9,10,3,17,18,9,22,44,ref|NC_001142|,620154,619954
YJR099W,201,1,0.004975124378109453,0.004975124378109453,0,1,0,0,+,10,11,6,15,18,9,27,42,ref|NC_001142|,615394,615594
YJR098C,201,1,0.004975124378109453,0.004975124378109453,0,1,0,0,-,23,30,17,55,50,26,70,131,ref|NC_001142|,615256,615056
YKL174C,201,1,0.004975124378109453,0.004975124378109453,1,0,0,0,-,36,35,19,25,45,19,90,89,ref|NC_001143|,122436,122236
YJR096W,201,1,0.004975124378109453,0.004975124378109453,0,1,0,0,+,12,12,12,18,22,11,36,51,ref|NC_001142|,610924,611124
YJR095W,201,1,0.004975124378109453,0.004975124378109453,1,0,0,0,+,14,21,4,22,14,3,39,39,ref|NC_001142|,609673,609873
YKL173W,201,1,0.004975124378109453,0.004975124378109453,1,0,0,0,+,41,41,25,75,68,28,107,171,ref|NC_001143|,122392,122592
YJR094C,201,1,0.004975124378109453,0.004975124378109453,1,0,0,0,-,16,34,3,25,25,6,53,56,ref|NC_001142|,605948,605748
YKL172W,201,1,0.004975124378109453,0.004975124378109453,1,0,0,0,+,16,17,7,73,46,14,40,133,ref|NC_001143|,125625,125825
YKL170W,201,1,0.004975124378109453,0.004975124378109453,1,0,0,0,+,6,7,3,12,7,1,16,20,ref|NC_001143|,130421,130621
YKL169C,201,1,0.004975124378109453,0.004975124378109453,0,1,0,0,-,13,6,0,4,4,2,19,10,ref|NC_001143|,132778,132578
YMR253C,201,1,0.004975124378109453,0.004975124378109453,1,0,0,0,-,21,21,12,22,31,16,54,69,ref|NC_001145|,777341,777141
YMR289W,201,1,0.004975124378109453,0.004975124378109453,1,0,0,0,+,11,27,6,27,27,17,44,71,ref|NC_001145|,848573,848773
YKL168C,201,1,0.004975124378109453,0.004975124378109453,1,0,0,0,-,35,47,21,58,48,20,103,126,ref|NC_001143|,133572,133372
YKL205W,201,1,0.004975124378109453,0.004975124378109453,1,0,0,0,+,50,94,20,47,94,32,164,173,ref|NC_001143|,49920,50120
YKL222C,201,1,0.004975124378109453,0.004975124378109453,0,1,0,0,-,35,45,19,47,42,18,99,107,ref|NC_001143|,5720,5520
YKL217W,201,1,0.004975124378109453,0.004975124378109453,1,0,0,0,+,29,30,10,40,39,14,69,93,ref|NC_001143|,22134,22334
YKL214C,201,1,0.004975124378109453,0.004975124378109453,0,1,0,0,-,6,5,11,28,14,8,22,50,ref|NC_001143|,31861,31661
YMR271C,201,1,0.004975124378109453,0.004975124378109453,1,0,0,0,-,6,20,7,16,13,5,33,34,ref|NC_001145|,808187,807987
YMR273C,201,1,0.004975124378109453,0.004975124378109453,1,0,0,0,-,19,64,23,92,55,44,106,191,ref|NC_001145|,814264,814064
YKL210W,201,1,0.004975124378109453,0.004975124378109453,1,0,0,0,+,46,64,32,83,78,30,142,191,ref|NC_001143|,39063,39263
YJR150C,201,1,0.004975124378109453,0.004975124378109453,0,1,0,0,-,30,18,4,8,24,3,52,35,ref|NC_001142|,709985,709785
YMR257C,201,1,0.004975124378109453,0.004975124378109453,0,1,0,0,-,30,51,14,51,64,18,95,133,ref|NC_001145|,782519,782319
YJR149W,201,1,0.004975124378109453,0.004975124378109453,0,1,0,0,+,15,30,8,28,29,11,53,68,ref|NC_001142|,707060,707260
YJR148W,201,1,0.004975124378109453,0.004975124378109453,0,1,0,0,+,9,9,8,24,25,9,26,58,ref|NC_001142|,705492,705692
YMR276W,201,1,0.004975124378109453,0.004975124378109453,1,0,0,0,+,12,19,10,22,17,16,41,55,ref|NC_001145|,818671,818871
YMR277W,201,1,0.004975124378109453,0.004975124378109453,0,1,0,0,+,26,30,18,58,54,44,74,156,ref|NC_001145|,820020,820220
YMR256C,201,1,0.004975124378109453,0.004975124378109453,0,1,0,0,-,4,3,1,4,0,0,8,4,ref|NC_001145|,779265,779065
YMR255W,201,1,0.004975124378109453,0.004975124378109453,1,0,0,0,+,8,11,1,20,16,7,20,43,ref|NC_001145|,777468,777668
YMR288W,201,1,0.004975124378109453,0.004975124378109453,0,1,0,0,+,36,57,19,77,64,26,112,167,ref|NC_001145|,845450,845650
YMR279C,201,1,0.004975124378109453,0.004975124378109453,0,1,0,0,-,27,31,17,20,31,11,75,62,ref|NC_001145|,826451,826251
YKL203C,201,1,0.004975124378109453,0.004975124378109453,0,1,0,0,-,113,150,50,159,179,72,313,410,ref|NC_001143|,63459,63259
YMR280C,201,1,0.004975124378109453,0.004975124378109453,0,1,0,0,-,72,90,26,99,86,47,188,232,ref|NC_001145|,831429,831229
YKL202W,201,1,0.004975124378109453,0.004975124378109453,1,0,0,0,+,76,11,3,3,3,1,90,7,ref|NC_001143|,63721,63921
YMR282C,201,1,0.004975124378109453,0.004975124378109453,1,0,0,0,-,23,35,12,43,38,24,70,105,ref|NC_001145|,835245,835045
YJR137C,201,1,0.004975124378109453,0.004975124378109453,0,1,0,0,-,86,73,23,104,105,29,182,238,ref|NC_001142|,683385,683185
YKL197C,201,1,0.004975124378109453,0.004975124378109453,1,0,0,0,-,38,60,25,84,69,34,123,187,ref|NC_001143|,73965,73765
YJR135W-A,201,1,0.004975124378109453,0.004975124378109453,1,0,0,0,+,7,7,2,4,7,0,16,11,ref|NC_001142|,676871,677071
YKL196C,201,1,0.004975124378109453,0.004975124378109453,1,0,0,0,-,6,10,7,18,19,3,23,40,ref|NC_001143|,75752,75552
YJR134C,201,1,0.004975124378109453,0.004975124378109453,1,0,0,0,-,20,49,14,82,65,25,83,172,ref|NC_001142|,676023,675823
YMR285C,201,1,0.004975124378109453,0.004975124378109453,0,1,0,0,-,18,25,12,47,40,16,55,103,ref|NC_001145|,841858,841658
YKL193C,201,1,0.004975124378109453,0.004975124378109453,0,1,0,0,-,18,19,7,41,33,8,44,82,ref|NC_001143|,80024,79824
YMR286W,201,1,0.004975124378109453,0.004975124378109453,0,1,0,0,+,1,4,4,9,4,3,9,16,ref|NC_001145|,841825,842025
YJR088C,201,1,0.004975124378109453,0.004975124378109453,0,1,0,0,-,17,6,6,23,29,8,29,60,ref|NC_001142|,587802,587602
YJR087W,201,1,0.004975124378109453,0.004975124378109453,1,0,0,0,+,10,10,5,7,3,2,25,12,ref|NC_001142|,586300,586500
YJR015W,201,1,0.004975124378109453,0.004975124378109453,0,1,0,0,+,29,26,17,21,16,17,72,54,ref|NC_001142|,462441,462641
YJR030C,201,1,0.004975124378109453,0.004975124378109453,1,0,0,0,-,45,51,24,50,51,31,120,132,ref|NC_001142|,486296,486096
YJR047C,201,1,0.004975124378109453,0.004975124378109453,1,0,0,0,-,7,10,3,13,16,5,20,34,ref|NC_001142|,525604,525404
YJR046W,201,1,0.004975124378109453,0.004975124378109453,0,1,0,0,+,31,21,16,38,46,20,68,104,ref|NC_001142|,521863,522063
YKL134C,201,1,0.004975124378109453,0.004975124378109453,1,0,0,0,-,34,46,17,57,58,21,97,136,ref|NC_001143|,191594,191394
YJR041C,201,1,0.004975124378109453,0.004975124378109453,1,0,0,0,-,61,84,35,74,72,46,180,192,ref|NC_001142|,513863,513663
YJR040W,201,1,0.004975124378109453,0.004975124378109453,0,1,0,0,+,29,50,15,40,40,18,94,98,ref|NC_001142|,507607,507807
YKL133C,201,1,0.004975124378109453,0.004975124378109453,0,1,0,0,-,17,31,14,35,31,11,62,77,ref|NC_001143|,193181,192981
YKL131W,201,1,0.004975124378109453,0.004975124378109453,0,1,0,0,+,13,11,5,8,3,7,29,18,ref|NC_001143|,194378,194578
YMR226C,201,1,0.004975124378109453,0.004975124378109453,0,1,0,0,-,12,21,5,26,18,4,38,48,ref|NC_001145|,723428,723228
YJR038C,201,1,0.004975124378109453,0.004975124378109453,1,0,0,0,-,12,9,6,4,5,4,27,13,ref|NC_001142|,504172,503972
YMR318C,201,1,0.004975124378109453,0.004975124378109453,1,0,0,0,-,14,21,14,25,29,10,49,64,ref|NC_001145|,912396,912196
YKL129C,201,1,0.004975124378109453,0.004975124378109453,1,0,0,0,-,39,75,31,87,82,39,145,208,ref|NC_001143|,200291,200091
YJR032W,201,1,0.004975124378109453,0.004975124378109453,0,1,0,0,+,20,19,6,41,27,12,45,80,ref|NC_001142|,490958,491158
YJR031C,201,1,0.004975124378109453,0.004975124378109453,1,0,0,0,-,70,82,39,93,119,46,191,258,ref|NC_001142|,491011,490811
YMR322C,201,1,0.004975124378109453,0.004975124378109453,1,0,0,0,-,11,7,11,16,16,14,29,46,ref|NC_001145|,919179,918979
YJR049C,201,1,0.004975124378109453,0.004975124378109453,0,1,0,0,-,14,28,15,35,45,21,57,101,ref|NC_001142|,528598,528398
YKL126W,201,1,0.004975124378109453,0.004975124378109453,0,1,0,0,+,24,44,15,56,49,20,83,125,ref|NC_001143|,205399,205599
YKL123W,201,1,0.004975124378109453,0.004975124378109453,0,1,0,0,+,7,5,3,15,8,7,15,30,ref|NC_001143|,210812,211012
YMR323W,201,1,0.004975124378109453,0.004975124378109453,1,0,0,0,+,13,31,19,32,26,25,63,83,ref|NC_001145|,919988,920188
YMR325W,201,1,0.004975124378109453,0.004975124378109453,0,1,0,0,+,7,13,3,7,8,3,23,18,ref|NC_001145|,922541,922741
YJR025C,201,1,0.004975124378109453,0.004975124378109453,1,0,0,0,-,4,12,5,13,15,7,21,35,ref|NC_001142|,471959,471759
YMR220W,201,1,0.004975124378109453,0.004975124378109453,1,0,0,0,+,14,22,14,39,28,11,50,78,ref|NC_001145|,712139,712339
YJR023C,201,1,0.004975124378109453,0.004975124378109453,1,0,0,0,-,9,4,7,4,8,3,20,15,ref|NC_001142|,470305,470105
YJR022W,201,1,0.004975124378109453,0.004975124378109453,1,0,0,0,+,4,8,3,9,5,7,15,21,ref|NC_001142|,469684,469884
YJR020W,201,1,0.004975124378109453,0.004975124378109453,1,0,0,0,+,9,5,0,5,9,4,14,18,ref|NC_001142|,467155,467355
YMR218C,201,1,0.004975124378109453,0.004975124378109453,0,1,0,0,-,51,54,21,81,93,28,126,202,ref|NC_001145|,706987,706787
YKL116C,201,1,0.004975124378109453,0.004975124378109453,0,1,0,0,-,15,27,10,26,42,23,52,91,ref|NC_001143|,223230,223030
YMR217W,201,1,0.004975124378109453,0.004975124378109453,0,1,0,0,+,28,27,15,40,48,15,70,103,ref|NC_001145|,701656,701856
YMR215W,201,1,0.004975124378109453,0.004975124378109453,0,1,0,0,+,43,36,8,20,44,16,87,80,ref|NC_001145|,696633,696833
YMR228W,201,1,0.004975124378109453,0.004975124378109453,1,0,0,0,+,19,17,4,22,24,9,40,55,ref|NC_001145|,724482,724682
YJR051W,201,1,0.004975124378109453,0.004975124378109453,0,1,0,0,+,23,32,11,29,39,13,66,81,ref|NC_001142|,529695,529895
YKL167C,201,1,0.004975124378109453,0.004975124378109453,1,0,0,0,-,6,4,1,15,12,3,11,30,ref|NC_001143|,134254,134054
YKL150W,201,1,0.004975124378109453,0.004975124378109453,1,0,0,0,+,15,24,3,15,22,6,42,43,ref|NC_001143|,166161,166361
YKL165C,201,1,0.004975124378109453,0.004975124378109453,1,0,0,0,-,45,70,18,45,56,13,133,114,ref|NC_001143|,140848,140648
YKL164C,201,1,0.004975124378109453,0.004975124378109453,0,1,0,0,-,16,21,5,7,17,3,42,27,ref|NC_001143|,143279,143079
YKL162C-A,201,1,0.004975124378109453,0.004975124378109453,0,1,0,0,-,4,3,1,3,2,2,8,7,ref|NC_001143|,146174,145974
YMR306W,201,1,0.004975124378109453,0.004975124378109453,1,0,0,0,+,85,97,60,107,90,50,242,247,ref|NC_001145|,881059,881259
YMR306C-A,201,1,0.004975124378109453,0.004975124378109453,1,0,0,0,-,5,7,5,5,3,7,17,15,ref|NC_001145|,886672,886472
YJR082C,201,1,0.004975124378109453,0.004975124378109453,1,0,0,0,-,4,10,1,8,11,2,15,21,ref|NC_001142|,583038,582838
YKL160W,201,1,0.004975124378109453,0.004975124378109453,0,1,0,0,+,4,9,4,17,15,7,17,39,ref|NC_001143|,153164,153364
YJR079W,201,1,0.004975124378109453,0.004975124378109453,1,0,0,0,+,24,19,10,16,26,10,53,52,ref|NC_001142|,580105,580305
YJR078W,201,1,0.004975124378109453,0.004975124378109453,1,0,0,0,+,14,11,17,29,22,18,42,69,ref|NC_001142|,578760,578960
YKL155C,201,1,0.004975124378109453,0.004975124378109453,1,0,0,0,-,21,42,12,57,45,10,75,112,ref|NC_001143|,161497,161297
YJR074W,201,1,0.004975124378109453,0.004975124378109453,0,1,0,0,+,8,14,10,17,12,6,32,35,ref|NC_001142|,572979,573179
YKL151C,201,1,0.004975124378109453,0.004975124378109453,0,1,0,0,-,10,16,7,32,26,11,33,69,ref|NC_001143|,166035,165835
YJR073C,201,1,0.004975124378109453,0.004975124378109453,0,1,0,0,-,10,11,7,10,9,5,28,24,ref|NC_001142|,573835,573635
YKL149C,201,1,0.004975124378109453,0.004975124378109453,0,1,0,0,-,15,27,8,32,27,14,50,73,ref|NC_001143|,169004,168804
YJR052W,201,1,0.004975124378109453,0.004975124378109453,1,0,0,0,+,23,37,12,50,59,20,72,129,ref|NC_001142|,531900,532100
YJR065C,201,1,0.004975124378109453,0.004975124378109453,0,1,0,0,-,24,32,11,37,19,6,67,62,ref|NC_001142|,559310,559110
YKL148C,201,1,0.004975124378109453,0.004975124378109453,1,0,0,0,-,28,26,16,51,37,13,70,101,ref|NC_001143|,171406,171206
YJR064W,201,1,0.004975124378109453,0.004975124378109453,1,0,0,0,+,20,29,16,45,46,13,65,104,ref|NC_001142|,555778,555978
YJR061W,201,1,0.004975124378109453,0.004975124378109453,0,1,0,0,+,42,59,21,74,71,37,122,182,ref|NC_001142|,550411,550611
YMR235C,201,1,0.004975124378109453,0.004975124378109453,1,0,0,0,-,18,16,14,26,43,17,48,86,ref|NC_001145|,742877,742677
YKL143W,201,1,0.004975124378109453,0.004975124378109453,1,0,0,0,+,15,22,12,57,52,19,49,128,ref|NC_001143|,176627,176827
YJR059W,201,1,0.004975124378109453,0.004975124378109453,1,0,0,0,+,32,47,20,53,50,30,99,133,ref|NC_001142|,545612,545812
YJR057W,201,1,0.004975124378109453,0.004975124378109453,1,0,0,0,+,8,11,6,14,17,10,25,41,ref|NC_001142|,543955,544155
YJR056C,201,1,0.004975124378109453,0.004975124378109453,1,0,0,0,-,7,18,4,14,19,9,29,42,ref|NC_001142|,542803,542603
YMR230W-A,201,1,0.004975124378109453,0.004975124378109453,0,1,0,0,+,3,5,2,3,0,1,10,4,ref|NC_001145|,733168,733368
YMR315W,201,1,0.004975124378109453,0.004975124378109453,0,1,0,0,+,14,15,11,23,27,9,40,59,ref|NC_001145|,902578,902778
YJR054W,201,1,0.004975124378109453,0.004975124378109453,1,0,0,0,+,27,29,15,26,38,18,71,82,ref|NC_001142|,535854,536054
YMR230W,201,1,0.004975124378109453,0.004975124378109453,0,1,0,0,+,3,15,5,22,22,7,23,51,ref|NC_001145|,732261,732461
YJL150W,201,1,0.004975124378109453,0.004975124378109453,1,0,0,0,+,7,9,2,8,1,2,18,11,ref|NC_001142|,137023,137223
YJL151C,201,1,0.004975124378109453,0.004975124378109453,0,1,0,0,-,6,8,2,5,11,7,16,23,ref|NC_001142|,136906,136706
YKR029C,201,1,0.004975124378109453,0.004975124378109453,1,0,0,0,-,23,49,15,68,54,21,87,143,ref|NC_001143|,499938,499738
YLR057W,201,1,0.004975124378109453,0.004975124378109453,1,0,0,0,+,38,55,28,63,55,41,121,159,ref|NC_001144|,255141,255341
YNL180C,201,1,0.004975124378109453,0.004975124378109453,0,1,0,0,-,14,21,4,25,16,14,39,55,ref|NC_001146|,301014,300814
YLR044C,201,1,0.004975124378109453,0.004975124378109453,1,0,0,0,-,29,30,18,28,53,14,77,95,ref|NC_001144|,234389,234189
YLR045C,201,1,0.004975124378109453,0.004975124378109453,1,0,0,0,-,28,46,25,86,54,34,99,174,ref|NC_001144|,237803,237603
YIL040W,201,1,0.004975124378109453,0.004975124378109453,0,1,0,0,+,6,11,3,4,8,1,20,13,ref|NC_001141|,277614,277814
YMR086C-A,201,1,0.004975124378109453,0.004975124378109453,0,1,0,0,-,8,4,2,6,3,7,14,16,ref|NC_001145|,442464,442264
YLR050C,201,1,0.004975124378109453,0.0,0,0,0,1,-,6,12,8,4,7,4,26,15,ref|NC_001144|,246369,246169
YNL178W,201,1,0.004975124378109453,0.004975124378109453,1,0,0,0,+,12,22,4,30,23,4,38,57,ref|NC_001146|,302562,302762
YIL043C,201,1,0.004975124378109453,0.004975124378109453,0,1,0,0,-,11,18,12,18,19,5,41,42,ref|NC_001141|,275087,274887
YIL044C,201,1,0.004975124378109453,0.004975124378109453,0,1,0,0,-,14,24,7,16,19,12,45,47,ref|NC_001141|,274033,273833
YLR051C,201,1,0.004975124378109453,0.004975124378109453,0,1,0,0,-,7,8,4,33,18,8,19,59,ref|NC_001144|,247111,246911
YIL046W-A,201,1,0.004975124378109453,0.004975124378109453,1,0,0,0,+,1,1,1,1,3,0,3,4,ref|NC_001141|,268209,268409
YIL047C-A,201,1,0.004975124378109453,0.004975124378109453,0,1,0,0,-,3,10,2,6,13,4,15,23,ref|NC_001141|,265567,265367
YLR053C,201,1,0.004975124378109453,0.004975124378109453,0,1,0,0,-,5,5,2,12,10,4,12,26,ref|NC_001144|,248538,248338
YNL175C,201,1,0.004975124378109453,0.004975124378109453,0,1,0,0,-,15,18,15,50,25,21,48,96,ref|NC_001146|,308748,308548
YIL035C,201,1,0.004975124378109453,0.004975124378109453,0,1,0,0,-,13,26,7,27,27,17,46,71,ref|NC_001141|,289121,288921
YIL054W,201,1,0.004975124378109453,0.004975124378109453,0,1,0,0,+,8,10,1,1,7,3,19,11,ref|NC_001141|,254443,254643
YLR062C,201,1,0.004975124378109453,0.004975124378109453,0,1,0,0,-,19,8,7,6,6,5,34,17,ref|NC_001144|,264054,263854
YMR084W,201,1,0.004975124378109453,0.004975124378109453,1,0,0,0,+,9,10,10,14,16,8,29,38,ref|NC_001145|,436528,436728
YLR070C,201,1,0.004975124378109453,0.004975124378109453,0,1,0,0,-,11,23,14,29,20,14,48,63,ref|NC_001144|,275311,275111
YMR078C,201,1,0.004975124378109453,0.004975124378109453,0,1,0,0,-,25,41,14,51,52,25,80,128,ref|NC_001145|,424835,424635
YLR072W,201,1,0.004975124378109453,0.004975124378109453,1,0,0,0,+,28,41,20,41,43,27,89,111,ref|NC_001144|,278696,278896
YMR077C,201,1,0.004975124378109453,0.004975124378109453,0,1,0,0,-,7,14,3,23,16,10,24,49,ref|NC_001145|,422292,422092
YLR075W,201,1,0.004975124378109453,0.0,0,0,0,1,+,13,10,6,33,9,5,29,47,ref|NC_001144|,282518,282718
YIL067C,201,1,0.004975124378109453,0.004975124378109453,0,1,0,0,-,29,31,13,40,44,21,73,105,ref|NC_001141|,237919,237719
YIL068C,201,1,0.004975124378109453,0.004975124378109453,0,1,0,0,-,26,47,19,68,62,27,92,157,ref|NC_001141|,235633,235433
YLR080W,201,1,0.004975124378109453,0.004975124378109453,1,0,0,0,+,10,23,9,45,44,12,42,101,ref|NC_001144|,287798,287998
YNL165W,201,1,0.004975124378109453,0.004975124378109453,1,0,0,0,+,19,22,12,28,27,16,53,71,ref|NC_001146|,323606,323806
YMR074C,201,1,0.004975124378109453,0.004975124378109453,0,1,0,0,-,6,8,3,13,13,7,17,33,ref|NC_001145|,413869,413669
YIL036W,201,1,0.004975124378109453,0.004975124378109453,1,0,0,0,+,31,35,12,39,41,23,78,103,ref|NC_001141|,285398,285598
YLR043C,201,1,0.004975124378109453,0.004975124378109453,0,1,0,0,-,5,4,3,4,8,3,12,15,ref|NC_001144|,232140,231940
YIL069C,201,1,0.004975124378109453,0.004975124378109453,0,1,0,0,-,17,7,8,24,15,4,32,43,ref|NC_001141|,232700,232500
YNL191W,201,1,0.004975124378109453,0.004975124378109453,0,1,0,0,+,15,17,9,36,16,15,41,67,ref|NC_001146|,280239,280439
YLL002W,201,1,0.004975124378109453,0.004975124378109453,0,1,0,0,+,19,31,9,36,17,15,59,68,ref|NC_001144|,146137,146337
YLL001W,201,1,0.004975124378109453,0.004975124378109453,0,1,0,0,+,36,41,19,59,51,30,96,140,ref|NC_001144|,147723,147923
YMR109W,201,1,0.004975124378109453,0.004975124378109453,0,1,0,0,+,57,65,15,95,78,29,137,202,ref|NC_001145|,486446,486646
YIL009C-A,201,1,0.004975124378109453,0.004975124378109453,0,1,0,0,-,10,13,7,6,12,8,30,26,ref|NC_001141|,336312,336112
YLR004C,201,1,0.004975124378109453,0.004975124378109453,1,0,0,0,-,30,27,13,29,21,14,70,64,ref|NC_001144|,159659,159459
YMR106C,201,1,0.004975124378109453,0.004975124378109453,1,0,0,0,-,28,34,17,57,47,21,79,125,ref|NC_001145|,480296,480096
YIL013C,201,1,0.004975124378109453,0.004975124378109453,1,0,0,0,-,82,90,33,74,85,27,205,186,ref|NC_001141|,332542,332342
YNL194C,201,1,0.004975124378109453,0.004975124378109453,1,0,0,0,-,16,19,7,19,12,3,42,34,ref|NC_001146|,273715,273515
YNL193W,201,1,0.004975124378109453,0.004975124378109453,0,1,0,0,+,38,23,14,47,47,20,75,114,ref|NC_001146|,274215,274415
YIL016W,201,1,0.004975124378109453,0.004975124378109453,0,1,0,0,+,7,4,5,14,14,5,16,33,ref|NC_001141|,321109,321309
YLR017W,201,1,0.004975124378109453,0.004975124378109453,1,0,0,0,+,16,15,8,27,14,13,39,54,ref|NC_001144|,177500,177700
YLR019W,201,1,0.004975124378109453,0.004975124378109453,0,1,0,0,+,16,26,14,37,24,17,56,78,ref|NC_001144|,179882,180082
YLR020C,201,1,0.004975124378109453,0.004975124378109453,1,0,0,0,-,16,24,8,39,46,11,48,96,ref|NC_001144|,183555,183355
YIL020C,201,1,0.004975124378109453,0.004975124378109453,0,1,0,0,-,6,9,5,20,20,10,20,50,ref|NC_001141|,314971,314771
YMR261C,201,1,0.004975124378109453,0.004975124378109453,1,0,0,0,-,57,68,36,77,79,26,161,182,ref|NC_001145|,793639,793439
YMR099C,201,1,0.004975124378109453,0.004975124378109453,1,0,0,0,-,12,19,5,17,25,10,36,52,ref|NC_001145|,464950,464750
YLR026C,201,1,0.004975124378109453,0.004975124378109453,1,0,0,0,-,11,22,7,28,15,13,40,56,ref|NC_001144|,196664,196464
YIL021W,201,1,0.004975124378109453,0.004975124378109453,0,1,0,0,+,12,16,11,23,23,15,39,61,ref|NC_001141|,312743,312943
YLR031W,201,1,0.004975124378109453,0.004975124378109453,1,0,0,0,+,14,9,3,26,14,5,26,45,ref|NC_001144|,204125,204325
YIL023C,201,1,0.004975124378109453,0.004975124378109453,1,0,0,0,-,22,21,9,11,21,11,52,43,ref|NC_001141|,310684,310484
YLR032W,201,1,0.004975124378109453,0.004975124378109453,0,1,0,0,+,49,67,23,117,85,32,139,234,ref|NC_001144|,204891,205091
YIL024C,201,1,0.004975124378109453,0.004975124378109453,0,1,0,0,-,7,14,3,14,10,6,24,30,ref|NC_001141|,310515,310315
YMR097C,201,1,0.004975124378109453,0.004975124378109453,1,0,0,0,-,12,19,6,24,28,10,37,62,ref|NC_001145|,460680,460480
YLR034C,201,1,0.004975124378109453,0.004975124378109453,1,0,0,0,-,24,22,9,11,23,8,55,42,ref|NC_001144|,212198,211998
YNL187W,201,1,0.004975124378109453,0.004975124378109453,0,1,0,0,+,14,16,9,26,18,17,39,61,ref|NC_001146|,287685,287885
YMR096W,201,1,0.004975124378109453,0.004975124378109453,1,0,0,0,+,8,14,3,22,27,7,25,56,ref|NC_001145|,456449,456649
YMR092C,201,1,0.004975124378109453,0.004975124378109453,0,1,0,0,-,31,44,11,28,49,11,86,88,ref|NC_001145|,453658,453458
YNL184C,201,1,0.004975124378109453,0.004975124378109453,1,0,0,0,-,7,5,3,4,4,4,15,12,ref|NC_001146|,292983,292783
YMR073C,201,1,0.004975124378109453,0.004975124378109453,0,1,0,0,-,6,13,8,12,11,8,27,31,ref|NC_001145|,413013,412813
YLR084C,201,1,0.004975124378109453,0.004975124378109453,1,0,0,0,-,70,74,31,48,80,33,175,161,ref|NC_001144|,300351,300151
YMR111C,201,1,0.004975124378109453,0.004975124378109453,1,0,0,0,-,16,33,10,54,25,16,59,95,ref|NC_001145|,494002,493802
YIL116W,201,1,0.004975124378109453,0.004975124378109453,0,1,0,0,+,16,13,10,28,28,8,39,64,ref|NC_001141|,142794,142994
YMR058W,201,1,0.004975124378109453,0.004975124378109453,0,1,0,0,+,29,39,19,29,49,26,87,104,ref|NC_001145|,388678,388878
YIL107C,201,1,0.004975124378109453,0.004975124378109453,1,0,0,0,-,36,42,23,72,59,23,101,154,ref|NC_001141|,166039,165839
YMR057C,201,1,0.004975124378109453,0.004975124378109453,1,0,0,0,-,5,3,9,6,5,5,17,16,ref|NC_001145|,388830,388630
YMR056C,201,1,0.004975124378109453,0.004975124378109453,0,1,0,0,-,17,20,9,24,13,7,46,44,ref|NC_001145|,388462,388262
YLR126C,201,1,0.004975124378109453,0.004975124378109453,0,1,0,0,-,9,19,5,20,23,5,33,48,ref|NC_001144|,395718,395518
YNL147W,201,1,0.004975124378109453,0.004975124378109453,0,1,0,0,+,8,6,2,7,14,3,16,24,ref|NC_001146|,350473,350673
YNL146C-A,201,1,0.004975124378109453,0.004975124378109453,0,1,0,0,-,2,6,2,4,5,0,10,9,ref|NC_001146|,351680,351480
YIL112W,201,1,0.004975124378109453,0.004975124378109453,1,0,0,0,+,31,47,26,114,91,43,104,248,ref|NC_001141|,151454,151654
YNL146W,201,1,0.004975124378109453,0.004975124378109453,0,1,0,0,+,3,15,3,4,5,3,21,12,ref|NC_001146|,351463,351663
YMR055C,201,1,0.004975124378109453,0.004975124378109453,0,1,0,0,-,15,24,9,21,20,6,48,47,ref|NC_001145|,387165,386965
YMR053C,201,1,0.004975124378109453,0.004975124378109453,0,1,0,0,-,39,37,19,69,65,23,95,157,ref|NC_001145|,382998,382798
YIL115W-A,201,1,0.004975124378109453,0.004975124378109453,1,0,0,0,+,7,10,3,4,7,3,20,14,ref|NC_001141|,144168,144368
YLR130C,201,1,0.004975124378109453,0.004975124378109453,0,1,0,0,-,34,34,18,21,16,16,86,53,ref|NC_001144|,404307,404107
YIL118W,201,1,0.004975124378109453,0.004975124378109453,1,0,0,0,+,7,16,6,11,18,10,29,39,ref|NC_001141|,139491,139691
YIL105C,201,1,0.004975124378109453,0.004975124378109453,1,0,0,0,-,27,50,22,36,42,21,99,99,ref|NC_001141|,169873,169673
YMR052W,201,1,0.004975124378109453,0.004975124378109453,0,1,0,0,+,8,14,5,18,14,9,27,41,ref|NC_001145|,379466,379666
YIL119C,201,1,0.004975124378109453,0.004975124378109453,0,1,0,0,-,15,29,10,22,16,9,54,47,ref|NC_001141|,138195,137995
YIL120W,201,1,0.004975124378109453,0.004975124378109453,0,1,0,0,+,30,26,13,33,28,10,69,71,ref|NC_001141|,134317,134517
YIL121W,201,1,0.004975124378109453,0.004975124378109453,1,0,0,0,+,26,31,13,36,19,13,70,68,ref|NC_001141|,132125,132325
YLR135W,201,1,0.004975124378109453,0.004975124378109453,1,0,0,0,+,21,47,15,62,62,33,83,157,ref|NC_001144|,413117,413317
YLR136C,201,1,0.004975124378109453,0.004975124378109453,0,1,0,0,-,9,22,6,25,12,10,37,47,ref|NC_001144|,416859,416659
YMR049C,201,1,0.004975124378109453,0.004975124378109453,1,0,0,0,-,34,35,17,61,77,38,86,176,ref|NC_001145|,370686,370486
YLR141W,201,1,0.004975124378109453,0.004975124378109453,0,1,0,0,+,8,13,13,27,17,25,34,69,ref|NC_001144|,423544,423744
YNL144C,201,1,0.004975124378109453,0.004975124378109453,1,0,0,0,-,37,34,21,59,54,41,92,154,ref|NC_001146|,355142,354942
YLR143W,201,1,0.004975124378109453,0.004975124378109453,1,0,0,0,+,24,48,13,55,43,16,85,114,ref|NC_001144|,427196,427396
YLR147C,201,1,0.004975124378109453,0.004975124378109453,1,0,0,0,-,2,6,4,9,7,2,12,18,ref|NC_001144|,434594,434394
YNL144W-A,201,1,0.004975124378109453,0.004975124378109453,1,0,0,0,+,3,0,3,0,4,1,6,5,ref|NC_001146|,352961,353161
YLR149C,201,1,0.004975124378109453,0.004975124378109453,0,1,0,0,-,38,48,18,44,48,28,104,120,ref|NC_001144|,439923,439723
YIL106W,201,1,0.004975124378109453,0.004975124378109453,1,0,0,0,+,15,20,4,17,21,10,39,48,ref|NC_001141|,166201,166401
YNL149C,201,1,0.004975124378109453,0.004975124378109453,1,0,0,0,-,3,2,3,19,9,3,8,31,ref|NC_001146|,350502,350302
YIL071W-A,201,1,0.004975124378109453,0.004975124378109453,1,0,0,0,+,10,17,8,5,10,2,35,17,ref|NC_001141|,228450,228650
YNL158W,201,1,0.004975124378109453,0.004975124378109453,0,1,0,0,+,8,17,7,10,10,5,32,25,ref|NC_001146|,339512,339712
YMR070W,201,1,0.004975124378109453,0.004975124378109453,0,1,0,0,+,18,38,8,12,13,17,64,42,ref|NC_001145|,408857,409057
YLR088W,201,1,0.004975124378109453,0.004975124378109453,1,0,0,0,+,32,31,20,28,43,15,83,86,ref|NC_001144|,315845,316045
YLR090W,201,1,0.004975124378109453,0.004975124378109453,0,1,0,0,+,17,32,9,38,34,25,58,97,ref|NC_001144|,320512,320712
YLR091W,201,1,0.004975124378109453,0.004975124378109453,0,1,0,0,+,17,17,3,19,12,12,37,43,ref|NC_001144|,322154,322354
YLR092W,201,1,0.004975124378109453,0.004975124378109453,0,1,0,0,+,50,54,24,54,49,19,128,122,ref|NC_001144|,323444,323644
YIL077C,201,1,0.004975124378109453,0.004975124378109453,0,1,0,0,-,9,17,7,22,20,14,33,56,ref|NC_001141|,216590,216390
YIL079C,201,1,0.004975124378109453,0.004975124378109453,1,0,0,0,-,6,20,7,29,23,18,33,70,ref|NC_001141|,212327,212127
YNL161W,201,1,0.004975124378109453,0.004975124378109453,1,0,0,0,+,23,49,10,62,41,15,82,118,ref|NC_001146|,332357,332557
YNL160W,201,1,0.004975124378109453,0.004975124378109453,0,1,0,0,+,31,22,8,10,17,9,61,36,ref|NC_001146|,336390,336590
YIL085C,201,1,0.004975124378109453,0.004975124378109453,1,0,0,0,-,17,23,18,46,37,14,58,97,ref|NC_001141|,202813,202613
YLR099W-A,201,1,0.004975124378109453,0.004975124378109453,1,0,0,0,+,2,7,3,7,3,5,12,15,ref|NC_001144|,341225,341425
YLR100W,201,1,0.004975124378109453,0.004975124378109453,1,0,0,0,+,18,14,8,22,27,9,40,58,ref|NC_001144|,341683,341883
YMR065W,201,1,0.004975124378109453,0.004975124378109453,0,1,0,0,+,27,34,5,30,47,24,66,101,ref|NC_001145|,399602,399802
YNL157W,201,1,0.004975124378109453,0.004975124378109453,0,1,0,0,+,4,6,7,12,8,7,17,27,ref|NC_001146|,339519,339719
YLR120W-A,201,1,0.004975124378109453,0.004975124378109453,1,0,0,0,+,3,0,1,2,2,1,4,5,ref|NC_001144|,388572,388772
YLR103C,201,1,0.004975124378109453,0.004975124378109453,1,0,0,0,-,32,37,17,59,44,32,86,135,ref|NC_001144|,346134,345934
YMR064W,201,1,0.004975124378109453,0.004975124378109453,0,1,0,0,+,10,30,10,35,33,19,50,87,ref|NC_001145|,397803,398003
YIL092W,201,1,0.004975124378109453,0.004975124378109453,0,1,0,0,+,31,27,12,43,46,26,70,115,ref|NC_001141|,188871,189071
YIL093C,201,1,0.004975124378109453,0.004975124378109453,0,1,0,0,-,7,7,8,26,17,11,22,54,ref|NC_001141|,188993,188793
YIL094C,201,1,0.004975124378109453,0.004975124378109453,0,1,0,0,-,22,19,10,24,21,6,51,51,ref|NC_001141|,187797,187597
YNL155W,201,1,0.004975124378109453,0.004975124378109453,0,1,0,0,+,13,13,7,29,18,6,33,53,ref|NC_001146|,342312,342512
YLR108C,201,1,0.004975124378109453,0.004975124378109453,0,1,0,0,-,25,26,12,28,32,17,63,77,ref|NC_001144|,368284,368084
YLR111W,201,1,0.004975124378109453,0.004975124378109453,1,0,0,0,+,5,2,1,3,6,3,8,12,ref|NC_001144|,370291,370491
YLR114C,201,1,0.004975124378109453,0.004975124378109453,1,0,0,0,-,30,47,15,56,88,38,92,182,ref|NC_001144|,377421,377221
YLR116W,201,1,0.004975124378109453,0.004975124378109453,1,0,0,0,+,10,28,14,39,22,11,52,72,ref|NC_001144|,380721,380921
YLR119W,201,1,0.004975124378109453,0.004975124378109453,1,0,0,0,+,3,17,1,23,11,7,21,41,ref|NC_001144|,385434,385634
YNL151C,201,1,0.004975124378109453,0.004975124378109453,1,0,0,0,-,6,8,4,23,30,9,18,62,ref|NC_001146|,348688,348488
YNL150W,201,1,0.004975124378109453,0.004975124378109453,1,0,0,0,+,18,8,4,7,3,3,30,13,ref|NC_001146|,349151,349351
YIL008W,201,1,0.004975124378109453,0.004975124378109453,0,1,0,0,+,5,8,2,8,8,6,15,22,ref|NC_001141|,342390,342590
YNL198C,201,1,0.004975124378109453,0.004975124378109453,0,1,0,0,-,9,9,0,5,4,4,18,13,ref|NC_001146|,266916,266716
YKR030W,201,1,0.004975124378109453,0.004975124378109453,1,0,0,0,+,6,24,7,12,10,14,37,36,ref|NC_001143|,499960,500160
YMR143W,201,1,0.004975124378109453,0.004975124378109453,1,0,0,0,+,12,23,7,28,17,10,42,55,ref|NC_001145|,551699,551899
YJL186W,201,1,0.004975124378109453,0.004975124378109453,1,0,0,0,+,27,30,13,30,48,18,70,96,ref|NC_001142|,79630,79830
YKR076W,201,1,0.004975124378109453,0.004975124378109453,0,1,0,0,+,7,23,10,32,22,17,40,71,ref|NC_001143|,581888,582088
YKR077W,201,1,0.004975124378109453,0.004975124378109453,0,1,0,0,+,25,33,11,22,14,9,69,45,ref|NC_001143|,583462,583662
YJL188C,201,1,0.004975124378109453,0.004975124378109453,1,0,0,0,-,11,6,2,2,8,1,19,11,ref|NC_001142|,76610,76410
YJL189W,201,1,0.004975124378109453,0.004975124378109453,0,1,0,0,+,6,8,2,17,11,2,16,30,ref|NC_001142|,75798,75998
YKR079C,201,1,0.004975124378109453,0.004975124378109453,1,0,0,0,-,25,46,24,63,70,28,95,161,ref|NC_001143|,589710,589510
YMR146C,201,1,0.004975124378109453,0.004975124378109453,0,1,0,0,-,14,22,14,21,18,19,50,58,ref|NC_001145|,558741,558541
YJL193W,201,1,0.004975124378109453,0.004975124378109453,0,1,0,0,+,24,25,8,16,20,7,57,43,ref|NC_001142|,71247,71447
YJL196C,201,1,0.004975124378109453,0.004975124378109453,0,1,0,0,-,12,16,10,13,18,2,38,33,ref|NC_001142|,69076,68876
YJL197W,201,1,0.004975124378109453,0.004975124378109453,0,1,0,0,+,51,50,26,106,119,39,127,264,ref|NC_001142|,63666,63866
YJL198W,201,1,0.004975124378109453,0.004975124378109453,1,0,0,0,+,40,49,38,55,43,35,127,133,ref|NC_001142|,60722,60922
YNL248C,201,1,0.004975124378109453,0.004975124378109453,1,0,0,0,-,21,19,9,30,35,11,49,76,ref|NC_001146|,182765,182565
YNL246W,201,1,0.004975124378109453,0.004975124378109453,1,0,0,0,+,7,12,2,31,25,15,21,71,ref|NC_001146|,185359,185559
YKR092C,201,1,0.004975124378109453,0.004975124378109453,1,0,0,0,-,60,37,14,39,26,25,111,90,ref|NC_001143|,614230,614030
YMR153W,201,1,0.004975124378109453,0.004975124378109453,0,1,0,0,+,16,26,13,38,27,14,55,79,ref|NC_001145|,564306,564506
YKR095W,201,1,0.004975124378109453,0.004975124378109453,0,1,0,0,+,78,102,46,219,152,81,226,452,ref|NC_001143|,619705,619905
YKR095W-A,201,1,0.004975124378109453,0.004975124378109453,0,1,0,0,+,2,9,1,9,5,5,12,19,ref|NC_001143|,625764,625964
YMR141C,201,1,0.004975124378109453,0.004975124378109453,1,0,0,0,-,6,6,3,7,10,2,15,19,ref|NC_001145|,550170,549970
YKR098C,201,1,0.004975124378109453,0.004975124378109453,1,0,0,0,-,34,45,17,54,38,29,96,121,ref|NC_001143|,635360,635160
YNL243W,201,1,0.004975124378109453,0.004975124378109453,1,0,0,0,+,36,50,25,57,71,38,111,166,ref|NC_001146|,187884,188084
YJL207C,201,1,0.004975124378109453,0.004975124378109453,1,0,0,0,-,111,135,41,121,155,60,287,336,ref|NC_001142|,47533,47333
YNL242W,201,1,0.004975124378109453,0.004975124378109453,1,0,0,0,+,79,117,40,104,94,62,236,260,ref|NC_001146|,191224,191424
YJL209W,201,1,0.004975124378109453,0.004975124378109453,1,0,0,0,+,25,46,17,45,37,24,88,106,ref|NC_001142|,37839,38039
YKR099W,201,1,0.004975124378109453,0.004975124378109453,1,0,0,0,+,31,61,13,64,50,31,105,145,ref|NC_001143|,635479,635679
YMR140W,201,1,0.004975124378109453,0.004975124378109453,0,1,0,0,+,13,28,10,46,40,16,51,102,ref|NC_001145|,547562,547762
YKR103W,201,1,0.004975124378109453,0.004975124378109453,0,1,0,0,+,84,81,22,61,84,24,187,169,ref|NC_001143|,652980,653180
YKR105C,201,1,0.004975124378109453,0.004975124378109453,1,0,0,0,-,33,34,19,22,23,13,86,58,ref|NC_001143|,660564,660364
YJL219W,201,1,0.004975124378109453,0.004975124378109453,0,1,0,0,+,37,37,19,22,33,11,93,66,ref|NC_001142|,19397,19597
YKR075C,201,1,0.004975124378109453,0.004975124378109453,1,0,0,0,-,12,19,11,24,22,11,42,57,ref|NC_001143|,581026,580826
YMR153C-A,201,1,0.004975124378109453,0.004975124378109453,1,0,0,0,-,12,9,4,2,4,3,25,9,ref|NC_001145|,566009,565809
YMR137C,201,1,0.004975124378109453,0.004975124378109453,0,1,0,0,-,24,47,9,52,49,27,80,128,ref|NC_001145|,545143,544943
YKR053C,201,1,0.004975124378109453,0.004975124378109453,1,0,0,0,-,21,21,8,26,18,10,50,54,ref|NC_001143|,536190,535990
YKR043C,201,1,0.004975124378109453,0.004975124378109453,1,0,0,0,-,9,17,2,27,21,11,28,59,ref|NC_001143|,521834,521634
YKR044W,201,1,0.004975124378109453,0.004975124378109453,0,1,0,0,+,14,35,10,28,25,20,59,73,ref|NC_001143|,521855,522055
YNL265C,201,1,0.004975124378109453,0.004975124378109453,1,0,0,0,-,11,19,10,39,27,16,40,82,ref|NC_001146|,145405,145205
YJL158C,201,1,0.004975124378109453,0.004975124378109453,1,0,0,0,-,20,11,3,9,13,5,34,27,ref|NC_001142|,123090,122890
YJL160C,201,1,0.004975124378109453,0.004975124378109453,1,0,0,0,-,13,19,9,11,11,8,41,30,ref|NC_001142|,118925,118725
YJL162C,201,1,0.004975124378109453,0.004975124378109453,0,1,0,0,-,19,40,12,57,39,22,71,118,ref|NC_001142|,115813,115613
YKR045C,201,1,0.004975124378109453,0.004975124378109453,1,0,0,0,-,7,9,14,11,7,13,30,31,ref|NC_001143|,524097,523897
YJL164C,201,1,0.004975124378109453,0.004975124378109453,1,0,0,0,-,14,17,8,36,27,16,39,79,ref|NC_001142|,111503,111303
YKR046C,201,1,0.004975124378109453,0.004975124378109453,1,0,0,0,-,26,11,15,12,13,12,52,37,ref|NC_001143|,525212,525012
YMR161W,201,1,0.004975124378109453,0.004975124378109453,0,1,0,0,+,7,21,7,19,12,4,35,35,ref|NC_001145|,577440,577640
YKR050W,201,1,0.004975124378109453,0.004975124378109453,0,1,0,0,+,38,61,29,51,46,32,128,129,ref|NC_001143|,526760,526960
YMR159C,201,1,0.004975124378109453,0.004975124378109453,1,0,0,0,-,3,3,3,19,14,8,9,41,ref|NC_001145|,575028,574828
YJL167W,201,1,0.004975124378109453,0.004975124378109453,1,0,0,0,+,16,18,10,34,28,9,44,71,ref|NC_001142|,104794,104994
YJL168C,201,1,0.004975124378109453,0.004975124378109453,1,0,0,0,-,21,47,18,75,55,22,86,152,ref|NC_001142|,104637,104437
YJL183W,201,1,0.004975124378109453,0.004975124378109453,1,0,0,0,+,17,26,13,32,31,10,56,73,ref|NC_001142|,83690,83890
YKR055W,201,1,0.004975124378109453,0.004975124378109453,0,1,0,0,+,12,15,8,30,13,10,35,53,ref|NC_001143|,548065,548265
YNL260C,201,1,0.004975124378109453,0.004975124378109453,0,1,0,0,-,5,4,4,22,15,2,13,39,ref|NC_001146|,157447,157247
YKR058W,201,1,0.004975124378109453,0.004975124378109453,1,0,0,0,+,20,34,11,50,43,31,65,124,ref|NC_001143|,552498,552698
YKR060W,201,1,0.004975124378109453,0.004975124378109453,1,0,0,0,+,7,19,5,22,18,5,31,45,ref|NC_001143|,556394,556594
YKR064W,201,1,0.004975124378109453,0.004975124378109453,1,0,0,0,+,32,57,20,64,63,43,109,170,ref|NC_001143|,562398,562598
YJL178C,201,1,0.004975124378109453,0.004975124378109453,1,0,0,0,-,11,17,4,18,22,10,32,50,ref|NC_001142|,90242,90042
YNL255C,201,1,0.004975124378109453,0.004975124378109453,0,1,0,0,-,4,9,0,11,9,1,13,21,ref|NC_001146|,169342,169142
YJL180C,201,1,0.004975124378109453,0.004975124378109453,0,1,0,0,-,12,19,4,25,22,9,35,56,ref|NC_001142|,88727,88527
YJL181W,201,1,0.004975124378109453,0.004975124378109453,0,1,0,0,+,33,56,18,42,34,19,107,95,ref|NC_001142|,85516,85716
YKR068C,201,1,0.004975124378109453,0.004975124378109453,1,0,0,0,-,8,7,5,16,15,6,20,37,ref|NC_001143|,571247,571047
YKR069W,201,1,0.004975124378109453,0.004975124378109453,1,0,0,0,+,24,25,15,47,41,14,64,102,ref|NC_001143|,571331,571531
YKR072C,201,1,0.004975124378109453,0.004975124378109453,0,1,0,0,-,19,34,13,44,39,42,66,125,ref|NC_001143|,578412,578212
YNL254C,201,1,0.004975124378109453,0.004975124378109453,0,1,0,0,-,16,19,14,35,27,17,49,79,ref|NC_001146|,169396,169196
YKR106W,201,1,0.004975124378109453,0.004975124378109453,0,1,0,0,+,37,43,19,32,32,15,99,79,ref|NC_001143|,661342,661542
YMR135C,201,1,0.004975124378109453,0.004975124378109453,0,1,0,0,-,21,37,11,37,21,17,69,75,ref|NC_001145|,540212,540012
YLL006W-A,201,1,0.004975124378109453,0.004975124378109453,1,0,0,0,+,3,8,0,2,2,1,11,5,ref|NC_001144|,136245,136445
YIR009W,201,1,0.004975124378109453,0.004975124378109453,0,1,0,0,+,3,6,2,6,12,6,11,24,ref|NC_001141|,373807,374007
YLL033W,201,1,0.004975124378109453,0.004975124378109453,0,1,0,0,+,9,14,6,15,19,12,29,46,ref|NC_001144|,73308,73508
YNL212W,201,1,0.004975124378109453,0.004975124378109453,0,1,0,0,+,30,41,15,65,67,29,86,161,ref|NC_001146|,247278,247478
YNL211C,201,1,0.004975124378109453,0.004975124378109453,0,1,0,0,-,2,4,0,12,4,1,6,17,ref|NC_001146|,251833,251633
YIR018C-A,201,1,0.004975124378109453,0.004975124378109453,0,1,0,0,-,0,3,2,1,2,0,5,3,ref|NC_001141|,385801,385601
YLL031C,201,1,0.004975124378109453,0.004975124378109453,0,1,0,0,-,48,76,25,38,50,37,149,125,ref|NC_001144|,80385,80185
YIR017W-A,201,1,0.004975124378109453,0.004975124378109453,0,1,0,0,+,21,15,8,5,8,8,44,21,ref|NC_001141|,383466,383666
YLL030C,201,1,0.004975124378109453,0.004975124378109453,0,1,0,0,-,10,6,0,6,3,2,16,11,ref|NC_001144|,80797,80597
YLL028W,201,1,0.004975124378109453,0.004975124378109453,0,1,0,0,+,35,27,25,33,24,18,87,75,ref|NC_001144|,84398,84598
YMR119W,201,1,0.004975124378109453,0.004975124378109453,0,1,0,0,+,29,42,10,39,41,15,81,95,ref|NC_001145|,505048,505248
YMR118C,201,1,0.004975124378109453,0.004975124378109453,1,0,0,0,-,19,11,4,7,6,7,34,20,ref|NC_001145|,502834,502634
YLL022C,201,1,0.004975124378109453,0.004975124378109453,0,1,0,0,-,19,14,12,42,39,15,45,96,ref|NC_001144|,100331,100131
YIR013C,201,1,0.004975124378109453,0.004975124378109453,0,1,0,0,-,3,7,2,10,5,1,12,16,ref|NC_001141|,380941,380741
YLL019C,201,1,0.004975124378109453,0.004975124378109453,0,1,0,0,-,38,51,22,43,39,27,111,109,ref|NC_001144|,107999,107799
YNL205C,201,1,0.004975124378109453,0.004975124378109453,0,1,0,0,-,4,9,5,8,7,5,18,20,ref|NC_001146|,258677,258477
YLL036C,201,1,0.004975124378109453,0.004975124378109453,1,0,0,0,-,15,21,13,40,25,25,49,90,ref|NC_001144|,68390,68190
YLL019W-A,201,1,0.004975124378109453,0.004975124378109453,0,1,0,0,+,0,1,1,0,0,0,2,0,ref|NC_001144|,106808,107008
YIR006C,201,1,0.004975124378109453,0.004975124378109453,1,0,0,0,-,59,100,27,87,95,28,186,210,ref|NC_001141|,370008,369808
YNL202W,201,1,0.004975124378109453,0.004975124378109453,1,0,0,0,+,12,7,13,18,11,8,32,37,ref|NC_001146|,259435,259635
YLL018C,201,1,0.004975124378109453,0.004975124378109453,1,0,0,0,-,19,30,7,51,43,17,56,111,ref|NC_001144|,111708,111508
YIR003W,201,1,0.004975124378109453,0.004975124378109453,0,1,0,0,+,33,29,8,73,45,20,70,138,ref|NC_001141|,360647,360847
YIR001C,201,1,0.004975124378109453,0.004975124378109453,0,1,0,0,-,10,10,9,21,8,6,29,35,ref|NC_001141|,357060,356860
YLL016W,201,1,0.004975124378109453,0.004975124378109453,0,1,0,0,+,50,69,22,74,89,28,141,191,ref|NC_001144|,112747,112947
YLL014W,201,1,0.004975124378109453,0.004975124378109453,0,1,0,0,+,4,9,5,6,7,3,18,16,ref|NC_001144|,121204,121404
YLL012W,201,1,0.004975124378109453,0.004975124378109453,1,0,0,0,+,23,23,19,45,37,26,65,108,ref|NC_001144|,125345,125545
YLL011W,201,1,0.004975124378109453,0.004975124378109453,1,0,0,0,+,17,30,9,48,42,12,56,102,ref|NC_001144|,127412,127612
YMR115W,201,1,0.004975124378109453,0.004975124378109453,0,1,0,0,+,17,23,15,49,33,11,55,93,ref|NC_001145|,497550,497750
YIL001W,201,1,0.004975124378109453,0.004975124378109453,1,0,0,0,+,19,21,10,34,43,22,50,99,ref|NC_001141|,353766,353966
YLL007C,201,1,0.004975124378109453,0.004975124378109453,1,0,0,0,-,25,43,16,57,45,21,84,123,ref|NC_001144|,136486,136286
YMR122C,201,1,0.004975124378109453,0.004975124378109453,0,1,0,0,-,3,5,7,4,0,2,15,6,ref|NC_001145|,511854,511654
YMR123W,201,1,0.004975124378109453,0.004975124378109453,0,1,0,0,+,8,9,1,7,6,3,18,16,ref|NC_001145|,513473,513673
YMR134W,201,1,0.004975124378109453,0.004975124378109453,0,1,0,0,+,8,11,11,21,23,16,30,60,ref|NC_001145|,537651,537851
YLL055W,201,1,0.004975124378109453,0.004975124378109453,1,0,0,0,+,32,34,16,27,25,11,82,63,ref|NC_001144|,29511,29711
YMR133W,201,1,0.004975124378109453,0.004975124378109453,1,0,0,0,+,22,34,12,33,22,13,68,68,ref|NC_001145|,536107,536307
YNL231C,201,1,0.004975124378109453,0.004975124378109453,0,1,0,0,-,11,16,9,32,30,10,36,72,ref|NC_001146|,217339,217139
YLL063C,201,1,0.004975124378109453,0.004975124378109453,0,1,0,0,-,31,27,15,33,26,13,73,72,ref|NC_001144|,16476,16276
YMR131C,201,1,0.004975124378109453,0.004975124378109453,1,0,0,0,-,22,23,6,41,54,14,51,109,ref|NC_001145|,534873,534673
YNL229C,201,1,0.004975124378109453,0.004975124378109453,0,1,0,0,-,10,23,6,23,19,10,39,52,ref|NC_001146|,220301,220101
YNL228W,201,1,0.004975124378109453,0.004975124378109453,0,1,0,0,+,35,24,12,14,7,10,71,31,ref|NC_001146|,220545,220745
YLL061W,201,1,0.004975124378109453,0.004975124378109453,1,0,0,0,+,35,35,22,27,26,13,92,66,ref|NC_001144|,17840,18040
YLL060C,201,1,0.004975124378109453,0.004975124378109453,1,0,0,0,-,6,9,6,14,23,6,21,43,ref|NC_001144|,22784,22584
YLL059C,201,1,0.004975124378109453,0.004975124378109453,1,0,0,0,-,6,13,10,9,7,8,29,24,ref|NC_001144|,23080,22880
YLL058W,201,1,0.004975124378109453,0.004975124378109453,1,0,0,0,+,24,26,16,44,34,18,66,96,ref|NC_001144|,23281,23481
YIR036W-A,201,1,0.004975124378109453,0.004975124378109453,0,1,0,0,+,9,4,6,7,4,7,19,18,ref|NC_001141|,422535,422735
YIR036C,201,1,0.004975124378109453,0.004975124378109453,0,1,0,0,-,13,8,15,12,14,12,36,38,ref|NC_001141|,423012,422812
YLL056C,201,1,0.004975124378109453,0.004975124378109453,1,0,0,0,-,15,18,7,15,23,8,40,46,ref|NC_001144|,29635,29435
YIR033W,201,1,0.004975124378109453,0.004975124378109453,1,0,0,0,+,48,76,20,77,85,38,144,200,ref|NC_001141|,415968,416168
YLL043W,201,1,0.004975124378109453,0.004975124378109453,1,0,0,0,+,31,39,9,43,43,24,79,110,ref|NC_001144|,49800,50000
YLL053C,201,1,0.004975124378109453,0.004975124378109453,1,0,0,0,-,6,8,0,6,8,1,14,15,ref|NC_001144|,36437,36237
YMR129W,201,1,0.004975124378109453,0.004975124378109453,1,0,0,0,+,66,99,25,75,98,31,190,204,ref|NC_001145|,527661,527861
YIR031C,201,1,0.004975124378109453,0.004975124378109453,1,0,0,0,-,16,31,8,37,48,16,55,101,ref|NC_001141|,414920,414720
YNL220W,201,1,0.004975124378109453,0.004975124378109453,0,1,0,0,+,12,18,10,33,35,7,40,75,ref|NC_001146|,234207,234407
YLL049W,201,1,0.004975124378109453,0.004975124378109453,1,0,0,0,+,8,10,3,10,15,9,21,34,ref|NC_001144|,40566,40766
YMR127C,201,1,0.004975124378109453,0.004975124378109453,0,1,0,0,-,14,25,8,23,25,8,47,56,ref|NC_001145|,523548,523348
YIR029W,201,1,0.004975124378109453,0.004975124378109453,1,0,0,0,+,9,29,10,34,27,10,48,71,ref|NC_001141|,410553,410753
YNL219C,201,1,0.004975124378109453,0.004975124378109453,0,1,0,0,-,26,33,10,23,30,10,69,63,ref|NC_001146|,237931,237731
YNL217W,201,1,0.004975124378109453,0.004975124378109453,0,1,0,0,+,11,21,5,24,25,5,37,54,ref|NC_001146|,240095,240295
YLL047W,201,1,0.004975124378109453,0.004975124378109453,0,1,0,0,+,13,8,5,5,6,3,26,14,ref|NC_001144|,46572,46772
YLL046C,201,1,0.004975124378109453,0.004975124378109453,1,0,0,0,-,8,9,4,28,21,5,21,54,ref|NC_001144|,47563,47363
YIR025W,201,1,0.004975124378109453,0.004975124378109453,1,0,0,0,+,8,23,5,45,33,15,36,93,ref|NC_001141|,403515,403715
YLL044W,201,1,0.004975124378109453,0.004975124378109453,1,0,0,0,+,19,9,1,5,8,3,29,16,ref|NC_001144|,48116,48316
YJL148W,201,1,0.004975124378109453,0.004975124378109453,1,0,0,0,+,8,13,3,30,19,9,24,58,ref|NC_001142|,140280,140480
YGL041W-A,201,1,0.004975124378109453,0.004975124378109453,1,0,0,0,+,9,6,5,16,11,7,20,34,ref|NC_001139|,418725,418925
YGR281W,201,1,0.004975124378109453,0.004975124378109453,0,1,0,0,+,68,72,34,108,117,43,174,268,ref|NC_001139|,1052724,1052924
YDR145W,201,1,0.004975124378109453,0.004975124378109453,0,1,0,0,+,16,24,7,42,31,12,47,85,ref|NC_001136|,746549,746749
YDR106W,201,1,0.004975124378109453,0.004975124378109453,0,1,0,0,+,11,11,7,22,19,8,29,49,ref|NC_001136|,666882,667082
YDR108W,201,1,0.004975124378109453,0.004975124378109453,1,0,0,0,+,43,46,17,52,49,25,106,126,ref|NC_001136|,671109,671309
YDR109C,201,1,0.004975124378109453,0.004975124378109453,0,1,0,0,-,29,38,21,51,43,27,88,121,ref|NC_001136|,676026,675826
YDR113C,201,1,0.004975124378109453,0.004975124378109453,1,0,0,0,-,10,14,9,37,28,16,33,81,ref|NC_001136|,682048,681848
YDR115W,201,1,0.004975124378109453,0.004975124378109453,1,0,0,0,+,11,10,0,8,4,0,21,12,ref|NC_001136|,682019,682219
YDR117C,201,1,0.004975124378109453,0.004975124378109453,1,0,0,0,-,25,42,14,50,37,14,81,101,ref|NC_001136|,685781,685581
YDR118W-A,201,1,0.004975124378109453,0.004975124378109453,1,0,0,0,+,0,0,1,4,2,2,1,8,ref|NC_001136|,687668,687868
YDR119W-A,201,1,0.004975124378109453,0.004975124378109453,0,1,0,0,+,4,4,2,6,4,0,10,10,ref|NC_001136|,690914,691114
YDR120C,201,1,0.004975124378109453,0.004975124378109453,1,0,0,0,-,18,33,15,30,37,18,66,85,ref|NC_001136|,693361,693161
YDR121W,201,1,0.004975124378109453,0.004975124378109453,1,0,0,0,+,1,4,2,28,12,6,7,46,ref|NC_001136|,693332,693532
YPL275W,201,1,0.004975124378109453,0.004975124378109453,1,0,0,0,+,6,16,2,20,10,4,24,34,ref|NC_001148|,18269,18469
YDR127W,201,1,0.004975124378109453,0.004975124378109453,0,1,0,0,+,60,69,40,106,120,32,169,258,ref|NC_001136|,704384,704584
YDR129C,201,1,0.004975124378109453,0.004975124378109453,1,0,0,0,-,27,26,14,48,63,14,67,125,ref|NC_001136|,716116,715916
YDR132C,201,1,0.004975124378109453,0.004975124378109453,0,1,0,0,-,28,29,11,33,32,23,68,88,ref|NC_001136|,720606,720406
YPL277C,201,1,0.004975124378109453,0.004975124378109453,1,0,0,0,-,21,26,19,26,35,16,66,77,ref|NC_001148|,16968,16768
YDR137W,201,1,0.004975124378109453,0.004975124378109453,1,0,0,0,+,30,45,20,60,39,27,95,126,ref|NC_001136|,728159,728359
YDR138W,201,1,0.004975124378109453,0.004975124378109453,1,0,0,0,+,35,39,24,67,60,38,98,165,ref|NC_001136|,730466,730666
YDR139C,201,1,0.004975124378109453,0.004975124378109453,1,0,0,0,-,5,6,1,8,8,1,12,17,ref|NC_001136|,734280,734080
YDR140W,201,1,0.004975124378109453,0.004975124378109453,1,0,0,0,+,4,10,7,15,12,10,21,37,ref|NC_001136|,734024,734224
YDR105C,201,1,0.004975124378109453,0.004975124378109453,0,1,0,0,-,22,25,8,20,26,11,55,57,ref|NC_001136|,667123,666923
YDR103W,201,1,0.004975124378109453,0.004975124378109453,0,1,0,0,+,55,55,22,69,64,30,132,163,ref|NC_001136|,658250,658450
YPL263C,201,1,0.004975124378109453,0.004975124378109453,1,0,0,0,-,34,33,14,66,47,27,81,140,ref|NC_001148|,46625,46425
YDR061W,201,1,0.004975124378109453,0.004975124378109453,0,1,0,0,+,14,29,13,30,35,22,56,87,ref|NC_001136|,574009,574209
YPL242C,201,1,0.004975124378109453,0.004975124378109453,0,1,0,0,-,61,85,42,118,111,46,188,275,ref|NC_001148|,95209,95009
YPL245W,201,1,0.004975124378109453,0.004975124378109453,0,1,0,0,+,23,22,9,30,34,12,54,76,ref|NC_001148|,85428,85628
YPL247C,201,1,0.004975124378109453,0.004975124378109453,1,0,0,0,-,22,21,20,23,28,20,63,71,ref|NC_001148|,84388,84188
YDR054C,201,1,0.004975124378109453,0.004975124378109453,0,1,0,0,-,8,15,9,26,27,23,32,76,ref|NC_001136|,562616,562416
YDR055W,201,1,0.004975124378109453,0.004975124378109453,1,0,0,0,+,41,40,16,16,21,10,97,47,ref|NC_001136|,563133,563333
YDR057W,201,1,0.004975124378109453,0.004975124378109453,0,1,0,0,+,16,33,14,34,58,20,63,112,ref|NC_001136|,565763,565963
YDR058C,201,1,0.004975124378109453,0.004975124378109453,0,1,0,0,-,13,15,10,17,21,12,38,50,ref|NC_001136|,568878,568678
YPL250W-A,201,1,0.004975124378109453,0.004975124378109453,1,0,0,0,+,15,7,2,4,6,8,24,18,ref|NC_001148|,75602,75802
YDR067C,201,1,0.004975124378109453,0.004975124378109453,1,0,0,0,-,10,10,3,17,24,8,23,49,ref|NC_001136|,583634,583434
YPL262W,201,1,0.004975124378109453,0.004975124378109453,1,0,0,0,+,14,31,16,30,43,13,61,86,ref|NC_001148|,47168,47368
YPL253C,201,1,0.004975124378109453,0.004975124378109453,1,0,0,0,-,35,44,13,46,49,23,92,118,ref|NC_001148|,73161,72961
YDR071C,201,1,0.004975124378109453,0.004975124378109453,1,0,0,0,-,2,19,6,23,9,7,27,39,ref|NC_001136|,589644,589444
YDR077W,201,1,0.004975124378109453,0.004975124378109453,0,1,0,0,+,24,19,4,8,23,6,47,37,ref|NC_001136|,599310,599510
YDR078C,201,1,0.004975124378109453,0.004975124378109453,0,1,0,0,-,8,12,11,12,20,8,31,40,ref|NC_001136|,603000,602800
YDR082W,201,1,0.004975124378109453,0.004975124378109453,1,0,0,0,+,17,33,12,31,39,13,62,83,ref|NC_001136|,610225,610425
YDR091C,201,1,0.004975124378109453,0.004975124378109453,1,0,0,0,-,25,42,16,44,54,12,83,110,ref|NC_001136|,628741,628541
YPL261C,201,1,0.004975124378109453,0.004975124378109453,1,0,0,0,-,9,3,2,4,4,4,14,12,ref|NC_001148|,49404,49204
YDR095C,201,1,0.004975124378109453,0.004975124378109453,0,1,0,0,-,9,8,1,3,3,2,18,8,ref|NC_001136|,636627,636427
YDR142C,201,1,0.004975124378109453,0.004975124378109453,0,1,0,0,-,11,30,7,21,16,10,48,47,ref|NC_001136|,741917,741717
YDR147W,201,1,0.004975124378109453,0.004975124378109453,0,1,0,0,+,22,33,10,39,44,17,65,100,ref|NC_001136|,751081,751281
YEL020C-B,201,1,0.004975124378109453,0.004975124378109453,0,1,0,0,-,8,3,0,2,7,0,11,9,ref|NC_001137|,116675,116475
YDR148C,201,1,0.004975124378109453,0.004975124378109453,1,0,0,0,-,19,30,12,43,34,12,61,89,ref|NC_001136|,755419,755219
YDR203W,201,1,0.004975124378109453,0.004975124378109453,0,1,0,0,+,8,6,6,4,5,3,20,12,ref|NC_001136|,857582,857782
YDR204W,201,1,0.004975124378109453,0.004975124378109453,1,0,0,0,+,11,12,6,21,20,8,29,49,ref|NC_001136|,858025,858225
YDR205W,201,1,0.004975124378109453,0.004975124378109453,0,1,0,0,+,40,47,26,32,45,22,113,99,ref|NC_001136|,859233,859433
YDR206W,201,1,0.004975124378109453,0.004975124378109453,1,0,0,0,+,46,54,30,51,43,30,130,124,ref|NC_001136|,861954,862154
YOR380W,201,1,0.004975124378109453,0.004975124378109453,1,0,0,0,+,25,30,15,30,32,18,70,80,ref|NC_001147|,1050977,1051177
YOR379C,201,1,0.004975124378109453,0.004975124378109453,1,0,0,0,-,2,6,5,5,4,7,13,16,ref|NC_001147|,1051164,1050964
YDR212W,201,1,0.004975124378109453,0.004975124378109453,1,0,0,0,+,26,33,11,40,47,7,70,94,ref|NC_001136|,887064,887264
YDR216W,201,1,0.004975124378109453,0.004975124378109453,0,1,0,0,+,57,83,39,94,117,37,179,248,ref|NC_001136|,894935,895135
YDR217C,201,1,0.004975124378109453,0.004975124378109453,0,1,0,0,-,52,83,33,132,96,54,168,282,ref|NC_001136|,903580,903380
YDR219C,201,1,0.004975124378109453,0.004975124378109453,0,1,0,0,-,17,28,11,41,36,16,56,93,ref|NC_001136|,907208,907008
YOR373W,201,1,0.004975124378109453,0.004975124378109453,1,0,0,0,+,51,48,21,45,44,34,120,123,ref|NC_001147|,1036734,1036934
YDR222W,201,1,0.004975124378109453,0.004975124378109453,0,1,0,0,+,16,31,12,27,31,16,59,74,ref|NC_001136|,909681,909881
YDR226W,201,1,0.004975124378109453,0.004975124378109453,1,0,0,0,+,9,12,2,18,23,2,23,43,ref|NC_001136|,916097,916297
YDR229W,201,1,0.004975124378109453,0.004975124378109453,0,1,0,0,+,18,28,10,35,27,23,56,85,ref|NC_001136|,924544,924744
YDR230W,201,1,0.004975124378109453,0.004975124378109453,0,1,0,0,+,9,7,5,5,3,3,21,11,ref|NC_001136|,926123,926323
YDR232W,201,1,0.004975124378109453,0.004975124378109453,1,0,0,0,+,17,30,20,26,29,26,67,81,ref|NC_001136|,927101,927301
YDR234W,201,1,0.004975124378109453,0.004975124378109453,0,1,0,0,+,30,49,18,48,41,17,97,106,ref|NC_001136|,930885,931085
YDR236C,201,1,0.004975124378109453,0.004975124378109453,1,0,0,0,-,3,14,5,7,12,11,22,30,ref|NC_001136|,936446,936246
YOR369C,201,1,0.004975124378109453,0.004975124378109453,1,0,0,0,-,5,7,4,12,18,5,16,35,ref|NC_001147|,1028793,1028593
YOR382W,201,1,0.004975124378109453,0.004975124378109453,0,1,0,0,+,10,12,7,6,8,4,29,18,ref|NC_001147|,1059114,1059314
YDR196C,201,1,0.004975124378109453,0.004975124378109453,1,0,0,0,-,4,11,5,22,18,4,20,44,ref|NC_001136|,851110,850910
YDR193W,201,1,0.004975124378109453,0.004975124378109453,1,0,0,0,+,1,2,3,3,11,3,6,17,ref|NC_001136|,844454,844654
YDR167W,201,1,0.004975124378109453,0.004975124378109453,0,1,0,0,+,7,9,4,22,17,9,20,48,ref|NC_001136|,789257,789457
YDR150W,201,1,0.004975124378109453,0.004975124378109453,0,1,0,0,+,127,141,63,224,215,100,331,539,ref|NC_001136|,755528,755728
YDR156W,201,1,0.004975124378109453,0.004975124378109453,1,0,0,0,+,6,8,4,13,9,5,18,27,ref|NC_001136|,768558,768758
YDR158W,201,1,0.004975124378109453,0.004975124378109453,0,1,0,0,+,20,21,7,33,20,10,48,63,ref|NC_001136|,770195,770395
YDR159W,201,1,0.004975124378109453,0.004975124378109453,1,0,0,0,+,64,92,25,102,89,33,181,224,ref|NC_001136|,771777,771977
YDR162C,201,1,0.004975124378109453,0.004975124378109453,1,0,0,0,-,8,9,6,23,22,14,23,59,ref|NC_001136|,781507,781307
YDR164C,201,1,0.004975124378109453,0.004975124378109453,0,1,0,0,-,34,50,13,56,54,29,97,139,ref|NC_001136|,784360,784160
YDR165W,201,1,0.004975124378109453,0.004975124378109453,0,1,0,0,+,25,29,18,27,35,16,72,78,ref|NC_001136|,784759,784959
YDR166C,201,1,0.004975124378109453,0.004975124378109453,0,1,0,0,-,49,85,20,61,68,27,154,156,ref|NC_001136|,789321,789121
YDR168W,201,1,0.004975124378109453,0.004975124378109453,0,1,0,0,+,22,32,9,55,49,18,63,122,ref|NC_001136|,790174,790374
YDR184C,201,1,0.004975124378109453,0.004975124378109453,0,1,0,0,-,11,20,7,26,26,11,38,63,ref|NC_001136|,831683,831483
YDR169C,201,1,0.004975124378109453,0.004975124378109453,1,0,0,0,-,17,36,16,47,26,18,69,91,ref|NC_001136|,794355,794155
YDR172W,201,1,0.004975124378109453,0.004975124378109453,0,1,0,0,+,18,47,12,57,39,13,77,109,ref|NC_001136|,808159,808359
YDR176W,201,1,0.004975124378109453,0.004975124378109453,0,1,0,0,+,18,30,14,62,56,25,62,143,ref|NC_001136|,814317,814517
YOR390W,201,1,0.004975124378109453,0.004975124378109453,0,1,0,0,+,19,17,14,11,15,7,50,33,ref|NC_001147|,1076612,1076812
YDR179W-A,201,1,0.004975124378109453,0.004975124378109453,1,0,0,0,+,22,30,10,25,31,15,62,71,ref|NC_001136|,819333,819533
YDR182W,201,1,0.004975124378109453,0.004975124378109453,1,0,0,0,+,17,34,10,41,25,15,61,81,ref|NC_001136|,827456,827656
YOR389W,201,1,0.004975124378109453,0.004975124378109453,1,0,0,0,+,25,26,23,34,54,21,74,109,ref|NC_001147|,1074113,1074313
YDR183C-A,201,1,0.004975124378109453,0.004975124378109453,0,1,0,0,-,5,5,4,2,2,0,14,4,ref|NC_001136|,830754,830554
YDR037W,201,1,0.004975124378109453,0.004975124378109453,1,0,0,0,+,25,34,19,52,59,19,78,130,ref|NC_001136|,525286,525486
YDR035W,201,1,0.004975124378109453,0.004975124378109453,0,1,0,0,+,12,15,9,34,39,7,36,80,ref|NC_001136|,521583,521783
YPL239W,201,1,0.004975124378109453,0.004975124378109453,0,1,0,0,+,5,6,8,23,20,10,19,53,ref|NC_001148|,98804,99004
YPL238C,201,1,0.004975124378109453,0.004975124378109453,1,0,0,0,-,24,12,5,2,2,1,41,5,ref|NC_001148|,100963,100763
YDL114W,201,1,0.004975124378109453,0.004975124378109453,0,1,0,0,+,9,22,4,16,15,8,35,39,ref|NC_001136|,255504,255704
YDL109C,201,1,0.004975124378109453,0.004975124378109453,1,0,0,0,-,22,44,17,40,35,19,83,94,ref|NC_001136|,267301,267101
YDL107W,201,1,0.004975124378109453,0.004975124378109453,1,0,0,0,+,9,16,3,29,22,12,28,63,ref|NC_001136|,268750,268950
YDL106C,201,1,0.004975124378109453,0.004975124378109453,1,0,0,0,-,18,39,13,42,46,27,70,115,ref|NC_001136|,272302,272102
YDL105W,201,1,0.004975124378109453,0.004975124378109453,0,1,0,0,+,18,28,7,42,32,12,53,86,ref|NC_001136|,272248,272448
YDL102W,201,1,0.004975124378109453,0.004975124378109453,1,0,0,0,+,46,55,22,67,81,29,123,177,ref|NC_001136|,276772,276972
YDL099W,201,1,0.004975124378109453,0.004975124378109453,0,1,0,0,+,10,16,3,43,29,8,29,80,ref|NC_001136|,283267,283467
YDL096C,201,1,0.004975124378109453,0.004975124378109453,0,1,0,0,-,8,4,6,3,6,4,18,13,ref|NC_001136|,287424,287224
YPL183W-A,201,1,0.004975124378109453,0.004975124378109453,0,1,0,0,+,5,4,1,7,3,2,10,12,ref|NC_001148|,198995,199195
YDL093W,201,1,0.004975124378109453,0.004975124378109453,1,0,0,0,+,38,46,11,25,43,17,95,85,ref|NC_001136|,289730,289930
YPL186C,201,1,0.004975124378109453,0.004975124378109453,1,0,0,0,-,9,15,3,34,26,11,27,71,ref|NC_001148|,195526,195326
YDL086W,201,1,0.004975124378109453,0.004975124378109453,0,1,0,0,+,13,12,11,17,15,15,36,47,ref|NC_001136|,301119,301319
YDL086C-A,201,1,0.004975124378109453,0.004975124378109453,0,1,0,0,-,11,3,10,7,5,4,24,16,ref|NC_001136|,302189,301989
YPL187W,201,1,0.004975124378109453,0.004975124378109453,0,1,0,0,+,1,3,3,12,7,4,7,23,ref|NC_001148|,193498,193698
YDL084W,201,1,0.004975124378109453,0.004975124378109453,0,1,0,0,+,17,32,12,47,33,10,61,90,ref|NC_001136|,304977,305177
YDL079C,201,1,0.004975124378109453,0.004975124378109453,0,1,0,0,-,21,41,12,37,34,26,74,97,ref|NC_001136|,314848,314648
YPL190C,201,1,0.004975124378109453,0.004975124378109453,0,1,0,0,-,28,56,15,67,62,26,99,155,ref|NC_001148|,187911,187711
YDL072C,201,1,0.004975124378109453,0.004975124378109453,0,1,0,0,-,11,14,9,16,9,9,34,34,ref|NC_001136|,331000,330800
YDL071C,201,1,0.004975124378109453,0.004975124378109453,0,1,0,0,-,13,8,4,1,2,8,25,11,ref|NC_001136|,331140,330940
YDL118W,201,1,0.004975124378109453,0.004975124378109453,0,1,0,0,+,12,7,3,3,7,3,22,13,ref|NC_001136|,247202,247402
YDL119C,201,1,0.004975124378109453,0.004975124378109453,0,1,0,0,-,8,15,5,17,14,8,28,39,ref|NC_001136|,247884,247684
YPL174C,201,1,0.004975124378109453,0.004975124378109453,1,0,0,0,-,35,55,20,74,58,30,110,162,ref|NC_001148|,222873,222673
YDL156W,201,1,0.004975124378109453,0.004975124378109453,0,1,0,0,+,23,31,6,46,36,30,60,112,ref|NC_001136|,174724,174924
YPL158C,201,1,0.004975124378109453,0.004975124378109453,1,0,0,0,-,33,56,20,75,51,29,109,155,ref|NC_001148|,254527,254327
YDL164C,201,1,0.004975124378109453,0.004975124378109453,0,1,0,0,-,33,34,11,67,61,21,78,149,ref|NC_001136|,167415,167215
YPL161C,201,1,0.004975124378109453,0.004975124378109453,1,0,0,0,-,27,44,12,43,39,19,83,101,ref|NC_001148|,246320,246120
YDL160C,201,1,0.004975124378109453,0.004975124378109453,1,0,0,0,-,17,33,17,32,26,16,67,74,ref|NC_001136|,172030,171830
YDL159W,201,1,0.004975124378109453,0.004975124378109453,0,1,0,0,+,22,37,14,32,26,15,73,73,ref|NC_001136|,172335,172535
YDL159C-B,201,1,0.004975124378109453,0.004975124378109453,0,1,0,0,-,1,3,0,2,4,1,4,7,ref|NC_001136|,173332,173132
YPL163C,201,1,0.004975124378109453,0.004975124378109453,0,1,0,0,-,17,11,2,8,12,10,30,30,ref|NC_001148|,243946,243746
YDL157C,201,1,0.004975124378109453,0.004975124378109453,0,1,0,0,-,3,5,4,9,6,2,12,17,ref|NC_001136|,174732,174532
YDL155W,201,1,0.004975124378109453,0.004975124378109453,1,0,0,0,+,22,23,10,38,21,21,55,80,ref|NC_001136|,175499,175699
YPL173W,201,1,0.004975124378109453,0.004975124378109453,1,0,0,0,+,7,15,5,29,22,9,27,60,ref|NC_001148|,222977,223177
YDL149W,201,1,0.004975124378109453,0.004975124378109453,1,0,0,0,+,45,56,23,76,65,26,124,167,ref|NC_001136|,184825,185025
YDL146W,201,1,0.004975124378109453,0.004975124378109453,0,1,0,0,+,27,25,12,26,41,13,64,80,ref|NC_001136|,192454,192654
YDL144C,201,1,0.004975124378109453,0.004975124378109453,1,0,0,0,-,10,17,17,30,14,17,44,61,ref|NC_001136|,199858,199658
YDL140C,201,1,0.004975124378109453,0.004975124378109453,1,0,0,0,-,82,109,58,111,129,33,249,273,ref|NC_001136|,210661,210461
YDL138W,201,1,0.004975124378109453,0.004975124378109453,0,1,0,0,+,35,45,34,32,35,25,114,92,ref|NC_001136|,213127,213327
YDL135C,201,1,0.004975124378109453,0.004975124378109453,0,1,0,0,-,7,17,3,16,13,11,27,40,ref|NC_001136|,219546,219346
YDL134C,201,1,0.004975124378109453,0.004975124378109453,0,1,0,0,-,14,27,5,37,28,11,46,76,ref|NC_001136|,221622,221422
YPL168W,201,1,0.004975124378109453,0.004975124378109453,0,1,0,0,+,21,32,10,32,18,13,63,63,ref|NC_001148|,230972,231172
YDL070W,201,1,0.004975124378109453,0.004975124378109453,1,0,0,0,+,21,36,12,42,58,20,69,120,ref|NC_001136|,330665,330865
YPL191C,201,1,0.004975124378109453,0.004975124378109453,1,0,0,0,-,14,20,6,23,27,14,40,64,ref|NC_001148|,184827,184627
YDL067C,201,1,0.004975124378109453,0.004975124378109453,1,0,0,0,-,3,4,3,8,3,1,10,12,ref|NC_001136|,334777,334577
YDL001W,201,1,0.004975124378109453,0.004975124378109453,1,0,0,0,+,14,38,9,41,30,10,61,81,ref|NC_001136|,447810,448010
YDL013W,201,1,0.004975124378109453,0.004975124378109453,0,1,0,0,+,17,41,16,66,50,28,74,144,ref|NC_001136|,428806,429006
YDL012C,201,1,0.004975124378109453,0.004975124378109453,1,0,0,0,-,6,10,4,6,2,2,20,10,ref|NC_001136|,432172,431972
YDL011C,201,1,0.004975124378109453,0.004975124378109453,1,0,0,0,-,8,6,4,5,0,3,18,8,ref|NC_001136|,432731,432531
YDL006W,201,1,0.004975124378109453,0.004975124378109453,0,1,0,0,+,10,12,6,21,24,8,28,53,ref|NC_001136|,439469,439669
YDL005C,201,1,0.004975124378109453,0.004975124378109453,1,0,0,0,-,15,21,9,33,28,21,45,82,ref|NC_001136|,442468,442268
YDL004W,201,1,0.004975124378109453,0.004975124378109453,1,0,0,0,+,5,13,4,11,8,2,22,21,ref|NC_001136|,442875,443075
YDL003W,201,1,0.004975124378109453,0.004975124378109453,1,0,0,0,+,17,29,15,54,42,30,61,126,ref|NC_001136|,444456,444656
YPL221W,201,1,0.004975124378109453,0.004975124378109453,1,0,0,0,+,42,45,23,32,44,24,110,100,ref|NC_001148|,132697,132897
YPL228W,201,1,0.004975124378109453,0.004975124378109453,0,1,0,0,+,20,37,7,52,51,19,64,122,ref|NC_001148|,118139,118339
YDL017W,201,1,0.004975124378109453,0.004975124378109453,0,1,0,0,+,17,32,14,35,37,20,63,92,ref|NC_001136|,424092,424292
YDR016C,201,1,0.004975124378109453,0.004975124378109453,0,1,0,0,-,5,9,4,7,11,7,18,25,ref|NC_001136|,478878,478678
YDR019C,201,1,0.004975124378109453,0.004975124378109453,1,0,0,0,-,18,31,3,25,19,10,52,54,ref|NC_001136|,485469,485269
YPL232W,201,1,0.004975124378109453,0.004975124378109453,1,0,0,0,+,5,19,14,31,18,14,38,63,ref|NC_001148|,106333,106533
YDR024W,201,1,0.004975124378109453,0.004975124378109453,0,1,0,0,+,4,14,5,5,5,7,23,17,ref|NC_001136|,490917,491117
YDR025W,201,1,0.004975124378109453,0.004975124378109453,0,1,0,0,+,9,14,4,20,13,7,27,40,ref|NC_001136|,491405,491605
YDR029W,201,1,0.004975124378109453,0.004975124378109453,1,0,0,0,+,16,6,2,3,9,2,24,14,ref|NC_001136|,501000,501200
YDR030C,201,1,0.004975124378109453,0.004975124378109453,1,0,0,0,-,16,40,7,36,43,14,63,93,ref|NC_001136|,503425,503225
YDR033W,201,1,0.004975124378109453,0.004975124378109453,1,0,0,0,+,24,17,9,17,14,5,50,36,ref|NC_001136|,507523,507723
YPL217C,201,1,0.004975124378109453,0.004975124378109453,0,1,0,0,-,34,52,27,128,107,38,113,273,ref|NC_001148|,143305,143105
YDL019C,201,1,0.004975124378109453,0.004975124378109453,1,0,0,0,-,48,81,27,107,107,32,156,246,ref|NC_001136|,421721,421521
YDL066W,201,1,0.004975124378109453,0.004975124378109453,1,0,0,0,+,19,26,18,32,38,16,63,86,ref|NC_001136|,334718,334918
YDL053C,201,1,0.004975124378109453,0.004975124378109453,1,0,0,0,-,2,11,3,15,7,5,16,27,ref|NC_001136|,362569,362369
YPL193W,201,1,0.004975124378109453,0.004975124378109453,0,1,0,0,+,9,26,4,39,32,10,39,81,ref|NC_001148|,181264,181464
YPL194W,201,1,0.004975124378109453,0.004975124378109453,1,0,0,0,+,14,33,11,51,44,19,58,114,ref|NC_001148|,179127,179327
YPL195W,201,1,0.004975124378109453,0.004975124378109453,1,0,0,0,+,45,44,19,85,92,26,108,203,ref|NC_001148|,176096,176296
YDL060W,201,1,0.004975124378109453,0.004975124378109453,1,0,0,0,+,26,56,12,70,60,17,94,147,ref|NC_001136|,341519,341719
YDL059C,201,1,0.004975124378109453,0.004975124378109453,0,1,0,0,-,3,10,12,14,12,14,25,40,ref|NC_001136|,345161,344961
YDL058W,201,1,0.004975124378109453,0.004975124378109453,1,0,0,0,+,69,113,37,198,164,74,219,436,ref|NC_001136|,345565,345765
YDL057W,201,1,0.004975124378109453,0.004975124378109453,0,1,0,0,+,12,21,5,18,17,9,38,44,ref|NC_001136|,351281,351481
YDL056W,201,1,0.004975124378109453,0.004975124378109453,0,1,0,0,+,34,54,15,53,51,32,103,136,ref|NC_001136|,352777,352977
YDL052C,201,1,0.004975124378109453,0.004975124378109453,1,0,0,0,-,14,16,4,19,23,6,34,48,ref|NC_001136|,363735,363535
YDL021W,201,1,0.004975124378109453,0.004975124378109453,1,0,0,0,+,14,20,5,26,31,12,39,69,ref|NC_001136|,413783,413983
YDL050C,201,1,0.004975124378109453,0.004975124378109453,0,1,0,0,-,15,11,6,8,7,3,32,18,ref|NC_001136|,364917,364717
YDL049C,201,1,0.004975124378109453,0.004975124378109453,1,0,0,0,-,9,12,3,16,16,7,24,39,ref|NC_001136|,366144,365944
YDL047W,201,1,0.004975124378109453,0.004975124378109453,1,0,0,0,+,14,14,8,22,21,11,36,54,ref|NC_001136|,369520,369720
YPL200W,201,1,0.004975124378109453,0.004975124378109453,1,0,0,0,+,3,7,5,6,14,5,15,25,ref|NC_001148|,171384,171584
YDL040C,201,1,0.004975124378109453,0.004975124378109453,0,1,0,0,-,25,32,19,66,63,29,76,158,ref|NC_001136|,381607,381407
YPL202C,201,1,0.004975124378109453,0.004975124378109453,0,1,0,0,-,22,25,7,32,27,19,54,78,ref|NC_001148|,169562,169362
YPL204W,201,1,0.004975124378109453,0.004975124378109453,1,0,0,0,+,20,32,12,43,23,10,64,76,ref|NC_001148|,163988,164188
YPL214C,201,1,0.004975124378109453,0.004975124378109453,0,1,0,0,-,22,37,10,27,31,10,69,68,ref|NC_001148|,150392,150192
YDR239C,201,1,0.004975124378109453,0.004975124378109453,0,1,0,0,-,45,52,16,54,59,17,113,130,ref|NC_001136|,943520,943320
YDR240C,201,1,0.004975124378109453,0.004975124378109453,0,1,0,0,-,21,37,14,35,33,16,72,84,ref|NC_001136|,945305,945105
YOR367W,201,1,0.004975124378109453,0.004975124378109453,1,0,0,0,+,8,11,2,22,13,2,21,37,ref|NC_001147|,1025892,1026092
YOR274W,201,1,0.004975124378109453,0.004975124378109453,1,0,0,0,+,10,22,10,32,29,21,42,82,ref|NC_001147|,837565,837765
YDR461C-A,201,1,0.004975124378109453,0.004975124378109453,0,1,0,0,-,2,2,1,8,4,6,5,18,ref|NC_001136|,1385866,1385666
YDR466W,201,1,0.004975124378109453,0.004975124378109453,1,0,0,0,+,28,59,18,67,43,22,105,132,ref|NC_001136|,1394926,1395126
YOR241W,201,1,0.004975124378109453,0.004975124378109453,1,0,0,0,+,26,36,21,38,35,14,83,87,ref|NC_001147|,786895,787095
YDR475C,201,1,0.004975124378109453,0.004975124378109453,1,0,0,0,-,43,59,31,76,50,42,133,168,ref|NC_001136|,1410292,1410092
YDR482C,201,1,0.004975124378109453,0.004975124378109453,0,1,0,0,-,5,6,6,12,8,8,17,28,ref|NC_001136|,1421109,1420909
YDR483W,201,1,0.004975124378109453,0.004975124378109453,0,1,0,0,+,21,25,4,23,33,17,50,73,ref|NC_001136|,1420874,1421074
YDR484W,201,1,0.004975124378109453,0.004975124378109453,0,1,0,0,+,19,52,13,42,49,21,84,112,ref|NC_001136|,1422632,1422832
YOR235W,201,1,0.004975124378109453,0.004975124378109453,0,1,0,0,+,10,6,1,2,3,2,17,7,ref|NC_001147|,779770,779970
YOR234C,201,1,0.004975124378109453,0.004975124378109453,0,1,0,0,-,12,13,7,26,22,4,32,52,ref|NC_001147|,779526,779326
YOR231C-A,201,1,0.004975124378109453,0.004975124378109453,0,1,0,0,-,5,5,2,4,3,3,12,10,ref|NC_001147|,773463,773263
YDR492W,201,1,0.004975124378109453,0.004975124378109453,0,1,0,0,+,22,17,11,10,16,10,50,36,ref|NC_001136|,1434670,1434870
YDR493W,201,1,0.004975124378109453,0.004975124378109453,1,0,0,0,+,1,7,0,13,12,6,8,31,ref|NC_001136|,1436016,1436216
YDR495C,201,1,0.004975124378109453,0.004975124378109453,1,0,0,0,-,42,47,20,83,96,50,109,229,ref|NC_001136|,1441250,1441050
YOR227W,201,1,0.004975124378109453,0.004975124378109453,1,0,0,0,+,74,77,31,96,77,39,182,212,ref|NC_001147|,762725,762925
YDR501W,201,1,0.004975124378109453,0.004975124378109453,0,1,0,0,+,29,30,17,40,25,17,76,82,ref|NC_001136|,1451253,1451453
YOR222W,201,1,0.004975124378109453,0.004975124378109453,1,0,0,0,+,9,22,8,22,19,7,39,48,ref|NC_001147|,757721,757921
YDR508C,201,1,0.004975124378109453,0.004975124378109453,0,1,0,0,-,36,35,23,39,44,9,94,92,ref|NC_001136|,1468667,1468467
YDR509W,201,1,0.004975124378109453,0.004975124378109453,0,1,0,0,+,6,12,3,4,4,3,21,11,ref|NC_001136|,1468126,1468326
YDR510W,201,1,0.004975124378109453,0.004975124378109453,0,1,0,0,+,4,13,2,16,5,3,19,24,ref|NC_001136|,1468569,1468769
YDR461W,201,1,0.004975124378109453,0.004975124378109453,0,1,0,0,+,3,1,0,3,1,0,4,4,ref|NC_001136|,1385048,1385248
YOR251C,201,1,0.004975124378109453,0.004975124378109453,0,1,0,0,-,8,12,9,23,19,8,29,50,ref|NC_001147|,803787,803587
YDR457W,201,1,0.004975124378109453,0.004975124378109453,1,0,0,0,+,152,186,84,261,280,95,422,636,ref|NC_001136|,1369690,1369890
YDR436W,201,1,0.004975124378109453,0.004975124378109453,1,0,0,0,+,28,44,37,48,38,26,109,112,ref|NC_001136|,1334589,1334789
YOR272W,201,1,0.004975124378109453,0.004975124378109453,1,0,0,0,+,20,32,15,36,29,18,67,83,ref|NC_001147|,832658,832858
YOR271C,201,1,0.004975124378109453,0.004975124378109453,1,0,0,0,-,15,19,9,16,15,6,43,37,ref|NC_001147|,832259,832059
YOR270C,201,1,0.004975124378109453,0.004975124378109453,0,1,0,0,-,43,50,20,47,72,20,113,139,ref|NC_001147|,830856,830656
YDR428C,201,1,0.004975124378109453,0.004975124378109453,1,0,0,0,-,7,21,4,23,15,8,32,46,ref|NC_001136|,1324372,1324172
YDR429C,201,1,0.004975124378109453,0.004975124378109453,1,0,0,0,-,12,9,7,37,20,7,28,64,ref|NC_001136|,1325419,1325219
YOR266W,201,1,0.004975124378109453,0.004975124378109453,0,1,0,0,+,19,26,8,29,26,13,53,68,ref|NC_001147|,820819,821019
YOR265W,201,1,0.004975124378109453,0.004975124378109453,0,1,0,0,+,3,4,1,14,10,2,8,26,ref|NC_001147|,820283,820483
YOR264W,201,1,0.004975124378109453,0.004975124378109453,1,0,0,0,+,21,21,9,34,38,17,51,89,ref|NC_001147|,818561,818761
YDR437W,201,1,0.004975124378109453,0.004975124378109453,0,1,0,0,+,8,5,3,9,7,3,16,19,ref|NC_001136|,1337185,1337385
YDR455C,201,1,0.004975124378109453,0.004975124378109453,0,1,0,0,-,9,12,2,4,5,1,23,10,ref|NC_001136|,1367781,1367581
YDR438W,201,1,0.004975124378109453,0.004975124378109453,0,1,0,0,+,30,22,13,15,17,9,65,41,ref|NC_001136|,1337665,1337865
YOR262W,201,1,0.004975124378109453,0.004975124378109453,0,1,0,0,+,13,24,7,32,25,6,44,63,ref|NC_001147|,817124,817324
YDR441C,201,1,0.004975124378109453,0.004975124378109453,1,0,0,0,-,9,5,4,14,13,2,18,29,ref|NC_001136|,1345297,1345097
YDR447C,201,1,0.004975124378109453,0.004975124378109453,0,1,0,0,-,12,10,2,29,24,3,24,56,ref|NC_001136|,1355731,1355531
YOR257W,201,1,0.004975124378109453,0.004975124378109453,0,1,0,0,+,1,2,3,14,28,9,6,51,ref|NC_001147|,810693,810893
YOR255W,201,1,0.004975124378109453,0.004975124378109453,1,0,0,0,+,14,17,6,29,15,7,37,51,ref|NC_001147|,807171,807371
YDR453C,201,1,0.004975124378109453,0.004975124378109453,0,1,0,0,-,5,12,5,15,10,8,22,33,ref|NC_001136|,1366122,1365922
YOR253W,201,1,0.004975124378109453,0.004975124378109453,1,0,0,0,+,7,13,5,8,7,7,25,22,ref|NC_001147|,804245,804445
YOR220W,201,1,0.004975124378109453,0.004975124378109453,1,0,0,0,+,13,21,9,13,12,6,43,31,ref|NC_001147|,754833,755033
YOR219C,201,1,0.004975124378109453,0.004975124378109453,1,0,0,0,-,36,55,17,66,52,39,108,157,ref|NC_001147|,755109,754909
YDR513W,201,1,0.004975124378109453,0.004975124378109453,0,1,0,0,+,5,7,3,11,7,3,15,21,ref|NC_001136|,1469926,1470126
YEL038W,201,1,0.004975124378109453,0.004975124378109453,1,0,0,0,+,14,7,9,10,10,12,30,32,ref|NC_001137|,80343,80543
YEL053W-A,201,1,0.004975124378109453,0.004975124378109453,1,0,0,0,+,12,5,1,4,4,3,18,11,ref|NC_001137|,52808,53008
YOR189W,201,1,0.004975124378109453,0.004975124378109453,0,1,0,0,+,2,7,2,17,5,2,11,24,ref|NC_001147|,689511,689711
YEL052W,201,1,0.004975124378109453,0.004975124378109453,0,1,0,0,+,9,21,22,38,42,20,52,100,ref|NC_001137|,56243,56443
YEL051W,201,1,0.004975124378109453,0.004975124378109453,1,0,0,0,+,9,12,2,32,29,6,23,67,ref|NC_001137|,58212,58412
YEL050W-A,201,1,0.004975124378109453,0.004975124378109453,1,0,0,0,+,10,1,0,3,2,1,11,6,ref|NC_001137|,59449,59649
YOR188W,201,1,0.004975124378109453,0.004975124378109453,1,0,0,0,+,45,90,24,77,67,43,159,187,ref|NC_001147|,685571,685771
YOR186W,201,1,0.004975124378109453,0.004975124378109453,1,0,0,0,+,4,7,8,9,8,12,19,29,ref|NC_001147|,682330,682530
YOR185C,201,1,0.004975124378109453,0.004975124378109453,0,1,0,0,-,8,11,5,15,14,6,24,35,ref|NC_001147|,682270,682070
YEL036C,201,1,0.004975124378109453,0.004975124378109453,1,0,0,0,-,30,24,22,45,26,19,76,90,ref|NC_001137|,84932,84732
YEL061C,201,1,0.004975124378109453,0.004975124378109453,0,1,0,0,-,40,53,17,66,88,32,110,186,ref|NC_001137|,39760,39560
YEL034W,201,1,0.004975124378109453,0.004975124378109453,1,0,0,0,+,10,9,2,13,17,4,21,34,ref|NC_001137|,85095,85295
YOR182C,201,1,0.004975124378109453,0.004975124378109453,0,1,0,0,-,8,9,4,15,12,4,21,31,ref|NC_001147|,679273,679073
YOR181W,201,1,0.004975124378109453,0.004975124378109453,1,0,0,0,+,19,36,15,37,29,13,70,79,ref|NC_001147|,675774,675974
YEL030W,201,1,0.004975124378109453,0.004975124378109453,0,1,0,0,+,24,42,23,49,39,21,89,109,ref|NC_001137|,94091,94291
YEL029C,201,1,0.004975124378109453,0.004975124378109453,0,1,0,0,-,10,18,6,22,20,8,34,50,ref|NC_001137|,98009,97809
YOR179C,201,1,0.004975124378109453,0.004975124378109453,0,1,0,0,-,5,8,8,20,13,11,21,44,ref|NC_001147|,672559,672359
YEL023C,201,1,0.004975124378109453,0.004975124378109453,1,0,0,0,-,26,39,16,51,53,17,81,121,ref|NC_001137|,111212,111012
YOR178C,201,1,0.004975124378109453,0.004975124378109453,0,1,0,0,-,45,77,23,41,60,29,145,130,ref|NC_001147|,670341,670141
YOR192C,201,1,0.004975124378109453,0.004975124378109453,1,0,0,0,-,48,30,16,20,42,9,94,71,ref|NC_001147|,700667,700467
YEL062W,201,1,0.004975124378109453,0.004975124378109453,0,1,0,0,+,24,43,9,39,43,18,76,100,ref|NC_001137|,34286,34486
YDR519W,201,1,0.004975124378109453,0.004975124378109453,1,0,0,0,+,4,9,5,11,7,2,18,20,ref|NC_001136|,1479866,1480066
YDR533C,201,1,0.004975124378109453,0.004975124378109453,1,0,0,0,-,8,7,5,17,18,8,20,43,ref|NC_001136|,1502485,1502285
YDR520C,201,1,0.004975124378109453,0.004975124378109453,1,0,0,0,-,33,39,14,60,57,25,86,142,ref|NC_001136|,1483587,1483387
YDR522C,201,1,0.004975124378109453,0.0,0,0,1,0,-,23,31,8,36,36,10,62,82,ref|NC_001136|,1485403,1485203
YOR213C,201,1,0.004975124378109453,0.004975124378109453,1,0,0,0,-,9,15,3,16,22,4,27,42,ref|NC_001147|,745499,745299
YDR526C,201,1,0.004975124378109453,0.004975124378109453,1,0,0,0,-,13,11,6,10,2,2,30,14,ref|NC_001136|,1491645,1491445
YDR527W,201,1,0.004975124378109453,0.0,0,0,1,0,+,16,18,8,50,31,17,42,98,ref|NC_001136|,1490972,1491172
YOR212W,201,1,0.004975124378109453,0.004975124378109453,0,1,0,0,+,16,24,16,33,18,11,56,62,ref|NC_001147|,742587,742787
YDR529C,201,1,0.004975124378109453,0.004975124378109453,0,1,0,0,-,5,11,1,15,8,5,17,28,ref|NC_001136|,1496679,1496479
YDR531W,201,1,0.004975124378109453,0.004975124378109453,0,1,0,0,+,24,29,8,19,20,11,61,50,ref|NC_001136|,1498023,1498223
YOR210W,201,1,0.004975124378109453,0.004975124378109453,0,1,0,0,+,4,3,1,10,6,1,8,17,ref|NC_001147|,737998,738198
YEL063C,201,1,0.004975124378109453,0.004975124378109453,0,1,0,0,-,35,37,9,31,26,13,81,70,ref|NC_001137|,33813,33613
YOR205C,201,1,0.004975124378109453,0.004975124378109453,1,0,0,0,-,19,37,9,41,40,20,65,101,ref|NC_001147|,727824,727624
YOR203W,201,1,0.004975124378109453,0.004975124378109453,1,0,0,0,+,6,4,1,5,9,6,11,20,ref|NC_001147|,722465,722665
YOR202W,201,1,0.004975124378109453,0.004975124378109453,1,0,0,0,+,12,7,8,22,13,9,27,44,ref|NC_001147|,721823,722023
YOR201C,201,1,0.004975124378109453,0.004975124378109453,0,1,0,0,-,15,16,14,30,26,20,45,76,ref|NC_001147|,721871,721671
YEL073C,201,1,0.004975124378109453,0.004975124378109453,1,0,0,0,-,2,6,0,2,9,5,8,16,ref|NC_001137|,7784,7584
YEL072W,201,1,0.004975124378109453,0.004975124378109453,1,0,0,0,+,5,16,7,20,18,7,28,45,ref|NC_001137|,13484,13684
YEL069C,201,1,0.004975124378109453,0.004975124378109453,1,0,0,0,-,39,32,19,31,32,16,90,79,ref|NC_001137|,23331,23131
YEL064C,201,1,0.004975124378109453,0.004975124378109453,0,1,0,0,-,24,32,9,22,32,11,65,65,ref|NC_001137|,31399,31199
YDR422C,201,1,0.004975124378109453,0.004975124378109453,1,0,0,0,-,45,57,16,61,59,29,118,149,ref|NC_001136|,1317983,1317783
YOR275C,201,1,0.004975124378109453,0.004975124378109453,0,1,0,0,-,28,34,13,51,58,19,75,128,ref|NC_001147|,841177,840977
YDR243C,201,1,0.004975124378109453,0.004975124378109453,0,1,0,0,-,18,25,11,48,53,10,54,111,ref|NC_001136|,950416,950216
YDR416W,201,1,0.004975124378109453,0.004975124378109453,1,0,0,0,+,30,45,21,77,71,23,96,171,ref|NC_001136|,1298246,1298446
YOR338W,201,1,0.004975124378109453,0.004975124378109453,0,1,0,0,+,17,25,8,29,22,11,50,62,ref|NC_001147|,956735,956935
YOR337W,201,1,0.004975124378109453,0.004975124378109453,1,0,0,0,+,42,49,20,54,45,29,111,128,ref|NC_001147|,954169,954369
YOR336W,201,1,0.004975124378109453,0.004975124378109453,0,1,0,0,+,56,84,30,99,96,48,170,243,ref|NC_001147|,949648,949848
YOR334W,201,1,0.004975124378109453,0.004975124378109453,0,1,0,0,+,31,30,10,35,30,13,71,78,ref|NC_001147|,944437,944637
YGR279C,201,1,0.004975124378109453,0.004975124378109453,1,0,0,0,-,32,23,4,14,19,11,59,44,ref|NC_001139|,1050161,1049961
YDR303C,201,1,0.004975124378109453,0.004975124378109453,1,0,0,0,-,55,62,17,49,65,23,134,137,ref|NC_001136|,1071808,1071608
YOR329W-A,201,1,0.004975124378109453,0.004975124378109453,1,0,0,0,+,6,1,2,4,3,3,9,10,ref|NC_001147|,939248,939448
YOR329C,201,1,0.004975124378109453,0.004975124378109453,1,0,0,0,-,44,72,14,53,36,25,130,114,ref|NC_001147|,939449,939249
YOR326W,201,1,0.004975124378109453,0.004975124378109453,1,0,0,0,+,65,89,26,130,119,36,180,285,ref|NC_001147|,925621,925821
YOR322C,201,1,0.004975124378109453,0.004975124378109453,1,0,0,0,-,43,36,20,63,37,23,99,123,ref|NC_001147|,921162,920962
YOR321W,201,1,0.004975124378109453,0.004975124378109453,1,0,0,0,+,42,44,22,39,51,18,108,108,ref|NC_001147|,915852,916052
YDR320C-A,201,1,0.004975124378109453,0.004975124378109453,0,1,0,0,-,3,5,2,4,4,2,10,10,ref|NC_001136|,1108598,1108398
YDR320W-B,201,1,0.004975124378109453,0.004975124378109453,0,1,0,0,+,4,1,2,1,5,1,7,7,ref|NC_001136|,1108384,1108584
YOR320C,201,1,0.004975124378109453,0.004975124378109453,1,0,0,0,-,19,31,10,33,40,11,60,84,ref|NC_001147|,915314,915114
YDR322W,201,1,0.004975124378109453,0.004975124378109453,0,1,0,0,+,14,19,9,31,31,6,42,68,ref|NC_001136|,1110463,1110663
YOR318C,201,1,0.004975124378109453,0.004975124378109453,0,1,0,0,-,16,13,3,11,17,5,32,33,ref|NC_001147|,912656,912456
YDR324C,201,1,0.004975124378109453,0.004975124378109453,1,0,0,0,-,41,52,13,71,49,27,106,147,ref|NC_001136|,1116863,1116663
YDR331W,201,1,0.004975124378109453,0.004975124378109453,1,0,0,0,+,20,29,8,26,28,12,57,66,ref|NC_001136|,1129443,1129643
YDR332W,201,1,0.004975124378109453,0.004975124378109453,0,1,0,0,+,26,54,17,52,49,22,97,123,ref|NC_001136|,1130876,1131076
YOR340C,201,1,0.004975124378109453,0.004975124378109453,0,1,0,0,-,8,16,4,24,29,10,28,63,ref|NC_001147|,960300,960100
YDR288W,201,1,0.004975124378109453,0.004975124378109453,1,0,0,0,+,11,17,5,29,20,13,33,62,ref|NC_001136|,1037036,1037236
YDR277C,201,1,0.004975124378109453,0.004975124378109453,0,1,0,0,-,15,25,15,33,28,18,55,79,ref|NC_001136|,1015963,1015763
YDR258C,201,1,0.004975124378109453,0.004975124378109453,1,0,0,0,-,28,40,20,71,76,32,88,179,ref|NC_001136|,974372,974172
YOR366W,201,1,0.004975124378109453,0.004975124378109453,1,0,0,0,+,5,6,5,14,1,5,16,20,ref|NC_001147|,1023379,1023579
YDR246W,201,1,0.004975124378109453,0.004975124378109453,1,0,0,0,+,4,13,6,12,10,15,23,37,ref|NC_001136|,954153,954353
YDR249C,201,1,0.004975124378109453,0.004975124378109453,1,0,0,0,-,18,27,10,29,27,9,55,65,ref|NC_001136|,960131,959931
YDR251W,201,1,0.004975124378109453,0.004975124378109453,1,0,0,0,+,36,59,16,58,56,19,111,133,ref|NC_001136|,960208,960408
YOR361C,201,1,0.004975124378109453,0.004975124378109453,1,0,0,0,-,45,42,17,66,57,24,104,147,ref|NC_001147|,1017752,1017552
YDR254W,201,1,0.004975124378109453,0.004975124378109453,1,0,0,0,+,13,19,5,35,33,16,37,84,ref|NC_001136|,964926,965126
YDR255C,201,1,0.004975124378109453,0.004975124378109453,1,0,0,0,-,20,26,10,35,32,7,56,74,ref|NC_001136|,967971,967771
YDR257C,201,1,0.004975124378109453,0.004975124378109453,0,1,0,0,-,13,15,12,45,47,16,40,108,ref|NC_001136|,971597,971397
YDR259C,201,1,0.004975124378109453,0.004975124378109453,0,1,0,0,-,15,24,6,30,27,11,45,68,ref|NC_001136|,976337,976137
YDR270W,201,1,0.004975124378109453,0.004975124378109453,1,0,0,0,+,37,54,26,47,69,33,117,149,ref|NC_001136|,1005575,1005775
YOR360C,201,1,0.004975124378109453,0.004975124378109453,1,0,0,0,-,30,53,7,34,33,16,90,83,ref|NC_001147|,1015166,1014966
YOR359W,201,1,0.004975124378109453,0.004975124378109453,0,1,0,0,+,30,45,13,22,30,11,88,63,ref|NC_001147|,1010947,1011147
YOR358W,201,1,0.004975124378109453,0.004975124378109453,1,0,0,0,+,7,13,7,30,21,15,27,66,ref|NC_001147|,1009872,1010072
YDR262W,201,1,0.004975124378109453,0.004975124378109453,0,1,0,0,+,8,14,4,22,24,9,26,55,ref|NC_001136|,993023,993223
YOR354C,201,1,0.004975124378109453,0.004975124378109453,1,0,0,0,-,31,42,18,53,38,23,91,114,ref|NC_001147|,1003362,1003162
YOR353C,201,1,0.004975124378109453,0.004975124378109453,0,1,0,0,-,39,57,17,52,46,28,113,126,ref|NC_001147|,1000928,1000728
YDR265W,201,1,0.004975124378109453,0.004975124378109453,1,0,0,0,+,11,16,7,24,26,4,34,54,ref|NC_001136|,998534,998734
YOR352W,201,1,0.004975124378109453,0.004975124378109453,0,1,0,0,+,16,26,7,27,29,10,49,66,ref|NC_001147|,997002,997202
YDR333C,201,1,0.004975124378109453,0.004975124378109453,0,1,0,0,-,37,47,12,57,72,18,96,147,ref|NC_001136|,1135568,1135368
YDR335W,201,1,0.004975124378109453,0.004975124378109453,1,0,0,0,+,37,61,20,103,105,28,118,236,ref|NC_001136|,1140711,1140911
YOR312C,201,1,0.004975124378109453,0.004975124378109453,1,0,0,0,-,16,24,7,28,25,5,47,58,ref|NC_001147|,901459,901259
YDR383C,201,1,0.004975124378109453,0.004975124378109453,0,1,0,0,-,10,8,4,27,26,10,22,63,ref|NC_001136|,1240996,1240796
YDR372C,201,1,0.004975124378109453,0.004975124378109453,1,0,0,0,-,14,13,9,34,30,8,36,72,ref|NC_001136|,1222547,1222347
YDR373W,201,1,0.004975124378109453,0.004975124378109453,0,1,0,0,+,5,6,2,15,21,7,13,43,ref|NC_001136|,1222582,1222782
YDR374W-A,201,1,0.004975124378109453,0.004975124378109453,0,1,0,0,+,5,5,0,11,4,0,10,15,ref|NC_001136|,1224657,1224857
YDR376W,201,1,0.004975124378109453,0.004975124378109453,0,1,0,0,+,15,23,13,35,26,13,51,74,ref|NC_001136|,1226629,1226829
YDR378C,201,1,0.004975124378109453,0.004975124378109453,1,0,0,0,-,6,5,2,4,8,2,13,14,ref|NC_001136|,1230161,1229961
YDR379W,201,1,0.004975124378109453,0.004975124378109453,1,0,0,0,+,38,68,29,79,65,40,135,184,ref|NC_001136|,1229991,1230191
YOR291W,201,1,0.004975124378109453,0.004975124378109453,1,0,0,0,+,71,94,43,101,105,45,208,251,ref|NC_001147|,860934,861134
YDR382W,201,1,0.004975124378109453,0.004975124378109453,0,1,0,0,+,6,5,7,8,10,4,18,22,ref|NC_001136|,1239311,1239511
YDR384C,201,1,0.004975124378109453,0.004975124378109453,1,0,0,0,-,19,14,11,9,14,4,44,27,ref|NC_001136|,1242639,1242439
YDR371W,201,1,0.004975124378109453,0.004975124378109453,1,0,0,0,+,17,43,12,31,37,13,72,81,ref|NC_001136|,1219198,1219398
YDR385W,201,1,0.004975124378109453,0.004975124378109453,0,1,0,0,+,45,50,30,64,68,32,125,164,ref|NC_001136|,1243042,1243242
YDR391C,201,1,0.004975124378109453,0.004975124378109453,1,0,0,0,-,13,11,6,18,13,13,30,44,ref|NC_001136|,1258614,1258414
YDR393W,201,1,0.004975124378109453,0.004975124378109453,1,0,0,0,+,16,24,6,41,37,14,46,92,ref|NC_001136|,1259713,1259913
YDR398W,201,1,0.004975124378109453,0.004975124378109453,1,0,0,0,+,27,40,18,46,40,28,85,114,ref|NC_001136|,1267257,1267457
YDR400W,201,1,0.004975124378109453,0.004975124378109453,1,0,0,0,+,13,16,4,14,26,11,33,51,ref|NC_001136|,1270906,1271106
YDR406W,201,1,0.004975124378109453,0.004975124378109453,0,1,0,0,+,74,93,37,95,77,29,204,201,ref|NC_001136|,1279110,1279310
YOR280C,201,1,0.004975124378109453,0.004975124378109453,1,0,0,0,-,8,20,4,25,15,11,32,51,ref|NC_001147|,845949,845749
YOR278W,201,1,0.004975124378109453,0.004975124378109453,0,1,0,0,+,7,18,6,18,24,4,31,46,ref|NC_001147|,842544,842744
YDR371C-A,201,1,0.004975124378109453,0.004975124378109453,1,0,0,0,-,2,1,1,0,1,2,4,3,ref|NC_001136|,1219713,1219513
YDR368W,201,1,0.004975124378109453,0.004975124378109453,0,1,0,0,+,13,8,5,21,25,3,26,49,ref|NC_001136|,1213665,1213865
YOR310C,201,1,0.004975124378109453,0.004975124378109453,1,0,0,0,-,28,24,8,72,41,10,60,123,ref|NC_001147|,898493,898293
YDR353W,201,1,0.004975124378109453,0.004975124378109453,1,0,0,0,+,13,14,4,22,21,11,31,54,ref|NC_001136|,1183123,1183323
YOR309C,201,1,0.004975124378109453,0.004975124378109453,1,0,0,0,-,7,2,1,31,9,2,10,42,ref|NC_001147|,898434,898234
YDR341C,201,1,0.004975124378109453,0.004975124378109453,1,0,0,0,-,29,37,13,47,44,14,79,105,ref|NC_001136|,1153827,1153627
YOR308C,201,1,0.004975124378109453,0.004975124378109453,0,1,0,0,-,17,25,15,58,49,31,57,138,ref|NC_001147|,896487,896287
YOR306C,201,1,0.004975124378109453,0.004975124378109453,1,0,0,0,-,26,25,16,29,28,8,67,65,ref|NC_001147|,893150,892950
YDR347W,201,1,0.004975124378109453,0.004975124378109453,0,1,0,0,+,17,19,9,21,25,12,45,58,ref|NC_001136|,1168961,1169161
YOR304C-A,201,1,0.004975124378109453,0.004975124378109453,0,1,0,0,-,1,4,2,6,12,0,7,18,ref|NC_001147|,888850,888650
YDR350C,201,1,0.004975124378109453,0.004975124378109453,0,1,0,0,-,40,43,9,38,48,22,92,108,ref|NC_001136|,1178302,1178102
YDR352W,201,1,0.004975124378109453,0.004975124378109453,0,1,0,0,+,18,14,7,20,20,4,39,44,ref|NC_001136|,1181584,1181784
YDR354W,201,1,0.004975124378109453,0.004975124378109453,1,0,0,0,+,21,15,5,25,18,17,41,60,ref|NC_001136|,1184521,1184721
YDR367W,201,1,0.004975124378109453,0.004975124378109453,0,1,0,0,+,12,12,6,10,12,4,30,26,ref|NC_001136|,1212624,1212824
YOR303W,201,1,0.004975124378109453,0.004975124378109453,1,0,0,0,+,24,23,7,19,26,8,54,53,ref|NC_001147|,882667,882867
YOR300W,201,1,0.004975124378109453,0.004975124378109453,1,0,0,0,+,4,8,5,7,1,6,17,14,ref|NC_001147|,880475,880675
YOR299W,201,1,0.004975124378109453,0.004975124378109453,1,0,0,0,+,21,42,25,52,51,28,88,131,ref|NC_001147|,878195,878395
YOR298W,201,1,0.004975124378109453,0.004975124378109453,0,1,0,0,+,21,35,13,33,38,17,69,88,ref|NC_001147|,875499,875699
YDR363W-A,201,1,0.004975124378109453,0.004975124378109453,1,0,0,0,+,1,2,0,7,12,4,3,23,ref|NC_001136|,1202028,1202228
YDR365C,201,1,0.004975124378109453,0.004975124378109453,1,0,0,0,-,20,19,18,80,67,23,57,170,ref|NC_001136|,1206570,1206370
YOR295W,201,1,0.004975124378109453,0.004975124378109453,1,0,0,0,+,12,11,4,20,14,19,27,53,ref|NC_001147|,869031,869231
YOR294W,201,1,0.004975124378109453,0.004975124378109453,1,0,0,0,+,4,9,4,20,22,6,17,48,ref|NC_001147|,868147,868347
YDL174C,201,1,0.004975124378109453,0.004975124378109453,0,1,0,0,-,19,33,15,43,47,19,67,109,ref|NC_001136|,147689,147489
YDL176W,201,1,0.004975124378109453,0.004975124378109453,1,0,0,0,+,23,42,23,53,46,25,88,124,ref|NC_001136|,141860,142060
YDL177C,201,1,0.004975124378109453,0.004975124378109453,1,0,0,0,-,3,11,1,16,9,3,15,28,ref|NC_001136|,141916,141716
YBL020W,201,1,0.004975124378109453,0.004975124378109453,1,0,0,0,+,30,39,23,24,30,18,92,72,ref|NC_001134|,182222,182422
YPR095C,201,1,0.004975124378109453,0.004975124378109453,1,0,0,0,-,61,72,29,85,87,43,162,215,ref|NC_001148|,724817,724617
YPR094W,201,1,0.004975124378109453,0.004975124378109453,1,0,0,0,+,8,2,2,8,5,2,12,15,ref|NC_001148|,720354,720554
YPR092W,201,1,0.004975124378109453,0.004975124378109453,1,0,0,0,+,6,2,1,9,4,2,9,15,ref|NC_001148|,718095,718295
YBR031W,201,1,0.004975124378109453,0.004975124378109453,0,1,0,0,+,21,18,10,30,22,8,49,60,ref|NC_001134|,300045,300245
YBR032W,201,1,0.004975124378109453,0.004975124378109453,0,1,0,0,+,3,5,3,3,5,3,11,11,ref|NC_001134|,301419,301619
YBR035C,201,1,0.004975124378109453,0.004975124378109453,0,1,0,0,-,9,9,11,27,17,10,29,54,ref|NC_001134|,307434,307234
YBR036C,201,1,0.004975124378109453,0.004975124378109453,0,1,0,0,-,26,21,13,12,31,14,60,57,ref|NC_001134|,310455,310255
YBR037C,201,1,0.004975124378109453,0.004975124378109453,0,1,0,0,-,17,11,6,23,16,5,34,44,ref|NC_001134|,311612,311412
YBR038W,201,1,0.004975124378109453,0.004975124378109453,1,0,0,0,+,56,50,21,74,58,21,127,153,ref|NC_001134|,311757,311957
YBR039W,201,1,0.004975124378109453,0.004975124378109453,0,1,0,0,+,16,13,3,27,33,5,32,65,ref|NC_001134|,315384,315584
YPR087W,201,1,0.004975124378109453,0.004975124378109453,1,0,0,0,+,1,11,2,1,0,1,14,2,ref|NC_001148|,711254,711454
YBR045C,201,1,0.004975124378109453,0.004975124378109453,1,0,0,0,-,26,33,17,62,68,20,76,150,ref|NC_001134|,330192,329992
YBR048W,201,1,0.004975124378109453,0.004975124378109453,1,0,0,0,+,10,22,6,27,22,7,38,56,ref|NC_001134|,332716,332916
YBR051W,201,1,0.004975124378109453,0.004975124378109453,1,0,0,0,+,10,8,3,8,3,4,21,15,ref|NC_001134|,337888,338088
YPR083W,201,1,0.004975124378109453,0.004975124378109453,1,0,0,0,+,28,44,21,42,43,25,93,110,ref|NC_001148|,704707,704907
YBR053C,201,1,0.004975124378109453,0.004975124378109453,1,0,0,0,-,13,16,6,25,30,11,35,66,ref|NC_001134|,340863,340663
YPR082C,201,1,0.004975124378109453,0.004975124378109453,1,0,0,0,-,3,8,3,11,14,7,14,32,ref|NC_001148|,704826,704626
YPR079W,201,1,0.004975124378109453,0.004975124378109453,0,1,0,0,+,26,28,12,24,15,20,66,59,ref|NC_001148|,698672,698872
YBR058C-A,201,1,0.004975124378109453,0.004975124378109453,0,1,0,0,-,4,4,2,3,5,1,10,9,ref|NC_001134|,356666,356466
YBR022W,201,1,0.004975124378109453,0.004975124378109453,0,1,0,0,+,4,13,6,14,7,5,23,26,ref|NC_001134|,283390,283590
YBR021W,201,1,0.004975124378109453,0.004975124378109453,0,1,0,0,+,44,41,15,35,19,11,100,65,ref|NC_001134|,281207,281407
YBR018C,201,1,0.004975124378109453,0.004975124378109453,0,1,0,0,-,15,23,8,27,31,7,46,65,ref|NC_001134|,275627,275427
YPR108W-A,201,1,0.004975124378109453,0.004975124378109453,0,1,0,0,+,2,2,2,4,3,0,6,7,ref|NC_001148|,744075,744275
YBL018C,201,1,0.004975124378109453,0.004975124378109453,1,0,0,0,-,6,12,4,13,13,5,22,31,ref|NC_001134|,186607,186407
YBL017C,201,1,0.004975124378109453,0.004975124378109453,0,1,0,0,-,71,93,34,112,127,56,198,295,ref|NC_001134|,191683,191483
YBL016W,201,1,0.004975124378109453,0.004975124378109453,1,0,0,0,+,11,23,17,24,23,19,51,66,ref|NC_001134|,192351,192551
YBL012C,201,1,0.004975124378109453,0.004975124378109453,0,1,0,0,-,12,5,2,5,6,5,19,16,ref|NC_001134|,203907,203707
YBL008W-A,201,1,0.004975124378109453,0.004975124378109453,0,1,0,0,+,4,5,4,2,4,3,13,9,ref|NC_001134|,209309,209509
YBL007C,201,1,0.004975124378109453,0.004975124378109453,1,0,0,0,-,46,71,22,84,93,32,139,209,ref|NC_001134|,216536,216336
YBL006W-A,201,1,0.004975124378109453,0.004975124378109453,1,0,0,0,+,2,0,2,3,2,2,4,7,ref|NC_001134|,216611,216811
YPR109W,201,1,0.004975124378109453,0.004975124378109453,1,0,0,0,+,14,9,6,22,23,10,29,55,ref|NC_001148|,744358,744558
YBL002W,201,1,0.004975124378109453,0.004975124378109453,1,0,0,0,+,12,3,2,13,7,4,17,24,ref|NC_001134|,235689,235889
YPR098C,201,1,0.004975124378109453,0.004975124378109453,0,1,0,0,-,11,9,2,13,8,2,22,23,ref|NC_001148|,729648,729448
YBR002C,201,1,0.004975124378109453,0.004975124378109453,1,0,0,0,-,9,11,10,25,14,10,30,49,ref|NC_001134|,242684,242484
YPR105C,201,1,0.004975124378109453,0.004975124378109453,0,1,0,0,-,37,59,28,66,54,31,124,151,ref|NC_001148|,739890,739690
YBR004C,201,1,0.004975124378109453,0.004975124378109453,0,1,0,0,-,19,27,9,11,20,7,55,38,ref|NC_001134|,246815,246615
YBR006W,201,1,0.004975124378109453,0.004975124378109453,0,1,0,0,+,22,29,8,24,32,10,59,66,ref|NC_001134|,246779,246979
YPR104C,201,1,0.004975124378109453,0.004975124378109453,0,1,0,0,-,33,42,24,72,65,48,99,185,ref|NC_001148|,736820,736620
YBR013C,201,1,0.004975124378109453,0.004975124378109453,1,0,0,0,-,7,8,1,3,10,2,16,15,ref|NC_001134|,265981,265781
YPR099C,201,1,0.004975124378109453,0.004975124378109453,1,0,0,0,-,11,13,2,4,1,3,26,8,ref|NC_001148|,730304,730104
YBR016W,201,1,0.004975124378109453,0.004975124378109453,1,0,0,0,+,5,9,0,4,0,3,14,7,ref|NC_001134|,269649,269849
YBR059C,201,1,0.004975124378109453,0.004975124378109453,1,0,0,0,-,52,86,27,88,76,35,165,199,ref|NC_001134|,360334,360134
YBR061C,201,1,0.004975124378109453,0.004975124378109453,0,1,0,0,-,12,23,8,23,17,14,43,54,ref|NC_001134|,365826,365626
YBR062C,201,1,0.004975124378109453,0.004975124378109453,0,1,0,0,-,7,14,3,19,12,6,24,37,ref|NC_001134|,366773,366573
YBR132C,201,1,0.004975124378109453,0.004975124378109453,0,1,0,0,-,27,29,24,25,42,17,80,84,ref|NC_001134|,501950,501750
YPR050C,201,1,0.004975124378109453,0.004975124378109453,1,0,0,0,-,14,6,4,3,4,2,24,9,ref|NC_001148|,665466,665266
YPR049C,201,1,0.004975124378109453,0.004975124378109453,1,0,0,0,-,55,74,31,100,94,40,160,234,ref|NC_001148|,664821,664621
YBR121C-A,201,1,0.004975124378109453,0.004975124378109453,0,1,0,0,-,1,5,2,5,6,1,8,12,ref|NC_001134|,482584,482384
YPR045C,201,1,0.004975124378109453,0.004975124378109453,0,1,0,0,-,26,29,9,32,34,14,64,80,ref|NC_001148|,656710,656510
YBR126W-A,201,1,0.004975124378109453,0.004975124378109453,0,1,0,0,+,3,5,3,7,3,2,11,12,ref|NC_001134|,490750,490950
YPR043W,201,1,0.004975124378109453,0.004975124378109453,1,0,0,0,+,9,11,5,24,15,7,25,46,ref|NC_001148|,649818,650018
YBR129C,201,1,0.004975124378109453,0.004975124378109453,1,0,0,0,-,11,23,11,20,29,16,45,65,ref|NC_001134|,495484,495284
YBR131W,201,1,0.004975124378109453,0.004975124378109453,1,0,0,0,+,26,54,13,45,42,25,93,112,ref|NC_001134|,497033,497233
YBR137W,201,1,0.004975124378109453,0.004975124378109453,0,1,0,0,+,6,5,5,21,11,4,16,36,ref|NC_001134|,512866,513066
YBR115C,201,1,0.004975124378109453,0.004975124378109453,0,1,0,0,-,52,77,29,82,98,40,158,220,ref|NC_001134|,474045,473845
YBR141W-A,201,1,0.004975124378109453,0.004975124378109453,0,1,0,0,+,1,1,1,3,2,2,3,7,ref|NC_001134|,527067,527267
YBR142W,201,1,0.004975124378109453,0.004975124378109453,0,1,0,0,+,36,55,16,74,58,25,107,157,ref|NC_001134|,528134,528334
YBR147W,201,1,0.004975124378109453,0.004975124378109453,0,1,0,0,+,13,18,5,24,15,5,36,44,ref|NC_001134|,536327,536527
YBR151W,201,1,0.004975124378109453,0.004975124378109453,0,1,0,0,+,8,18,9,21,19,16,35,56,ref|NC_001134|,544779,544979
YBR152W,201,1,0.004975124378109453,0.004975124378109453,0,1,0,0,+,6,12,6,41,30,22,24,93,ref|NC_001134|,546276,546476
YBR153W,201,1,0.004975124378109453,0.004975124378109453,1,0,0,0,+,6,15,5,13,14,15,26,42,ref|NC_001134|,546751,546951
YBR156C,201,1,0.004975124378109453,0.004975124378109453,1,0,0,0,-,36,41,22,50,40,30,99,120,ref|NC_001134|,553378,553178
YBR158W,201,1,0.004975124378109453,0.004975124378109453,0,1,0,0,+,27,30,8,47,34,14,65,95,ref|NC_001134|,556186,556386
YBR116C,201,1,0.004975124378109453,0.004975124378109453,1,0,0,0,-,11,12,7,9,12,6,30,27,ref|NC_001134|,474826,474626
YPR053C,201,1,0.004975124378109453,0.004975124378109453,0,1,0,0,-,3,7,10,12,4,6,20,22,ref|NC_001148|,666343,666143
YBR066C,201,1,0.004975124378109453,0.004975124378109453,0,1,0,0,-,12,14,5,18,19,8,31,45,ref|NC_001134|,371104,370904
YBR089W,201,1,0.004975124378109453,0.004975124378109453,0,1,0,0,+,16,17,7,9,14,6,40,29,ref|NC_001134|,424928,425128
YBR071W,201,1,0.004975124378109453,0.004975124378109453,0,1,0,0,+,12,11,7,16,5,13,30,34,ref|NC_001134|,380095,380295
YBR073W,201,1,0.004975124378109453,0.004975124378109453,1,0,0,0,+,37,57,25,72,70,31,119,173,ref|NC_001134|,383012,383212
YBR079C,201,1,0.004975124378109453,0.004975124378109453,0,1,0,0,-,41,42,29,89,72,34,112,195,ref|NC_001134|,398402,398202
YBR082C,201,1,0.004975124378109453,0.004975124378109453,1,0,0,0,-,19,12,3,11,5,6,34,22,ref|NC_001134|,407308,407108
YBR085W,201,1,0.004975124378109453,0.004975124378109453,0,1,0,0,+,12,23,15,24,21,4,50,49,ref|NC_001134|,415328,415528
YPR068C,201,1,0.004975124378109453,0.004975124378109453,1,0,0,0,-,21,27,18,28,41,22,66,91,ref|NC_001148|,684501,684301
YBR087W,201,1,0.004975124378109453,0.004975124378109453,1,0,0,0,+,17,22,12,25,23,15,51,63,ref|NC_001134|,423502,423702
YBR088C,201,1,0.004975124378109453,0.004975124378109453,1,0,0,0,-,12,17,8,17,23,10,37,50,ref|NC_001134|,425909,425709
YBR090C,201,1,0.004975124378109453,0.004975124378109453,1,0,0,0,-,8,7,2,18,10,4,17,32,ref|NC_001134|,427158,426958
YPR054W,201,1,0.004975124378109453,0.004975124378109453,1,0,0,0,+,16,26,11,21,23,13,53,57,ref|NC_001148|,665484,665684
YPR066W,201,1,0.004975124378109453,0.004975124378109453,1,0,0,0,+,8,18,10,15,14,11,36,40,ref|NC_001148|,681106,681306
YBR092C,201,1,0.004975124378109453,0.004975124378109453,0,1,0,0,-,15,28,10,17,43,20,53,80,ref|NC_001134|,430944,430744
YBR093C,201,1,0.004975124378109453,0.004975124378109453,1,0,0,0,-,21,31,10,17,47,19,62,83,ref|NC_001134|,431517,431317
YPR064W,201,1,0.004975124378109453,0.004975124378109453,0,1,0,0,+,11,2,7,7,3,4,20,14,ref|NC_001148|,678430,678630
YBR098W,201,1,0.004975124378109453,0.004975124378109453,0,1,0,0,+,28,42,19,63,56,29,89,148,ref|NC_001134|,441395,441595
YPR060C,201,1,0.004975124378109453,0.004975124378109453,0,1,0,0,-,13,13,9,27,19,7,35,53,ref|NC_001148|,675824,675624
YBR104W,201,1,0.004975124378109453,0.004975124378109453,1,0,0,0,+,13,13,4,24,23,8,30,55,ref|NC_001134|,449457,449657
YPR058W,201,1,0.004975124378109453,0.004975124378109453,0,1,0,0,+,8,18,9,15,19,6,35,40,ref|NC_001148|,673564,673764
YBL019W,201,1,0.004975124378109453,0.004975124378109453,1,0,0,0,+,23,30,15,47,20,21,68,88,ref|NC_001134|,184183,184383
YBL022C,201,1,0.004975124378109453,0.004975124378109453,0,1,0,0,-,34,51,28,121,81,39,113,241,ref|NC_001134|,181508,181308
YBR162W-A,201,1,0.004975124378109453,0.004975124378109453,1,0,0,0,+,4,1,1,8,3,1,6,12,ref|NC_001134|,565131,565331
YBL023C,201,1,0.004975124378109453,0.004975124378109453,0,1,0,0,-,42,47,24,93,71,30,113,194,ref|NC_001134|,177743,177543
YAL026C-A,201,1,0.004975124378109453,0.004975124378109453,1,0,0,0,-,3,11,4,12,10,4,18,26,ref|NC_001133|,95923,95723
YAL025C,201,1,0.004975124378109453,0.004975124378109453,1,0,0,0,-,5,13,4,34,27,18,22,79,ref|NC_001133|,101268,101068
YPR179C,201,1,0.004975124378109453,0.004975124378109453,0,1,0,0,-,22,39,17,56,49,18,78,123,ref|NC_001148|,895903,895703
YAL017W,201,1,0.004975124378109453,0.004975124378109453,0,1,0,0,+,63,67,37,101,99,50,167,250,ref|NC_001133|,120125,120325
YAL013W,201,1,0.004975124378109453,0.004975124378109453,1,0,0,0,+,3,22,11,36,30,37,36,103,ref|NC_001133|,129094,129294
YAL012W,201,1,0.004975124378109453,0.004975124378109453,1,0,0,0,+,26,22,16,23,23,14,64,60,ref|NC_001133|,130586,130786
YAL010C,201,1,0.004975124378109453,0.004975124378109453,0,1,0,0,-,21,21,13,27,26,23,55,76,ref|NC_001133|,135788,135588
YAL009W,201,1,0.004975124378109453,0.004975124378109453,1,0,0,0,+,11,15,5,22,11,13,31,46,ref|NC_001133|,135308,135508
YAL008W,201,1,0.004975124378109453,0.004975124378109453,1,0,0,0,+,6,7,8,7,13,1,21,21,ref|NC_001133|,136715,136915
YAL005C,201,1,0.004975124378109453,0.004975124378109453,0,1,0,0,-,32,33,23,56,57,24,88,137,ref|NC_001133|,141784,141584
YAL004W,201,1,0.004975124378109453,0.004975124378109453,0,1,0,0,+,12,20,10,9,12,10,42,31,ref|NC_001133|,137549,137749
YAR002W,201,1,0.004975124378109453,0.004975124378109453,1,0,0,0,+,24,41,11,40,33,16,76,89,ref|NC_001133|,152115,152315
YAR008W,201,1,0.004975124378109453,0.004975124378109453,1,0,0,0,+,13,16,4,21,26,7,33,54,ref|NC_001133|,158747,158947
YAR019W-A,201,1,0.004975124378109453,0.004975124378109453,0,1,0,0,+,5,4,4,8,3,1,13,12,ref|NC_001133|,174898,175098
YAR023C,201,1,0.004975124378109453,0.004975124378109453,0,1,0,0,-,8,15,1,7,11,5,24,23,ref|NC_001133|,180797,180597
YAR031W,201,1,0.004975124378109453,0.004975124378109453,0,1,0,0,+,8,14,13,16,19,12,35,47,ref|NC_001133|,186736,186936
YAR042W,201,1,0.004975124378109453,0.004975124378109453,0,1,0,0,+,51,57,49,74,82,54,157,210,ref|NC_001133|,192483,192683
YAR064W,201,1,0.004975124378109453,0.004975124378109453,1,0,0,0,+,10,3,3,6,5,2,16,13,ref|NC_001133|,220098,220298
YPR159W,201,1,0.004975124378109453,0.004975124378109453,0,1,0,0,+,49,37,13,45,57,19,99,121,ref|NC_001148|,857162,857362
YAL028W,201,1,0.004975124378109453,0.004975124378109453,0,1,0,0,+,36,33,29,39,28,14,98,81,ref|NC_001133|,92752,92952
YAL030W,201,1,0.004975124378109453,0.004975124378109453,1,0,0,0,+,9,9,5,12,9,5,23,26,ref|NC_001133|,87164,87364
YAL031C,201,1,0.004975124378109453,0.004975124378109453,0,1,0,0,-,39,46,18,59,43,20,103,122,ref|NC_001133|,87131,86931
YAL047C,201,1,0.004975124378109453,0.004975124378109453,1,0,0,0,-,24,49,24,56,48,23,97,127,ref|NC_001133|,56986,56786
YAL065C,201,1,0.004975124378109453,0.004975124378109453,1,0,0,0,-,7,7,3,7,7,4,17,18,ref|NC_001133|,12051,11851
YAL064W-B,201,1,0.004975124378109453,0.004975124378109453,1,0,0,0,+,7,3,4,10,2,1,14,13,ref|NC_001133|,11946,12146
YPR200C,201,1,0.004975124378109453,0.004975124378109453,1,0,0,0,-,4,10,4,13,8,3,18,24,ref|NC_001148|,941287,941087
YPR197C,201,1,0.004975124378109453,0.004975124378109453,1,0,0,0,-,8,13,4,12,9,8,25,29,ref|NC_001148|,934561,934361
YAL060W,201,1,0.004975124378109453,0.004975124378109453,0,1,0,0,+,17,20,11,23,27,9,48,59,ref|NC_001133|,35007,35207
YAL059W,201,1,0.004975124378109453,0.004975124378109453,1,0,0,0,+,9,4,6,27,16,3,19,46,ref|NC_001133|,36366,36566
YAL055W,201,1,0.004975124378109453,0.004975124378109453,1,0,0,0,+,0,10,3,11,12,8,13,31,ref|NC_001133|,42042,42242
YPR193C,201,1,0.004975124378109453,0.004975124378109453,1,0,0,0,-,4,9,3,8,8,10,16,26,ref|NC_001148|,924092,923892
YAL046C,201,1,0.004975124378109453,0.004975124378109453,0,1,0,0,-,4,10,0,9,11,2,14,22,ref|NC_001133|,57644,57444
YAL032C,201,1,0.004975124378109453,0.004975124378109453,1,0,0,0,-,11,19,10,31,23,21,40,75,ref|NC_001133|,84604,84404
YAL042C-A,201,1,0.004975124378109453,0.004975124378109453,1,0,0,0,-,6,9,7,6,3,6,22,15,ref|NC_001133|,61708,61508
YPR189W,201,1,0.004975124378109453,0.004975124378109453,1,0,0,0,+,60,86,41,102,99,37,187,238,ref|NC_001148|,912564,912764
YAL039C,201,1,0.004975124378109453,0.004975124378109453,1,0,0,0,-,11,6,13,16,9,13,30,38,ref|NC_001133|,69742,69542
YAL037C-A,201,1,0.004975124378109453,0.004975124378109453,1,0,0,0,-,2,2,2,1,1,1,6,3,ref|NC_001133|,73618,73418
YAL037W,201,1,0.004975124378109453,0.004975124378109453,1,0,0,0,+,14,18,9,14,19,11,41,44,ref|NC_001133|,73353,73553
YAL036C,201,1,0.004975124378109453,0.004975124378109453,0,1,0,0,-,14,22,8,28,26,10,44,64,ref|NC_001133|,76307,76107
YPR187W,201,1,0.004975124378109453,0.004975124378109453,1,0,0,0,+,2,7,2,22,17,4,11,43,ref|NC_001148|,911141,911341
YPR185W,201,1,0.004975124378109453,0.004975124378109453,1,0,0,0,+,30,61,18,66,45,28,109,139,ref|NC_001148|,906808,907008
YAR068W,201,1,0.004975124378109453,0.004975124378109453,0,1,0,0,+,7,14,2,4,5,6,23,15,ref|NC_001133|,222306,222506
YAR070C,201,1,0.004975124378109453,0.004975124378109453,1,0,0,0,-,3,7,4,4,3,1,14,8,ref|NC_001133|,224962,224762
YPR157W,201,1,0.004975124378109453,0.004975124378109453,1,0,0,0,+,24,21,12,36,33,11,57,80,ref|NC_001148|,840841,841041
YBL050W,201,1,0.004975124378109453,0.004975124378109453,1,0,0,0,+,8,17,8,27,35,8,33,70,ref|NC_001134|,124948,125148
YBL064C,201,1,0.004975124378109453,0.004975124378109453,0,1,0,0,-,10,19,8,18,20,12,37,50,ref|NC_001134|,101520,101320
YPR133W-A,201,1,0.004975124378109453,0.004975124378109453,1,0,0,0,+,4,3,0,5,4,1,7,10,ref|NC_001148|,797457,797657
YPR133C,201,1,0.004975124378109453,0.004975124378109453,1,0,0,0,-,14,17,5,49,25,13,36,87,ref|NC_001148|,797401,797201
YBL060W,201,1,0.004975124378109453,0.004975124378109453,1,0,0,0,+,35,45,15,47,46,28,95,121,ref|NC_001134|,107601,107801
YBL058W,201,1,0.004975124378109453,0.004975124378109453,1,0,0,0,+,13,22,9,34,37,16,44,87,ref|NC_001134|,111309,111509
YPR132W,201,1,0.004975124378109453,0.004975124378109453,1,0,0,0,+,14,13,8,25,18,7,35,50,ref|NC_001148|,794841,795041
YBL054W,201,1,0.004975124378109453,0.004975124378109453,1,0,0,0,+,33,39,9,40,26,12,81,78,ref|NC_001134|,117312,117512
YPR130C,201,1,0.004975124378109453,0.004975124378109453,1,0,0,0,-,12,10,2,7,6,6,24,19,ref|NC_001148|,793881,793681
YPR127W,201,1,0.004975124378109453,0.004975124378109453,0,1,0,0,+,13,15,12,21,27,19,40,67,ref|NC_001148|,789655,789855
YBL066C,201,1,0.004975124378109453,0.004975124378109453,0,1,0,0,-,60,64,20,75,60,41,144,176,ref|NC_001134|,100215,100015
YBL045C,201,1,0.004975124378109453,0.004975124378109453,1,0,0,0,-,34,25,8,30,25,14,67,69,ref|NC_001134|,135877,135677
YBL038W,201,1,0.004975124378109453,0.004975124378109453,0,1,0,0,+,3,11,4,18,15,6,18,39,ref|NC_001134|,146028,146228
YBL037W,201,1,0.004975124378109453,0.004975124378109453,0,1,0,0,+,43,69,27,57,75,33,139,165,ref|NC_001134|,147109,147309
YPR123C,201,1,0.004975124378109453,0.004975124378109453,1,0,0,0,-,4,8,12,7,10,10,24,27,ref|NC_001148|,786675,786475
YPR121W,201,1,0.004975124378109453,0.004975124378109453,1,0,0,0,+,33,27,7,43,41,12,67,96,ref|NC_001148|,778103,778303
YPR120C,201,1,0.004975124378109453,0.004975124378109453,1,0,0,0,-,14,21,7,47,27,15,42,89,ref|NC_001148|,775409,775209
YBL029W,201,1,0.004975124378109453,0.004975124378109453,1,0,0,0,+,18,18,18,21,13,22,54,56,ref|NC_001134|,166034,166234
YPR115W,201,1,0.004975124378109453,0.004975124378109453,1,0,0,0,+,58,74,27,77,72,36,159,185,ref|NC_001148|,754570,754770
YPR135W,201,1,0.004975124378109453,0.004975124378109453,1,0,0,0,+,43,42,17,80,66,27,102,173,ref|NC_001148|,799072,799272
YPR136C,201,1,0.004975124378109453,0.004975124378109453,1,0,0,0,-,27,11,9,8,8,3,47,19,ref|NC_001148|,802937,802737
YPR153W,201,1,0.004975124378109453,0.004975124378109453,0,1,0,0,+,9,7,7,6,6,5,23,17,ref|NC_001148|,833589,833789
YBL089W,201,1,0.004975124378109453,0.004975124378109453,0,1,0,0,+,24,33,12,19,18,13,69,50,ref|NC_001134|,49458,49658
YBL108W,201,1,0.004975124378109453,0.004975124378109453,0,1,0,0,+,5,8,3,5,4,2,16,11,ref|NC_001134|,8077,8277
YPR152C,201,1,0.004975124378109453,0.004975124378109453,1,0,0,0,-,17,19,23,46,23,39,59,108,ref|NC_001148|,833594,833394
YBL107C,201,1,0.004975124378109453,0.004975124378109453,1,0,0,0,-,5,6,0,19,16,8,11,43,ref|NC_001134|,10651,10451
YBL105C,201,1,0.004975124378109453,0.004975124378109453,0,1,0,0,-,46,69,25,93,78,36,140,207,ref|NC_001134|,18062,17862
YPR150W,201,1,0.004975124378109453,0.004975124378109453,1,0,0,0,+,11,15,6,2,5,2,32,9,ref|NC_001148|,830899,831099
YPR148C,201,1,0.004975124378109453,0.004975124378109453,1,0,0,0,-,19,26,7,47,32,19,52,98,ref|NC_001148|,828265,828065
YBL093C,201,1,0.004975124378109453,0.004975124378109453,0,1,0,0,-,10,11,6,16,11,7,27,34,ref|NC_001134|,45098,44898
YBL092W,201,1,0.004975124378109453,0.004975124378109453,0,1,0,0,+,7,13,3,17,5,0,23,22,ref|NC_001134|,45181,45381
YBL088C,201,1,0.004975124378109453,0.004975124378109453,1,0,0,0,-,126,177,54,182,191,76,357,449,ref|NC_001134|,59482,59282
YBL071C-B,201,1,0.004975124378109453,0.004975124378109453,0,1,0,0,-,1,2,0,2,0,0,3,2,ref|NC_001134|,89656,89456
YBL087C,201,1,0.004975124378109453,0.004975124378109453,1,0,0,0,-,15,20,7,23,13,4,42,40,ref|NC_001134|,60945,60745
YBL086C,201,1,0.004975124378109453,0.004975124378109453,1,0,0,0,-,21,21,9,37,21,20,51,78,ref|NC_001134|,62826,62626
YBL085W,201,1,0.004975124378109453,0.004975124378109453,1,0,0,0,+,47,67,26,69,56,31,140,156,ref|NC_001134|,63574,63774
YBL084C,201,1,0.004975124378109453,0.004975124378109453,0,1,0,0,-,39,54,26,28,33,23,119,84,ref|NC_001134|,69545,69345
YBL080C,201,1,0.004975124378109453,0.004975124378109453,1,0,0,0,-,19,37,14,37,41,20,70,98,ref|NC_001134|,74848,74648
YBL078C,201,1,0.004975124378109453,0.004975124378109453,0,1,0,0,-,5,7,1,9,11,1,13,21,ref|NC_001134|,80875,80675
YBL075C,201,1,0.004975124378109453,0.004975124378109453,0,1,0,0,-,22,34,18,50,56,20,74,126,ref|NC_001134|,87084,86884
YBL072C,201,1,0.004975124378109453,0.004975124378109453,0,1,0,0,-,13,12,6,33,11,3,31,47,ref|NC_001134|,89565,89365
YBR160W,201,1,0.004975124378109453,0.004975124378109453,1,0,0,0,+,9,14,8,29,22,9,31,60,ref|NC_001134|,559831,560031
YPR031W,201,1,0.004975124378109453,0.004975124378109453,0,1,0,0,+,27,46,12,59,49,22,85,130,ref|NC_001148|,631415,631615
YDL178W,201,1,0.004975124378109453,0.004975124378109453,1,0,0,0,+,26,27,7,40,39,11,60,90,ref|NC_001136|,139405,139605
YCL037C,201,1,0.004975124378109453,0.004975124378109453,1,0,0,0,-,15,26,14,39,19,9,55,67,ref|NC_001135|,58845,58645
YPL079W,201,1,0.004975124378109453,0.004975124378109453,0,1,0,0,+,14,15,9,17,23,6,38,46,ref|NC_001148|,406510,406710
YPL080C,201,1,0.004975124378109453,0.004975124378109453,0,1,0,0,-,6,9,4,1,4,4,19,9,ref|NC_001148|,406769,406569
YCR024C-A,201,1,0.004975124378109453,0.004975124378109453,1,0,0,0,-,2,1,1,4,1,0,4,5,ref|NC_001135|,163167,162967
YPL082C,201,1,0.004975124378109453,0.004975124378109453,1,0,0,0,-,91,96,39,126,123,51,226,300,ref|NC_001148|,404183,403983
YCR028C-A,201,1,0.004975124378109453,0.004975124378109453,1,0,0,0,-,8,10,8,15,9,3,26,27,ref|NC_001135|,173540,173340
YPL083C,201,1,0.004975124378109453,0.004975124378109453,1,0,0,0,-,22,24,18,42,25,15,64,82,ref|NC_001148|,398283,398083
YCR032W,201,1,0.004975124378109453,0.004975124378109453,1,0,0,0,+,95,137,58,148,156,73,290,377,ref|NC_001135|,179420,179620
YPL085W,201,1,0.004975124378109453,0.004975124378109453,0,1,0,0,+,92,144,47,146,147,78,283,371,ref|NC_001148|,386967,387167
YPL087W,201,1,0.004975124378109453,0.004975124378109453,0,1,0,0,+,20,17,8,17,18,5,45,40,ref|NC_001148|,383093,383293
YPL089C,201,1,0.004975124378109453,0.004975124378109453,1,0,0,0,-,30,42,15,32,36,20,87,88,ref|NC_001148|,381514,381314
YPL090C,201,1,0.004975124378109453,0.004975124378109453,0,1,0,0,-,15,23,9,47,31,6,47,84,ref|NC_001148|,378551,378351
YCR042C,201,1,0.004975124378109453,0.004975124378109453,0,1,0,0,-,47,61,26,109,114,55,134,278,ref|NC_001135|,205497,205297
YCR050C,201,1,0.004975124378109453,0.004975124378109453,0,1,0,0,-,5,6,1,5,5,3,12,13,ref|NC_001135|,216595,216395
YCR057C,201,1,0.004975124378109453,0.004975124378109453,1,0,0,0,-,42,61,18,68,65,37,121,170,ref|NC_001135|,226146,225946
YCR060W,201,1,0.004975124378109453,0.004975124378109453,0,1,0,0,+,2,7,3,7,8,2,12,17,ref|NC_001135|,226997,227197
YPL094C,201,1,0.004975124378109453,0.004975124378109453,1,0,0,0,-,13,9,8,24,17,5,30,46,ref|NC_001148|,370834,370634
YCR075W-A,201,1,0.004975124378109453,0.004975124378109453,0,1,0,0,+,2,6,6,4,3,3,14,10,ref|NC_001135|,251598,251798
YPL101W,201,1,0.004975124378109453,0.004975124378109453,1,0,0,0,+,23,26,11,45,36,12,60,93,ref|NC_001148|,360058,360258
YCR079W,201,1,0.004975124378109453,0.004975124378109453,0,1,0,0,+,17,21,16,21,29,21,54,71,ref|NC_001135|,255410,255610
YCR020C,201,1,0.004975124378109453,0.004975124378109453,1,0,0,0,-,8,9,5,12,22,6,22,40,ref|NC_001135|,155157,154957
YCR018C-A,201,1,0.004975124378109453,0.004975124378109453,1,0,0,0,-,5,9,2,4,4,3,16,11,ref|NC_001135|,151962,151762
YCR015C,201,1,0.004975124378109453,0.004975124378109453,1,0,0,0,-,14,23,6,20,27,9,43,56,ref|NC_001135|,142585,142385
YCL007C,201,1,0.004975124378109453,0.004975124378109453,1,0,0,0,-,6,5,2,10,2,1,13,13,ref|NC_001135|,107466,107266
YPL056C,201,1,0.004975124378109453,0.004975124378109453,0,1,0,0,-,13,3,8,1,4,2,24,7,ref|NC_001148|,454879,454679
YCL027W,201,1,0.004975124378109453,0.004975124378109453,1,0,0,0,+,31,32,17,29,29,22,80,80,ref|NC_001135|,71703,71903
YCL024W,201,1,0.004975124378109453,0.004975124378109453,1,0,0,0,+,38,48,31,77,71,46,117,194,ref|NC_001135|,79062,79262
YCL022C,201,1,0.004975124378109453,0.004975124378109453,0,1,0,0,-,13,14,5,7,7,2,32,16,ref|NC_001135|,82185,81985
YCL018W,201,1,0.004975124378109453,0.004975124378109453,0,1,0,0,+,13,18,11,28,22,11,42,61,ref|NC_001135|,91079,91279
YCL016C,201,1,0.004975124378109453,0.004975124378109453,1,0,0,0,-,14,30,6,29,31,12,50,72,ref|NC_001135|,96011,95811
YPL063W,201,1,0.004975124378109453,0.004975124378109453,0,1,0,0,+,19,23,12,52,40,6,54,98,ref|NC_001148|,429709,429909
YCL008C,201,1,0.004975124378109453,0.004975124378109453,0,1,0,0,-,13,23,12,18,18,15,48,51,ref|NC_001135|,107006,106806
YCL005W-A,201,1,0.004975124378109453,0.004975124378109453,0,1,0,0,+,10,3,1,6,7,1,14,14,ref|NC_001135|,106923,107123
YCR011C,201,1,0.004975124378109453,0.004975124378109453,1,0,0,0,-,45,53,26,73,90,23,124,186,ref|NC_001135|,137124,136924
YCL002C,201,1,0.004975124378109453,0.004975124378109453,0,1,0,0,-,13,22,3,8,13,4,38,25,ref|NC_001135|,111800,111600
YPL067C,201,1,0.004975124378109453,0.004975124378109453,1,0,0,0,-,6,7,9,6,9,11,22,26,ref|NC_001148|,426004,425804
YCL001W-A,201,1,0.004975124378109453,0.004975124378109453,0,1,0,0,+,5,7,1,19,14,2,13,35,ref|NC_001135|,112980,113180
YCL001W-B,201,1,0.004975124378109453,0.004975124378109453,0,1,0,0,+,0,3,1,9,6,4,4,19,ref|NC_001135|,113670,113870
YPL068C,201,1,0.004975124378109453,0.004975124378109453,0,1,0,0,-,11,16,9,19,15,10,36,44,ref|NC_001148|,425273,425073
YPL069C,201,1,0.004975124378109453,0.004975124378109453,1,0,0,0,-,11,21,8,24,31,10,40,65,ref|NC_001148|,424035,423835
YCR004C,201,1,0.004975124378109453,0.004975124378109453,0,1,0,0,-,8,10,4,19,15,4,22,38,ref|NC_001135|,120618,120418
YPL074W,201,1,0.004975124378109453,0.004975124378109453,1,0,0,0,+,33,40,20,65,52,23,93,140,ref|NC_001148|,415610,415810
YCR081C-A,201,1,0.004975124378109453,0.004975124378109453,1,0,0,0,-,5,7,4,3,3,2,16,8,ref|NC_001135|,261474,261274
YCR083W,201,1,0.004975124378109453,0.004975124378109453,1,0,0,0,+,3,9,2,11,9,5,14,25,ref|NC_001135|,262166,262366
YPL105C,201,1,0.004975124378109453,0.004975124378109453,1,0,0,0,-,41,49,16,86,50,20,106,156,ref|NC_001148|,355555,355355
YDL204W,201,1,0.004975124378109453,0.004975124378109453,1,0,0,0,+,24,22,6,30,27,16,52,73,ref|NC_001136|,94007,94207
YPL134C,201,1,0.004975124378109453,0.004975124378109453,0,1,0,0,-,8,16,10,19,20,4,34,43,ref|NC_001148|,300363,300163
YPL135C-A,201,1,0.004975124378109453,0.004975124378109453,0,1,0,0,-,4,4,1,2,5,2,9,9,ref|NC_001148|,297951,297751
YPL135W,201,1,0.004975124378109453,0.004975124378109453,1,0,0,0,+,6,11,3,11,12,5,20,28,ref|NC_001148|,296898,297098
YDL223C,201,1,0.004975124378109453,0.004975124378109453,0,1,0,0,-,44,73,14,69,71,43,131,183,ref|NC_001136|,60505,60305
YDL214C,201,1,0.004975124378109453,0.004975124378109453,0,1,0,0,-,42,46,20,48,51,34,108,133,ref|NC_001136|,76645,76445
YPL139C,201,1,0.004975124378109453,0.004975124378109453,1,0,0,0,-,17,31,9,20,32,12,57,64,ref|NC_001148|,291186,290986
YPL144W,201,1,0.004975124378109453,0.004975124378109453,1,0,0,0,+,11,8,6,10,10,5,25,25,ref|NC_001148|,280173,280373
YDL206W,201,1,0.004975124378109453,0.004975124378109453,0,1,0,0,+,38,40,23,41,43,21,101,105,ref|NC_001136|,89922,90122
YPL146C,201,1,0.004975124378109453,0.004975124378109453,1,0,0,0,-,18,25,4,72,39,11,47,122,ref|NC_001148|,277694,277494
YDL236W,201,1,0.004975124378109453,0.004975124378109453,1,0,0,0,+,14,13,10,18,24,10,37,52,ref|NC_001136|,32145,32345
YDL200C,201,1,0.004975124378109453,0.004975124378109453,1,0,0,0,-,2,5,6,15,12,2,13,29,ref|NC_001136|,101221,101021
YDL199C,201,1,0.004975124378109453,0.004975124378109453,0,1,0,0,-,44,47,21,32,31,20,112,83,ref|NC_001136|,103504,103304
YDL197C,201,1,0.004975124378109453,0.004975124378109453,0,1,0,0,-,20,35,15,46,32,19,70,97,ref|NC_001136|,106973,106773
YDL193W,201,1,0.004975124378109453,0.004975124378109453,0,1,0,0,+,13,17,7,33,29,15,37,77,ref|NC_001136|,114465,114665
YDL188C,201,1,0.004975124378109453,0.004975124378109453,0,1,0,0,-,15,26,4,30,29,18,45,77,ref|NC_001136|,125280,125080
YDL186W,201,1,0.004975124378109453,0.004975124378109453,1,0,0,0,+,9,14,11,28,11,16,34,55,ref|NC_001136|,125516,125716
YDL180W,201,1,0.004975124378109453,0.004975124378109453,0,1,0,0,+,23,43,17,24,39,22,83,85,ref|NC_001136|,135618,135818
YDL179W,201,1,0.004975124378109453,0.004975124378109453,0,1,0,0,+,19,22,11,15,15,6,52,36,ref|NC_001136|,138096,138296
YDL233W,201,1,0.004975124378109453,0.004975124378109453,0,1,0,0,+,18,22,6,27,34,14,46,75,ref|NC_001136|,36675,36875
YPL129W,201,1,0.004975124378109453,0.004975124378109453,0,1,0,0,+,10,5,4,22,20,9,19,51,ref|NC_001148|,305137,305337
YCR086W,201,1,0.004975124378109453,0.004975124378109453,1,0,0,0,+,8,10,14,17,9,12,32,38,ref|NC_001135|,265752,265952
YPL109C,201,1,0.004975124378109453,0.004975124378109453,0,1,0,0,-,35,41,24,42,46,27,100,115,ref|NC_001148|,347571,347371
YPL106C,201,1,0.004975124378109453,0.004975124378109453,1,0,0,0,-,29,31,15,76,55,20,75,151,ref|NC_001148|,352448,352248
YCR087C-A,201,1,0.004975124378109453,0.004975124378109453,0,1,0,0,-,4,6,3,20,9,5,13,34,ref|NC_001135|,267290,267090
YCR088W,201,1,0.004975124378109453,0.004975124378109453,1,0,0,0,+,19,31,11,62,56,30,61,148,ref|NC_001135|,267275,267475
YCR089W,201,1,0.004975124378109453,0.004975124378109453,0,1,0,0,+,148,171,38,40,63,46,357,149,ref|NC_001135|,270057,270257
YCR092C,201,1,0.004975124378109453,0.004975124378109453,0,1,0,0,-,39,62,26,76,80,23,127,179,ref|NC_001135|,282689,282489
YCR093W,201,1,0.004975124378109453,0.004975124378109453,1,0,0,0,+,94,140,49,130,136,60,283,326,ref|NC_001135|,282740,282940
YCR094W,201,1,0.004975124378109453,0.004975124378109453,0,1,0,0,+,11,22,7,22,30,12,40,64,ref|NC_001135|,289351,289551
YCR095C,201,1,0.004975124378109453,0.004975124378109453,0,1,0,0,-,17,19,5,38,19,6,41,63,ref|NC_001135|,292138,291938
YPL110C,201,1,0.004975124378109453,0.004975124378109453,1,0,0,0,-,39,73,31,99,86,30,143,215,ref|NC_001148|,344839,344639
YDL239C,201,1,0.004975124378109453,0.004975124378109453,0,1,0,0,-,41,44,16,75,62,19,101,156,ref|NC_001136|,28875,28675
YPL113C,201,1,0.004975124378109453,0.004975124378109453,1,0,0,0,-,17,17,14,25,27,7,48,59,ref|NC_001148|,337279,337079
YPL114W,201,1,0.004975124378109453,0.004975124378109453,1,0,0,0,+,11,8,4,6,7,6,23,19,ref|NC_001148|,335832,336032
YCR102C,201,1,0.004975124378109453,0.004975124378109453,1,0,0,0,-,12,26,14,21,27,9,52,57,ref|NC_001135|,308360,308160
YPL117C,201,1,0.004975124378109453,0.004975124378109453,1,0,0,0,-,8,14,1,22,32,7,23,61,ref|NC_001148|,329035,328835
YCR107W,201,1,0.004975124378109453,0.004975124378109453,1,0,0,0,+,18,17,12,18,25,12,47,55,ref|NC_001135|,316513,316713
YPL120W,201,1,0.004975124378109453,0.004975124378109453,0,1,0,0,+,20,45,9,46,45,20,74,111,ref|NC_001148|,321955,322155
YPL124W,201,1,0.004975124378109453,0.004975124378109453,1,0,0,0,+,10,14,8,33,15,12,32,60,ref|NC_001148|,316578,316778
YDL240W,201,1,0.004975124378109453,0.004975124378109453,1,0,0,0,+,41,56,25,74,66,42,122,182,ref|NC_001136|,22723,22923
YCL032W,201,1,0.004975124378109453,0.004975124378109453,0,1,0,0,+,17,23,5,28,27,13,45,68,ref|NC_001135|,62967,63167
YPL051W,201,1,0.004975124378109453,0.004975124378109453,1,0,0,0,+,6,12,0,24,10,7,18,41,ref|NC_001148|,459811,460011
YPR030W,201,1,0.004975124378109453,0.004975124378109453,1,0,0,0,+,72,59,30,61,71,30,161,162,ref|NC_001148|,627780,627980
YCL043C,201,1,0.004975124378109453,0.004975124378109453,0,1,0,0,-,21,19,25,35,40,37,65,112,ref|NC_001135|,50424,50224
YBR206W,201,1,0.004975124378109453,0.004975124378109453,0,1,0,0,+,9,8,2,6,2,2,19,10,ref|NC_001134|,633537,633737
YBR208C,201,1,0.004975124378109453,0.004975124378109453,0,1,0,0,-,74,87,50,137,121,43,211,301,ref|NC_001134|,642310,642110
YBR210W,201,1,0.004975124378109453,0.004975124378109453,0,1,0,0,+,13,7,4,8,12,1,24,21,ref|NC_001134|,645230,645430
YPR014C,201,1,0.004975124378109453,0.004975124378109453,0,1,0,0,-,9,4,3,2,5,3,16,10,ref|NC_001148|,587618,587418
YBR213W,201,1,0.004975124378109453,0.004975124378109453,1,0,0,0,+,12,15,10,26,15,14,37,55,ref|NC_001134|,650150,650350
YBR214W,201,1,0.004975124378109453,0.004975124378109453,0,1,0,0,+,27,35,24,32,18,15,86,65,ref|NC_001134|,651205,651405
YPR012W,201,1,0.004975124378109453,0.004975124378109453,0,1,0,0,+,7,4,0,4,2,1,11,7,ref|NC_001148|,584196,584396
YBR217W,201,1,0.004975124378109453,0.004975124378109453,1,0,0,0,+,8,11,2,15,10,6,21,31,ref|NC_001134|,657668,657868
YPR011C,201,1,0.004975124378109453,0.004975124378109453,1,0,0,0,-,13,18,7,19,13,14,38,46,ref|NC_001148|,584211,584011
YPR010C-A,201,1,0.004975124378109453,0.004975124378109453,0,1,0,0,-,7,3,2,12,11,2,12,25,ref|NC_001148|,582834,582634
YPR008W,201,1,0.004975124378109453,0.004975124378109453,1,0,0,0,+,34,61,20,54,43,25,115,122,ref|NC_001148|,572530,572730
YPR006C,201,1,0.004975124378109453,0.004975124378109453,0,1,0,0,-,18,38,11,44,36,17,67,97,ref|NC_001148|,569096,568896
YPR005C,201,1,0.004975124378109453,0.004975124378109453,0,1,0,0,-,7,25,11,23,19,5,43,47,ref|NC_001148|,566982,566782
YBR232C,201,1,0.004975124378109453,0.004975124378109453,1,0,0,0,-,6,5,6,8,7,2,17,17,ref|NC_001134|,683832,683632
YPL002C,201,1,0.004975124378109453,0.004975124378109453,1,0,0,0,-,11,13,8,14,21,9,32,44,ref|NC_001148|,554493,554293
YBR234C,201,1,0.004975124378109453,0.004975124378109453,0,1,0,0,-,21,24,8,27,16,9,53,52,ref|NC_001134|,686754,686554
YBR236C,201,1,0.004975124378109453,0.004975124378109453,0,1,0,0,-,10,20,16,42,34,8,46,84,ref|NC_001134|,691840,691640
YBR237W,201,1,0.004975124378109453,0.004975124378109453,0,1,0,0,+,33,46,20,72,67,31,99,170,ref|NC_001134|,691816,692016
YBR238C,201,1,0.004975124378109453,0.004975124378109453,0,1,0,0,-,42,48,17,44,49,17,107,110,ref|NC_001134|,697475,697275
YBR205W,201,1,0.004975124378109453,0.004975124378109453,0,1,0,0,+,20,34,10,25,22,13,64,60,ref|NC_001134|,633522,633722
YPR016C,201,1,0.004975124378109453,0.004975124378109453,1,0,0,0,-,10,14,5,17,18,3,29,38,ref|NC_001148|,593261,593061
YPR016W-A,201,1,0.004975124378109453,0.004975124378109453,1,0,0,0,+,6,1,4,3,3,2,11,8,ref|NC_001148|,592996,593196
YBR184W,201,1,0.004975124378109453,0.004975124378109453,0,1,0,0,+,25,34,9,45,27,18,68,90,ref|NC_001134|,597263,597463
YPR029C,201,1,0.004975124378109453,0.004975124378109453,0,1,0,0,-,55,57,18,49,68,35,130,152,ref|NC_001148|,627128,626928
YBR170C,201,1,0.004975124378109453,0.004975124378109453,0,1,0,0,-,23,38,22,46,44,17,83,107,ref|NC_001134|,578212,578012
YPR028W,201,1,0.004975124378109453,0.004975124378109453,1,0,0,0,+,17,12,6,13,15,6,35,34,ref|NC_001148|,622709,622909
YBR175W,201,1,0.004975124378109453,0.004975124378109453,0,1,0,0,+,19,18,8,14,27,6,45,47,ref|NC_001134|,581636,581836
YBR176W,201,1,0.004975124378109453,0.004975124378109453,1,0,0,0,+,17,20,7,12,24,7,44,43,ref|NC_001134|,583504,583704
YPR025C,201,1,0.004975124378109453,0.004975124378109453,1,0,0,0,-,14,18,8,42,22,16,40,80,ref|NC_001148|,615196,614996
YBR178W,201,1,0.004975124378109453,0.004975124378109453,0,1,0,0,+,4,5,4,4,4,5,13,13,ref|NC_001134|,585971,586171
YBR182C,201,1,0.004975124378109453,0.004975124378109453,0,1,0,0,-,20,31,9,22,24,16,60,62,ref|NC_001134|,594964,594764
YBR185C,201,1,0.004975124378109453,0.004975124378109453,1,0,0,0,-,9,19,8,19,18,8,36,45,ref|NC_001134|,600117,599917
YBR200W,201,1,0.004975124378109453,0.004975124378109453,1,0,0,0,+,22,28,10,40,36,12,60,88,ref|NC_001134|,620709,620909
YBR189W,201,1,0.004975124378109453,0.004975124378109453,1,0,0,0,+,20,13,12,38,23,9,45,70,ref|NC_001134|,604382,604582
YBR191W-A,201,1,0.004975124378109453,0.004975124378109453,1,0,0,0,+,1,1,1,1,0,1,3,2,ref|NC_001134|,607049,607249
YBR193C,201,1,0.004975124378109453,0.004975124378109453,1,0,0,0,-,10,19,2,17,11,9,31,37,ref|NC_001134|,610038,609838
YBR194W,201,1,0.004975124378109453,0.004975124378109453,1,0,0,0,+,3,10,3,17,6,4,16,27,ref|NC_001134|,609816,610016
YBR196C-A,201,1,0.004975124378109453,0.004975124378109453,0,1,0,0,-,5,2,1,1,3,0,8,4,ref|NC_001134|,614273,614073
YBR196C-B,201,1,0.004975124378109453,0.004975124378109453,0,1,0,0,-,1,2,0,4,1,1,3,6,ref|NC_001134|,614730,614530
YPR017C,201,1,0.004975124378109453,0.004975124378109453,1,0,0,0,-,6,5,1,12,14,5,12,31,ref|NC_001148|,594275,594075
YBR199W,201,1,0.004975124378109453,0.004975124378109453,1,0,0,0,+,22,23,6,33,39,12,51,84,ref|NC_001134|,618710,618910
YBR240C,201,1,0.004975124378109453,0.004975124378109453,1,0,0,0,-,12,36,17,33,15,21,65,69,ref|NC_001134|,701942,701742
YPL005W,201,1,0.004975124378109453,0.004975124378109453,0,1,0,0,+,19,37,13,46,38,18,69,102,ref|NC_001148|,548377,548577
YPL006W,201,1,0.004975124378109453,0.004975124378109453,1,0,0,0,+,53,78,23,73,68,26,154,167,ref|NC_001148|,544495,544695
YCL058C,201,1,0.004975124378109453,0.004975124378109453,1,0,0,0,-,12,11,6,0,5,3,29,8,ref|NC_001135|,24081,23881
YPL029W,201,1,0.004975124378109453,0.004975124378109453,0,1,0,0,+,27,48,15,62,52,27,90,141,ref|NC_001148|,495360,495560
YBR297W,201,1,0.004975124378109453,0.004975124378109453,0,1,0,0,+,22,26,16,22,34,16,64,72,ref|NC_001134|,800370,800570
YPL031C,201,1,0.004975124378109453,0.004975124378109453,0,1,0,0,-,16,16,6,22,24,8,38,54,ref|NC_001148|,493173,492973
YPL034W,201,1,0.004975124378109453,0.004975124378109453,1,0,0,0,+,2,14,4,14,9,3,20,26,ref|NC_001148|,486246,486446
YPL036W,201,1,0.004975124378109453,0.004975124378109453,0,1,0,0,+,47,34,37,64,80,19,118,163,ref|NC_001148|,482397,482597
YPL037C,201,1,0.004975124378109453,0.004975124378109453,0,1,0,0,-,8,9,3,8,10,4,20,22,ref|NC_001148|,483005,482805
YPL043W,201,1,0.004975124378109453,0.004975124378109453,0,1,0,0,+,19,28,15,91,62,19,62,172,ref|NC_001148|,469779,469979
YPL046C,201,1,0.004975124378109453,0.004975124378109453,0,1,0,0,-,3,6,3,9,11,7,12,27,ref|NC_001148|,467051,466851
YCL057C-A,201,1,0.004975124378109453,0.004975124378109453,0,1,0,0,-,3,5,2,5,0,7,10,12,ref|NC_001135|,24425,24225
YBR290W,201,1,0.004975124378109453,0.004975124378109453,1,0,0,0,+,10,21,7,23,18,13,38,54,ref|NC_001134|,782484,782684
YCL057W,201,1,0.004975124378109453,0.004975124378109453,0,1,0,0,+,39,37,17,39,57,26,93,122,ref|NC_001135|,24660,24860
YCL055W,201,1,0.004975124378109453,0.004975124378109453,0,1,0,0,+,9,19,7,29,20,13,35,62,ref|NC_001135|,27793,27993
YCL052C,201,1,0.004975124378109453,0.004975124378109453,0,1,0,0,-,22,19,13,34,35,15,54,84,ref|NC_001135|,35862,35662
YCL051W,201,1,0.004975124378109453,0.004975124378109453,0,1,0,0,+,20,35,13,41,51,13,68,105,ref|NC_001135|,35456,35656
YCL050C,201,1,0.004975124378109453,0.004975124378109453,0,1,0,0,-,17,8,7,19,29,11,32,59,ref|NC_001135|,39552,39352
YCL049C,201,1,0.004975124378109453,0.004975124378109453,1,0,0,0,-,20,12,9,24,17,12,41,53,ref|NC_001135|,40879,40679
YCL045C,201,1,0.004975124378109453,0.004975124378109453,0,1,0,0,-,37,48,25,44,60,20,110,124,ref|NC_001135|,47069,46869
YPL050C,201,1,0.004975124378109453,0.004975124378109453,1,0,0,0,-,12,26,3,40,19,11,41,70,ref|NC_001148|,462283,462083
YBR291C,201,1,0.004975124378109453,0.004975124378109453,0,1,0,0,-,12,8,5,20,23,2,25,45,ref|NC_001134|,784704,784504
YPL026C,201,1,0.004975124378109453,0.004975124378109453,0,1,0,0,-,22,26,13,35,34,19,61,88,ref|NC_001148|,502367,502167
YBR244W,201,1,0.004975124378109453,0.004975124378109453,1,0,0,0,+,7,6,2,9,14,1,15,24,ref|NC_001134|,706848,707048
YBR268W,201,1,0.004975124378109453,0.004975124378109453,0,1,0,0,+,3,3,7,6,4,5,13,15,ref|NC_001134|,741169,741369
YBR251W,201,1,0.004975124378109453,0.004975124378109453,0,1,0,0,+,12,17,10,21,21,10,39,52,ref|NC_001134|,721210,721410
YPL009C,201,1,0.004975124378109453,0.004975124378109453,0,1,0,0,-,46,55,23,119,82,43,124,244,ref|NC_001148|,539055,538855
YPL010W,201,1,0.004975124378109453,0.004975124378109453,1,0,0,0,+,9,13,7,17,14,6,29,37,ref|NC_001148|,534832,535032
YPL012W,201,1,0.004975124378109453,0.004975124378109453,0,1,0,0,+,74,91,23,104,89,24,188,217,ref|NC_001148|,529503,529703
YPL013C,201,1,0.004975124378109453,0.004975124378109453,1,0,0,0,-,2,0,2,9,10,6,4,25,ref|NC_001148|,529502,529302
YBR257W,201,1,0.004975124378109453,0.004975124378109453,0,1,0,0,+,8,19,5,25,16,9,32,50,ref|NC_001134|,728482,728682
YBR261C,201,1,0.004975124378109453,0.004975124378109453,1,0,0,0,-,4,9,10,19,11,9,23,39,ref|NC_001134|,735667,735467
YPL016W,201,1,0.004975124378109453,0.004975124378109453,0,1,0,0,+,60,85,25,62,68,34,170,164,ref|NC_001148|,520914,521114
YPL018W,201,1,0.004975124378109453,0.004975124378109453,1,0,0,0,+,19,17,8,30,29,16,44,75,ref|NC_001148|,517538,517738
YPL024W,201,1,0.004975124378109453,0.004975124378109453,1,0,0,0,+,10,15,6,18,12,8,31,38,ref|NC_001148|,503047,503247
YBR271W,201,1,0.004975124378109453,0.004975124378109453,0,1,0,0,+,13,21,11,39,33,18,45,90,ref|NC_001134|,744494,744694
YBR272C,201,1,0.004975124378109453,0.004975124378109453,0,1,0,0,-,20,26,9,46,46,16,55,108,ref|NC_001134|,747933,747733
YBR274W,201,1,0.004975124378109453,0.004975124378109453,1,0,0,0,+,26,32,15,34,42,19,73,95,ref|NC_001134|,749454,749654
YBR277C,201,1,0.004975124378109453,0.004975124378109453,0,1,0,0,-,16,3,9,7,3,7,28,17,ref|NC_001134|,760716,760516
YBR279W,201,1,0.004975124378109453,0.004975124378109453,1,0,0,0,+,11,21,7,48,42,16,39,106,ref|NC_001134|,761116,761316
YPL023C,201,1,0.004975124378109453,0.004975124378109453,1,0,0,0,-,28,35,22,49,44,22,85,115,ref|NC_001148|,506544,506344
YBR283C,201,1,0.004975124378109453,0.004975124378109453,1,0,0,0,-,27,32,11,20,30,5,70,55,ref|NC_001134|,770705,770505
YBR285W,201,1,0.004975124378109453,0.004975124378109453,0,1,0,0,+,5,6,2,14,14,3,13,31,ref|NC_001134|,773671,773871
YOR177C,201,1,0.004975124378109453,0.004975124378109453,1,0,0,0,-,10,29,10,40,42,18,49,100,ref|NC_001147|,667279,667079
YML100W-A,201,1,0.004975124378109453,0.004975124378109453,1,0,0,0,+,5,3,4,4,1,4,12,9,ref|NC_001145|,70038,70238
YOR020C,201,1,0.004975124378109453,0.004975124378109453,0,1,0,0,-,4,3,1,5,9,2,8,16,ref|NC_001147|,370982,370782
YOR100C,201,1,0.004975124378109453,0.004975124378109453,1,0,0,0,-,16,22,5,19,11,7,43,37,ref|NC_001147|,514527,514327
YOL083W,201,1,0.004975124378109453,0.004975124378109453,0,1,0,0,+,20,25,7,21,30,12,52,63,ref|NC_001147|,165475,165675
YGR003W,201,1,0.004975124378109453,0.004975124378109453,1,0,0,0,+,41,35,16,55,58,25,92,138,ref|NC_001139|,500003,500203
YGR162W,201,1,0.004975124378109453,0.004975124378109453,0,1,0,0,+,46,47,17,111,78,28,110,217,ref|NC_001139|,823959,824159
YGR002C,201,1,0.004975124378109453,0.004975124378109453,1,0,0,0,-,25,36,13,46,30,10,74,86,ref|NC_001139|,500015,499815
YGL235W,201,1,0.004975124378109453,0.004975124378109453,0,1,0,0,+,11,8,5,10,7,8,24,25,ref|NC_001139|,55179,55379
YOR099W,201,1,0.004975124378109453,0.004975124378109453,0,1,0,0,+,20,24,11,22,32,8,55,62,ref|NC_001147|,511520,511720
YGL177W,201,1,0.004975124378109453,0.004975124378109453,1,0,0,0,+,13,6,7,9,7,4,26,20,ref|NC_001139|,167459,167659
YOL005C,201,1,0.004975124378109453,0.004975124378109453,0,1,0,0,-,4,2,5,9,12,10,11,31,ref|NC_001147|,316561,316361
YGL001C,201,1,0.004975124378109453,0.004975124378109453,0,1,0,0,-,13,14,6,24,23,9,33,56,ref|NC_001139|,496874,496674
YGL236C,201,1,0.004975124378109453,0.004975124378109453,0,1,0,0,-,30,50,13,38,31,23,93,92,ref|NC_001139|,56147,55947
YOL006C,201,1,0.004975124378109453,0.004975124378109453,1,0,0,0,-,25,40,20,88,57,34,85,179,ref|NC_001147|,315650,315450
YER163C,201,1,0.004975124378109453,0.004975124378109453,0,1,0,0,-,10,7,9,14,18,6,26,38,ref|NC_001137|,503197,502997
YOL159C-A,201,1,0.004975124378109453,0.004975124378109453,0,1,0,0,-,4,6,2,6,6,5,12,17,ref|NC_001147|,15605,15405
YGL174W,201,1,0.004975124378109453,0.004975124378109453,0,1,0,0,+,6,19,4,39,15,11,29,65,ref|NC_001139|,174429,174629
YER152C,201,1,0.004975124378109453,0.004975124378109453,0,1,0,0,-,20,25,23,27,32,28,68,87,ref|NC_001137|,473857,473657
YER151C,201,1,0.004975124378109453,0.004975124378109453,0,1,0,0,-,40,60,16,71,55,33,116,159,ref|NC_001137|,471843,471643
YGR092W,201,1,0.004975124378109453,0.004975124378109453,0,1,0,0,+,18,24,12,51,37,24,54,112,ref|NC_001139|,668014,668214
YGL002W,201,1,0.004975124378109453,0.004975124378109453,1,0,0,0,+,14,10,6,19,14,2,30,35,ref|NC_001139|,494306,494506
YGR090W,201,1,0.004975124378109453,0.004975124378109453,0,1,0,0,+,60,83,15,87,89,27,158,203,ref|NC_001139|,661990,662190
YGR169C-A,201,1,0.004975124378109453,0.004975124378109453,0,1,0,0,-,1,2,1,15,1,2,4,18,ref|NC_001139|,836765,836565
YOL091W,201,1,0.004975124378109453,0.004975124378109453,0,1,0,0,+,31,39,14,48,49,20,84,117,ref|NC_001147|,145234,145434
YOL115W,201,1,0.004975124378109453,0.004975124378109453,1,0,0,0,+,20,28,17,50,50,22,65,122,ref|NC_001147|,101305,101505
YGL178W,201,1,0.004975124378109453,0.004975124378109453,0,1,0,0,+,73,96,33,38,53,29,202,120,ref|NC_001139|,167252,167452
YOR095C,201,1,0.004975124378109453,0.004975124378109453,0,1,0,0,-,6,14,6,14,25,5,26,44,ref|NC_001147|,504498,504298
YGL151W,201,1,0.004975124378109453,0.004975124378109453,1,0,0,0,+,67,79,23,81,84,37,169,202,ref|NC_001139|,217369,217569
YGL183C,201,1,0.004975124378109453,0.004975124378109453,0,1,0,0,-,12,12,2,29,14,1,26,44,ref|NC_001139|,157385,157185
YOL147C,201,1,0.004975124378109453,0.004975124378109453,1,0,0,0,-,19,16,8,20,10,5,43,35,ref|NC_001147|,48775,48575
YER179W,201,1,0.004975124378109453,0.004975124378109453,0,1,0,0,+,17,20,4,34,25,7,41,66,ref|NC_001137|,547516,547716
YER178W,201,1,0.004975124378109453,0.004975124378109453,0,1,0,0,+,24,26,12,32,28,10,62,70,ref|NC_001137|,545900,546100
YER177W,201,1,0.004975124378109453,0.004975124378109453,1,0,0,0,+,19,9,9,22,17,14,37,53,ref|NC_001137|,544294,544494
YOL148C,201,1,0.004975124378109453,0.004975124378109453,0,1,0,0,-,11,25,10,38,41,24,46,103,ref|NC_001147|,47674,47474
YOR089C,201,1,0.004975124378109453,0.004975124378109453,0,1,0,0,-,4,9,5,15,14,6,18,35,ref|NC_001147|,491639,491439
YOR090C,201,1,0.004975124378109453,0.004975124378109453,0,1,0,0,-,29,33,16,47,29,15,78,91,ref|NC_001147|,493249,493049
YOL149W,201,1,0.004975124378109453,0.004975124378109453,0,1,0,0,+,14,10,3,18,15,4,27,37,ref|NC_001147|,44838,45038
YOR091W,201,1,0.004975124378109453,0.004975124378109453,1,0,0,0,+,6,13,15,43,18,17,34,78,ref|NC_001147|,493266,493466
YER172C-A,201,1,0.004975124378109453,0.004975124378109453,0,1,0,0,-,7,6,6,7,7,3,19,17,ref|NC_001137|,535950,535750
YOR013W,201,1,0.004975124378109453,0.004975124378109453,1,0,0,0,+,7,9,8,10,10,10,24,30,ref|NC_001147|,356448,356648
YOL155C,201,1,0.004975124378109453,0.004975124378109453,1,0,0,0,-,100,113,27,25,48,20,240,93,ref|NC_001147|,31760,31560
YER166W,201,1,0.004975124378109453,0.004975124378109453,1,0,0,0,+,64,85,36,126,95,45,185,266,ref|NC_001137|,511839,512039
YGR153W,201,1,0.004975124378109453,0.004975124378109453,1,0,0,0,+,6,10,3,25,18,6,19,49,ref|NC_001139|,795849,796049
YGL181W,201,1,0.004975124378109453,0.004975124378109453,0,1,0,0,+,15,29,13,25,20,9,57,54,ref|NC_001139|,157429,157629
YOR041C,201,1,0.004975124378109453,0.004975124378109453,0,1,0,0,-,13,13,4,6,8,0,30,14,ref|NC_001147|,410109,409909
YGR156W,201,1,0.004975124378109453,0.004975124378109453,0,1,0,0,+,16,15,13,30,19,14,44,63,ref|NC_001139|,800295,800495
YOR014W,201,1,0.004975124378109453,0.004975124378109453,1,0,0,0,+,35,55,15,58,45,23,105,126,ref|NC_001147|,357315,357515
YGL233W,201,1,0.004975124378109453,0.004975124378109453,0,1,0,0,+,39,47,19,78,87,20,105,185,ref|NC_001139|,58944,59144
YGL179C,201,1,0.004975124378109453,0.004975124378109453,0,1,0,0,-,22,44,17,41,34,13,83,88,ref|NC_001139|,165279,165079
YER165W,201,1,0.004975124378109453,0.004975124378109453,0,1,0,0,+,28,28,7,47,47,13,63,107,ref|NC_001137|,509326,509526
YGR097W,201,1,0.004975124378109453,0.004975124378109453,0,1,0,0,+,48,74,23,64,72,38,145,174,ref|NC_001139|,678325,678525
YGL169W,201,1,0.004975124378109453,0.004975124378109453,1,0,0,0,+,20,19,6,26,29,20,45,75,ref|NC_001139|,185903,186103
YOL010W,201,1,0.004975124378109453,0.004975124378109453,0,1,0,0,+,17,23,11,31,24,10,51,65,ref|NC_001147|,307783,307983
YOR104W,201,1,0.004975124378109453,0.004975124378109453,1,0,0,0,+,6,15,5,19,15,14,26,48,ref|NC_001147|,517542,517742
YER123W,201,1,0.004975124378109453,0.004975124378109453,1,0,0,0,+,21,34,12,32,40,26,67,98,ref|NC_001137|,403720,403920
YGL156W,201,1,0.004975124378109453,0.004975124378109453,1,0,0,0,+,34,73,23,69,88,29,130,186,ref|NC_001139|,210316,210516
YGR085C,201,1,0.004975124378109453,0.004975124378109453,0,1,0,0,-,8,11,8,21,13,5,27,39,ref|NC_001139|,649924,649724
YGL155W,201,1,0.004975124378109453,0.004975124378109453,1,0,0,0,+,19,18,8,23,31,14,45,68,ref|NC_001139|,213825,214025
YOL013W-B,201,1,0.004975124378109453,0.004975124378109453,0,1,0,0,+,6,6,2,2,8,1,14,11,ref|NC_001147|,300590,300790
YGL015C,201,1,0.004975124378109453,0.004975124378109453,1,0,0,0,-,5,9,3,10,8,4,17,22,ref|NC_001139|,465793,465593
YGR191W,201,1,0.004975124378109453,0.004975124378109453,1,0,0,0,+,37,24,14,27,43,9,75,79,ref|NC_001139|,880140,880340
YER129W,201,1,0.004975124378109453,0.004975124378109453,1,0,0,0,+,52,78,31,80,62,59,161,201,ref|NC_001137|,416376,416576
YGR192C,201,1,0.004975124378109453,0.004975124378109453,1,0,0,0,-,17,18,12,23,24,15,47,62,ref|NC_001139|,885144,884944
YOL094C,201,1,0.004975124378109453,0.004975124378109453,0,1,0,0,-,16,19,9,28,27,6,44,61,ref|NC_001147|,142691,142491
YGL016W,201,1,0.004975124378109453,0.004975124378109453,1,0,0,0,+,46,74,16,53,85,30,136,168,ref|NC_001139|,461510,461710
YGR193C,201,1,0.004975124378109453,0.004975124378109453,0,1,0,0,-,13,20,5,33,34,13,38,80,ref|NC_001139|,885930,885730
YER146W,201,1,0.004975124378109453,0.004975124378109453,1,0,0,0,+,1,2,6,9,4,8,9,21,ref|NC_001137|,461258,461458
YGR194C,201,1,0.004975124378109453,0.004975124378109453,0,1,0,0,-,43,29,10,46,40,17,82,103,ref|NC_001139|,887975,887775
YER118C,201,1,0.004975124378109453,0.004975124378109453,0,1,0,0,-,22,27,14,16,21,15,63,52,ref|NC_001137|,398649,398449
YOL076W,201,1,0.004975124378109453,0.004975124378109453,0,1,0,0,+,30,44,15,53,54,29,89,136,ref|NC_001147|,186893,187093
YOL113W,201,1,0.004975124378109453,0.004975124378109453,0,1,0,0,+,17,32,15,47,60,20,64,127,ref|NC_001147|,103940,104140
YOL014W,201,1,0.004975124378109453,0.004975124378109453,1,0,0,0,+,7,5,2,5,6,5,14,16,ref|NC_001147|,299372,299572
YGR196C,201,1,0.004975124378109453,0.004975124378109453,0,1,0,0,-,30,39,19,77,82,41,88,200,ref|NC_001139|,892360,892160
YER117W,201,1,0.004975124378109453,0.004975124378109453,0,1,0,0,+,14,16,4,23,14,5,34,42,ref|NC_001137|,394806,395006
YGR082W,201,1,0.004975124378109453,0.004975124378109453,0,1,0,0,+,8,5,4,10,12,8,17,30,ref|NC_001139|,643747,643947
YOR117W,201,1,0.004975124378109453,0.004975124378109453,1,0,0,0,+,13,18,15,41,37,12,46,90,ref|NC_001147|,544853,545053
YGR077C,201,1,0.004975124378109453,0.004975124378109453,1,0,0,0,-,23,43,25,23,31,25,91,79,ref|NC_001139|,639653,639453
YGL157W,201,1,0.004975124378109453,0.004975124378109453,0,1,0,0,+,16,17,9,18,27,6,42,51,ref|NC_001139|,208775,208975
YGR186W,201,1,0.004975124378109453,0.004975124378109453,1,0,0,0,+,22,28,15,93,63,20,65,176,ref|NC_001139|,867664,867864
YGL014W,201,1,0.004975124378109453,0.004975124378109453,1,0,0,0,+,40,62,24,50,57,12,126,119,ref|NC_001139|,465620,465820
YGR086C,201,1,0.004975124378109453,0.004975124378109453,0,1,0,0,-,20,19,9,35,30,16,48,81,ref|NC_001139|,651035,650835
YOR040W,201,1,0.004975124378109453,0.004975124378109453,1,0,0,0,+,5,16,5,21,18,10,26,49,ref|NC_001147|,406964,407164
YGL167C,201,1,0.004975124378109453,0.004975124378109453,1,0,0,0,-,48,56,23,60,81,29,127,170,ref|NC_001139|,190975,190775
YER144C,201,1,0.004975124378109453,0.004975124378109453,1,0,0,0,-,35,51,26,47,39,28,112,114,ref|NC_001137|,459612,459412
YGR030C,201,1,0.004975124378109453,0.004975124378109453,0,1,0,0,-,7,14,4,13,5,3,25,21,ref|NC_001139|,546582,546382
YGL164C,201,1,0.004975124378109453,0.004975124378109453,1,0,0,0,-,14,16,9,54,43,19,39,116,ref|NC_001139|,193465,193265
YGL012W,201,1,0.004975124378109453,0.004975124378109453,1,0,0,0,+,22,27,8,22,28,5,57,55,ref|NC_001139|,472718,472918
YOR176W,201,1,0.004975124378109453,0.004975124378109453,0,1,0,0,+,18,22,8,25,23,7,48,55,ref|NC_001147|,662190,662390
YGL162W,201,1,0.004975124378109453,0.004975124378109453,1,0,0,0,+,11,14,9,13,21,15,34,49,ref|NC_001139|,197330,197530
YOR105W,201,1,0.004975124378109453,0.004975124378109453,1,0,0,0,+,3,9,2,6,5,6,14,17,ref|NC_001147|,517592,517792
YGR182C,201,1,0.004975124378109453,0.004975124378109453,0,1,0,0,-,9,5,3,8,4,4,17,16,ref|NC_001139|,859004,858804
YGR184C,201,1,0.004975124378109453,0.004975124378109453,0,1,0,0,-,87,128,40,146,155,64,255,365,ref|NC_001139|,865853,865653
YOR106W,201,1,0.004975124378109453,0.004975124378109453,0,1,0,0,+,9,20,5,30,9,10,34,49,ref|NC_001147|,518927,519127
YOL077W-A,201,1,0.004975124378109453,0.004975124378109453,0,1,0,0,+,0,4,2,4,1,2,6,7,ref|NC_001147|,185338,185538
YGL161C,201,1,0.004975124378109453,0.004975124378109453,0,1,0,0,-,11,14,12,13,28,14,37,55,ref|NC_001139|,200351,200151
YOR107W,201,1,0.004975124378109453,0.004975124378109453,1,0,0,0,+,17,22,10,18,14,15,49,47,ref|NC_001147|,520962,521162
YOR108W,201,1,0.004975124378109453,0.004975124378109453,1,0,0,0,+,38,36,11,41,35,12,85,88,ref|NC_001147|,522826,523026
YGL240W,201,1,0.004975124378109453,0.004975124378109453,1,0,0,0,+,12,12,2,18,17,7,26,42,ref|NC_001139|,48494,48694
YER137W-A,201,1,0.004975124378109453,0.004975124378109453,0,1,0,0,+,7,10,2,1,10,1,19,12,ref|NC_001137|,440670,440870
YGR185C,201,1,0.004975124378109453,0.004975124378109453,1,0,0,0,-,17,18,10,32,25,14,45,71,ref|NC_001139|,867652,867452
YER134C,201,1,0.004975124378109453,0.004975124378109453,0,1,0,0,-,5,7,4,14,15,7,16,36,ref|NC_001137|,437274,437074
YOL092W,201,1,0.004975124378109453,0.004975124378109453,0,1,0,0,+,21,22,7,15,17,7,50,39,ref|NC_001147|,144084,144284
YER180C-A,201,1,0.004975124378109453,0.004975124378109453,0,1,0,0,-,4,1,1,10,8,2,6,20,ref|NC_001137|,550417,550217
YOL146W,201,1,0.004975124378109453,0.004975124378109453,1,0,0,0,+,8,7,4,14,11,10,19,35,ref|NC_001147|,48750,48950
YGR005C,201,1,0.004975124378109453,0.004975124378109453,0,1,0,0,-,11,14,5,44,39,8,30,91,ref|NC_001139|,506000,505800
YGL204C,201,1,0.004975124378109453,0.004975124378109453,0,1,0,0,-,5,2,2,4,3,2,9,9,ref|NC_001139|,112220,112020
YFR012W-A,201,1,0.004975124378109453,0.004975124378109453,0,1,0,0,+,0,0,1,2,2,0,1,4,ref|NC_001138|,169124,169324
YOL130W,201,1,0.004975124378109453,0.004975124378109453,0,1,0,0,+,36,57,25,66,57,22,118,145,ref|NC_001147|,74053,74253
YFL012W,201,1,0.004975124378109453,0.004975124378109453,0,1,0,0,+,4,14,3,12,8,4,21,24,ref|NC_001138|,110486,110686
YOL119C,201,1,0.004975124378109453,0.004975124378109453,1,0,0,0,-,20,35,10,23,17,10,65,50,ref|NC_001147|,96603,96403
YFL012W-A,201,1,0.004975124378109453,0.004975124378109453,0,1,0,0,+,11,5,7,7,5,4,23,16,ref|NC_001138|,109710,109910
YFR013W,201,1,0.004975124378109453,0.004975124378109453,0,1,0,0,+,28,36,16,65,66,27,80,158,ref|NC_001138|,169766,169966
YGR118W,201,1,0.004975124378109453,0.004975124378109453,1,0,0,0,+,14,17,9,17,14,5,40,36,ref|NC_001139|,726851,727051
YGR119C,201,1,0.004975124378109453,0.004975124378109453,0,1,0,0,-,12,29,9,25,17,9,50,51,ref|NC_001139|,729880,729680
YGL205W,201,1,0.004975124378109453,0.004975124378109453,0,1,0,0,+,26,36,18,39,59,20,80,118,ref|NC_001139|,108058,108258
YGR020C,201,1,0.004975124378109453,0.004975124378109453,1,0,0,0,-,4,7,2,14,9,3,13,26,ref|NC_001139|,527480,527280
YGL203C,201,1,0.004975124378109453,0.004975124378109453,1,0,0,0,-,32,25,23,64,67,43,80,174,ref|NC_001139|,114831,114631
YFL021C-A,201,1,0.004975124378109453,0.004975124378109453,0,1,0,0,-,9,17,17,14,8,9,43,31,ref|NC_001138|,96715,96515
YGL202W,201,1,0.004975124378109453,0.004975124378109453,0,1,0,0,+,23,29,5,31,39,9,57,79,ref|NC_001139|,115895,116095
YOR059C,201,1,0.004975124378109453,0.004975124378109453,1,0,0,0,-,14,10,11,24,33,16,35,73,ref|NC_001147|,440391,440191
YOL132W,201,1,0.004975124378109453,0.004975124378109453,1,0,0,0,+,19,23,7,34,36,10,49,80,ref|NC_001147|,71200,71400
YGR101W,201,1,0.004975124378109453,0.004975124378109453,1,0,0,0,+,17,19,13,13,8,7,49,28,ref|NC_001139|,693181,693381
YFL016C,201,1,0.004975124378109453,0.004975124378109453,1,0,0,0,-,12,38,16,36,23,17,66,76,ref|NC_001138|,106429,106229
YOR004W,201,1,0.004975124378109453,0.004975124378109453,1,0,0,0,+,10,16,4,25,16,5,30,46,ref|NC_001147|,333461,333661
YOR062C,201,1,0.004975124378109453,0.004975124378109453,1,0,0,0,-,11,13,7,14,18,8,31,40,ref|NC_001147|,444309,444109
YGR017W,201,1,0.004975124378109453,0.004975124378109453,1,0,0,0,+,9,15,4,27,27,17,28,71,ref|NC_001139|,523113,523313
YGR016W,201,1,0.004975124378109453,0.004975124378109453,1,0,0,0,+,11,10,8,20,13,5,29,38,ref|NC_001139|,521834,522034
YFL019C,201,1,0.004975124378109453,0.004975124378109453,0,1,0,0,-,4,14,4,7,5,5,22,17,ref|NC_001138|,100705,100505
YGL206C,201,1,0.004975124378109453,0.004975124378109453,0,1,0,0,-,84,98,42,129,127,47,224,303,ref|NC_001139|,107604,107404
YFL009W,201,1,0.004975124378109453,0.004975124378109453,1,0,0,0,+,41,39,22,45,42,18,102,105,ref|NC_001138|,115865,116065
YGL207W,201,1,0.004975124378109453,0.004975124378109453,1,0,0,0,+,43,57,25,89,95,30,125,214,ref|NC_001139|,98763,98963
YOR012W,201,1,0.004975124378109453,0.004975124378109453,1,0,0,0,+,5,8,6,5,14,10,19,29,ref|NC_001147|,356443,356643
YFR009W,201,1,0.004975124378109453,0.004975124378109453,0,1,0,0,+,32,36,17,67,58,15,85,140,ref|NC_001138|,162312,162512
YGL223C,201,1,0.004975124378109453,0.004975124378109453,0,1,0,0,-,18,33,15,24,36,18,66,78,ref|NC_001139|,80478,80278
YFR007W,201,1,0.004975124378109453,0.004975124378109453,0,1,0,0,+,11,22,8,28,20,8,41,56,ref|NC_001138|,159124,159324
YFR006W,201,1,0.004975124378109453,0.004975124378109453,1,0,0,0,+,17,25,12,54,44,17,54,115,ref|NC_001138|,155762,155962
YFR005C,201,1,0.004975124378109453,0.004975124378109453,1,0,0,0,-,16,28,8,27,42,10,52,79,ref|NC_001138|,156020,155820
YOR008W-B,201,1,0.004975124378109453,0.004975124378109453,1,0,0,0,+,0,2,1,1,1,3,3,5,ref|NC_001147|,343829,344029
YFR004W,201,1,0.004975124378109453,0.004975124378109453,1,0,0,0,+,11,12,7,30,23,14,30,67,ref|NC_001138|,153222,153422
YFR003C,201,1,0.004975124378109453,0.004975124378109453,1,0,0,0,-,7,8,2,21,17,4,17,42,ref|NC_001138|,153287,153087
YGR110W,201,1,0.004975124378109453,0.004975124378109453,1,0,0,0,+,16,32,11,37,28,15,59,80,ref|NC_001139|,713558,713758
YFR002W,201,1,0.004975124378109453,0.004975124378109453,0,1,0,0,+,36,49,18,69,58,26,103,153,ref|NC_001138|,149888,150088
YGL218W,201,1,0.004975124378109453,0.004975124378109453,0,1,0,0,+,16,11,7,12,18,5,34,35,ref|NC_001139|,83550,83750
YGL217C,201,1,0.004975124378109453,0.004975124378109453,0,1,0,0,-,11,9,2,2,3,3,22,8,ref|NC_001139|,85280,85080
YOL089C,201,1,0.004975124378109453,0.004975124378109453,1,0,0,0,-,64,73,23,66,79,34,160,179,ref|NC_001147|,153652,153452
YOR044W,201,1,0.004975124378109453,0.004975124378109453,1,0,0,0,+,12,7,7,8,7,5,26,20,ref|NC_001147|,412608,412808
YOR051C,201,1,0.004975124378109453,0.004975124378109453,1,0,0,0,-,17,13,11,39,43,22,41,104,ref|NC_001147|,426391,426191
YGR025W,201,1,0.004975124378109453,0.004975124378109453,0,1,0,0,+,4,8,0,6,4,1,12,11,ref|NC_001139|,532539,532739
YFL005W,201,1,0.004975124378109453,0.004975124378109453,0,1,0,0,+,5,17,6,15,15,11,28,41,ref|NC_001138|,130002,130202
YGR024C,201,1,0.004975124378109453,0.004975124378109453,0,1,0,0,-,5,11,6,17,14,11,22,42,ref|NC_001139|,532696,532496
YGL210W,201,1,0.004975124378109453,0.004975124378109453,0,1,0,0,+,7,9,6,20,13,11,22,44,ref|NC_001139|,93200,93400
YOR005C,201,1,0.004975124378109453,0.004975124378109453,0,1,0,0,-,47,54,27,72,64,28,128,164,ref|NC_001147|,337443,337243
YFL007W,201,1,0.004975124378109453,0.004975124378109453,0,1,0,0,+,90,129,56,145,162,75,275,382,ref|NC_001138|,123379,123579
YOR003W,201,1,0.004975124378109453,0.004975124378109453,0,1,0,0,+,19,30,22,28,31,12,71,71,ref|NC_001147|,331296,331496
YFR014C,201,1,0.004975124378109453,0.004975124378109453,0,1,0,0,-,16,25,6,40,34,16,47,90,ref|NC_001138|,174105,173905
YER182W,201,1,0.004975124378109453,0.004975124378109453,1,0,0,0,+,7,9,6,21,14,3,22,38,ref|NC_001137|,551442,551642
YFL062W,201,1,0.004975124378109453,0.004975124378109453,0,1,0,0,+,26,15,9,23,22,9,50,54,ref|NC_001138|,6326,6526
YGR009C,201,1,0.004975124378109453,0.004975124378109453,0,1,0,0,-,20,31,8,70,61,18,59,149,ref|NC_001139|,511173,510973
YFL052W,201,1,0.004975124378109453,0.004975124378109453,0,1,0,0,+,29,19,13,34,28,20,61,82,ref|NC_001138|,28132,28332
YFL054C,201,1,0.004975124378109453,0.004975124378109453,1,0,0,0,-,23,34,20,40,34,25,77,99,ref|NC_001138|,22887,22687
YOR072W-B,201,1,0.004975124378109453,0.004975124378109453,1,0,0,0,+,1,2,3,3,3,2,6,8,ref|NC_001147|,464369,464569
YFL060C,201,1,0.004975124378109453,0.004975124378109453,0,1,0,0,-,9,15,6,14,12,10,30,36,ref|NC_001138|,11069,10869
YGL192W,201,1,0.004975124378109453,0.004975124378109453,0,1,0,0,+,16,32,18,34,42,18,66,94,ref|NC_001139|,142100,142300
YGR138C,201,1,0.004975124378109453,0.004975124378109453,1,0,0,0,-,40,30,14,36,36,4,84,76,ref|NC_001139|,765986,765786
YOL142W,201,1,0.004975124378109453,0.004975124378109453,0,1,0,0,+,8,14,6,18,9,7,28,34,ref|NC_001147|,55313,55513
YGL188C-A,201,1,0.004975124378109453,0.004975124378109453,0,1,0,0,-,2,1,0,5,5,2,3,12,ref|NC_001139|,149064,148864
YOR073W,201,1,0.004975124378109453,0.004975124378109453,1,0,0,0,+,25,37,16,41,32,29,78,102,ref|NC_001147|,464594,464794
YGL186C,201,1,0.004975124378109453,0.004975124378109453,1,0,0,0,-,24,25,22,29,16,7,71,52,ref|NC_001139|,152928,152728
YFL023W,201,1,0.004975124378109453,0.004975124378109453,1,0,0,0,+,18,40,20,90,68,43,78,201,ref|NC_001138|,90862,91062
YOL143C,201,1,0.004975124378109453,0.004975124378109453,0,1,0,0,-,2,9,5,9,15,4,16,28,ref|NC_001147|,55451,55251
YGR007W,201,1,0.004975124378109453,0.004975124378109453,0,1,0,0,+,10,21,8,24,25,13,39,62,ref|NC_001139|,506354,506554
YFR018C,201,1,0.004975124378109453,0.004975124378109453,0,1,0,0,-,8,16,21,22,17,23,45,62,ref|NC_001138|,184382,184182
YOL144W,201,1,0.004975124378109453,0.004975124378109453,1,0,0,0,+,10,21,11,54,41,19,42,114,ref|NC_001147|,52937,53137
YOR042W,201,1,0.004975124378109453,0.004975124378109453,0,1,0,0,+,11,23,11,52,30,17,45,99,ref|NC_001147|,408214,408414
YGL230C,201,1,0.004975124378109453,0.004975124378109453,1,0,0,0,-,8,3,3,9,9,5,14,23,ref|NC_001139|,64357,64157
YER186C,201,1,0.004975124378109453,0.004975124378109453,1,0,0,0,-,11,20,6,24,16,11,37,51,ref|NC_001137|,562065,561865
YGL185C,201,1,0.004975124378109453,0.004975124378109453,1,0,0,0,-,16,21,9,27,19,15,46,61,ref|NC_001139|,154429,154229
YGR146C,201,1,0.004975124378109453,0.004975124378109453,1,0,0,0,-,16,20,6,12,15,14,42,41,ref|NC_001139|,785314,785114
YGR006W,201,1,0.004975124378109453,0.004975124378109453,1,0,0,0,+,12,14,5,22,13,10,31,45,ref|NC_001139|,505935,506135
YOL140W,201,1,0.004975124378109453,0.004975124378109453,1,0,0,0,+,12,26,9,31,34,13,47,78,ref|NC_001147|,57548,57748
YGR132C,201,1,0.004975124378109453,0.004975124378109453,1,0,0,0,-,19,21,9,24,17,16,49,57,ref|NC_001139|,757491,757291
YGR131W,201,1,0.004975124378109453,0.004975124378109453,0,1,0,0,+,9,14,2,9,4,2,25,15,ref|NC_001139|,754495,754695
YFL051C,201,1,0.004975124378109453,0.004975124378109453,1,0,0,0,-,8,0,2,5,17,2,10,24,ref|NC_001138|,30640,30440
YGL198W,201,1,0.004975124378109453,0.004975124378109453,1,0,0,0,+,12,10,12,16,13,9,34,38,ref|NC_001139|,123469,123669
YFR015C,201,1,0.004975124378109453,0.004975124378109453,1,0,0,0,-,22,33,18,57,61,26,73,144,ref|NC_001138|,176580,176380
YGL196W,201,1,0.004975124378109453,0.004975124378109453,1,0,0,0,+,19,28,9,28,26,14,56,68,ref|NC_001139|,129374,129574
YFL025C,201,1,0.004975124378109453,0.004975124378109453,0,1,0,0,-,47,50,22,58,52,28,119,138,ref|NC_001138|,87334,87134
YOL001W,201,1,0.004975124378109453,0.004975124378109453,1,0,0,0,+,17,23,9,16,19,12,49,47,ref|NC_001147|,324753,324953
YFL028C,201,1,0.004975124378109453,0.004975124378109453,1,0,0,0,-,12,16,5,22,24,9,33,55,ref|NC_001138|,80343,80143
YGR015C,201,1,0.004975124378109453,0.004975124378109453,1,0,0,0,-,13,17,6,18,23,7,36,48,ref|NC_001139|,522199,521999
YFL034C-A,201,1,0.004975124378109453,0.004975124378109453,1,0,0,0,-,13,15,6,16,14,7,34,37,ref|NC_001138|,65032,64832
YFL034C-B,201,1,0.004975124378109453,0.004975124378109453,1,0,0,0,-,10,31,8,20,14,5,49,39,ref|NC_001138|,64093,63893
YGR100W,201,1,0.004975124378109453,0.004975124378109453,1,0,0,0,+,46,48,29,76,73,34,123,183,ref|NC_001139|,690005,690205
YFL040W,201,1,0.004975124378109453,0.004975124378109453,1,0,0,0,+,18,31,7,21,42,12,56,75,ref|NC_001138|,51250,51450
YOL134C,201,1,0.004975124378109453,0.004975124378109453,1,0,0,0,-,9,11,1,4,5,3,21,12,ref|NC_001147|,70645,70445
YGR010W,201,1,0.004975124378109453,0.004975124378109453,0,1,0,0,+,20,28,11,19,31,16,59,66,ref|NC_001139|,511445,511645
YOL135C,201,1,0.004975124378109453,0.004975124378109453,1,0,0,0,-,3,10,5,17,10,8,18,35,ref|NC_001147|,70204,70004
YFL046W,201,1,0.004975124378109453,0.004975124378109453,0,1,0,0,+,6,16,1,21,16,6,23,43,ref|NC_001138|,42515,42715
YOL137W,201,1,0.004975124378109453,0.004975124378109453,1,0,0,0,+,30,26,11,21,26,6,67,53,ref|NC_001147|,65457,65657
YOR069W,201,1,0.004975124378109453,0.004975124378109453,1,0,0,0,+,29,48,12,61,50,23,89,134,ref|NC_001147|,453593,453793
YOR068C,201,1,0.004975124378109453,0.004975124378109453,1,0,0,0,-,11,7,5,5,6,1,23,12,ref|NC_001147|,454313,454113
YFL049W,201,1,0.004975124378109453,0.004975124378109453,1,0,0,0,+,21,37,11,32,39,21,69,92,ref|NC_001138|,36672,36872
YGL194C,201,1,0.004975124378109453,0.004975124378109453,1,0,0,0,-,16,31,10,39,23,18,57,80,ref|NC_001139|,141892,141692
YFR016C,201,1,0.004975124378109453,0.004975124378109453,0,1,0,0,-,40,65,21,185,101,56,126,342,ref|NC_001138|,180937,180737
YOR118W,201,1,0.004975124378109453,0.004975124378109453,0,1,0,0,+,22,38,9,44,37,14,69,95,ref|NC_001147|,546551,546751
YGR203W,201,1,0.004975124378109453,0.004975124378109453,1,0,0,0,+,5,3,9,4,8,6,17,18,ref|NC_001139|,904647,904847
YFR028C,201,1,0.004975124378109453,0.004975124378109453,1,0,0,0,-,19,29,17,41,24,20,65,85,ref|NC_001138|,210260,210060
YGL093W,201,1,0.004975124378109453,0.004975124378109453,0,1,0,0,+,40,49,19,81,75,38,108,194,ref|NC_001139|,334746,334946
YOR030W,201,1,0.004975124378109453,0.004975124378109453,0,1,0,0,+,19,30,13,32,34,27,62,93,ref|NC_001147|,386649,386849
YER038W-A,201,1,0.004975124378109453,0.004975124378109453,1,0,0,0,+,5,4,1,14,5,2,10,21,ref|NC_001137|,227546,227746
YER037W,201,1,0.004975124378109453,0.004975124378109453,0,1,0,0,+,7,21,12,22,24,15,40,61,ref|NC_001137|,224961,225161
YER035W,201,1,0.004975124378109453,0.004975124378109453,1,0,0,0,+,2,6,7,12,3,11,15,26,ref|NC_001137|,221419,221619
YGL245W,201,1,0.004975124378109453,0.004975124378109453,1,0,0,0,+,27,34,25,67,60,21,86,148,ref|NC_001139|,38908,39108
YGL063W,201,1,0.004975124378109453,0.004975124378109453,1,0,0,0,+,10,12,11,22,9,23,33,54,ref|NC_001139|,383348,383548
YGL064C,201,1,0.004975124378109453,0.004975124378109453,0,1,0,0,-,17,33,15,47,35,17,65,99,ref|NC_001139|,383308,383108
YER034W,201,1,0.004975124378109453,0.004975124378109453,1,0,0,0,+,3,14,10,23,13,9,27,45,ref|NC_001137|,220902,221102
YER033C,201,1,0.004975124378109453,0.004975124378109453,0,1,0,0,-,67,87,25,68,104,48,179,220,ref|NC_001137|,220582,220382
YGL067W,201,1,0.004975124378109453,0.004975124378109453,1,0,0,0,+,18,34,10,21,26,10,62,57,ref|NC_001139|,375946,376146
YGR255C,201,1,0.004975124378109453,0.004975124378109453,1,0,0,0,-,22,22,11,42,29,12,55,83,ref|NC_001139|,1004155,1003955
YFR056C,201,1,0.004975124378109453,0.004975124378109453,0,1,0,0,-,5,7,3,3,8,4,15,15,ref|NC_001138|,264425,264225
YOR028C,201,1,0.004975124378109453,0.004975124378109453,0,1,0,0,-,10,17,10,24,20,10,37,54,ref|NC_001147|,384795,384595
YOR161W-A,201,1,0.004975124378109453,0.004975124378109453,0,1,0,0,+,0,1,0,3,1,0,1,4,ref|NC_001147|,637474,637674
YER023C-A,201,1,0.004975124378109453,0.004975124378109453,1,0,0,0,-,6,6,1,1,3,1,13,5,ref|NC_001137|,201029,200829
YOR027W,201,1,0.004975124378109453,0.004975124378109453,1,0,0,0,+,16,22,8,46,57,21,46,124,ref|NC_001147|,380918,381118
YGR257C,201,1,0.004975124378109453,0.004975124378109453,1,0,0,0,-,15,16,8,25,24,14,39,63,ref|NC_001139|,1007523,1007323
YOR161C-C,201,1,0.004975124378109453,0.004975124378109453,1,0,0,0,-,1,3,2,2,1,4,6,7,ref|NC_001147|,639367,639167
YGR258C,201,1,0.004975124378109453,0.004975124378109453,0,1,0,0,-,35,46,22,100,82,43,103,225,ref|NC_001139|,1010895,1010695
YER020W,201,1,0.004975124378109453,0.004975124378109453,0,1,0,0,+,18,26,19,36,20,19,63,75,ref|NC_001137|,194135,194335
YGR259C,201,1,0.004975124378109453,0.004975124378109453,1,0,0,0,-,6,9,4,5,6,5,19,16,ref|NC_001139|,1013366,1013166
YNR053C,201,1,0.004975124378109453,0.004975124378109453,0,1,0,0,-,36,28,20,59,37,11,84,107,ref|NC_001146|,723266,723066
YOR156C,201,1,0.004975124378109453,0.004975124378109453,1,0,0,0,-,35,39,13,43,49,24,87,116,ref|NC_001147|,630811,630611
YGL061C,201,1,0.004975124378109453,0.004975124378109453,1,0,0,0,-,6,16,7,23,18,6,29,47,ref|NC_001139|,389879,389679
YFR045W,201,1,0.004975124378109453,0.004975124378109453,0,1,0,0,+,11,16,15,15,19,9,42,43,ref|NC_001138|,241882,242082
YER044C-A,201,1,0.004975124378109453,0.004975124378109453,1,0,0,0,-,18,28,19,38,26,14,65,78,ref|NC_001137|,239069,238869
YFR031C,201,1,0.004975124378109453,0.004975124378109453,0,1,0,0,-,44,61,30,104,103,47,135,254,ref|NC_001138|,220206,220006
YGL054C,201,1,0.004975124378109453,0.004975124378109453,0,1,0,0,-,9,8,0,5,12,1,17,18,ref|NC_001139|,401480,401280
YER047C,201,1,0.004975124378109453,0.004975124378109453,0,1,0,0,-,34,55,15,94,62,36,104,192,ref|NC_001137|,245798,245598
YGR241C,201,1,0.004975124378109453,0.004975124378109453,0,1,0,0,-,21,32,10,39,30,12,63,81,ref|NC_001139|,976848,976648
YNR059W,201,1,0.004975124378109453,0.004975124378109453,1,0,0,0,+,33,32,18,37,36,19,83,92,ref|NC_001146|,736596,736796
YFR046C,201,1,0.004975124378109453,0.004975124378109453,0,1,0,0,-,18,12,9,35,29,17,39,81,ref|NC_001138|,244279,244079
YOL097W-A,201,1,0.004975124378109453,0.004975124378109453,0,1,0,0,+,6,2,1,3,6,1,9,10,ref|NC_001147|,136120,136320
YFR047C,201,1,0.004975124378109453,0.004975124378109453,1,0,0,0,-,10,13,4,20,21,10,27,51,ref|NC_001138|,245301,245101
YGL056C,201,1,0.004975124378109453,0.004975124378109453,1,0,0,0,-,32,40,16,33,24,18,88,75,ref|NC_001139|,397816,397616
YGR246C,201,1,0.004975124378109453,0.004975124378109453,0,1,0,0,-,24,26,12,65,41,15,62,121,ref|NC_001139|,984542,984342
YOR154W,201,1,0.004975124378109453,0.004975124378109453,1,0,0,0,+,27,42,18,55,40,28,87,123,ref|NC_001147|,624582,624782
YGR052W,201,1,0.004975124378109453,0.004975124378109453,0,1,0,0,+,20,22,15,28,25,15,57,68,ref|NC_001139|,593496,593696
YGL057C,201,1,0.004975124378109453,0.004975124378109453,0,1,0,0,-,16,23,8,23,16,10,47,49,ref|NC_001139|,395966,395766
YGR250C,201,1,0.004975124378109453,0.004975124378109453,0,1,0,0,-,36,69,13,58,52,16,118,126,ref|NC_001139|,993872,993672
YFR050C,201,1,0.004975124378109453,0.004975124378109453,0,1,0,0,-,17,16,5,19,20,6,38,45,ref|NC_001138|,250047,249847
YGR251W,201,1,0.004975124378109453,0.004975124378109453,1,0,0,0,+,1,7,3,22,16,6,11,44,ref|NC_001139|,995494,995694
YGR053C,201,1,0.004975124378109453,0.004975124378109453,1,0,0,0,-,10,16,9,24,20,12,35,56,ref|NC_001139|,596062,595862
YFR051C,201,1,0.004975124378109453,0.004975124378109453,1,0,0,0,-,36,33,14,40,28,19,83,87,ref|NC_001138|,251942,251742
YFR052W,201,1,0.004975124378109453,0.004975124378109453,1,0,0,0,+,15,18,11,23,21,15,44,59,ref|NC_001138|,252346,252546
YOR155C,201,1,0.004975124378109453,0.004975124378109453,1,0,0,0,-,22,25,7,39,39,8,54,86,ref|NC_001147|,628101,627901
YFR054C,201,1,0.004975124378109453,0.004975124378109453,0,1,0,0,-,18,14,6,3,9,7,38,19,ref|NC_001138|,260037,259837
YER041W,201,1,0.004975124378109453,0.004975124378109453,1,0,0,0,+,35,47,25,70,58,26,107,154,ref|NC_001137|,231470,231670
YOR026W,201,1,0.004975124378109453,0.004975124378109453,1,0,0,0,+,14,15,12,18,31,15,41,64,ref|NC_001147|,379656,379856
YGR263C,201,1,0.004975124378109453,0.004975124378109453,0,1,0,0,-,23,20,14,22,29,16,57,67,ref|NC_001139|,1019413,1019213
YNR052C,201,1,0.004975124378109453,0.004975124378109453,0,1,0,0,-,24,25,16,16,26,13,65,55,ref|NC_001146|,720879,720679
YOR173W,201,1,0.004975124378109453,0.004975124378109453,0,1,0,0,+,11,21,10,25,27,14,42,66,ref|NC_001147|,657108,657308
YGR045C,201,1,0.004975124378109453,0.004975124378109453,1,0,0,0,-,6,8,2,7,3,5,16,15,ref|NC_001139|,584658,584458
YGR275W,201,1,0.004975124378109453,0.004975124378109453,1,0,0,0,+,6,4,3,15,18,1,13,34,ref|NC_001139|,1043176,1043376
YOR167C,201,1,0.004975124378109453,0.004975124378109453,0,1,0,0,-,4,5,4,5,3,2,13,10,ref|NC_001147|,649119,648919
YGR276C,201,1,0.004975124378109453,0.004975124378109453,1,0,0,0,-,23,26,12,48,50,18,61,116,ref|NC_001139|,1045580,1045380
YOR168W,201,1,0.004975124378109453,0.004975124378109453,1,0,0,0,+,35,46,18,76,63,18,99,157,ref|NC_001147|,649161,649361
YGL254W,201,1,0.004975124378109453,0.004975124378109453,1,0,0,0,+,13,24,6,16,25,6,43,47,ref|NC_001139|,22189,22389
YGL074C,201,1,0.004975124378109453,0.004975124378109453,1,0,0,0,-,6,9,8,3,1,1,23,5,ref|NC_001139|,369022,368822
YOR171C,201,1,0.004975124378109453,0.004975124378109453,1,0,0,0,-,25,41,13,42,39,19,79,100,ref|NC_001147|,654055,653855
YEL006W,201,1,0.004975124378109453,0.004975124378109453,0,1,0,0,+,18,14,10,14,17,14,42,45,ref|NC_001137|,143359,143559
YGR278W,201,1,0.004975124378109453,0.004975124378109453,1,0,0,0,+,25,29,13,55,46,12,67,113,ref|NC_001139|,1046621,1046821
YGL253W,201,1,0.004975124378109453,0.004975124378109453,0,1,0,0,+,20,26,11,35,38,16,57,89,ref|NC_001139|,23713,23913
YGR051C,201,1,0.004975124378109453,0.004975124378109453,0,1,0,0,-,5,6,4,7,5,2,15,14,ref|NC_001139|,593329,593129
YGL083W,201,1,0.004975124378109453,0.004975124378109453,0,1,0,0,+,37,51,16,49,56,22,104,127,ref|NC_001139|,352894,353094
YEL011W,201,1,0.004975124378109453,0.004975124378109453,0,1,0,0,+,23,40,24,41,53,27,87,121,ref|NC_001137|,132106,132306
YEL015W,201,1,0.004975124378109453,0.004975124378109453,0,1,0,0,+,26,36,14,40,33,13,76,86,ref|NC_001137|,125675,125875
YOL045W,201,1,0.004975124378109453,0.004975124378109453,0,1,0,0,+,45,63,34,76,96,35,142,207,ref|NC_001147|,243397,243597
YEL018C-A,201,1,0.004975124378109453,0.004975124378109453,0,1,0,0,-,13,11,11,3,6,6,35,15,ref|NC_001137|,121283,121083
YOL046C,201,1,0.004975124378109453,0.004975124378109453,1,0,0,0,-,14,15,6,8,11,11,35,30,ref|NC_001147|,244240,244040
YOL047C,201,1,0.004975124378109453,0.004975124378109453,1,0,0,0,-,21,13,15,19,13,8,49,40,ref|NC_001147|,242847,242647
YGL252C,201,1,0.004975124378109453,0.004975124378109453,0,1,0,0,-,28,23,13,57,36,16,64,109,ref|NC_001139|,27615,27415
YEL019C,201,1,0.004975124378109453,0.004975124378109453,1,0,0,0,-,12,18,10,21,13,12,40,46,ref|NC_001137|,120606,120406
YGR044C,201,1,0.004975124378109453,0.004975124378109453,1,0,0,0,-,10,19,6,24,16,5,35,45,ref|NC_001139|,584084,583884
YER006W,201,1,0.004975124378109453,0.004975124378109453,1,0,0,0,+,34,20,10,53,42,7,64,102,ref|NC_001137|,161779,161979
YGR273C,201,1,0.004975124378109453,0.0,0,0,1,0,-,8,11,3,21,9,3,22,33,ref|NC_001139|,1039339,1039139
YGL257C,201,1,0.004975124378109453,0.004975124378109453,0,1,0,0,-,26,34,10,38,43,16,70,97,ref|NC_001139|,14421,14221
YNR049C,201,1,0.004975124378109453,0.004975124378109453,1,0,0,0,-,8,14,10,18,9,10,32,37,ref|NC_001146|,714741,714541
YER017C,201,1,0.004975124378109453,0.004975124378109453,1,0,0,0,-,36,49,23,55,49,16,108,120,ref|NC_001137|,191179,190979
YOR025W,201,1,0.004975124378109453,0.004975124378109453,1,0,0,0,+,24,25,18,31,32,19,67,82,ref|NC_001147|,378043,378243
YER016W,201,1,0.004975124378109453,0.004975124378109453,1,0,0,0,+,3,19,8,25,29,15,30,69,ref|NC_001137|,187320,187520
YOR164C,201,1,0.004975124378109453,0.004975124378109453,1,0,0,0,-,10,19,7,27,24,13,36,64,ref|NC_001147|,644482,644282
YER013W,201,1,0.004975124378109453,0.004975124378109453,0,1,0,0,+,29,69,34,97,95,34,132,226,ref|NC_001137|,177936,178136
YGL070C,201,1,0.004975124378109453,0.004975124378109453,1,0,0,0,-,6,7,5,11,9,3,18,23,ref|NC_001139|,374961,374761
YGR041W,201,1,0.004975124378109453,0.004975124378109453,0,1,0,0,+,27,34,12,40,31,21,73,92,ref|NC_001139|,576883,577083
YGR266W,201,1,0.004975124378109453,0.004975124378109453,0,1,0,0,+,29,46,16,53,35,31,91,119,ref|NC_001139|,1022500,1022700
YOL102C,201,1,0.004975124378109453,0.004975124378109453,0,1,0,0,-,10,20,9,15,16,7,39,38,ref|NC_001147|,126808,126608
YER012W,201,1,0.004975124378109453,0.004975124378109453,1,0,0,0,+,10,12,6,18,16,4,28,38,ref|NC_001137|,176815,177015
YER011W,201,1,0.004975124378109453,0.004975124378109453,0,1,0,0,+,41,8,4,7,17,4,53,28,ref|NC_001137|,174289,174489
YGR048W,201,1,0.004975124378109453,0.004975124378109453,1,0,0,0,+,17,11,9,29,24,12,37,65,ref|NC_001139|,589676,589876
YGL073W,201,1,0.004975124378109453,0.004975124378109453,0,1,0,0,+,26,39,14,53,52,41,79,146,ref|NC_001139|,368324,368524
YER010C,201,1,0.004975124378109453,0.004975124378109453,1,0,0,0,-,9,10,7,11,17,5,26,33,ref|NC_001137|,172735,172535
YGR267C,201,1,0.004975124378109453,0.004975124378109453,1,0,0,0,-,10,15,6,27,12,6,31,45,ref|NC_001139|,1026707,1026507
YER007W,201,1,0.004975124378109453,0.004975124378109453,1,0,0,0,+,20,29,14,36,47,15,63,98,ref|NC_001137|,163581,163781
YGL089C,201,1,0.004975124378109453,0.004975124378109453,1,0,0,0,-,3,8,2,6,9,4,13,19,ref|NC_001139|,345253,345053
YGR047C,201,1,0.004975124378109453,0.004975124378109453,0,1,0,0,-,47,42,27,88,93,34,116,215,ref|NC_001139|,589598,589398
YOR019W,201,1,0.004975124378109453,0.004975124378109453,0,1,0,0,+,34,39,16,65,52,22,89,139,ref|NC_001147|,368027,368227
YGR269W,201,1,0.004975124378109453,0.004975124378109453,1,0,0,0,+,7,4,1,5,7,1,12,13,ref|NC_001139|,1026536,1026736
YNR050C,201,1,0.004975124378109453,0.004975124378109453,0,1,0,0,-,22,23,8,39,27,12,53,78,ref|NC_001146|,716035,715835
YER049W,201,1,0.004975124378109453,0.004975124378109453,0,1,0,0,+,34,37,13,48,54,23,84,125,ref|NC_001137|,250724,250924
YGL102C,201,1,0.004975124378109453,0.004975124378109453,0,1,0,0,-,13,8,0,6,5,6,21,17,ref|NC_001139|,312033,311833
YGL104C,201,1,0.004975124378109453,0.004975124378109453,0,1,0,0,-,22,31,15,15,31,6,68,52,ref|NC_001139|,310289,310089
YOR135C,201,1,0.004975124378109453,0.004975124378109453,0,1,0,0,-,8,7,3,7,3,5,18,15,ref|NC_001147|,580600,580400
YFR039C,201,1,0.004975124378109453,0.004975124378109453,1,0,0,0,-,24,31,16,37,44,19,71,100,ref|NC_001138|,233787,233587
YGR068W-A,201,1,0.004975124378109453,0.004975124378109453,0,1,0,0,+,1,1,3,0,1,1,5,2,ref|NC_001139|,626194,626394
YOR130C,201,1,0.004975124378109453,0.004975124378109453,1,0,0,0,-,8,8,8,13,15,10,24,38,ref|NC_001147|,570930,570730
YGR220C,201,1,0.004975124378109453,0.004975124378109453,1,0,0,0,-,11,19,8,18,14,9,38,41,ref|NC_001139|,936993,936793
YOL068C,201,1,0.004975124378109453,0.004975124378109453,1,0,0,0,-,19,27,11,43,31,17,57,91,ref|NC_001147|,202609,202409
YGL138C,201,1,0.004975124378109453,0.004975124378109453,1,0,0,0,-,17,18,6,28,17,6,41,51,ref|NC_001139|,249631,249431
YER091C-A,201,1,0.004975124378109453,0.004975124378109453,1,0,0,0,-,4,4,8,4,3,3,16,10,ref|NC_001137|,341906,341706
YER090C-A,201,1,0.004975124378109453,0.004975124378109453,1,0,0,0,-,4,2,1,1,0,2,7,3,ref|NC_001137|,337706,337506
YGL137W,201,1,0.004975124378109453,0.004975124378109453,1,0,0,0,+,31,47,20,63,73,31,98,167,ref|NC_001139|,249745,249945
YER090W,201,1,0.004975124378109453,0.004975124378109453,1,0,0,0,+,15,32,17,35,30,17,64,82,ref|NC_001137|,337006,337206
YER087C-A,201,1,0.004975124378109453,0.004975124378109453,1,0,0,0,-,11,12,2,1,4,4,25,9,ref|NC_001137|,331663,331463
YER087W,201,1,0.004975124378109453,0.004975124378109453,1,0,0,0,+,13,34,15,35,46,17,62,98,ref|NC_001137|,329607,329807
YER084W-A,201,1,0.004975124378109453,0.004975124378109453,0,1,0,0,+,19,12,7,5,2,3,38,10,ref|NC_001137|,326693,326893
YGR223C,201,1,0.004975124378109453,0.004975124378109453,1,0,0,0,-,18,29,18,32,18,20,65,70,ref|NC_001139|,942374,942174
YOR132W,201,1,0.004975124378109453,0.004975124378109453,1,0,0,0,+,22,39,13,48,45,20,74,113,ref|NC_001147|,572995,573195
YOL105C,201,1,0.004975124378109453,0.004975124378109453,1,0,0,0,-,60,36,17,14,38,18,113,70,ref|NC_001147|,116226,116026
YER082C,201,1,0.004975124378109453,0.004975124378109453,0,1,0,0,-,15,28,17,43,29,16,60,88,ref|NC_001137|,325290,325090
YGL032C,201,1,0.004975124378109453,0.004975124378109453,1,0,0,0,-,3,8,2,1,3,3,13,7,ref|NC_001139|,437154,436954
YOR150W,201,1,0.004975124378109453,0.004975124378109453,1,0,0,0,+,3,9,3,17,9,3,15,29,ref|NC_001147|,611846,612046
YER079C-A,201,1,0.004975124378109453,0.004975124378109453,0,1,0,0,-,11,6,7,2,6,4,24,12,ref|NC_001137|,319535,319335
YGR063C,201,1,0.004975124378109453,0.004975124378109453,0,1,0,0,-,3,5,5,6,6,3,13,15,ref|NC_001139|,617941,617741
YNR069C,201,1,0.004975124378109453,0.004975124378109453,0,1,0,0,-,18,32,15,36,30,22,65,88,ref|NC_001146|,762692,762492
YGR218W,201,1,0.004975124378109453,0.004975124378109453,1,0,0,0,+,44,62,26,86,88,24,132,198,ref|NC_001139|,932142,932342
YOL069W,201,1,0.004975124378109453,0.004975124378109453,1,0,0,0,+,18,23,14,42,40,16,55,98,ref|NC_001147|,198825,199025
YER095W,201,1,0.004975124378109453,0.004975124378109453,0,1,0,0,+,11,20,16,23,28,13,47,64,ref|NC_001137|,349008,349208
YOR121C,201,1,0.004975124378109453,0.004975124378109453,0,1,0,0,-,3,6,7,5,4,4,16,13,ref|NC_001147|,552203,552003
YOR122C,201,1,0.004975124378109453,0.004975124378109453,1,0,0,0,-,7,10,6,11,17,9,23,37,ref|NC_001147|,553004,552804
YER107W-A,201,1,0.004975124378109453,0.004975124378109453,0,1,0,0,+,7,5,3,2,9,2,15,13,ref|NC_001137|,373489,373689
YER107C,201,1,0.004975124378109453,0.004975124378109453,1,0,0,0,-,7,22,9,16,17,14,38,47,ref|NC_001137|,374027,373827
YGR207C,201,1,0.004975124378109453,0.004975124378109453,0,1,0,0,-,9,10,3,27,24,5,22,56,ref|NC_001139|,911773,911573
YGR075C,201,1,0.004975124378109453,0.004975124378109453,0,1,0,0,-,11,14,5,9,26,11,30,46,ref|NC_001139|,637015,636815
YER104W,201,1,0.004975124378109453,0.004975124378109453,0,1,0,0,+,8,13,5,22,16,8,26,46,ref|NC_001137|,365879,366079
YOR126C,201,1,0.004975124378109453,0.004975124378109453,1,0,0,0,-,11,11,4,18,17,9,26,44,ref|NC_001147|,561053,560853
YER096W,201,1,0.004975124378109453,0.004975124378109453,1,0,0,0,+,27,30,15,36,41,17,72,94,ref|NC_001137|,350629,350829
YGL025C,201,1,0.004975124378109453,0.004975124378109453,1,0,0,0,-,11,18,9,23,20,13,38,56,ref|NC_001139|,450057,449857
YFR036W-A,201,1,0.004975124378109453,0.004975124378109453,1,0,0,0,+,18,18,18,6,5,6,54,17,ref|NC_001138|,227351,227551
YGR074W,201,1,0.004975124378109453,0.004975124378109453,1,0,0,0,+,4,3,2,9,14,4,9,27,ref|NC_001139|,635561,635761
YGR035C,201,1,0.004975124378109453,0.004975124378109453,1,0,0,0,-,5,11,1,12,7,1,17,20,ref|NC_001139|,557618,557418
YOR127W,201,1,0.004975124378109453,0.004975124378109453,1,0,0,0,+,41,53,22,76,78,40,116,194,ref|NC_001147|,560807,561007
YGR208W,201,1,0.004975124378109453,0.004975124378109453,0,1,0,0,+,8,20,12,24,27,12,40,63,ref|NC_001139|,911738,911938
YGR210C,201,1,0.004975124378109453,0.004975124378109453,0,1,0,0,-,12,19,6,29,28,13,37,70,ref|NC_001139|,914963,914763
YGR070W,201,1,0.004975124378109453,0.004975124378109453,1,0,0,0,+,66,91,24,74,63,25,181,162,ref|NC_001139|,627706,627906
YGR213C,201,1,0.004975124378109453,0.004975124378109453,1,0,0,0,-,17,16,10,17,20,8,43,45,ref|NC_001139|,919569,919369
YGR214W,201,1,0.004975124378109453,0.004975124378109453,1,0,0,0,+,15,30,10,36,26,9,55,71,ref|NC_001139|,920365,920565
YGR216C,201,1,0.004975124378109453,0.004975124378109453,0,1,0,0,-,39,39,19,32,33,15,97,80,ref|NC_001139|,924585,924385
YOR134W,201,1,0.004975124378109453,0.004975124378109453,0,1,0,0,+,17,27,5,33,25,12,49,70,ref|NC_001147|,578464,578664
YOL022C,201,1,0.004975124378109453,0.004975124378109453,1,0,0,0,-,14,18,10,31,33,16,42,80,ref|NC_001147|,281628,281428
YOR137C,201,1,0.004975124378109453,0.004975124378109453,0,1,0,0,-,26,43,15,45,37,20,84,102,ref|NC_001147|,583781,583581
YGL115W,201,1,0.004975124378109453,0.004975124378109453,1,0,0,0,+,21,16,12,29,27,9,49,65,ref|NC_001139|,291785,291985
YOL026C,201,1,0.004975124378109453,0.004975124378109453,0,1,0,0,-,2,7,4,13,5,5,13,23,ref|NC_001147|,274477,274277
YGR231C,201,1,0.004975124378109453,0.004975124378109453,1,0,0,0,-,6,19,7,25,19,5,32,49,ref|NC_001139|,953676,953476
YNR068C,201,1,0.004975124378109453,0.004975124378109453,1,0,0,0,-,9,15,8,15,24,8,32,47,ref|NC_001146|,761146,760946
YGR232W,201,1,0.004975124378109453,0.004975124378109453,0,1,0,0,+,9,7,1,15,13,1,17,29,ref|NC_001139|,953752,953952
YGL119W,201,1,0.004975124378109453,0.004975124378109453,0,1,0,0,+,20,22,13,43,30,9,55,82,ref|NC_001139|,284056,284256
YOL027C,201,1,0.004975124378109453,0.004975124378109453,1,0,0,0,-,18,24,17,55,39,32,59,126,ref|NC_001147|,273847,273647
YOL060C,201,1,0.004975124378109453,0.004975124378109453,1,0,0,0,-,50,54,20,30,44,34,124,108,ref|NC_001147|,216294,216094
YGL116W,201,1,0.004975124378109453,0.004975124378109453,0,1,0,0,+,31,31,16,47,37,13,78,97,ref|NC_001139|,289545,289745
YGR233C,201,1,0.004975124378109453,0.004975124378109453,0,1,0,0,-,40,79,27,67,84,31,146,182,ref|NC_001139|,958310,958110
YFR044C,201,1,0.004975124378109453,0.004975124378109453,1,0,0,0,-,31,28,13,27,37,16,72,80,ref|NC_001138|,241761,241561
YFR043C,201,1,0.004975124378109453,0.004975124378109453,1,0,0,0,-,6,12,6,16,19,9,24,44,ref|NC_001138|,239967,239767
YGL114W,201,1,0.004975124378109453,0.004975124378109453,0,1,0,0,+,39,32,28,38,37,21,99,96,ref|NC_001139|,293126,293326
YGR238C,201,1,0.004975124378109453,0.004975124378109453,0,1,0,0,-,45,50,20,51,56,37,115,144,ref|NC_001139|,968787,968587
YGL042C,201,1,0.004975124378109453,0.004975124378109453,0,1,0,0,-,11,7,1,6,2,1,19,9,ref|NC_001139|,418693,418493
YGL045W,201,1,0.004975124378109453,0.004975124378109453,0,1,0,0,+,21,27,15,46,29,21,63,96,ref|NC_001139|,413630,413830
YGL112C,201,1,0.004975124378109453,0.004975124378109453,1,0,0,0,-,20,23,9,30,39,15,52,84,ref|NC_001139|,299900,299700
YGR058W,201,1,0.004975124378109453,0.004975124378109453,1,0,0,0,+,6,21,10,27,17,13,37,57,ref|NC_001139|,606014,606214
YOR147W,201,1,0.004975124378109453,0.004975124378109453,1,0,0,0,+,32,50,15,35,44,15,97,94,ref|NC_001147|,606470,606670
YGL050W,201,1,0.004975124378109453,0.004975124378109453,1,0,0,0,+,9,20,8,28,19,4,37,51,ref|NC_001139|,405591,405791
YOL031C,201,1,0.004975124378109453,0.004975124378109453,0,1,0,0,-,21,25,9,39,37,15,55,91,ref|NC_001147|,267681,267481
YGL123C-A,201,1,0.004975124378109453,0.004975124378109453,0,1,0,0,-,10,4,1,3,5,1,15,9,ref|NC_001139|,277964,277764
YOR045W,201,1,0.004975124378109453,0.004975124378109453,1,0,0,0,+,3,4,1,1,0,0,8,1,ref|NC_001147|,413704,413904
YER061C,201,1,0.004975124378109453,0.004975124378109453,0,1,0,0,-,20,29,8,27,19,10,57,56,ref|NC_001137|,279006,278806
YGR228W,201,1,0.004975124378109453,0.004975124378109453,1,0,0,0,+,20,12,7,1,6,0,39,7,ref|NC_001139|,949265,949465
YER076C,201,1,0.004975124378109453,0.004975124378109453,1,0,0,0,-,15,17,5,11,23,8,37,42,ref|NC_001137|,313213,313013
YGL035C,201,1,0.004975124378109453,0.004975124378109453,0,1,0,0,-,22,33,11,41,36,16,66,93,ref|NC_001139|,433162,432962
YGR037C,201,1,0.004975124378109453,0.004975124378109453,1,0,0,0,-,2,3,1,3,6,5,6,14,ref|NC_001139|,561158,560958
YER069W,201,1,0.004975124378109453,0.004975124378109453,1,0,0,0,+,49,50,21,47,63,22,120,132,ref|NC_001137|,294430,294630
YOR141C,201,1,0.004975124378109453,0.004975124378109453,1,0,0,0,-,30,48,21,94,71,32,99,197,ref|NC_001147|,592716,592516
YGL130W,201,1,0.004975124378109453,0.004975124378109453,1,0,0,0,+,16,25,9,42,30,10,50,82,ref|NC_001139|,265965,266165
YGR227C-A,201,1,0.004975124378109453,0.004975124378109453,1,0,0,0,-,1,4,2,5,2,1,7,8,ref|NC_001139|,949325,949125
YGL036W,201,1,0.004975124378109453,0.004975124378109453,0,1,0,0,+,41,67,23,42,62,24,131,128,ref|NC_001139|,428501,428701
YOL024W,201,1,0.004975124378109453,0.004975124378109453,0,1,0,0,+,9,9,5,10,9,5,23,24,ref|NC_001147|,276968,277168
YER062C,201,1,0.004975124378109453,0.004975124378109453,1,0,0,0,-,10,13,8,12,18,11,31,41,ref|NC_001137|,280134,279934
YGL241W,201,1,0.004975124378109453,0.004975124378109453,1,0,0,0,+,49,64,16,74,81,38,129,193,ref|NC_001139|,45328,45528
YER067C-A,201,1,0.004975124378109453,0.004975124378109453,0,1,0,0,-,7,9,5,3,7,4,21,14,ref|NC_001137|,291858,291658
YOL061W,201,1,0.004975124378109453,0.004975124378109453,0,1,0,0,+,22,26,21,33,26,17,69,76,ref|NC_001147|,212108,212308
YGL128C,201,1,0.004975124378109453,0.004975124378109453,0,1,0,0,-,10,20,7,12,21,16,37,49,ref|NC_001139|,270260,270060
YNR064C,201,1,0.004975124378109453,0.004975124378109453,0,1,0,0,-,6,22,6,16,21,7,34,44,ref|NC_001146|,750119,749919
YER063W,201,1,0.004975124378109453,0.004975124378109453,1,0,0,0,+,9,11,2,25,16,5,22,46,ref|NC_001137|,280682,280882
YGL037C,201,1,0.004975124378109453,0.004975124378109453,1,0,0,0,-,4,12,6,17,16,7,22,40,ref|NC_001139|,428167,427967
YGL125W,201,1,0.004975124378109453,0.004975124378109453,1,0,0,0,+,31,45,21,33,48,24,97,105,ref|NC_001139|,272234,272434
YOL096C,201,0,0.0,0.0,0,0,0,0,-,15,18,8,27,24,9,41,60,ref|NC_001147|,139204,139004
YPR003C,201,0,0.0,0.0,0,0,0,0,-,40,48,26,36,41,25,114,102,ref|NC_001148|,563868,563668
YOL097C,201,0,0.0,0.0,0,0,0,0,-,8,27,10,28,33,19,45,80,ref|NC_001147|,137960,137760
YPR004C,201,0,0.0,0.0,0,0,0,0,-,16,19,7,20,22,3,42,45,ref|NC_001148|,565192,564992
YOL095C,201,0,0.0,0.0,0,0,0,0,-,37,54,13,40,48,21,104,109,ref|NC_001147|,141480,141280
YNL043C,201,0,0.0,0.0,0,0,0,0,-,2,6,1,6,5,6,9,17,ref|NC_001146|,546145,545945
YPR015C,201,0,0.0,0.0,0,0,0,0,-,15,15,7,13,6,7,37,26,ref|NC_001148|,591126,590926
YMR017W,201,0,0.0,0.0,0,0,0,0,+,9,20,12,46,33,14,41,93,ref|NC_001145|,307389,307589
YPR009W,201,0,0.0,0.0,0,0,0,0,+,14,16,7,17,17,13,37,47,ref|NC_001148|,576192,576392
YOL088C,201,0,0.0,0.0,0,0,0,0,-,14,13,11,23,24,11,38,58,ref|NC_001147|,154917,154717
YMR016C,201,0,0.0,0.0,0,0,0,0,-,32,55,17,31,41,13,104,85,ref|NC_001145|,305917,305717
YOL090W,201,0,0.0,0.0,0,0,0,0,+,38,39,25,63,82,27,102,172,ref|NC_001147|,147244,147444
YNL045W,201,0,0.0,0.0,0,0,0,0,+,30,46,18,37,48,25,94,110,ref|NC_001146|,542821,543021
YMR018W,201,0,0.0,0.0,0,0,0,0,+,18,36,12,33,26,17,66,76,ref|NC_001145|,310108,310308
YNL286W,201,0,0.0,0.0,0,0,0,0,+,10,17,6,24,31,11,33,66,ref|NC_001146|,94966,95166
YPR002C-A,201,0,0.0,0.0,0,0,0,0,-,5,6,2,2,2,3,13,7,ref|NC_001148|,560866,560666
YMR068W,201,0,0.0,0.0,0,0,0,0,+,9,23,10,31,26,17,42,74,ref|NC_001145|,406164,406364
YPL060W,201,0,0.0,0.0,0,0,0,0,+,22,29,7,33,27,17,58,77,ref|NC_001148|,434184,434384
YPL060C-A,201,0,0.0,0.0,0,0,0,0,-,58,134,24,165,131,45,216,341,ref|NC_001148|,442842,442642
YPL059W,201,0,0.0,0.0,0,0,0,0,+,5,8,5,18,10,2,18,30,ref|NC_001148|,444422,444622
YMR071C,201,0,0.0,0.0,0,0,0,0,-,7,13,3,8,10,8,23,26,ref|NC_001145|,411458,411258
YPL058C,201,0,0.0,0.0,0,0,0,0,-,85,86,34,81,119,26,205,226,ref|NC_001148|,450477,450277
YPL057C,201,0,0.0,0.0,0,0,0,0,-,21,15,7,32,19,11,43,62,ref|NC_001148|,453415,453215
YOL056W,201,0,0.0,0.0,0,0,0,0,+,15,19,7,24,21,7,41,52,ref|NC_001147|,223043,223243
YPL054W,201,0,0.0,0.0,0,0,0,0,+,22,29,13,20,11,6,64,37,ref|NC_001148|,455659,455859
YPL053C,201,0,0.0,0.0,0,0,0,0,-,14,20,10,27,44,13,44,84,ref|NC_001148|,458645,458445
YMR067C,201,0,0.0,0.0,0,0,0,0,-,16,30,10,29,25,18,56,72,ref|NC_001145|,405710,405510
YMR075W,201,0,0.0,0.0,0,0,0,0,+,28,53,12,60,42,25,93,127,ref|NC_001145|,413813,414013
YML100W,201,0,0.0,0.0,0,0,0,0,+,72,70,56,66,69,36,198,171,ref|NC_001145|,70125,70325
YMR066W,201,0,0.0,0.0,0,0,0,0,+,33,58,15,83,72,20,106,175,ref|NC_001145|,401428,401628
YNL067W,201,0,0.0,0.0,0,0,0,0,+,8,15,6,16,16,4,29,36,ref|NC_001146|,499524,499724
YOL064C,201,0,0.0,0.0,0,0,0,0,-,21,25,5,25,21,11,51,57,ref|NC_001147|,207368,207168
YOL066C,201,0,0.0,0.0,0,0,0,0,-,14,27,14,48,38,29,55,115,ref|NC_001147|,204907,204707
YOL067C,201,0,0.0,0.0,0,0,0,0,-,4,10,2,13,13,3,16,29,ref|NC_001147|,202670,202470
YPL045W,201,0,0.0,0.0,0,0,0,0,+,22,45,15,52,63,26,82,141,ref|NC_001148|,467080,467280
YPL044C,201,0,0.0,0.0,0,0,0,0,-,24,17,5,7,7,5,46,19,ref|NC_001148|,470614,470414
YPL041C,201,0,0.0,0.0,0,0,0,0,-,12,16,3,9,10,3,31,22,ref|NC_001148|,477273,477073
YOL053W,201,0,0.0,0.0,0,0,0,0,+,8,18,9,29,22,21,35,72,ref|NC_001147|,229969,230169
YMR075C-A,201,0,0.0,0.0,0,0,0,0,-,12,4,8,3,4,3,24,10,ref|NC_001145|,416153,415953
YPR001W,201,0,0.0,0.0,0,0,0,0,+,21,27,9,30,31,9,57,70,ref|NC_001148|,556277,556477
YNL077W,201,0,0.0,0.0,0,0,0,0,+,23,31,13,30,37,20,67,87,ref|NC_001146|,481291,481491
YOL048C,201,0,0.0,0.0,0,0,0,0,-,16,22,6,25,26,8,44,59,ref|NC_001147|,241489,241289
YOL049W,201,0,0.0,0.0,0,0,0,0,+,20,28,11,25,36,17,59,78,ref|NC_001147|,238440,238640
YMR086W,201,0,0.0,0.0,0,0,0,0,+,55,59,28,79,51,39,142,169,ref|NC_001145|,439108,439308
YMR085W,201,0,0.0,0.0,0,0,0,0,+,18,18,12,28,25,15,48,68,ref|NC_001145|,437102,437302
YPL073C,201,0,0.0,0.0,0,0,0,0,-,9,8,7,11,7,5,24,23,ref|NC_001148|,419084,418884
YPL072W,201,0,0.0,0.0,0,0,0,0,+,27,30,12,38,29,19,69,86,ref|NC_001148|,418219,418419
YPL071C,201,0,0.0,0.0,0,0,0,0,-,3,6,1,14,16,3,10,33,ref|NC_001148|,420724,420524
YNL078W,201,0,0.0,0.0,0,0,0,0,+,17,20,15,28,14,24,52,66,ref|NC_001146|,479400,479600
YPL070W,201,0,0.0,0.0,0,0,0,0,+,29,54,12,37,54,17,95,108,ref|NC_001148|,420641,420841
YOL050C,201,0,0.0,0.0,0,0,0,0,-,8,9,1,5,9,4,18,18,ref|NC_001147|,238438,238238
YMR076C,201,0,0.0,0.0,0,0,0,0,-,45,86,29,95,102,48,160,245,ref|NC_001145|,420129,419929
YOL051W,201,0,0.0,0.0,0,0,0,0,+,35,76,18,60,46,20,129,126,ref|NC_001147|,234840,235040
YMR083W,201,0,0.0,0.0,0,0,0,0,+,18,29,5,21,25,11,52,57,ref|NC_001145|,434083,434283
YMR082C,201,0,0.0,0.0,0,0,0,0,-,6,2,5,7,3,6,13,16,ref|NC_001145|,432225,432025
YNL076W,201,0,0.0,0.0,0,0,0,0,+,24,34,16,39,44,24,74,107,ref|NC_001146|,483456,483656
YPL065W,201,0,0.0,0.0,0,0,0,0,+,12,15,5,18,16,6,32,40,ref|NC_001148|,427798,427998
YMR079W,201,0,0.0,0.0,0,0,0,0,+,16,23,4,21,25,8,43,54,ref|NC_001145|,424794,424994
YPL064C,201,0,0.0,0.0,0,0,0,0,-,12,15,2,35,25,5,29,65,ref|NC_001148|,429758,429558
YNL073W,201,0,0.0,0.0,0,0,0,0,+,20,26,18,48,35,26,64,109,ref|NC_001146|,488244,488444
YPL062W,201,0,0.0,0.0,0,0,0,0,+,5,2,5,11,7,8,12,26,ref|NC_001148|,431795,431995
YPL040C,201,0,0.0,0.0,0,0,0,0,-,45,69,18,68,55,36,132,159,ref|NC_001148|,479101,478901
YPL038W-A,201,0,0.0,0.0,0,0,0,0,+,4,5,2,4,3,1,11,8,ref|NC_001148|,480082,480282
YPL038W,201,0,0.0,0.0,0,0,0,0,+,8,12,2,19,12,4,22,35,ref|NC_001148|,480244,480444
YNL051W,201,0,0.0,0.0,0,0,0,0,+,28,22,5,27,31,8,55,66,ref|NC_001146|,532559,532759
YNL054W-B,201,0,0.0,0.0,0,0,0,0,+,70,150,50,122,117,61,270,300,ref|NC_001146|,519356,519556
YMR045C,201,0,0.0,0.0,0,0,0,0,-,79,140,42,122,113,59,261,294,ref|NC_001145|,362727,362527
YMR044W,201,0,0.0,0.0,0,0,0,0,+,12,18,11,61,33,17,41,111,ref|NC_001145|,355214,355414
YNL054W,201,0,0.0,0.0,0,0,0,0,+,50,69,29,69,81,47,148,197,ref|NC_001146|,525986,526186
YMR042W,201,0,0.0,0.0,0,0,0,0,+,8,13,7,13,11,16,28,40,ref|NC_001145|,352376,352576
YNL053W,201,0,0.0,0.0,0,0,0,0,+,25,36,19,32,26,19,80,77,ref|NC_001146|,529683,529883
YMR038C,201,0,0.0,0.0,0,0,0,0,-,8,16,5,20,12,13,29,45,ref|NC_001145|,348398,348198
YMR037C,201,0,0.0,0.0,0,0,0,0,-,39,58,18,38,48,37,115,123,ref|NC_001145|,346617,346417
YPL007C,201,0,0.0,0.0,0,0,0,0,-,22,38,13,48,43,15,73,106,ref|NC_001148|,543992,543792
YMR031W-A,201,0,0.0,0.0,0,0,0,0,+,8,2,4,6,4,4,14,14,ref|NC_001145|,334609,334809
YMR060C,201,0,0.0,0.0,0,0,0,0,-,8,17,8,26,24,3,33,53,ref|NC_001145|,392655,392455
YMR031C,201,0,0.0,0.0,0,0,0,0,-,37,45,23,81,65,35,105,181,ref|NC_001145|,334843,334643
YMR028W,201,0,0.0,0.0,0,0,0,0,+,11,24,8,28,34,16,43,78,ref|NC_001145|,327334,327534
YMR026C,201,0,0.0,0.0,0,0,0,0,-,16,17,13,24,20,13,46,57,ref|NC_001145|,325716,325516
YOL086W-A,201,0,0.0,0.0,0,0,0,0,+,2,6,1,9,8,5,9,22,ref|NC_001147|,159073,159273
YMR024W,201,0,0.0,0.0,0,0,0,0,+,16,22,8,25,25,12,46,62,ref|NC_001145|,321766,321966
YOL087C,201,0,0.0,0.0,0,0,0,0,-,45,80,18,78,85,34,143,197,ref|NC_001147|,159018,158818
YMR022W,201,0,0.0,0.0,0,0,0,0,+,7,7,4,12,11,3,18,26,ref|NC_001145|,318032,318232
YMR020W,201,0,0.0,0.0,0,0,0,0,+,18,27,14,36,44,16,59,96,ref|NC_001145|,315149,315349
YPL001W,201,0,0.0,0.0,0,0,0,0,+,24,27,10,30,27,16,61,73,ref|NC_001148|,554449,554649
YNL054W-A,201,0,0.0,0.0,0,0,0,0,+,23,43,13,20,31,13,79,64,ref|NC_001146|,519356,519556
YOL083C-A,201,0,0.0,0.0,0,0,0,0,-,0,4,2,2,3,1,6,6,ref|NC_001147|,166701,166501
YMR046C,201,0,0.0,0.0,0,0,0,0,-,28,42,8,26,29,12,78,67,ref|NC_001145|,362727,362527
YMR046W-A,201,0,0.0,0.0,0,0,0,0,+,4,5,1,0,1,2,10,3,ref|NC_001145|,362602,362802
YMR059W,201,0,0.0,0.0,0,0,0,0,+,4,9,3,11,8,6,16,25,ref|NC_001145|,390958,391158
YOL070C,201,0,0.0,0.0,0,0,0,0,-,23,30,13,41,42,24,66,107,ref|NC_001147|,198841,198641
YPL035C,201,0,0.0,0.0,0,0,0,0,-,12,10,2,3,8,3,24,14,ref|NC_001148|,487011,486811
YNL062C,201,0,0.0,0.0,0,0,0,0,-,21,28,14,36,29,18,63,83,ref|NC_001146|,510341,510141
YPL033C,201,0,0.0,0.0,0,0,0,0,-,16,15,12,19,24,11,43,54,ref|NC_001148|,488307,488107
YNL061W,201,0,0.0,0.0,0,0,0,0,+,34,24,17,71,51,25,75,147,ref|NC_001146|,510400,510600
YOL075C,201,0,0.0,0.0,0,0,0,0,-,52,83,34,87,70,33,169,190,ref|NC_001147|,193642,193442
YPL030W,201,0,0.0,0.0,0,0,0,0,+,20,36,12,48,40,8,68,96,ref|NC_001148|,493387,493587
YMR054W,201,0,0.0,0.0,0,0,0,0,+,32,48,17,48,69,25,97,142,ref|NC_001145|,382991,383191
YPL027W,201,0,0.0,0.0,0,0,0,0,+,6,12,6,14,12,9,24,35,ref|NC_001148|,499565,499765
YMR052C-A,201,0,0.0,0.0,0,0,0,0,-,6,8,3,3,5,4,17,12,ref|NC_001145|,380534,380334
YMR051C,201,0,0.0,0.0,0,0,0,0,-,22,39,13,20,30,14,74,64,ref|NC_001145|,378425,378225
YMR050C,201,0,0.0,0.0,0,0,0,0,-,73,140,47,113,112,60,260,285,ref|NC_001145|,378425,378225
YPL025C,201,0,0.0,0.0,0,0,0,0,-,11,6,9,10,5,5,26,20,ref|NC_001148|,503370,503170
YNL057W,201,0,0.0,0.0,0,0,0,0,+,6,1,2,4,9,5,9,18,ref|NC_001146|,516303,516503
YOL099C,201,0,0.0,0.0,0,0,0,0,-,12,5,4,10,12,6,21,28,ref|NC_001147|,132608,132408
YMR048W,201,0,0.0,0.0,0,0,0,0,+,6,19,4,33,25,11,29,69,ref|NC_001145|,366856,367056
YPL021W,201,0,0.0,0.0,0,0,0,0,+,10,9,6,14,6,6,25,26,ref|NC_001148|,511001,511201
YOL079W,201,0,0.0,0.0,0,0,0,0,+,11,3,3,2,5,5,17,12,ref|NC_001147|,180957,181157
YOL078W,201,0,0.0,0.0,0,0,0,0,+,55,71,35,80,95,50,161,225,ref|NC_001147|,181582,181782
YOL131W,201,0,0.0,0.0,0,0,0,0,+,2,6,3,12,5,2,11,19,ref|NC_001147|,72931,73131
YOL100W,201,0,0.0,0.0,0,0,0,0,+,45,66,25,78,67,38,136,183,ref|NC_001147|,129137,129337
YPR117W,201,0,0.0,0.0,0,0,0,0,+,113,165,60,166,171,64,338,401,ref|NC_001148|,759925,760125
YML047W-A,201,0,0.0,0.0,0,0,0,0,+,7,11,9,2,2,3,27,7,ref|NC_001145|,179793,179993
YML048W,201,0,0.0,0.0,0,0,0,0,+,16,18,5,36,25,12,39,73,ref|NC_001145|,178281,178481
YML049C,201,0,0.0,0.0,0,0,0,0,-,50,78,38,92,98,40,166,230,ref|NC_001145|,178405,178205
YPR141C,201,0,0.0,0.0,0,0,0,0,-,25,41,17,68,62,19,83,149,ref|NC_001148|,818181,817981
YPR142C,201,0,0.0,0.0,0,0,0,0,-,25,18,11,8,8,2,54,18,ref|NC_001148|,818793,818593
YNR020C,201,0,0.0,0.0,0,0,0,0,-,9,8,11,25,18,19,28,62,ref|NC_001146|,668322,668122
YPR143W,201,0,0.0,0.0,0,0,0,0,+,5,11,1,42,20,11,17,73,ref|NC_001148|,818176,818376
YPR145C-A,201,0,0.0,0.0,0,0,0,0,-,3,7,4,8,3,5,14,16,ref|NC_001148|,825026,824826
YPR146C,201,0,0.0,0.0,0,0,0,0,-,6,5,6,3,11,5,17,19,ref|NC_001148|,825776,825576
YPR147C,201,0,0.0,0.0,0,0,0,0,-,17,28,8,19,12,7,53,38,ref|NC_001148|,826720,826520
YNR067C,201,0,0.0,0.0,0,0,0,0,-,68,104,49,44,70,43,221,157,ref|NC_001146|,759245,759045
YNR065C,201,0,0.0,0.0,0,0,0,0,-,47,54,27,75,79,51,128,205,ref|NC_001146|,753800,753600
YPR151C,201,0,0.0,0.0,0,0,0,0,-,4,8,2,16,16,5,14,37,ref|NC_001148|,831775,831575
YML053C,201,0,0.0,0.0,0,0,0,0,-,8,10,8,7,12,10,26,29,ref|NC_001145|,170089,169889
YNR022C,201,0,0.0,0.0,0,0,0,0,-,7,8,1,14,8,4,16,26,ref|NC_001146|,670473,670273
YNR023W,201,0,0.0,0.0,0,0,0,0,+,25,29,10,38,45,27,64,110,ref|NC_001146|,670293,670493
YPR154W,201,0,0.0,0.0,0,0,0,0,+,9,16,2,9,6,2,27,17,ref|NC_001148|,833825,834025
YPR158W-A,201,0,0.0,0.0,0,0,0,0,+,22,39,13,19,30,15,74,64,ref|NC_001148|,844609,844809
YPR158W-B,201,0,0.0,0.0,0,0,0,0,+,73,142,46,112,115,59,261,286,ref|NC_001148|,844609,844809
YPR158C-D,201,0,0.0,0.0,0,0,0,0,-,74,144,47,118,116,60,265,294,ref|NC_001148|,856357,856157
YNR024W,201,0,0.0,0.0,0,0,0,0,+,7,10,0,21,18,7,17,46,ref|NC_001146|,672264,672464
YML054C,201,0,0.0,0.0,0,0,0,0,-,23,29,15,47,43,17,67,107,ref|NC_001145|,167408,167208
YPR158C-C,201,0,0.0,0.0,0,0,0,0,-,23,39,13,22,31,13,75,66,ref|NC_001148|,856357,856157
YNR025C,201,0,0.0,0.0,0,0,0,0,-,13,11,5,1,3,2,29,6,ref|NC_001146|,673161,672961
YPR159C-A,201,0,0.0,0.0,0,0,0,0,-,2,0,1,0,2,0,3,2,ref|NC_001148|,860515,860315
YPR160W-A,201,0,0.0,0.0,0,0,0,0,+,2,1,0,2,2,0,3,4,ref|NC_001148|,861834,862034
YPR160C-A,201,0,0.0,0.0,0,0,0,0,-,8,4,2,7,5,3,14,15,ref|NC_001148|,862961,862761
YNR016C,201,0,0.0,0.0,0,0,0,0,-,116,142,62,174,166,59,320,399,ref|NC_001146|,661474,661274
YNR070W,201,0,0.0,0.0,0,0,0,0,+,75,80,26,67,84,28,181,179,ref|NC_001146|,765275,765475
YNR071C,201,0,0.0,0.0,0,0,0,0,-,8,24,10,19,31,7,42,57,ref|NC_001146|,771568,771368
YNR076W,201,0,0.0,0.0,0,0,0,0,+,7,8,4,5,9,2,19,16,ref|NC_001146|,780477,780677
YNR010W,201,0,0.0,0.0,0,0,0,0,+,10,6,7,13,9,6,23,28,ref|NC_001146|,643558,643758
YPR122W,201,0,0.0,0.0,0,0,0,0,+,64,70,33,70,73,36,167,179,ref|NC_001148|,781945,782145
YML035C,201,0,0.0,0.0,0,0,0,0,-,39,55,21,57,62,25,115,144,ref|NC_001145|,209089,208889
YML037C,201,0,0.0,0.0,0,0,0,0,-,11,21,5,26,29,12,37,67,ref|NC_001145|,205508,205308
YOL166W-A,201,0,0.0,0.0,0,0,0,0,+,4,2,0,0,1,0,6,1,ref|NC_001147|,485,685
YML039W,201,0,0.0,0.0,0,0,0,0,+,74,141,47,118,120,62,262,300,ref|NC_001145|,196528,196728
YNR077C,201,0,0.0,0.0,0,0,0,0,-,5,7,1,0,1,2,13,3,ref|NC_001146|,783641,783441
YPR126C,201,0,0.0,0.0,0,0,0,0,-,13,9,2,2,3,3,24,8,ref|NC_001148|,789485,789285
YML040W,201,0,0.0,0.0,0,0,0,0,+,22,40,13,21,31,13,75,65,ref|NC_001145|,196528,196728
YML041C,201,0,0.0,0.0,0,0,0,0,-,14,14,8,27,11,9,36,47,ref|NC_001145|,195930,195730
YPR128C,201,0,0.0,0.0,0,0,0,0,-,19,19,5,19,15,8,43,42,ref|NC_001148|,792357,792157
YPR129W,201,0,0.0,0.0,0,0,0,0,+,11,21,15,31,27,8,47,66,ref|NC_001148|,792530,792730
YPR131C,201,0,0.0,0.0,0,0,0,0,-,4,11,5,17,17,6,20,40,ref|NC_001148|,794680,794480
YML046W,201,0,0.0,0.0,0,0,0,0,+,20,36,17,42,46,15,73,103,ref|NC_001145|,181374,181574
YNR011C,201,0,0.0,0.0,0,0,0,0,-,25,49,10,67,65,22,84,154,ref|NC_001146|,647068,646868
YNR075C-A,201,0,0.0,0.0,0,0,0,0,-,0,1,1,1,1,3,2,5,ref|NC_001146|,781703,781503
YNR075W,201,0,0.0,0.0,0,0,0,0,+,19,23,5,23,24,8,47,55,ref|NC_001146|,779816,780016
YPR134W,201,0,0.0,0.0,0,0,0,0,+,14,11,7,18,22,17,32,57,ref|NC_001148|,797912,798112
YNR074C,201,0,0.0,0.0,0,0,0,0,-,23,22,8,23,24,10,53,57,ref|NC_001146|,778989,778789
YNR073C,201,0,0.0,0.0,0,0,0,0,-,16,22,13,31,36,14,51,81,ref|NC_001146|,776400,776200
YNR072W,201,0,0.0,0.0,0,0,0,0,+,35,34,20,29,32,14,89,75,ref|NC_001146|,772557,772757
YPR137W,201,0,0.0,0.0,0,0,0,0,+,22,31,10,65,33,23,63,121,ref|NC_001148|,801282,801482
YML045W,201,0,0.0,0.0,0,0,0,0,+,74,143,47,113,115,59,264,287,ref|NC_001145|,184361,184561
YML045W-A,201,0,0.0,0.0,0,0,0,0,+,22,39,13,20,30,14,74,64,ref|NC_001145|,184361,184561
YPR137C-B,201,0,0.0,0.0,0,0,0,0,-,72,144,48,119,120,60,264,299,ref|NC_001148|,810369,810169
YPR137C-A,201,0,0.0,0.0,0,0,0,0,-,22,42,13,22,30,14,77,66,ref|NC_001148|,810369,810169
YPR161C,201,0,0.0,0.0,0,0,0,0,-,15,36,16,56,39,17,67,112,ref|NC_001148|,866593,866393
YNR063W,201,0,0.0,0.0,0,0,0,0,+,23,33,19,37,40,29,75,106,ref|NC_001146|,746843,747043
YPR164W,201,0,0.0,0.0,0,0,0,0,+,55,100,22,92,89,52,177,233,ref|NC_001148|,870603,870803
YML092C,201,0,0.0,0.0,0,0,0,0,-,5,11,5,19,17,9,21,45,ref|NC_001145|,86972,86772
YPR181C,201,0,0.0,0.0,0,0,0,0,-,52,51,20,52,46,25,123,123,ref|NC_001148|,899863,899663
YML082W,201,0,0.0,0.0,0,0,0,0,+,22,35,13,64,36,26,70,126,ref|NC_001145|,101698,101898
YPR182W,201,0,0.0,0.0,0,0,0,0,+,1,7,3,5,4,7,11,16,ref|NC_001148|,899856,900056
YML088W,201,0,0.0,0.0,0,0,0,0,+,23,42,12,55,61,29,77,145,ref|NC_001145|,92114,92314
YNR051C,201,0,0.0,0.0,0,0,0,0,-,19,28,9,49,35,16,56,100,ref|NC_001146|,719168,718968
YNR035C,201,0,0.0,0.0,0,0,0,0,-,15,20,11,36,24,13,46,73,ref|NC_001146|,694188,693988
YPR188C,201,0,0.0,0.0,0,0,0,0,-,6,8,2,16,14,5,16,35,ref|NC_001148|,912624,912424
YML089C,201,0,0.0,0.0,0,0,0,0,-,4,4,6,5,5,5,14,15,ref|NC_001145|,91509,91309
YNR037C,201,0,0.0,0.0,0,0,0,0,-,0,5,4,5,4,1,9,10,ref|NC_001146|,695484,695284
YML090W,201,0,0.0,0.0,0,0,0,0,+,11,3,0,4,6,4,14,14,ref|NC_001145|,90644,90844
YML091C,201,0,0.0,0.0,0,0,0,0,-,53,96,26,72,91,33,175,196,ref|NC_001145|,90831,90631
YPR191W,201,0,0.0,0.0,0,0,0,0,+,11,21,5,21,23,13,37,57,ref|NC_001148|,919221,919421
YNR039C,201,0,0.0,0.0,0,0,0,0,-,27,39,17,29,38,26,83,93,ref|NC_001146|,699531,699331
YML079W,201,0,0.0,0.0,0,0,0,0,+,11,10,2,12,20,2,23,34,ref|NC_001145|,110118,110318
YPR194C,201,0,0.0,0.0,0,0,0,0,-,41,56,17,39,59,9,114,107,ref|NC_001148|,927037,926837
YML094W,201,0,0.0,0.0,0,0,0,0,+,5,5,8,15,9,7,18,31,ref|NC_001145|,81525,81725
YPR196W,201,0,0.0,0.0,0,0,0,0,+,23,22,19,24,39,17,64,80,ref|NC_001148|,931247,931447
YPR199C,201,0,0.0,0.0,0,0,0,0,-,12,13,3,19,24,5,28,48,ref|NC_001148|,939213,939013
YNR048W,201,0,0.0,0.0,0,0,0,0,+,12,16,14,23,23,15,42,61,ref|NC_001146|,711475,711675
YML099C,201,0,0.0,0.0,0,0,0,0,-,45,39,23,68,69,26,107,163,ref|NC_001145|,77183,76983
YML099W-A,201,0,0.0,0.0,0,0,0,0,+,6,7,2,5,3,1,15,9,ref|NC_001145|,74129,74329
YNR045W,201,0,0.0,0.0,0,0,0,0,+,21,24,11,39,31,30,56,100,ref|NC_001146|,705985,706185
YPR201W,201,0,0.0,0.0,0,0,0,0,+,22,20,14,16,29,8,56,53,ref|NC_001148|,939573,939773
YPR202W,201,0,0.0,0.0,0,0,0,0,+,17,18,5,14,22,17,40,53,ref|NC_001148|,942932,943132
YPR203W,201,0,0.0,0.0,0,0,0,0,+,4,3,2,6,9,5,9,20,ref|NC_001148|,943780,943980
YPR204W,201,0,0.0,0.0,0,0,0,0,+,39,38,25,67,62,42,102,171,ref|NC_001148|,944503,944703
YML080W,201,0,0.0,0.0,0,0,0,0,+,10,18,9,41,29,8,37,78,ref|NC_001145|,108598,108798
YNR054C,201,0,0.0,0.0,0,0,0,0,-,14,15,7,47,21,9,36,77,ref|NC_001146|,724433,724233
YNR062C,201,0,0.0,0.0,0,0,0,0,-,13,20,14,12,12,10,47,34,ref|NC_001146|,745443,745243
YML068W,201,0,0.0,0.0,0,0,0,0,+,11,22,12,42,41,18,45,101,ref|NC_001145|,137354,137554
YML060W,201,0,0.0,0.0,0,0,0,0,+,16,16,13,28,25,14,45,67,ref|NC_001145|,151699,151899
YPR166C,201,0,0.0,0.0,0,0,0,0,-,5,7,2,9,7,0,14,16,ref|NC_001148|,876875,876675
YPR168W,201,0,0.0,0.0,0,0,0,0,+,4,7,5,18,15,3,16,36,ref|NC_001148|,877331,877531
YML061C,201,0,0.0,0.0,0,0,0,0,-,30,59,25,77,57,32,114,166,ref|NC_001145|,151785,151585
YML062C,201,0,0.0,0.0,0,0,0,0,-,15,22,6,53,36,9,43,98,ref|NC_001145|,148829,148629
YPR169W,201,0,0.0,0.0,0,0,0,0,+,19,22,18,41,38,23,59,102,ref|NC_001148|,878115,878315
YNR061C,201,0,0.0,0.0,0,0,0,0,-,14,16,5,13,17,4,35,34,ref|NC_001146|,743732,743532
YPR169W-A,201,0,0.0,0.0,0,0,0,0,+,5,4,2,2,3,1,11,6,ref|NC_001148|,883139,883339
YPR170W-B,201,0,0.0,0.0,0,0,0,0,+,6,4,6,4,3,3,16,10,ref|NC_001148|,883139,883339
YNR060W,201,0,0.0,0.0,0,0,0,0,+,34,38,20,44,43,11,92,98,ref|NC_001146|,739851,740051
YPR170W-A,201,0,0.0,0.0,0,0,0,0,+,4,0,3,0,0,0,7,0,ref|NC_001148|,883278,883478
YNR058W,201,0,0.0,0.0,0,0,0,0,+,18,33,13,34,30,19,64,83,ref|NC_001146|,734191,734391
YNR057C,201,0,0.0,0.0,0,0,0,0,-,8,17,8,13,16,6,33,35,ref|NC_001146|,734286,734086
YML077W,201,0,0.0,0.0,0,0,0,0,+,9,9,3,9,10,4,21,23,ref|NC_001145|,111698,111898
YML069W,201,0,0.0,0.0,0,0,0,0,+,20,29,11,62,46,13,60,121,ref|NC_001145|,135315,135515
YNR056C,201,0,0.0,0.0,0,0,0,0,-,37,45,20,17,26,10,102,53,ref|NC_001146|,733403,733203
YPR173C,201,0,0.0,0.0,0,0,0,0,-,13,14,7,46,32,16,34,94,ref|NC_001148|,887969,887769
YPR175W,201,0,0.0,0.0,0,0,0,0,+,32,42,17,54,37,28,91,119,ref|NC_001148|,888824,889024
YPR176C,201,0,0.0,0.0,0,0,0,0,-,10,13,5,20,22,9,28,51,ref|NC_001148|,892237,892037
YPR177C,201,0,0.0,0.0,0,0,0,0,-,16,17,4,5,3,0,37,8,ref|NC_001148|,892784,892584
YPR178W,201,0,0.0,0.0,0,0,0,0,+,23,33,11,39,39,13,67,91,ref|NC_001148|,892202,892402
YNR055C,201,0,0.0,0.0,0,0,0,0,-,24,26,17,28,34,15,67,77,ref|NC_001146|,730744,730544
YNR030W,201,0,0.0,0.0,0,0,0,0,+,36,38,13,32,38,11,87,81,ref|NC_001146|,678632,678832
YML074C,201,0,0.0,0.0,0,0,0,0,-,10,10,11,65,40,23,31,128,ref|NC_001145|,121487,121287
YPR180W,201,0,0.0,0.0,0,0,0,0,+,12,15,7,31,32,6,34,69,ref|NC_001148|,895829,896029
YML076C,201,0,0.0,0.0,0,0,0,0,-,37,63,25,56,65,37,125,158,ref|NC_001145|,115447,115247
YPR118W,201,0,0.0,0.0,0,0,0,0,+,14,19,12,19,34,10,45,63,ref|NC_001148|,767601,767801
YNR009W,201,0,0.0,0.0,0,0,0,0,+,13,17,9,20,7,11,39,38,ref|NC_001146|,642046,642246
YMR013W-A,201,0,0.0,0.0,0,0,0,0,+,0,2,3,0,5,3,5,8,ref|NC_001145|,298211,298411
YOL166C,201,0,0.0,0.0,0,0,0,0,-,2,4,0,5,7,2,6,14,ref|NC_001147|,1438,1238
YPR052C,201,0,0.0,0.0,0,0,0,0,-,2,2,3,14,3,4,7,21,ref|NC_001148|,666138,665938
YOL123W,201,0,0.0,0.0,0,0,0,0,+,21,32,18,40,42,17,71,99,ref|NC_001147|,87364,87564
YOL124C,201,0,0.0,0.0,0,0,0,0,-,15,25,13,38,26,13,53,77,ref|NC_001147|,86904,86704
YPR055W,201,0,0.0,0.0,0,0,0,0,+,47,64,20,68,82,25,131,175,ref|NC_001148|,667576,667776
YPR057W,201,0,0.0,0.0,0,0,0,0,+,18,15,7,32,37,11,40,80,ref|NC_001148|,671890,672090
YNL024C-A,201,0,0.0,0.0,0,0,0,0,-,6,5,2,1,6,0,13,7,ref|NC_001146|,586920,586720
YML002W,201,0,0.0,0.0,0,0,0,0,+,32,42,21,50,46,26,95,122,ref|NC_001145|,264441,264641
YML003W,201,0,0.0,0.0,0,0,0,0,+,12,18,9,21,21,14,39,56,ref|NC_001145|,263383,263583
YML004C,201,0,0.0,0.0,0,0,0,0,-,13,21,5,28,27,8,39,63,ref|NC_001145|,262982,262782
YML005W,201,0,0.0,0.0,0,0,0,0,+,18,27,11,25,32,14,56,71,ref|NC_001145|,260114,260314
YPR059C,201,0,0.0,0.0,0,0,0,0,-,7,8,1,4,5,0,16,9,ref|NC_001148|,674800,674600
YOL128C,201,0,0.0,0.0,0,0,0,0,-,19,12,14,25,28,15,45,68,ref|NC_001147|,79943,79743
YPR061C,201,0,0.0,0.0,0,0,0,0,-,9,17,7,18,21,12,33,51,ref|NC_001148|,677053,676853
YPR062W,201,0,0.0,0.0,0,0,0,0,+,4,10,4,15,11,6,18,32,ref|NC_001148|,677036,677236
YML006C,201,0,0.0,0.0,0,0,0,0,-,35,62,13,55,51,34,110,140,ref|NC_001145|,258730,258530
YNL024C,201,0,0.0,0.0,0,0,0,0,-,13,11,6,19,17,8,30,44,ref|NC_001146|,588000,587800
YNL023C,201,0,0.0,0.0,0,0,0,0,-,23,50,20,64,53,31,93,148,ref|NC_001146|,591304,591104
YNL022C,201,0,0.0,0.0,0,0,0,0,-,18,21,9,45,38,14,48,97,ref|NC_001146|,593036,592836
YOL129W,201,0,0.0,0.0,0,0,0,0,+,11,13,6,11,10,2,30,23,ref|NC_001147|,77405,77605
YNL021W,201,0,0.0,0.0,0,0,0,0,+,27,37,15,59,55,14,79,128,ref|NC_001146|,593057,593257
YML009C,201,0,0.0,0.0,0,0,0,0,-,5,3,2,7,3,2,10,12,ref|NC_001145|,251665,251465
YNL019C,201,0,0.0,0.0,0,0,0,0,-,12,16,14,13,10,11,42,34,ref|NC_001146|,599330,599130
YML009C-A,201,0,0.0,0.0,0,0,0,0,-,8,4,4,4,7,3,16,14,ref|NC_001145|,251101,250901
YML009W-B,201,0,0.0,0.0,0,0,0,0,+,6,11,1,5,2,1,18,8,ref|NC_001145|,250335,250535
YMR087W,201,0,0.0,0.0,0,0,0,0,+,11,19,5,18,17,6,35,41,ref|NC_001145|,440655,440855
YML011C,201,0,0.0,0.0,0,0,0,0,-,6,7,4,16,20,6,17,42,ref|NC_001145|,247581,247381
YNL015W,201,0,0.0,0.0,0,0,0,0,+,3,9,4,9,6,4,16,19,ref|NC_001146|,605284,605484
YPR051W,201,0,0.0,0.0,0,0,0,0,+,4,4,3,16,12,4,11,32,ref|NC_001148|,664830,665030
YNL025C,201,0,0.0,0.0,0,0,0,0,-,17,22,7,18,13,9,46,40,ref|NC_001146|,585418,585218
YML001W,201,0,0.0,0.0,0,0,0,0,+,10,10,1,16,19,5,21,40,ref|NC_001145|,266841,267041
YOL107W,201,0,0.0,0.0,0,0,0,0,+,15,24,8,18,23,6,47,47,ref|NC_001147|,111945,112145
YOL101C,201,0,0.0,0.0,0,0,0,0,-,14,28,8,17,19,11,50,47,ref|NC_001147|,128083,127883
YMR013C-A,201,0,0.0,0.0,0,0,0,0,-,3,2,2,1,3,2,7,6,ref|NC_001145|,296720,296520
YPR019W,201,0,0.0,0.0,0,0,0,0,+,55,58,24,71,67,31,137,169,ref|NC_001148|,596650,596850
YPR021C,201,0,0.0,0.0,0,0,0,0,-,40,48,19,53,81,26,107,160,ref|NC_001148|,603457,603257
YPR022C,201,0,0.0,0.0,0,0,0,0,-,51,83,16,61,69,32,150,162,ref|NC_001148|,607412,607212
YOL103W-B,201,0,0.0,0.0,0,0,0,0,+,74,141,46,118,120,61,261,299,ref|NC_001147|,117900,118100
YPR023C,201,0,0.0,0.0,0,0,0,0,-,19,16,12,27,28,18,47,73,ref|NC_001148|,610143,609943
YOL103W-A,201,0,0.0,0.0,0,0,0,0,+,22,39,12,21,31,12,73,64,ref|NC_001147|,117900,118100
YNL040W,201,0,0.0,0.0,0,0,0,0,+,23,26,16,34,31,18,65,83,ref|NC_001146|,553256,553456
YOL104C,201,0,0.0,0.0,0,0,0,0,-,12,26,9,23,24,8,47,55,ref|NC_001147|,117554,117354
YOL106W,201,0,0.0,0.0,0,0,0,0,+,7,5,5,4,9,4,17,17,ref|NC_001147|,113126,113326
YPR032W,201,0,0.0,0.0,0,0,0,0,+,44,71,21,71,55,31,136,157,ref|NC_001148|,634023,634223
YOL108C,201,0,0.0,0.0,0,0,0,0,-,2,6,3,12,16,6,11,34,ref|NC_001147|,112040,111840
YOL118C,201,0,0.0,0.0,0,0,0,0,-,6,7,0,7,6,3,13,16,ref|NC_001147|,97016,96816
YMR007W,201,0,0.0,0.0,0,0,0,0,+,5,6,4,11,8,5,15,24,ref|NC_001145|,279842,280042
YNL034W,201,0,0.0,0.0,0,0,0,0,+,38,42,15,38,29,21,95,88,ref|NC_001146|,570377,570577
YMR005W,201,0,0.0,0.0,0,0,0,0,+,16,27,8,37,17,12,51,66,ref|NC_001145|,275874,276074
YPR037C,201,0,0.0,0.0,0,0,0,0,-,6,7,6,18,15,9,19,42,ref|NC_001148|,648502,648302
YOL114C,201,0,0.0,0.0,0,0,0,0,-,7,11,6,16,12,6,24,34,ref|NC_001147|,104376,104176
YPR040W,201,0,0.0,0.0,0,0,0,0,+,15,27,7,18,17,23,49,58,ref|NC_001148|,647175,647375
YPR041W,201,0,0.0,0.0,0,0,0,0,+,15,27,14,43,30,13,56,86,ref|NC_001148|,648497,648697
YOL116W,201,0,0.0,0.0,0,0,0,0,+,16,29,6,18,30,8,51,56,ref|NC_001147|,99578,99778
YPR044C,201,0,0.0,0.0,0,0,0,0,-,16,6,1,6,6,1,23,13,ref|NC_001148|,654977,654777
YNL028W,201,0,0.0,0.0,0,0,0,0,+,5,4,4,6,8,3,13,17,ref|NC_001146|,578579,578779
YPR046W,201,0,0.0,0.0,0,0,0,0,+,8,9,3,16,17,5,20,38,ref|NC_001148|,656293,656493
YPR047W,201,0,0.0,0.0,0,0,0,0,+,18,32,9,48,29,19,59,96,ref|NC_001148|,657369,657569
YPR069C,201,0,0.0,0.0,0,0,0,0,-,13,16,1,24,26,3,30,53,ref|NC_001148|,685795,685595
YPR070W,201,0,0.0,0.0,0,0,0,0,+,33,38,16,45,42,15,87,102,ref|NC_001148|,685523,685723
YPR071W,201,0,0.0,0.0,0,0,0,0,+,7,10,7,22,11,6,24,39,ref|NC_001148|,688045,688245
YOL160W,201,0,0.0,0.0,0,0,0,0,+,9,7,2,6,3,1,18,10,ref|NC_001147|,14213,14413
YPR100W,201,0,0.0,0.0,0,0,0,0,+,5,1,4,12,16,2,10,30,ref|NC_001148|,729663,729863
YOL154W,201,0,0.0,0.0,0,0,0,0,+,16,13,6,10,20,7,35,37,ref|NC_001147|,34283,34483
YOL155W-A,201,0,0.0,0.0,0,0,0,0,+,1,2,1,2,1,1,4,4,ref|NC_001147|,26984,27184
YML025C,201,0,0.0,0.0,0,0,0,0,-,14,11,8,28,21,8,33,57,ref|NC_001145|,225507,225307
YOL157C,201,0,0.0,0.0,0,0,0,0,-,24,31,17,43,51,29,72,123,ref|NC_001147|,24394,24194
YOL158C,201,0,0.0,0.0,0,0,0,0,-,42,37,22,29,24,9,101,62,ref|NC_001147|,21754,21554
YML026C,201,0,0.0,0.0,0,0,0,0,-,6,13,7,23,17,10,26,50,ref|NC_001145|,223950,223750
YPR106W,201,0,0.0,0.0,0,0,0,0,+,26,27,9,24,27,10,62,61,ref|NC_001148|,739949,740149
YML027W,201,0,0.0,0.0,0,0,0,0,+,28,29,18,28,22,14,75,64,ref|NC_001145|,221235,221435
YPR107C,201,0,0.0,0.0,0,0,0,0,-,9,9,4,18,17,7,22,42,ref|NC_001148|,742248,742048
YOL159C,201,0,0.0,0.0,0,0,0,0,-,11,9,1,9,15,3,21,27,ref|NC_001147|,17914,17714
YPR108W,201,0,0.0,0.0,0,0,0,0,+,21,17,12,33,35,9,50,77,ref|NC_001148|,742274,742474
YPR110C,201,0,0.0,0.0,0,0,0,0,-,7,18,10,21,33,10,35,64,ref|NC_001148|,746974,746774
YML023C,201,0,0.0,0.0,0,0,0,0,-,27,25,16,30,48,21,68,99,ref|NC_001145|,228819,228619
YOL161C,201,0,0.0,0.0,0,0,0,0,-,7,10,5,6,7,2,22,15,ref|NC_001147|,12011,11811
YNR003W-A,201,0,0.0,0.0,0,0,0,0,+,4,4,1,1,0,0,9,1,ref|NC_001146|,634320,634520
YPR113W,201,0,0.0,0.0,0,0,0,0,+,10,11,4,17,6,7,25,30,ref|NC_001148|,752132,752332
YML031C-A,201,0,0.0,0.0,0,0,0,0,-,9,7,6,4,6,1,22,11,ref|NC_001145|,214521,214321
YOL162W,201,0,0.0,0.0,0,0,0,0,+,14,11,6,12,6,5,31,23,ref|NC_001147|,10019,10219
YOL163W,201,0,0.0,0.0,0,0,0,0,+,10,13,5,14,12,2,28,28,ref|NC_001147|,9497,9697
YNR005C,201,0,0.0,0.0,0,0,0,0,-,16,8,2,6,5,0,26,11,ref|NC_001146|,637435,637235
YML034W,201,0,0.0,0.0,0,0,0,0,+,31,39,28,71,79,40,98,190,ref|NC_001145|,209299,209499
YOL164W,201,0,0.0,0.0,0,0,0,0,+,18,35,31,40,43,23,84,106,ref|NC_001147|,5824,6024
YOL164W-A,201,0,0.0,0.0,0,0,0,0,+,5,2,1,1,0,1,8,2,ref|NC_001147|,4030,4230
YOL165C,201,0,0.0,0.0,0,0,0,0,-,6,6,9,8,7,4,21,19,ref|NC_001147|,2178,1978
YPR114W,201,0,0.0,0.0,0,0,0,0,+,26,17,16,14,16,6,59,36,ref|NC_001148|,752707,752907
YOL153C,201,0,0.0,0.0,0,0,0,0,-,33,38,10,28,41,12,81,81,ref|NC_001147|,38667,38467
YOL152W,201,0,0.0,0.0,0,0,0,0,+,30,30,20,36,33,20,80,89,ref|NC_001147|,40648,40848
YNL013C,201,0,0.0,0.0,0,0,0,0,-,18,16,2,7,2,2,36,11,ref|NC_001146|,609610,609410
YPR084W,201,0,0.0,0.0,0,0,0,0,+,23,25,11,33,32,12,59,77,ref|NC_001148|,706757,706957
YPR072W,201,0,0.0,0.0,0,0,0,0,+,26,36,21,57,39,28,83,124,ref|NC_001148|,689900,690100
YPR073C,201,0,0.0,0.0,0,0,0,0,-,5,11,8,9,13,4,24,26,ref|NC_001148|,692566,692366
YNL012W,201,0,0.0,0.0,0,0,0,0,+,28,31,18,46,39,22,77,107,ref|NC_001146|,609586,609786
YNL011C,201,0,0.0,0.0,0,0,0,0,-,27,18,15,31,44,13,60,88,ref|NC_001146|,613304,613104
YNL010W,201,0,0.0,0.0,0,0,0,0,+,12,12,11,17,22,10,35,49,ref|NC_001146|,613487,613687
YPR077C,201,0,0.0,0.0,0,0,0,0,-,7,6,1,8,5,3,14,16,ref|NC_001148|,697602,697402
YOL133W,201,0,0.0,0.0,0,0,0,0,+,1,4,1,8,12,1,6,21,ref|NC_001147|,70141,70341
YML012C-A,201,0,0.0,0.0,0,0,0,0,-,9,9,8,7,5,8,26,20,ref|NC_001145|,246014,245814
YML013W,201,0,0.0,0.0,0,0,0,0,+,23,30,20,50,32,24,73,106,ref|NC_001145|,244020,244220
YPR078C,201,0,0.0,0.0,0,0,0,0,-,19,16,2,28,42,14,37,84,ref|NC_001148|,698365,698165
YNL008C,201,0,0.0,0.0,0,0,0,0,-,37,39,10,45,46,18,86,109,ref|NC_001146|,618361,618161
YOL138C,201,0,0.0,0.0,0,0,0,0,-,69,82,42,100,83,50,193,233,ref|NC_001147|,65450,65250
YML017W,201,0,0.0,0.0,0,0,0,0,+,32,44,17,45,42,22,93,109,ref|NC_001145|,236488,236688
YOL151W,201,0,0.0,0.0,0,0,0,0,+,21,15,10,25,19,11,46,55,ref|NC_001147|,43571,43771
YPR085C,201,0,0.0,0.0,0,0,0,0,-,9,28,15,31,39,19,52,89,ref|NC_001148|,710016,709816
YPR086W,201,0,0.0,0.0,0,0,0,0,+,14,12,6,29,32,6,32,67,ref|NC_001148|,709920,710120
YML019W,201,0,0.0,0.0,0,0,0,0,+,17,22,9,9,20,6,48,35,ref|NC_001145|,233309,233509
YPR088C,201,0,0.0,0.0,0,0,0,0,-,11,29,10,45,44,9,50,98,ref|NC_001148|,713161,712961
YNL004W,201,0,0.0,0.0,0,0,0,0,+,17,28,21,52,48,21,66,121,ref|NC_001146|,622788,622988
YOL145C,201,0,0.0,0.0,0,0,0,0,-,52,51,17,84,90,32,120,206,ref|NC_001147|,52888,52688
YNL003C,201,0,0.0,0.0,0,0,0,0,-,17,13,7,11,12,6,37,29,ref|NC_001146|,625961,625761
YPR089W,201,0,0.0,0.0,0,0,0,0,+,41,58,19,75,71,30,118,176,ref|NC_001148|,713136,713336
YNL001W,201,0,0.0,0.0,0,0,0,0,+,14,11,5,27,42,7,30,76,ref|NC_001146|,627293,627493
YPR096C,201,0,0.0,0.0,0,0,0,0,-,7,5,2,9,4,2,14,15,ref|NC_001148|,725244,725044
YOL150C,201,0,0.0,0.0,0,0,0,0,-,8,5,3,4,4,3,16,11,ref|NC_001147|,44884,44684
YPR097W,201,0,0.0,0.0,0,0,0,0,+,44,72,19,86,99,35,135,220,ref|NC_001148|,725060,725260
YPL076W,201,0,0.0,0.0,0,0,0,0,+,20,20,11,11,16,8,51,35,ref|NC_001148|,410184,410384
YPL159C,201,0,0.0,0.0,0,0,0,0,-,13,19,3,22,22,6,35,50,ref|NC_001148|,252016,251816
YPL077C,201,0,0.0,0.0,0,0,0,0,-,5,9,6,24,16,7,20,47,ref|NC_001148|,410218,410018
YOR315W,201,0,0.0,0.0,0,0,0,0,+,17,24,8,23,27,18,49,68,ref|NC_001147|,904503,904703
YMR294W-A,201,0,0.0,0.0,0,0,0,0,+,13,7,3,5,4,1,23,10,ref|NC_001145|,858109,858309
YMR294W,201,0,0.0,0.0,0,0,0,0,+,8,25,10,48,36,17,43,101,ref|NC_001145|,856839,857039
YOR307C,201,0,0.0,0.0,0,0,0,0,-,23,30,10,18,20,11,63,49,ref|NC_001147|,894389,894189
YMR293C,201,0,0.0,0.0,0,0,0,0,-,19,30,13,37,21,14,62,72,ref|NC_001145|,857025,856825
YOR109W,201,0,0.0,0.0,0,0,0,0,+,58,82,33,77,74,38,173,189,ref|NC_001147|,525178,525378
YOR108C-A,201,0,0.0,0.0,0,0,0,0,-,1,3,1,7,6,0,5,13,ref|NC_001147|,524914,524714
YOR311C,201,0,0.0,0.0,0,0,0,0,-,9,17,4,19,13,10,30,42,ref|NC_001147|,900263,900063
YOR313C,201,0,0.0,0.0,0,0,0,0,-,9,13,5,30,22,11,27,63,ref|NC_001147|,903505,903305
YMR290C,201,0,0.0,0.0,0,0,0,0,-,27,23,10,44,32,11,60,87,ref|NC_001145|,851765,851565
YNL222W,201,0,0.0,0.0,0,0,0,0,+,5,15,8,15,20,3,28,38,ref|NC_001146|,228957,229157
YMR287C,201,0,0.0,0.0,0,0,0,0,-,27,50,25,66,54,32,102,152,ref|NC_001145|,845520,845320
YOR314W-A,201,0,0.0,0.0,0,0,0,0,+,2,1,2,0,1,2,5,3,ref|NC_001147|,904358,904558
YMR284W,201,0,0.0,0.0,0,0,0,0,+,17,39,12,50,47,20,68,117,ref|NC_001145|,838061,838261
YOR316C-A,201,0,0.0,0.0,0,0,0,0,-,2,6,1,3,2,2,9,7,ref|NC_001147|,908035,907835
YOR110W,201,0,0.0,0.0,0,0,0,0,+,8,18,6,50,31,12,32,93,ref|NC_001147|,528764,528964
YNL221C,201,0,0.0,0.0,0,0,0,0,-,23,59,23,63,47,28,105,138,ref|NC_001146|,233853,233653
YOR319W,201,0,0.0,0.0,0,0,0,0,+,8,14,4,13,15,8,26,36,ref|NC_001147|,912248,912448
YMR283C,201,0,0.0,0.0,0,0,0,0,-,13,32,12,50,33,19,57,102,ref|NC_001145|,836967,836767
YNL218W,201,0,0.0,0.0,0,0,0,0,+,19,35,10,54,46,24,64,124,ref|NC_001146|,238129,238329
YOR103C,201,0,0.0,0.0,0,0,0,0,-,7,6,2,5,10,1,15,16,ref|NC_001147|,517544,517344
YOR102W,201,0,0.0,0.0,0,0,0,0,+,4,10,1,5,5,2,15,12,ref|NC_001147|,516323,516523
YNL216W,201,0,0.0,0.0,0,0,0,0,+,31,42,20,63,69,35,93,167,ref|NC_001146|,241469,241669
YOR325W,201,0,0.0,0.0,0,0,0,0,+,12,12,6,4,4,4,30,12,ref|NC_001147|,923828,924028
YNL215W,201,0,0.0,0.0,0,0,0,0,+,15,9,2,50,31,13,26,94,ref|NC_001146|,244276,244476
YOR327C,201,0,0.0,0.0,0,0,0,0,-,3,7,4,10,9,1,14,20,ref|NC_001147|,931315,931115
YMR275C,201,0,0.0,0.0,0,0,0,0,-,37,65,27,61,71,39,129,171,ref|NC_001145|,818732,818532
YOR330C,201,0,0.0,0.0,0,0,0,0,-,49,65,32,108,61,48,146,217,ref|NC_001147|,943485,943285
YMR274C,201,0,0.0,0.0,0,0,0,0,-,12,14,7,11,12,5,33,28,ref|NC_001145|,815499,815299
YNL224C,201,0,0.0,0.0,0,0,0,0,-,24,36,21,88,64,36,81,188,ref|NC_001146|,227435,227235
YOR305W,201,0,0.0,0.0,0,0,0,0,+,8,16,6,14,23,5,30,42,ref|NC_001147|,888859,889059
YMR231W,201,0,0.0,0.0,0,0,0,0,+,41,80,12,75,76,29,133,180,ref|NC_001145|,733393,733593
YOR293C-A,201,0,0.0,0.0,0,0,0,0,-,2,1,2,2,4,1,5,7,ref|NC_001147|,868247,868047
YMR309C,201,0,0.0,0.0,0,0,0,0,-,60,58,23,69,78,25,141,172,ref|NC_001145|,895602,895402
YOR287C,201,0,0.0,0.0,0,0,0,0,-,12,18,4,41,34,16,34,91,ref|NC_001147|,852025,851825
YOR288C,201,0,0.0,0.0,0,0,0,0,-,8,19,4,18,16,11,31,45,ref|NC_001147|,854166,853966
YNL247W,201,0,0.0,0.0,0,0,0,0,+,22,47,11,54,61,27,80,142,ref|NC_001146|,182742,182942
YMR307C-A,201,0,0.0,0.0,0,0,0,0,-,5,5,2,6,1,2,12,9,ref|NC_001145|,888025,887825
YOR289W,201,0,0.0,0.0,0,0,0,0,+,3,7,10,21,12,10,20,43,ref|NC_001147|,853226,853426
YOR290C,201,0,0.0,0.0,0,0,0,0,-,61,87,36,163,125,60,184,348,ref|NC_001147|,860358,860158
YOR124C,201,0,0.0,0.0,0,0,0,0,-,47,73,24,102,104,46,144,252,ref|NC_001147|,558865,558665
YOR123C,201,0,0.0,0.0,0,0,0,0,-,11,22,14,72,47,25,47,144,ref|NC_001147|,554769,554569
YOR120W,201,0,0.0,0.0,0,0,0,0,+,14,16,8,15,16,15,38,46,ref|NC_001147|,550387,550587
YMR304C-A,201,0,0.0,0.0,0,0,0,0,-,10,6,1,2,7,0,17,9,ref|NC_001145|,879230,879030
YOR119C,201,0,0.0,0.0,0,0,0,0,-,14,27,8,52,47,12,49,111,ref|NC_001147|,550391,550191
YMR304W,201,0,0.0,0.0,0,0,0,0,+,53,68,33,102,99,36,154,237,ref|NC_001145|,874887,875087
YNL237W,201,0,0.0,0.0,0,0,0,0,+,24,19,13,21,22,11,56,54,ref|NC_001146|,205033,205233
YMR296C,201,0,0.0,0.0,0,0,0,0,-,28,33,17,32,26,18,78,76,ref|NC_001145|,861207,861007
YNL236W,201,0,0.0,0.0,0,0,0,0,+,32,62,24,55,60,33,118,148,ref|NC_001146|,206783,206983
YOR296W,201,0,0.0,0.0,0,0,0,0,+,63,82,32,101,89,45,177,235,ref|NC_001147|,870102,870302
YNL235C,201,0,0.0,0.0,0,0,0,0,-,15,8,5,6,5,2,28,13,ref|NC_001146|,210079,209879
YNL234W,201,0,0.0,0.0,0,0,0,0,+,18,21,13,21,28,16,52,65,ref|NC_001146|,210100,210300
YMR301C,201,0,0.0,0.0,0,0,0,0,-,28,30,23,40,49,19,81,108,ref|NC_001145|,869808,869608
YOR116C,201,0,0.0,0.0,0,0,0,0,-,66,64,47,108,103,41,177,252,ref|NC_001147|,544479,544279
YMR299C,201,0,0.0,0.0,0,0,0,0,-,10,16,7,24,21,17,33,62,ref|NC_001145|,865474,865274
YNL230C,201,0,0.0,0.0,0,0,0,0,-,11,27,10,38,19,15,48,72,ref|NC_001146|,218825,218625
YOR113W,201,0,0.0,0.0,0,0,0,0,+,34,62,18,45,65,21,114,131,ref|NC_001147|,533975,534175
YOR112W,201,0,0.0,0.0,0,0,0,0,+,27,41,15,59,52,25,83,136,ref|NC_001147|,531332,531532
YOR304W,201,0,0.0,0.0,0,0,0,0,+,36,66,21,118,88,37,123,243,ref|NC_001147|,884372,884572
YNL227C,201,0,0.0,0.0,0,0,0,0,-,23,18,17,67,57,24,58,148,ref|NC_001146|,222619,222419
YNL226W,201,0,0.0,0.0,0,0,0,0,+,8,12,2,6,5,3,22,14,ref|NC_001146|,221994,222194
YOR331C,201,0,0.0,0.0,0,0,0,0,-,16,17,13,3,8,10,46,21,ref|NC_001147|,944222,944022
YNL213C,201,0,0.0,0.0,0,0,0,0,-,6,12,5,24,13,9,23,46,ref|NC_001146|,247292,247092
YMR272W-A,201,0,0.0,0.0,0,0,0,0,+,4,6,4,0,1,0,14,1,ref|NC_001145|,810366,810566
YMR243C,201,0,0.0,0.0,0,0,0,0,-,31,37,9,27,30,11,77,68,ref|NC_001145|,758428,758228
YOR075W,201,0,0.0,0.0,0,0,0,0,+,7,19,6,28,31,10,32,69,ref|NC_001147|,468066,468266
YOR073W-A,201,0,0.0,0.0,0,0,0,0,+,10,8,1,3,4,0,19,7,ref|NC_001147|,467290,467490
YOR074C,201,0,0.0,0.0,0,0,0,0,-,8,16,2,30,31,6,26,67,ref|NC_001147|,468088,467888
YMR247W-A,201,0,0.0,0.0,0,0,0,0,+,2,1,0,1,4,0,3,5,ref|NC_001145|,769183,769383
YNL197C,201,0,0.0,0.0,0,0,0,0,-,41,54,14,34,35,15,109,84,ref|NC_001146|,270057,269857
YMR247C,201,0,0.0,0.0,0,0,0,0,-,79,94,41,104,133,41,214,278,ref|NC_001145|,768139,767939
YNL196C,201,0,0.0,0.0,0,0,0,0,-,9,29,7,36,14,11,45,61,ref|NC_001146|,271271,271071
YOR370C,201,0,0.0,0.0,0,0,0,0,-,25,31,18,36,43,16,74,95,ref|NC_001147|,1032115,1031915
YMR245W,201,0,0.0,0.0,0,0,0,0,+,18,10,5,3,7,5,33,15,ref|NC_001145|,758463,758663
YNL195C,201,0,0.0,0.0,0,0,0,0,-,14,19,9,12,19,7,42,38,ref|NC_001146|,272408,272208
YOR371C,201,0,0.0,0.0,0,0,0,0,-,40,49,33,67,62,30,122,159,ref|NC_001147|,1034328,1034128
YOR070C,201,0,0.0,0.0,0,0,0,0,-,33,30,19,44,39,21,82,104,ref|NC_001147|,458065,457865
YMR244C-A,201,0,0.0,0.0,0,0,0,0,-,2,8,3,12,4,3,13,19,ref|NC_001145|,758931,758731
YOR376W-A,201,0,0.0,0.0,0,0,0,0,+,2,4,0,3,1,3,6,7,ref|NC_001147|,1045096,1045296
YOR333C,201,0,0.0,0.0,0,0,0,0,-,6,9,2,10,9,5,17,24,ref|NC_001147|,945141,944941
YMR242C,201,0,0.0,0.0,0,0,0,0,-,18,25,6,25,24,11,49,60,ref|NC_001145|,754583,754383
YOR378W,201,0,0.0,0.0,0,0,0,0,+,27,27,18,13,16,14,72,43,ref|NC_001147|,1049289,1049489
YNL192W,201,0,0.0,0.0,0,0,0,0,+,42,86,22,71,82,28,150,181,ref|NC_001146|,276402,276602
YOR064C,201,0,0.0,0.0,0,0,0,0,-,8,10,10,19,12,8,28,39,ref|NC_001147|,446896,446696
YOR381W-A,201,0,0.0,0.0,0,0,0,0,+,3,4,1,4,3,2,8,9,ref|NC_001147|,1058323,1058523
YOR383C,201,0,0.0,0.0,0,0,0,0,-,29,12,0,11,13,2,41,26,ref|NC_001147|,1062189,1061989
YOR384W,201,0,0.0,0.0,0,0,0,0,+,32,29,19,41,41,26,80,108,ref|NC_001147|,1061464,1061664
YNL188W,201,0,0.0,0.0,0,0,0,0,+,17,19,9,38,31,20,45,89,ref|NC_001146|,286071,286271
YOR385W,201,0,0.0,0.0,0,0,0,0,+,15,21,7,20,16,7,43,43,ref|NC_001147|,1064935,1065135
YMR236W,201,0,0.0,0.0,0,0,0,0,+,5,11,2,10,7,5,18,22,ref|NC_001145|,742851,743051
YMR234W,201,0,0.0,0.0,0,0,0,0,+,14,27,7,19,25,9,48,53,ref|NC_001145|,740074,740274
YOR388C,201,0,0.0,0.0,0,0,0,0,-,11,23,8,31,21,10,42,62,ref|NC_001147|,1073023,1072823
YOR060C,201,0,0.0,0.0,0,0,0,0,-,10,19,11,11,19,9,40,39,ref|NC_001147|,441290,441090
YOR076C,201,0,0.0,0.0,0,0,0,0,-,32,59,20,59,57,23,111,139,ref|NC_001147|,471733,471533
YOR365C,201,0,0.0,0.0,0,0,0,0,-,53,44,16,29,45,14,113,88,ref|NC_001147|,1025672,1025472
YOR364W,201,0,0.0,0.0,0,0,0,0,+,6,16,5,6,5,3,27,14,ref|NC_001147|,1023271,1023471
YMR252C,201,0,0.0,0.0,0,0,0,0,-,6,7,8,7,7,6,21,20,ref|NC_001145|,777248,777048
YMR272C,201,0,0.0,0.0,0,0,0,0,-,17,16,7,18,31,13,40,62,ref|NC_001145|,810988,810788
YMR270C,201,0,0.0,0.0,0,0,0,0,-,18,15,9,32,34,19,42,85,ref|NC_001145|,806664,806464
YMR269W,201,0,0.0,0.0,0,0,0,0,+,5,6,4,31,16,7,15,54,ref|NC_001145|,804114,804314
YMR268C,201,0,0.0,0.0,0,0,0,0,-,17,28,11,40,25,16,56,81,ref|NC_001145|,804364,804164
YOR335W-A,201,0,0.0,0.0,0,0,0,0,+,3,4,1,1,1,1,8,3,ref|NC_001147|,946468,946668
YMR267W,201,0,0.0,0.0,0,0,0,0,+,6,18,10,19,28,6,34,53,ref|NC_001145|,801608,801808
YMR266W,201,0,0.0,0.0,0,0,0,0,+,44,54,17,44,65,14,115,123,ref|NC_001145|,798418,798618
YNL210W,201,0,0.0,0.0,0,0,0,0,+,12,20,2,16,17,4,34,37,ref|NC_001146|,250831,251031
YOR339C,201,0,0.0,0.0,0,0,0,0,-,5,5,1,13,10,5,11,28,ref|NC_001147|,959660,959460
YOR341W,201,0,0.0,0.0,0,0,0,0,+,97,98,34,127,135,35,229,297,ref|NC_001147|,960887,961087
YOR342C,201,0,0.0,0.0,0,0,0,0,-,13,30,13,22,18,15,56,55,ref|NC_001147|,968021,967821
YOR094W,201,0,0.0,0.0,0,0,0,0,+,6,5,5,20,9,4,16,33,ref|NC_001147|,502597,502797
YOR343W-A,201,0,0.0,0.0,0,0,0,0,+,20,40,7,23,28,10,67,61,ref|NC_001147|,970478,970678
YOR343W-B,201,0,0.0,0.0,0,0,0,0,+,73,128,46,120,126,58,247,304,ref|NC_001147|,970478,970678
YOR345C,201,0,0.0,0.0,0,0,0,0,-,5,9,4,8,5,1,18,14,ref|NC_001147|,982262,982062
YMR259C,201,0,0.0,0.0,0,0,0,0,-,79,90,25,94,103,29,194,226,ref|NC_001145|,789042,788842
YOR346W,201,0,0.0,0.0,0,0,0,0,+,44,67,16,74,72,30,127,176,ref|NC_001147|,981532,981732
YOR350C,201,0,0.0,0.0,0,0,0,0,-,34,34,24,36,45,16,92,97,ref|NC_001147|,994955,994755
YOR093C,201,0,0.0,0.0,0,0,0,0,-,67,112,37,115,111,49,216,275,ref|NC_001147|,502552,502352
YNL208W,201,0,0.0,0.0,0,0,0,0,+,5,13,8,8,5,3,26,16,ref|NC_001146|,254173,254373
YNL206C,201,0,0.0,0.0,0,0,0,0,-,21,17,10,45,45,20,48,110,ref|NC_001146|,258292,258092
YNL204C,201,0,0.0,0.0,0,0,0,0,-,7,13,7,24,17,11,27,52,ref|NC_001146|,259377,259177
YNL203C,201,0,0.0,0.0,0,0,0,0,-,16,7,6,8,6,12,29,26,ref|NC_001146|,260150,259950
YMR254C,201,0,0.0,0.0,0,0,0,0,-,4,5,3,3,5,2,12,10,ref|NC_001145|,778023,777823
YOR086C,201,0,0.0,0.0,0,0,0,0,-,32,65,28,110,88,33,125,231,ref|NC_001147|,487056,486856
YOR362C,201,0,0.0,0.0,0,0,0,0,-,11,16,10,15,16,13,37,44,ref|NC_001147|,1019698,1019498
YNL201C,201,0,0.0,0.0,0,0,0,0,-,38,61,17,65,60,29,116,154,ref|NC_001146|,263303,263103
YMR310C,201,0,0.0,0.0,0,0,0,0,-,16,32,15,16,10,11,63,37,ref|NC_001145|,896806,896606
YOR286W,201,0,0.0,0.0,0,0,0,0,+,8,4,4,8,7,9,16,24,ref|NC_001147|,850144,850344
YMR312W,201,0,0.0,0.0,0,0,0,0,+,13,23,12,12,14,8,48,34,ref|NC_001145|,898281,898481
YOR217W,201,0,0.0,0.0,0,0,0,0,+,38,49,18,78,58,22,105,158,ref|NC_001147|,749109,749309
YNL303W,201,0,0.0,0.0,0,0,0,0,+,5,7,4,4,6,2,16,12,ref|NC_001146|,61410,61610
YOR207C,201,0,0.0,0.0,0,0,0,0,-,49,62,27,102,98,26,138,226,ref|NC_001147|,733622,733422
YOR208W,201,0,0.0,0.0,0,0,0,0,+,40,53,16,44,47,23,109,114,ref|NC_001147|,733825,734025
YNL271C,201,0,0.0,0.0,0,0,0,0,-,103,106,48,175,141,61,257,377,ref|NC_001146|,135483,135283
YOR211C,201,0,0.0,0.0,0,0,0,0,-,40,53,16,69,62,24,109,155,ref|NC_001147|,741876,741676
YNL307C,201,0,0.0,0.0,0,0,0,0,-,23,18,13,26,21,16,54,63,ref|NC_001146|,57836,57636
YOR161W-B,201,0,0.0,0.0,0,0,0,0,+,0,3,3,5,6,2,6,13,ref|NC_001147|,637875,638075
YNL309W,201,0,0.0,0.0,0,0,0,0,+,23,33,5,22,19,17,61,58,ref|NC_001146|,52497,52697
YOR160W,201,0,0.0,0.0,0,0,0,0,+,42,65,26,72,72,32,133,176,ref|NC_001147|,633640,633840
YOR159C,201,0,0.0,0.0,0,0,0,0,-,1,5,4,5,8,6,10,19,ref|NC_001147|,633737,633537
YOR214C,201,0,0.0,0.0,0,0,0,0,-,15,12,3,14,12,10,30,36,ref|NC_001147|,746403,746203
YOR158W,201,0,0.0,0.0,0,0,0,0,+,13,15,7,23,20,9,35,52,ref|NC_001147|,631993,632193
YOR216C,201,0,0.0,0.0,0,0,0,0,-,23,19,7,69,54,12,49,135,ref|NC_001147|,749139,748939
YOR218C,201,0,0.0,0.0,0,0,0,0,-,15,10,5,2,6,4,30,12,ref|NC_001147|,751995,751795
YNL262W,201,0,0.0,0.0,0,0,0,0,+,94,123,41,168,174,59,258,401,ref|NC_001146|,148112,148312
YNL266W,201,0,0.0,0.0,0,0,0,0,+,21,12,8,4,6,6,41,16,ref|NC_001146|,144145,144345
YNL316C,201,0,0.0,0.0,0,0,0,0,-,13,20,3,26,21,9,36,56,ref|NC_001146|,43231,43031
YNL317W,201,0,0.0,0.0,0,0,0,0,+,14,27,15,40,34,17,56,91,ref|NC_001146|,40489,40689
YNL318C,201,0,0.0,0.0,0,0,0,0,-,22,31,9,21,31,12,62,64,ref|NC_001146|,40429,40229
YOR221C,201,0,0.0,0.0,0,0,0,0,-,19,21,7,29,21,7,47,57,ref|NC_001147|,757777,757577
YOR224C,201,0,0.0,0.0,0,0,0,0,-,12,3,8,10,14,4,23,28,ref|NC_001147|,761401,761201
YOR225W,201,0,0.0,0.0,0,0,0,0,+,9,5,2,5,8,1,16,14,ref|NC_001147|,761292,761492
YNL264C,201,0,0.0,0.0,0,0,0,0,-,20,15,2,30,32,11,37,73,ref|NC_001146|,146744,146544
YOR226C,201,0,0.0,0.0,0,0,0,0,-,3,6,9,9,9,3,18,21,ref|NC_001147|,762486,762286
YNL263C,201,0,0.0,0.0,0,0,0,0,-,16,19,9,12,18,11,44,41,ref|NC_001146|,148083,147883
YOR228C,201,0,0.0,0.0,0,0,0,0,-,15,10,13,20,18,10,38,48,ref|NC_001147|,768149,767949
YOR229W,201,0,0.0,0.0,0,0,0,0,+,20,28,10,33,18,43,58,94,ref|NC_001147|,768221,768421
YNL320W,201,0,0.0,0.0,0,0,0,0,+,13,18,12,14,14,9,43,37,ref|NC_001146|,37446,37646
YOR206W,201,0,0.0,0.0,0,0,0,0,+,35,37,16,59,49,21,88,129,ref|NC_001147|,727374,727574
YOR204W,201,0,0.0,0.0,0,0,0,0,+,36,29,19,45,36,19,84,100,ref|NC_001147|,722792,722992
YOR199W,201,0,0.0,0.0,0,0,0,0,+,1,4,6,6,3,4,11,13,ref|NC_001147|,720081,720281
YNL302C,201,0,0.0,0.0,0,0,0,0,-,15,17,4,29,24,10,36,63,ref|NC_001146|,63247,63047
YNL284C-B,201,0,0.0,0.0,0,0,0,0,-,77,142,43,122,108,62,262,292,ref|NC_001146|,102332,102132
YNL289W,201,0,0.0,0.0,0,0,0,0,+,19,18,7,20,16,11,44,47,ref|NC_001146|,87714,87914
YOR180C,201,0,0.0,0.0,0,0,0,0,-,16,15,8,11,14,9,39,34,ref|NC_001147|,675768,675568
YNL284C-A,201,0,0.0,0.0,0,0,0,0,-,28,46,7,25,30,11,81,66,ref|NC_001146|,102332,102132
YOR174W,201,0,0.0,0.0,0,0,0,0,+,16,11,6,38,24,12,33,74,ref|NC_001147|,658359,658559
YNL290W,201,0,0.0,0.0,0,0,0,0,+,14,10,10,31,25,19,34,75,ref|NC_001146|,86114,86314
YNL291C,201,0,0.0,0.0,0,0,0,0,-,30,33,8,27,35,17,71,79,ref|NC_001146|,86149,85949
YOR172W,201,0,0.0,0.0,0,0,0,0,+,22,42,21,60,51,27,85,138,ref|NC_001147|,654050,654250
YOR170W,201,0,0.0,0.0,0,0,0,0,+,7,3,3,1,6,3,13,10,ref|NC_001147|,651758,651958
YOR169C,201,0,0.0,0.0,0,0,0,0,-,13,15,1,9,8,4,29,21,ref|NC_001147|,651940,651740
YNL279W,201,0,0.0,0.0,0,0,0,0,+,25,37,14,36,51,16,76,103,ref|NC_001146|,110817,111017
YOR166C,201,0,0.0,0.0,0,0,0,0,-,18,29,13,41,37,22,60,100,ref|NC_001147|,648657,648457
YOR191W,201,0,0.0,0.0,0,0,0,0,+,70,92,41,148,115,64,203,327,ref|NC_001147|,692375,692575
YOR192C-C,201,0,0.0,0.0,0,0,0,0,-,3,6,0,4,7,1,9,12,ref|NC_001147|,704324,704124
YOR192C-B,201,0,0.0,0.0,0,0,0,0,-,74,129,46,118,122,62,249,302,ref|NC_001147|,709832,709632
YNL297C,201,0,0.0,0.0,0,0,0,0,-,86,101,43,113,118,61,230,292,ref|NC_001146|,76683,76483
YOR192C-A,201,0,0.0,0.0,0,0,0,0,-,21,42,7,22,28,9,70,59,ref|NC_001147|,709832,709632
YNL276C,201,0,0.0,0.0,0,0,0,0,-,10,11,8,5,5,2,29,12,ref|NC_001146|,118998,118798
YNL275W,201,0,0.0,0.0,0,0,0,0,+,24,35,13,29,32,18,72,79,ref|NC_001146|,118914,119114
YNL298W,201,0,0.0,0.0,0,0,0,0,+,28,64,15,51,44,23,107,118,ref|NC_001146|,68626,68826
YNL274C,201,0,0.0,0.0,0,0,0,0,-,11,8,8,28,32,8,27,68,ref|NC_001146|,122337,122137
YNL300W,201,0,0.0,0.0,0,0,0,0,+,7,4,1,3,4,0,12,7,ref|NC_001146|,64931,65131
YOR193W,201,0,0.0,0.0,0,0,0,0,+,8,17,9,24,27,14,34,65,ref|NC_001147|,710277,710477
YNL301C,201,0,0.0,0.0,0,0,0,0,-,24,19,10,33,13,9,53,55,ref|NC_001146|,64936,64736
YOR194C,201,0,0.0,0.0,0,0,0,0,-,7,13,6,30,19,14,26,63,ref|NC_001147|,712720,712520
YOR196C,201,0,0.0,0.0,0,0,0,0,-,14,17,10,39,31,10,41,80,ref|NC_001147|,716961,716761
YOR197W,201,0,0.0,0.0,0,0,0,0,+,14,35,8,19,20,9,57,48,ref|NC_001147|,716970,717170
YOR153W,201,0,0.0,0.0,0,0,0,0,+,100,85,32,90,85,37,217,212,ref|NC_001147|,619740,619940
YOR232W,201,0,0.0,0.0,0,0,0,0,+,4,13,3,33,20,4,20,57,ref|NC_001147|,774410,774610
YMR313C,201,0,0.0,0.0,0,0,0,0,-,22,40,8,35,39,16,70,90,ref|NC_001145|,901454,901254
YMR316C-B,201,0,0.0,0.0,0,0,0,0,-,3,1,5,8,8,5,9,21,ref|NC_001145|,907729,907529
YMR326C,201,0,0.0,0.0,0,0,0,0,-,7,8,0,1,2,0,15,3,ref|NC_001145|,923902,923702
YOR254C,201,0,0.0,0.0,0,0,0,0,-,30,35,12,54,57,17,77,128,ref|NC_001147|,807167,806967
YOR142W-B,201,0,0.0,0.0,0,0,0,0,+,73,136,49,111,117,63,258,291,ref|NC_001147|,595012,595212
YOR256C,201,0,0.0,0.0,0,0,0,0,-,43,48,21,54,65,24,112,143,ref|NC_001147|,810955,810755
YOR142W-A,201,0,0.0,0.0,0,0,0,0,+,22,39,13,19,30,15,74,64,ref|NC_001147|,595012,595212
YMR324C,201,0,0.0,0.0,0,0,0,0,-,6,2,2,6,5,4,10,15,ref|NC_001145|,922544,922344
YOR258W,201,0,0.0,0.0,0,0,0,0,+,4,11,4,17,20,9,19,46,ref|NC_001147|,811553,811753
YOR260W,201,0,0.0,0.0,0,0,0,0,+,24,46,20,38,44,24,90,106,ref|NC_001147|,813824,814024
YOR261C,201,0,0.0,0.0,0,0,0,0,-,11,19,3,32,36,7,33,75,ref|NC_001147|,817124,816924
YMR321C,201,0,0.0,0.0,0,0,0,0,-,5,7,1,6,6,3,13,15,ref|NC_001145|,917996,917796
YOR263C,201,0,0.0,0.0,0,0,0,0,-,15,19,1,5,4,1,35,10,ref|NC_001147|,819264,819064
YMR319C,201,0,0.0,0.0,0,0,0,0,-,18,26,15,38,43,16,59,97,ref|NC_001145|,914757,914557
YOR133W,201,0,0.0,0.0,0,0,0,0,+,45,50,30,64,67,33,125,164,ref|NC_001147|,574923,575123
YOR267C,201,0,0.0,0.0,0,0,0,0,-,33,50,13,49,53,22,96,124,ref|NC_001147|,825146,824946
YOR233W,201,0,0.0,0.0,0,0,0,0,+,30,48,28,67,36,39,106,142,ref|NC_001147|,775568,775768
YMR315W-A,201,0,0.0,0.0,0,0,0,0,+,2,2,1,2,1,1,5,4,ref|NC_001145|,904186,904386
YOR268C,201,0,0.0,0.0,0,0,0,0,-,8,2,4,2,3,1,14,6,ref|NC_001147|,826032,825832
YOR269W,201,0,0.0,0.0,0,0,0,0,+,25,36,10,37,24,17,71,78,ref|NC_001147|,826174,826374
YNL252C,201,0,0.0,0.0,0,0,0,0,-,10,9,4,25,24,7,23,56,ref|NC_001146|,172406,172206
YOR277C,201,0,0.0,0.0,0,0,0,0,-,15,5,4,3,5,0,24,8,ref|NC_001147|,841923,841723
YNL250W,201,0,0.0,0.0,0,0,0,0,+,49,97,23,136,135,36,169,307,ref|NC_001146|,175310,175510
YOR279C,201,0,0.0,0.0,0,0,0,0,-,12,22,6,38,24,8,40,70,ref|NC_001147|,844853,844653
YOR282W,201,0,0.0,0.0,0,0,0,0,+,14,9,6,2,3,4,29,9,ref|NC_001147|,846900,847100
YOR129C,201,0,0.0,0.0,0,0,0,0,-,42,63,19,61,49,32,124,142,ref|NC_001147|,569736,569536
YOR284W,201,0,0.0,0.0,0,0,0,0,+,6,14,6,19,12,11,26,42,ref|NC_001147|,848331,848531
YMR314W,201,0,0.0,0.0,0,0,0,0,+,8,15,7,20,8,9,30,37,ref|NC_001145|,901520,901720
YOR128C,201,0,0.0,0.0,0,0,0,0,-,25,30,10,42,30,13,65,85,ref|NC_001147|,566326,566126
YNL249C,201,0,0.0,0.0,0,0,0,0,-,31,36,13,27,39,18,80,84,ref|NC_001146|,181144,180944
YNL257C,201,0,0.0,0.0,0,0,0,0,-,54,74,31,93,91,40,159,224,ref|NC_001146|,164420,164220
YNL258C,201,0,0.0,0.0,0,0,0,0,-,30,29,12,67,61,29,71,157,ref|NC_001146|,160500,160300
YOR143C,201,0,0.0,0.0,0,0,0,0,-,11,21,5,18,26,11,37,55,ref|NC_001147|,602516,602316
YNL259C,201,0,0.0,0.0,0,0,0,0,-,2,4,2,9,4,2,8,15,ref|NC_001146|,159189,158989
YNL324W,201,0,0.0,0.0,0,0,0,0,+,11,8,2,10,3,2,21,15,ref|NC_001146|,30950,31150
YNL325C,201,0,0.0,0.0,0,0,0,0,-,38,42,17,66,70,29,97,165,ref|NC_001146|,31505,31305
YOR152C,201,0,0.0,0.0,0,0,0,0,-,22,16,5,13,18,7,43,38,ref|NC_001147|,618986,618786
YNL327W,201,0,0.0,0.0,0,0,0,0,+,73,86,22,39,40,22,181,101,ref|NC_001146|,23911,24111
YOR151C,201,0,0.0,0.0,0,0,0,0,-,47,76,36,111,95,28,159,234,ref|NC_001147|,617060,616860
YNL329C,201,0,0.0,0.0,0,0,0,0,-,49,68,27,64,64,28,144,156,ref|NC_001146|,22733,22533
YNL330C,201,0,0.0,0.0,0,0,0,0,-,17,13,9,26,38,16,39,80,ref|NC_001146|,19441,19241
YOR237W,201,0,0.0,0.0,0,0,0,0,+,22,29,11,36,35,8,62,79,ref|NC_001147|,781894,782094
YNL332W,201,0,0.0,0.0,0,0,0,0,+,21,17,11,32,25,14,49,71,ref|NC_001146|,14732,14932
YOR238W,201,0,0.0,0.0,0,0,0,0,+,10,23,10,19,23,9,43,51,ref|NC_001147|,783548,783748
YNL334C,201,0,0.0,0.0,0,0,0,0,-,9,15,6,15,12,10,30,37,ref|NC_001146|,12976,12776
YNL335W,201,0,0.0,0.0,0,0,0,0,+,5,16,5,15,13,6,26,34,ref|NC_001146|,11352,11552
YOR239W,201,0,0.0,0.0,0,0,0,0,+,26,33,9,66,59,25,68,150,ref|NC_001147|,784694,784894
YNL337W,201,0,0.0,0.0,0,0,0,0,+,6,6,1,0,0,1,13,1,ref|NC_001146|,7065,7265
YOR146W,201,0,0.0,0.0,0,0,0,0,+,10,9,8,2,3,3,27,8,ref|NC_001147|,605693,605893
YOR242C,201,0,0.0,0.0,0,0,0,0,-,21,29,6,45,19,12,56,76,ref|NC_001147|,789957,789757
YOR243C,201,0,0.0,0.0,0,0,0,0,-,25,36,17,77,49,12,78,138,ref|NC_001147|,792358,792158
YOR244W,201,0,0.0,0.0,0,0,0,0,+,17,16,10,45,33,19,43,97,ref|NC_001147|,792373,792573
YOR245C,201,0,0.0,0.0,0,0,0,0,-,20,21,10,27,16,12,51,55,ref|NC_001147|,795660,795460
YNL338W,201,0,0.0,0.0,0,0,0,0,+,2,1,0,0,1,0,3,1,ref|NC_001146|,6461,6661
YNL339W-A,201,0,0.0,0.0,0,0,0,0,+,4,7,8,1,7,0,19,8,ref|NC_001146|,1417,1617
YNL339W-B,201,0,0.0,0.0,0,0,0,0,+,17,5,9,4,6,4,31,14,ref|NC_001146|,634,834
YOR144C,201,0,0.0,0.0,0,0,0,0,-,34,47,21,62,88,29,102,179,ref|NC_001147|,605192,604992
YOR246C,201,0,0.0,0.0,0,0,0,0,-,16,18,15,23,12,18,49,53,ref|NC_001147|,796959,796759
YNL339C,201,0,0.0,0.0,0,0,0,0,-,76,86,52,118,123,99,214,340,ref|NC_001146|,6198,5998
YOR249C,201,0,0.0,0.0,0,0,0,0,-,33,46,9,56,50,23,88,129,ref|NC_001147|,800875,800675
YOR250C,201,0,0.0,0.0,0,0,0,0,-,14,23,11,28,34,12,48,74,ref|NC_001147|,802451,802251
YMR232W,201,0,0.0,0.0,0,0,0,0,+,25,40,13,57,49,29,78,135,ref|NC_001145|,736826,737026
YOR058C,201,0,0.0,0.0,0,0,0,0,-,36,53,16,95,48,28,105,171,ref|NC_001147|,436580,436380
YMR089C,201,0,0.0,0.0,0,0,0,0,-,23,35,16,81,62,26,74,169,ref|NC_001145|,448387,448187
YPL148C,201,0,0.0,0.0,0,0,0,0,-,7,9,5,10,11,7,21,28,ref|NC_001148|,273052,272852
YPL162C,201,0,0.0,0.0,0,0,0,0,-,17,13,6,12,23,7,36,42,ref|NC_001148|,244185,243985
YMR139W,201,0,0.0,0.0,0,0,0,0,+,17,24,8,26,26,13,49,65,ref|NC_001145|,545085,545285
YMR138W,201,0,0.0,0.0,0,0,0,0,+,6,9,6,13,14,11,21,38,ref|NC_001145|,545055,545255
YPL155C,201,0,0.0,0.0,0,0,0,0,-,20,45,27,50,55,29,92,134,ref|NC_001148|,259477,259277
YPL154C,201,0,0.0,0.0,0,0,0,0,-,15,26,9,13,26,19,50,58,ref|NC_001148|,261307,261107
YOL012C,201,0,0.0,0.0,0,0,0,0,-,6,9,1,8,9,2,16,19,ref|NC_001147|,304906,304706
YOL013C,201,0,0.0,0.0,0,0,0,0,-,28,33,6,35,40,20,67,95,ref|NC_001147|,303286,303086
YOL013W-A,201,0,0.0,0.0,0,0,0,0,+,5,4,4,4,6,2,13,12,ref|NC_001147|,300947,301147
YMR132C,201,0,0.0,0.0,0,0,0,0,-,7,10,2,19,18,7,19,44,ref|NC_001145|,535757,535557
YPL152W-A,201,0,0.0,0.0,0,0,0,0,+,3,3,0,2,2,1,6,5,ref|NC_001148|,264502,264702
YPL150W,201,0,0.0,0.0,0,0,0,0,+,42,60,27,65,56,35,129,156,ref|NC_001148|,268088,268288
YPL149W,201,0,0.0,0.0,0,0,0,0,+,13,24,7,10,22,13,44,45,ref|NC_001148|,271133,271333
YNL122C,201,0,0.0,0.0,0,0,0,0,-,4,10,0,6,4,1,14,11,ref|NC_001146|,398470,398270
YMR130W,201,0,0.0,0.0,0,0,0,0,+,12,14,12,16,24,15,38,55,ref|NC_001145|,531926,532126
YMR142C,201,0,0.0,0.0,0,0,0,0,-,7,18,2,46,29,5,27,80,ref|NC_001145|,553008,552808
YNL120C,201,0,0.0,0.0,0,0,0,0,-,7,11,7,7,12,4,25,23,ref|NC_001146|,401618,401418
YNL119W,201,0,0.0,0.0,0,0,0,0,+,18,40,13,26,36,19,71,81,ref|NC_001146|,400860,401060
YMR128W,201,0,0.0,0.0,0,0,0,0,+,33,68,20,143,94,39,121,276,ref|NC_001145|,523596,523796
YNL117W,201,0,0.0,0.0,0,0,0,0,+,23,38,8,40,40,11,69,91,ref|NC_001146|,406258,406458
YNL116W,201,0,0.0,0.0,0,0,0,0,+,25,37,19,26,28,12,81,66,ref|NC_001146|,408180,408380
YOL015W,201,0,0.0,0.0,0,0,0,0,+,23,39,11,46,32,23,73,101,ref|NC_001147|,296978,297178
YPL142C,201,0,0.0,0.0,0,0,0,0,-,12,2,1,9,6,4,15,19,ref|NC_001148|,283103,282903
YPL141C,201,0,0.0,0.0,0,0,0,0,-,45,70,10,68,47,21,125,136,ref|NC_001148|,286161,285961
YPL140C,201,0,0.0,0.0,0,0,0,0,-,24,27,5,41,22,17,56,80,ref|NC_001148|,289363,289163
YMR126C,201,0,0.0,0.0,0,0,0,0,-,16,22,9,30,20,8,47,58,ref|NC_001145|,522156,521956
YOL017W,201,0,0.0,0.0,0,0,0,0,+,29,48,12,58,68,31,89,157,ref|NC_001147|,292342,292542
YMR125W,201,0,0.0,0.0,0,0,0,0,+,34,49,21,79,71,23,104,173,ref|NC_001145|,517350,517550
YNL113W,201,0,0.0,0.0,0,0,0,0,+,6,8,3,18,12,4,17,34,ref|NC_001146|,409508,409708
YOL009C,201,0,0.0,0.0,0,0,0,0,-,11,10,4,19,27,9,25,55,ref|NC_001147|,310306,310106
YOL008W,201,0,0.0,0.0,0,0,0,0,+,11,12,4,13,12,7,27,32,ref|NC_001147|,310173,310373
YOR393W,201,0,0.0,0.0,0,0,0,0,+,13,28,18,33,26,24,59,83,ref|NC_001147|,1080176,1080376
YPL175W,201,0,0.0,0.0,0,0,0,0,+,31,28,15,33,25,18,74,76,ref|NC_001148|,218509,218709
YPL185W,201,0,0.0,0.0,0,0,0,0,+,7,8,0,6,4,2,15,12,ref|NC_001148|,195114,195314
YPL184C,201,0,0.0,0.0,0,0,0,0,-,23,36,17,32,38,17,76,87,ref|NC_001148|,198560,198360
YMR158W-B,201,0,0.0,0.0,0,0,0,0,+,13,12,6,3,2,1,31,6,ref|NC_001145|,574371,574571
YMR158C-A,201,0,0.0,0.0,0,0,0,0,-,1,4,0,3,7,1,5,11,ref|NC_001145|,573431,573231
YMR158W,201,0,0.0,0.0,0,0,0,0,+,5,6,6,15,6,6,17,27,ref|NC_001145|,571908,572108
YPL182C,201,0,0.0,0.0,0,0,0,0,-,14,2,7,1,6,5,23,12,ref|NC_001148|,203789,203589
YMR157C,201,0,0.0,0.0,0,0,0,0,-,11,18,6,22,23,13,35,58,ref|NC_001145|,572190,571990
YMR156C,201,0,0.0,0.0,0,0,0,0,-,7,17,3,8,17,6,27,31,ref|NC_001145|,571315,571115
YPL180W,201,0,0.0,0.0,0,0,0,0,+,37,56,17,65,63,31,110,159,ref|NC_001148|,205098,205298
YNL136W,201,0,0.0,0.0,0,0,0,0,+,12,10,5,55,43,18,27,116,ref|NC_001146|,370211,370411
YPL176C,201,0,0.0,0.0,0,0,0,0,-,28,43,31,50,48,32,102,130,ref|NC_001148|,218497,218297
YMR155W,201,0,0.0,0.0,0,0,0,0,+,31,42,14,28,21,14,87,63,ref|NC_001145|,565566,565766
YMR154C,201,0,0.0,0.0,0,0,0,0,-,32,52,14,46,52,18,98,116,ref|NC_001145|,568303,568103
YOL003C,201,0,0.0,0.0,0,0,0,0,-,17,26,7,18,21,11,50,50,ref|NC_001147|,323115,322915
YOL007C,201,0,0.0,0.0,0,0,0,0,-,27,31,3,15,17,10,61,42,ref|NC_001147|,312555,312355
YMR152W,201,0,0.0,0.0,0,0,0,0,+,10,24,7,21,28,14,41,63,ref|NC_001145|,562982,563182
YOL004W,201,0,0.0,0.0,0,0,0,0,+,68,86,45,112,98,58,199,268,ref|NC_001147|,316838,317038
YPL172C,201,0,0.0,0.0,0,0,0,0,-,22,21,11,22,21,14,54,57,ref|NC_001148|,225979,225779
YPL171C,201,0,0.0,0.0,0,0,0,0,-,17,17,15,29,25,15,49,69,ref|NC_001148|,227502,227302
YMR150C,201,0,0.0,0.0,0,0,0,0,-,7,12,4,10,14,6,23,30,ref|NC_001145|,562628,562428
YMR148W,201,0,0.0,0.0,0,0,0,0,+,9,8,4,4,4,4,21,12,ref|NC_001145|,559382,559582
YNL130C,201,0,0.0,0.0,0,0,0,0,-,26,21,9,9,23,7,56,39,ref|NC_001146|,381312,381112
YNL130C-A,201,0,0.0,0.0,0,0,0,0,-,3,4,2,2,1,2,9,5,ref|NC_001146|,381491,381291
YNL129W,201,0,0.0,0.0,0,0,0,0,+,6,9,5,18,22,9,20,49,ref|NC_001146|,381243,381443
YNL128W,201,0,0.0,0.0,0,0,0,0,+,13,24,9,39,33,14,46,86,ref|NC_001146|,382259,382459
YMR144W,201,0,0.0,0.0,0,0,0,0,+,15,21,10,24,25,14,46,63,ref|NC_001145|,553154,553354
YPL165C,201,0,0.0,0.0,0,0,0,0,-,20,22,5,21,22,11,47,54,ref|NC_001148|,239221,239021
YMR141W-A,201,0,0.0,0.0,0,0,0,0,+,7,4,1,2,4,0,12,6,ref|NC_001145|,550811,551011
YMR124W,201,0,0.0,0.0,0,0,0,0,+,36,68,20,68,78,28,124,174,ref|NC_001145|,514356,514556
YPL138C,201,0,0.0,0.0,0,0,0,0,-,10,14,5,31,23,10,29,64,ref|NC_001148|,292731,292531
YOL018C,201,0,0.0,0.0,0,0,0,0,-,15,18,6,44,46,11,39,101,ref|NC_001147|,292244,292044
YNL091W,201,0,0.0,0.0,0,0,0,0,+,47,74,28,131,81,47,149,259,ref|NC_001146|,452167,452367
YMR103C,201,0,0.0,0.0,0,0,0,0,-,10,6,4,5,3,5,20,13,ref|NC_001145|,474420,474220
YMR102C,201,0,0.0,0.0,0,0,0,0,-,42,50,27,57,48,36,119,141,ref|NC_001145|,472790,472590
YOL038C-A,201,0,0.0,0.0,0,0,0,0,-,0,2,0,1,2,0,2,3,ref|NC_001147|,255121,254921
YPL099C,201,0,0.0,0.0,0,0,0,0,-,8,12,1,20,12,3,21,35,ref|NC_001148|,364194,363994
YPL098C,201,0,0.0,0.0,0,0,0,0,-,3,4,5,3,7,1,12,11,ref|NC_001148|,365113,364913
YPL096C-A,201,0,0.0,0.0,0,0,0,0,-,3,1,2,2,6,1,6,9,ref|NC_001148|,366835,366635
YPL096W,201,0,0.0,0.0,0,0,0,0,+,13,25,13,34,18,12,51,64,ref|NC_001148|,366811,367011
YPL095C,201,0,0.0,0.0,0,0,0,0,-,24,24,14,28,27,12,62,67,ref|NC_001148|,369574,369374
YOL039W,201,0,0.0,0.0,0,0,0,0,+,4,0,5,8,8,8,9,24,ref|NC_001147|,252963,253163
YNL093W,201,0,0.0,0.0,0,0,0,0,+,8,10,8,16,14,12,26,42,ref|NC_001146|,449768,449968
YOL041C,201,0,0.0,0.0,0,0,0,0,-,15,27,6,63,36,15,48,114,ref|NC_001147|,252805,252605
YOL042W,201,0,0.0,0.0,0,0,0,0,+,15,24,7,28,22,7,46,57,ref|NC_001147|,249498,249698
YPL092W,201,0,0.0,0.0,0,0,0,0,+,27,26,13,23,20,13,66,56,ref|NC_001148|,373561,373761
YMR098C,201,0,0.0,0.0,0,0,0,0,-,26,41,12,47,34,13,79,94,ref|NC_001145|,462814,462614
YMR122W-A,201,0,0.0,0.0,0,0,0,0,+,4,4,3,2,0,1,11,3,ref|NC_001145|,511215,511415
YNL090W,201,0,0.0,0.0,0,0,0,0,+,6,5,2,14,18,5,13,37,ref|NC_001146|,456292,456492
YPL088W,201,0,0.0,0.0,0,0,0,0,+,14,15,13,32,27,13,42,72,ref|NC_001148|,381805,382005
YNL089C,201,0,0.0,0.0,0,0,0,0,-,11,17,3,4,4,1,31,9,ref|NC_001146|,457269,457069
YPL086C,201,0,0.0,0.0,0,0,0,0,-,20,27,16,45,34,10,63,89,ref|NC_001148|,386620,386420
YPL084W,201,0,0.0,0.0,0,0,0,0,+,38,56,21,79,60,29,115,168,ref|NC_001148|,393897,394097
YOL043C,201,0,0.0,0.0,0,0,0,0,-,14,17,12,34,24,17,43,75,ref|NC_001147|,249738,249538
YMR095C,201,0,0.0,0.0,0,0,0,0,-,8,11,7,13,15,8,26,36,ref|NC_001145|,458059,457859
YNL087W,201,0,0.0,0.0,0,0,0,0,+,45,54,34,73,85,32,133,190,ref|NC_001146|,461075,461275
YMR093W,201,0,0.0,0.0,0,0,0,0,+,22,34,12,38,32,15,68,85,ref|NC_001145|,453841,454041
YNL086W,201,0,0.0,0.0,0,0,0,0,+,2,9,6,5,5,6,17,16,ref|NC_001146|,466137,466337
YOL044W,201,0,0.0,0.0,0,0,0,0,+,18,30,7,27,34,11,55,72,ref|NC_001147|,246978,247178
YNL084C,201,0,0.0,0.0,0,0,0,0,-,12,16,4,31,34,10,32,75,ref|NC_001146|,471256,471056
YPL078C,201,0,0.0,0.0,0,0,0,0,-,13,11,6,16,18,9,30,43,ref|NC_001148|,408947,408747
YMR104C,201,0,0.0,0.0,0,0,0,0,-,32,28,17,44,51,24,77,119,ref|NC_001145|,475553,475353
YMR105C,201,0,0.0,0.0,0,0,0,0,-,29,30,22,39,39,17,81,95,ref|NC_001145|,478495,478295
YMR105W-A,201,0,0.0,0.0,0,0,0,0,+,2,2,0,0,3,1,4,4,ref|NC_001145|,477964,478164
YNL095C,201,0,0.0,0.0,0,0,0,0,-,29,41,14,39,36,17,84,92,ref|NC_001146|,447133,446933
YOL021C,201,0,0.0,0.0,0,0,0,0,-,37,53,34,78,72,38,124,188,ref|NC_001147|,285573,285373
YPL133C,201,0,0.0,0.0,0,0,0,0,-,20,25,12,30,28,20,57,78,ref|NC_001148|,301498,301298
YPL132W,201,0,0.0,0.0,0,0,0,0,+,11,15,8,28,19,11,34,58,ref|NC_001148|,301386,301586
YPL130W,201,0,0.0,0.0,0,0,0,0,+,9,13,5,19,23,13,27,55,ref|NC_001148|,304287,304487
YMR119W-A,201,0,0.0,0.0,0,0,0,0,+,7,7,2,8,4,3,16,15,ref|NC_001145|,506896,507096
YOL023W,201,0,0.0,0.0,0,0,0,0,+,33,41,14,59,47,20,88,126,ref|NC_001147|,277774,277974
YNL105W,201,0,0.0,0.0,0,0,0,0,+,10,5,3,7,9,3,18,19,ref|NC_001146|,424055,424255
YPL125W,201,0,0.0,0.0,0,0,0,0,+,42,78,20,75,65,35,140,175,ref|NC_001148|,313288,313488
YPL122C,201,0,0.0,0.0,0,0,0,0,-,20,44,10,45,29,12,74,86,ref|NC_001148|,320933,320733
YPL121C,201,0,0.0,0.0,0,0,0,0,-,8,12,2,27,17,6,22,50,ref|NC_001148|,321730,321530
YPL119C-A,201,0,0.0,0.0,0,0,0,0,-,6,5,1,2,5,1,12,8,ref|NC_001148|,324387,324187
YPL115C,201,0,0.0,0.0,0,0,0,0,-,57,77,19,72,84,25,153,181,ref|NC_001148|,335586,335386
YOL028C,201,0,0.0,0.0,0,0,0,0,-,6,11,5,19,16,10,22,45,ref|NC_001147|,271470,271270
YPL108W,201,0,0.0,0.0,0,0,0,0,+,8,6,5,15,11,5,19,31,ref|NC_001148|,348320,348520
YMR113W,201,0,0.0,0.0,0,0,0,0,+,10,21,4,28,31,7,35,66,ref|NC_001145|,494807,495007
YNL097C-B,201,0,0.0,0.0,0,0,0,0,-,4,2,0,1,1,2,6,4,ref|NC_001146|,441019,440819
YNL097C,201,0,0.0,0.0,0,0,0,0,-,7,16,6,34,13,16,29,63,ref|NC_001146|,442597,442397
YPL107W,201,0,0.0,0.0,0,0,0,0,+,6,11,3,36,14,7,20,57,ref|NC_001148|,348936,349136
YOL033W,201,0,0.0,0.0,0,0,0,0,+,29,21,13,39,38,25,63,102,ref|NC_001147|,263321,263521
YOL034W,201,0,0.0,0.0,0,0,0,0,+,45,77,22,108,88,38,144,234,ref|NC_001147|,259796,259996
YOL035C,201,0,0.0,0.0,0,0,0,0,-,8,8,2,3,2,0,18,5,ref|NC_001147|,259205,259005
YPL104W,201,0,0.0,0.0,0,0,0,0,+,24,32,13,57,47,16,69,120,ref|NC_001148|,355600,355800
YOL036W,201,0,0.0,0.0,0,0,0,0,+,46,51,29,63,43,32,126,138,ref|NC_001147|,256645,256845
YPL103C,201,0,0.0,0.0,0,0,0,0,-,18,21,10,49,21,15,49,85,ref|NC_001148|,359525,359325
YOL037C,201,0,0.0,0.0,0,0,0,0,-,9,3,6,8,9,5,18,22,ref|NC_001147|,257119,256919
YPL102C,201,0,0.0,0.0,0,0,0,0,-,9,8,5,2,3,5,22,10,ref|NC_001148|,360405,360205
YOL038W,201,0,0.0,0.0,0,0,0,0,+,8,11,8,28,11,9,27,48,ref|NC_001147|,255203,255403
YMR160W,201,0,0.0,0.0,0,0,0,0,+,31,51,19,48,59,26,101,133,ref|NC_001145|,574966,575166
YNL140C,201,0,0.0,0.0,0,0,0,0,-,2,13,2,22,8,4,17,34,ref|NC_001146|,362720,362520
YPL188W,201,0,0.0,0.0,0,0,0,0,+,16,32,7,24,30,10,55,64,ref|NC_001148|,191281,191481
YNL168C,201,0,0.0,0.0,0,0,0,0,-,11,17,5,16,23,8,33,47,ref|NC_001146|,319301,319101
YNL174W,201,0,0.0,0.0,0,0,0,0,+,32,14,11,8,6,6,57,20,ref|NC_001146|,307974,308174
YMR208W,201,0,0.0,0.0,0,0,0,0,+,22,27,6,23,28,13,55,64,ref|NC_001145|,684287,684487
YPL272C,201,0,0.0,0.0,0,0,0,0,-,24,37,17,21,49,21,78,91,ref|NC_001148|,28264,28064
YPL271W,201,0,0.0,0.0,0,0,0,0,+,4,3,1,2,4,0,8,6,ref|NC_001148|,29388,29588
YNL171C,201,0,0.0,0.0,0,0,0,0,-,7,8,2,5,5,3,17,13,ref|NC_001146|,316097,315897
YPL269W,201,0,0.0,0.0,0,0,0,0,+,16,43,17,51,44,27,76,122,ref|NC_001148|,32913,33113
YNL170W,201,0,0.0,0.0,0,0,0,0,+,10,10,1,4,4,2,21,10,ref|NC_001146|,315878,316078
YMR204C,201,0,0.0,0.0,0,0,0,0,-,16,29,11,21,32,19,56,72,ref|NC_001145|,671470,671270
YPL268W,201,0,0.0,0.0,0,0,0,0,+,34,47,13,62,64,22,94,148,ref|NC_001148|,35072,35272
YNL169C,201,0,0.0,0.0,0,0,0,0,-,30,20,11,31,31,14,61,76,ref|NC_001146|,318080,317880
YMR202W,201,0,0.0,0.0,0,0,0,0,+,9,11,5,8,15,7,25,30,ref|NC_001145|,667366,667566
YPL267W,201,0,0.0,0.0,0,0,0,0,+,7,12,2,21,18,6,21,45,ref|NC_001148|,38054,38254
YPL266W,201,0,0.0,0.0,0,0,0,0,+,11,17,6,34,18,11,34,63,ref|NC_001148|,38974,39174
YMR199W,201,0,0.0,0.0,0,0,0,0,+,28,45,12,32,32,17,85,81,ref|NC_001145|,662331,662531
YNL164C,201,0,0.0,0.0,0,0,0,0,-,11,18,9,39,23,14,38,76,ref|NC_001146|,326590,326390
YNL167C,201,0,0.0,0.0,0,0,0,0,-,36,61,7,39,33,23,104,95,ref|NC_001146|,321842,321642
YNL166C,201,0,0.0,0.0,0,0,0,0,-,18,23,13,49,43,14,54,106,ref|NC_001146|,323739,323539
YPL259C,201,0,0.0,0.0,0,0,0,0,-,22,32,9,31,32,18,63,81,ref|NC_001148|,52828,52628
YOR039W,201,0,0.0,0.0,0,0,0,0,+,7,11,6,20,23,5,24,48,ref|NC_001147|,405509,405709
YPL258C,201,0,0.0,0.0,0,0,0,0,-,14,28,14,32,34,16,56,82,ref|NC_001148|,55862,55662
YPL257W-A,201,0,0.0,0.0,0,0,0,0,+,22,40,13,21,31,13,75,65,ref|NC_001148|,56648,56848
YPL257W-B,201,0,0.0,0.0,0,0,0,0,+,73,140,47,119,120,61,260,300,ref|NC_001148|,56648,56848
YPL257W,201,0,0.0,0.0,0,0,0,0,+,6,13,7,9,10,8,26,27,ref|NC_001148|,63114,63314
YOR038C,201,0,0.0,0.0,0,0,0,0,-,42,47,19,54,50,29,108,133,ref|NC_001147|,405539,405339
YMR198W,201,0,0.0,0.0,0,0,0,0,+,16,28,14,68,49,22,58,139,ref|NC_001145|,659359,659559
YPL256C,201,0,0.0,0.0,0,0,0,0,-,22,47,13,27,41,13,82,81,ref|NC_001148|,66892,66692
YPL255W,201,0,0.0,0.0,0,0,0,0,+,13,18,9,35,27,21,40,83,ref|NC_001148|,67568,67768
YPL254W,201,0,0.0,0.0,0,0,0,0,+,14,34,9,35,36,20,57,91,ref|NC_001148|,69129,69329
YPL273W,201,0,0.0,0.0,0,0,0,0,+,23,19,6,19,24,10,48,53,ref|NC_001148|,24788,24988
YNL176C,201,0,0.0,0.0,0,0,0,0,-,43,82,31,22,22,27,156,71,ref|NC_001146|,307259,307059
YNL177C,201,0,0.0,0.0,0,0,0,0,-,16,18,8,26,16,8,42,50,ref|NC_001146|,304768,304568
YMR209C,201,0,0.0,0.0,0,0,0,0,-,17,31,15,30,36,11,63,77,ref|NC_001145|,687417,687217
YOR056C,201,0,0.0,0.0,0,0,0,0,-,16,14,8,40,35,15,38,90,ref|NC_001147|,431851,431651
YOR394W,201,0,0.0,0.0,0,0,0,0,+,11,16,4,9,9,4,31,22,ref|NC_001147|,1082618,1082818
YOR394C-A,201,0,0.0,0.0,0,0,0,0,-,3,7,1,0,2,0,11,2,ref|NC_001147|,1084469,1084269
YMR227C,201,0,0.0,0.0,0,0,0,0,-,16,15,12,92,56,28,43,176,ref|NC_001145|,724538,724338
YNL183C,201,0,0.0,0.0,0,0,0,0,-,43,70,21,47,34,27,134,108,ref|NC_001146|,295806,295606
YOR055W,201,0,0.0,0.0,0,0,0,0,+,9,5,3,10,8,3,17,21,ref|NC_001147|,429378,429578
YMR225C,201,0,0.0,0.0,0,0,0,0,-,6,15,7,4,8,7,28,19,ref|NC_001145|,721538,721338
YNL182C,201,0,0.0,0.0,0,0,0,0,-,20,41,9,35,33,15,70,83,ref|NC_001146|,298236,298036
YMR223W,201,0,0.0,0.0,0,0,0,0,+,30,32,9,20,25,10,71,55,ref|NC_001145|,716395,716595
YMR222C,201,0,0.0,0.0,0,0,0,0,-,7,12,4,14,15,6,23,35,ref|NC_001145|,716466,716266
YOR396W,201,0,0.0,0.0,0,0,0,0,+,68,84,49,112,113,94,201,319,ref|NC_001147|,1085373,1085573
YMR221C,201,0,0.0,0.0,0,0,0,0,-,25,35,12,23,31,4,72,58,ref|NC_001145|,715584,715384
YMR219W,201,0,0.0,0.0,0,0,0,0,+,65,93,38,171,166,78,196,415,ref|NC_001145|,707033,707233
YOR396C-A,201,0,0.0,0.0,0,0,0,0,-,18,5,9,4,6,4,32,14,ref|NC_001147|,1090597,1090397
YPL283C,201,0,0.0,0.0,0,0,0,0,-,76,86,52,118,123,99,214,340,ref|NC_001148|,6107,5907
YNL181W,201,0,0.0,0.0,0,0,0,0,+,11,17,9,43,24,9,37,76,ref|NC_001146|,298139,298339
YMR216C,201,0,0.0,0.0,0,0,0,0,-,30,43,18,64,47,27,91,138,ref|NC_001145|,701317,701117
YPL283W-B,201,0,0.0,0.0,0,0,0,0,+,17,5,9,4,6,4,31,14,ref|NC_001148|,543,743
YPL283W-A,201,0,0.0,0.0,0,0,0,0,+,4,7,8,1,7,0,19,8,ref|NC_001148|,1326,1526
YOR049C,201,0,0.0,0.0,0,0,0,0,-,17,19,15,12,20,10,51,42,ref|NC_001147|,424017,423817
YPL282C,201,0,0.0,0.0,0,0,0,0,-,11,16,4,9,9,4,31,22,ref|NC_001148|,8527,8327
YOR048C,201,0,0.0,0.0,0,0,0,0,-,28,51,24,84,78,29,103,191,ref|NC_001147|,421774,421574
YPL281C,201,0,0.0,0.0,0,0,0,0,-,13,28,18,33,26,24,59,83,ref|NC_001148|,10970,10770
YPL279C,201,0,0.0,0.0,0,0,0,0,-,18,16,14,11,15,7,48,33,ref|NC_001148|,14455,14255
YOR047C,201,0,0.0,0.0,0,0,0,0,-,16,23,6,30,25,13,45,68,ref|NC_001147|,418370,418170
YPL278C,201,0,0.0,0.0,0,0,0,0,-,3,2,5,3,12,4,10,19,ref|NC_001148|,15455,15255
YMR210W,201,0,0.0,0.0,0,0,0,0,+,10,23,11,37,32,17,44,86,ref|NC_001145|,687357,687557
YMR197C,201,0,0.0,0.0,0,0,0,0,-,5,14,3,27,14,8,22,49,ref|NC_001145|,659355,659155
YOR036W,201,0,0.0,0.0,0,0,0,0,+,7,20,5,32,22,12,32,66,ref|NC_001147|,400191,400391
YMR162C,201,0,0.0,0.0,0,0,0,0,-,79,99,38,129,111,48,216,288,ref|NC_001145|,584021,583821
YPL199C,201,0,0.0,0.0,0,0,0,0,-,6,19,3,19,22,2,28,43,ref|NC_001148|,172867,172667
YNL148C,201,0,0.0,0.0,0,0,0,0,-,3,10,4,17,11,11,17,39,ref|NC_001146|,351573,351373
YPL215W,201,0,0.0,0.0,0,0,0,0,+,11,23,9,36,22,14,43,72,ref|NC_001148|,146725,146925
YMR177W,201,0,0.0,0.0,0,0,0,0,+,15,34,12,27,35,13,61,75,ref|NC_001145|,616302,616502
YPL212C,201,0,0.0,0.0,0,0,0,0,-,14,25,15,53,32,24,54,109,ref|NC_001148|,153308,153108
YPL211W,201,0,0.0,0.0,0,0,0,0,+,7,9,3,17,11,4,19,32,ref|NC_001148|,153366,153566
YMR175W-A,201,0,0.0,0.0,0,0,0,0,+,4,5,1,1,6,3,10,10,ref|NC_001145|,611214,611414
YPL210C,201,0,0.0,0.0,0,0,0,0,-,17,43,15,53,35,18,75,106,ref|NC_001148|,156331,156131
YPL209C,201,0,0.0,0.0,0,0,0,0,-,6,21,9,31,14,9,36,54,ref|NC_001148|,157777,157577
YPL208W,201,0,0.0,0.0,0,0,0,0,+,27,33,15,48,47,19,75,114,ref|NC_001148|,157696,157896
YPL206C,201,0,0.0,0.0,0,0,0,0,-,14,18,7,21,27,11,39,59,ref|NC_001148|,163771,163571
YPL205C,201,0,0.0,0.0,0,0,0,0,-,10,4,8,7,2,4,22,13,ref|NC_001148|,164366,164166
YMR173W-A,201,0,0.0,0.0,0,0,0,0,+,47,15,8,25,32,23,70,80,ref|NC_001145|,608797,608997
YOR015W,201,0,0.0,0.0,0,0,0,0,+,12,6,4,8,5,3,22,16,ref|NC_001147|,357862,358062
YOR011W-A,201,0,0.0,0.0,0,0,0,0,+,5,6,1,5,3,2,12,10,ref|NC_001147|,355552,355752
YPL252C,201,0,0.0,0.0,0,0,0,0,-,12,6,9,15,10,10,27,35,ref|NC_001148|,74074,73874
YOR011W,201,0,0.0,0.0,0,0,0,0,+,91,89,33,64,85,32,213,181,ref|NC_001147|,349579,349779
YOR010C,201,0,0.0,0.0,0,0,0,0,-,33,10,8,7,17,2,51,26,ref|NC_001147|,347461,347261
YMR169C,201,0,0.0,0.0,0,0,0,0,-,20,27,12,30,28,13,59,71,ref|NC_001145|,601231,601031
YNL145W,201,0,0.0,0.0,0,0,0,0,+,3,3,1,3,1,1,7,5,ref|NC_001146|,352261,352461
YOR009W,201,0,0.0,0.0,0,0,0,0,+,53,42,5,11,26,7,100,44,ref|NC_001147|,344235,344435
YOR008C-A,201,0,0.0,0.0,0,0,0,0,-,6,3,0,2,2,1,9,5,ref|NC_001147|,343181,342981
YPL192C,201,0,0.0,0.0,0,0,0,0,-,4,6,4,12,8,4,14,24,ref|NC_001148|,183156,182956
YOR006C,201,0,0.0,0.0,0,0,0,0,-,9,15,11,29,21,11,35,61,ref|NC_001147|,338788,338588
YMR167W,201,0,0.0,0.0,0,0,0,0,+,33,51,15,77,54,30,99,161,ref|NC_001145|,594786,594986
YMR166C,201,0,0.0,0.0,0,0,0,0,-,17,22,8,30,16,10,47,56,ref|NC_001145|,594843,594643
YMR165C,201,0,0.0,0.0,0,0,0,0,-,34,58,24,67,69,37,116,173,ref|NC_001145|,592728,592528
YMR163C,201,0,0.0,0.0,0,0,0,0,-,37,56,19,42,52,24,112,118,ref|NC_001145|,586633,586433
YPL189C-A,201,0,0.0,0.0,0,0,0,0,-,4,8,2,4,3,0,14,7,ref|NC_001148|,188613,188413
YMR180C,201,0,0.0,0.0,0,0,0,0,-,9,17,11,22,18,13,37,53,ref|NC_001145|,623338,623138
YOR017W,201,0,0.0,0.0,0,0,0,0,+,42,43,15,66,46,32,100,144,ref|NC_001147|,361312,361512
YPL216W,201,0,0.0,0.0,0,0,0,0,+,41,73,26,82,90,40,140,212,ref|NC_001148|,143721,143921
YNL152W,201,0,0.0,0.0,0,0,0,0,+,17,20,10,33,24,22,47,79,ref|NC_001146|,345672,345872
YOR034C-A,201,0,0.0,0.0,0,0,0,0,-,6,2,3,8,3,1,11,12,ref|NC_001147|,397768,397568
YOR033C,201,0,0.0,0.0,0,0,0,0,-,26,42,16,51,54,26,84,131,ref|NC_001147|,394752,394552
YNL163C,201,0,0.0,0.0,0,0,0,0,-,37,63,32,97,79,29,132,205,ref|NC_001146|,330279,330079
YPL248C,201,0,0.0,0.0,0,0,0,0,-,54,64,25,44,52,28,143,124,ref|NC_001148|,82456,82256
YOR032W-A,201,0,0.0,0.0,0,0,0,0,+,7,2,1,2,4,2,10,8,ref|NC_001147|,392076,392276
YMR194C-A,201,0,0.0,0.0,0,0,0,0,-,1,3,2,7,4,3,6,14,ref|NC_001145|,653236,653036
YOR032C,201,0,0.0,0.0,0,0,0,0,-,22,23,7,24,29,17,52,70,ref|NC_001147|,391175,390975
YPL246C,201,0,0.0,0.0,0,0,0,0,-,8,14,14,14,8,6,36,28,ref|NC_001148|,85437,85237
YNL162W,201,0,0.0,0.0,0,0,0,0,+,15,16,5,20,17,4,36,41,ref|NC_001146|,331195,331395
YMR194W,201,0,0.0,0.0,0,0,0,0,+,9,10,7,25,17,7,26,49,ref|NC_001145|,650522,650722
YPL241C,201,0,0.0,0.0,0,0,0,0,-,20,18,8,20,19,10,46,49,ref|NC_001148|,96366,96166
YMR193C-A,201,0,0.0,0.0,0,0,0,0,-,12,13,4,2,4,1,29,7,ref|NC_001145|,651558,651358
YMR193W,201,0,0.0,0.0,0,0,0,0,+,9,16,4,26,13,7,29,46,ref|NC_001145|,649928,650128
YPL235W,201,0,0.0,0.0,0,0,0,0,+,16,25,8,36,32,10,49,78,ref|NC_001148|,103083,103283
YPL233W,201,0,0.0,0.0,0,0,0,0,+,5,18,3,17,21,12,26,50,ref|NC_001148|,105953,106153
YPL231W,201,0,0.0,0.0,0,0,0,0,+,94,93,46,137,143,37,233,317,ref|NC_001148|,108552,108752
YMR188C,201,0,0.0,0.0,0,0,0,0,-,6,17,4,25,16,7,27,48,ref|NC_001145|,637216,637016
YPL227C,201,0,0.0,0.0,0,0,0,0,-,13,20,3,35,29,6,36,70,ref|NC_001148|,121564,121364
YPL226W,201,0,0.0,0.0,0,0,0,0,+,63,57,39,78,100,25,159,203,ref|NC_001148|,121638,121838
YPL225W,201,0,0.0,0.0,0,0,0,0,+,2,5,5,17,12,6,12,35,ref|NC_001148|,125898,126098
YPL224C,201,0,0.0,0.0,0,0,0,0,-,30,36,19,24,24,9,85,57,ref|NC_001148|,128433,128233
YPL222C-A,201,0,0.0,0.0,0,0,0,0,-,8,3,3,1,2,3,14,6,ref|NC_001148|,132215,132015
YMR187C,201,0,0.0,0.0,0,0,0,0,-,25,24,4,15,26,7,53,48,ref|NC_001145|,636400,636200
YNL153C,201,0,0.0,0.0,0,0,0,0,-,6,5,5,12,13,9,16,34,ref|NC_001146|,346745,346545
YOR021C,201,0,0.0,0.0,0,0,0,0,-,5,11,5,19,18,6,21,43,ref|NC_001147|,374898,374698
YPL218W,201,0,0.0,0.0,0,0,0,0,+,11,12,8,16,12,6,31,34,ref|NC_001148|,138536,138736
YOR020W-A,201,0,0.0,0.0,0,0,0,0,+,3,4,2,6,7,4,9,17,ref|NC_001147|,371585,371785
YMR272W-B,201,0,0.0,0.0,0,0,0,0,+,2,0,1,1,4,0,3,5,ref|NC_001145|,810989,811189
YAL069W,201,0,0.0,0.0,0,0,0,0,+,6,12,2,1,4,0,20,5,ref|NC_001133|,235,435
YML105C,201,0,0.0,0.0,0,0,0,0,-,5,9,7,27,21,10,21,58,ref|NC_001145|,58866,58666
YDR467C,201,0,0.0,0.0,0,0,0,0,-,7,3,6,4,6,2,16,12,ref|NC_001136|,1398354,1398154
YDR446W,201,0,0.0,0.0,0,0,0,0,+,10,19,5,36,14,8,34,58,ref|NC_001136|,1353625,1353825
YDR449C,201,0,0.0,0.0,0,0,0,0,-,13,28,9,39,43,15,50,97,ref|NC_001136|,1359031,1358831
YDR450W,201,0,0.0,0.0,0,0,0,0,+,7,14,10,20,23,4,31,47,ref|NC_001136|,1359796,1359996
YDR451C,201,0,0.0,0.0,0,0,0,0,-,20,24,9,24,12,12,53,48,ref|NC_001136|,1362343,1362143
YDR452W,201,0,0.0,0.0,0,0,0,0,+,20,40,17,62,47,21,77,130,ref|NC_001136|,1362628,1362828
YDR454C,201,0,0.0,0.0,0,0,0,0,-,9,10,6,17,15,3,25,35,ref|NC_001136|,1366997,1366797
YDR456W,201,0,0.0,0.0,0,0,0,0,+,42,35,11,34,45,9,88,88,ref|NC_001136|,1367300,1367500
YDR458C,201,0,0.0,0.0,0,0,0,0,-,35,41,12,77,57,15,88,149,ref|NC_001136|,1382186,1381986
YDR462W,201,0,0.0,0.0,0,0,0,0,+,7,10,2,15,12,4,19,31,ref|NC_001136|,1385921,1386121
YDR463W,201,0,0.0,0.0,0,0,0,0,+,25,41,17,40,32,14,83,86,ref|NC_001136|,1386653,1386853
YDR464W,201,0,0.0,0.0,0,0,0,0,+,58,55,27,158,105,56,140,319,ref|NC_001136|,1388772,1388972
YDR464C-A,201,0,0.0,0.0,0,0,0,0,-,3,5,2,1,0,1,10,2,ref|NC_001136|,1392780,1392580
YDR465C,201,0,0.0,0.0,0,0,0,0,-,13,19,12,32,29,19,44,80,ref|NC_001136|,1394906,1394706
YDR468C,201,0,0.0,0.0,0,0,0,0,-,6,11,5,16,18,7,22,41,ref|NC_001136|,1398914,1398714
YDR443C,201,0,0.0,0.0,0,0,0,0,-,77,83,27,92,86,43,187,221,ref|NC_001136|,1350038,1349838
YDR469W,201,0,0.0,0.0,0,0,0,0,+,5,11,3,16,20,7,19,43,ref|NC_001136|,1397988,1398188
YDR470C,201,0,0.0,0.0,0,0,0,0,-,19,40,5,33,34,13,64,80,ref|NC_001136|,1401421,1401221
YDR472W,201,0,0.0,0.0,0,0,0,0,+,22,18,4,14,25,8,44,47,ref|NC_001136|,1403087,1403287
YDR473C,201,0,0.0,0.0,0,0,0,0,-,10,29,5,49,50,15,44,114,ref|NC_001136|,1406022,1405822
YDR476C,201,0,0.0,0.0,0,0,0,0,-,12,16,14,16,7,13,42,36,ref|NC_001136|,1412273,1412073
YDR477W,201,0,0.0,0.0,0,0,0,0,+,25,50,11,51,47,16,86,114,ref|NC_001136|,1411979,1412179
YDR480W,201,0,0.0,0.0,0,0,0,0,+,13,21,6,28,25,16,40,69,ref|NC_001136|,1417299,1417499
YDR485C,201,0,0.0,0.0,0,0,0,0,-,37,44,12,86,69,28,93,183,ref|NC_001136|,1427376,1427176
YDR487C,201,0,0.0,0.0,0,0,0,0,-,9,6,5,12,23,10,20,45,ref|NC_001136|,1430323,1430123
YDR489W,201,0,0.0,0.0,0,0,0,0,+,20,13,7,23,30,13,40,66,ref|NC_001136|,1430894,1431094
YDR490C,201,0,0.0,0.0,0,0,0,0,-,37,44,25,61,54,23,106,138,ref|NC_001136|,1434475,1434275
YDR491C,201,0,0.0,0.0,0,0,0,0,-,10,6,5,6,12,5,21,23,ref|NC_001136|,1435091,1434891
YDR494W,201,0,0.0,0.0,0,0,0,0,+,15,25,7,41,21,5,47,67,ref|NC_001136|,1436748,1436948
YDR445C,201,0,0.0,0.0,0,0,0,0,-,7,11,5,1,5,5,23,11,ref|NC_001136|,1352689,1352489
YDR442W,201,0,0.0,0.0,0,0,0,0,+,4,7,2,8,8,4,13,20,ref|NC_001136|,1345533,1345733
YDR497C,201,0,0.0,0.0,0,0,0,0,-,26,44,28,27,42,9,98,78,ref|NC_001136|,1445723,1445523
YDR413C,201,0,0.0,0.0,0,0,0,0,-,29,18,7,3,6,2,54,11,ref|NC_001136|,1295511,1295311
YDR386W,201,0,0.0,0.0,0,0,0,0,+,26,28,14,55,44,17,68,116,ref|NC_001136|,1245963,1246163
YDR389W,201,0,0.0,0.0,0,0,0,0,+,22,41,23,50,42,25,86,117,ref|NC_001136|,1251921,1252121
YDR394W,201,0,0.0,0.0,0,0,0,0,+,15,28,19,38,32,16,62,86,ref|NC_001136|,1261265,1261465
YDR395W,201,0,0.0,0.0,0,0,0,0,+,40,46,31,66,66,24,117,156,ref|NC_001136|,1263094,1263294
YDR396W,201,0,0.0,0.0,0,0,0,0,+,17,12,7,8,8,3,36,19,ref|NC_001136|,1266195,1266395
YDR401W,201,0,0.0,0.0,0,0,0,0,+,15,10,7,6,5,4,32,15,ref|NC_001136|,1272123,1272323
YDR403W,201,0,0.0,0.0,0,0,0,0,+,24,26,19,39,49,25,69,113,ref|NC_001136|,1274502,1274702
YDR405W,201,0,0.0,0.0,0,0,0,0,+,8,14,8,26,8,17,30,51,ref|NC_001136|,1277496,1277696
YDR406W-A,201,0,0.0,0.0,0,0,0,0,+,8,6,2,1,1,1,16,3,ref|NC_001136|,1283699,1283899
YDR407C,201,0,0.0,0.0,0,0,0,0,-,64,81,29,90,101,44,174,235,ref|NC_001136|,1288160,1287960
YDR410C,201,0,0.0,0.0,0,0,0,0,-,18,11,3,18,11,2,32,31,ref|NC_001136|,1293261,1293061
YDR411C,201,0,0.0,0.0,0,0,0,0,-,15,20,14,16,14,12,49,42,ref|NC_001136|,1294544,1294344
YDR412W,201,0,0.0,0.0,0,0,0,0,+,5,9,4,32,21,9,18,62,ref|NC_001136|,1294526,1294726
YDR414C,201,0,0.0,0.0,0,0,0,0,-,20,18,8,28,17,10,46,55,ref|NC_001136|,1296983,1296783
YDR440W,201,0,0.0,0.0,0,0,0,0,+,19,40,16,44,39,17,75,100,ref|NC_001136|,1342306,1342506
YDR417C,201,0,0.0,0.0,0,0,0,0,-,10,7,0,3,6,4,17,13,ref|NC_001136|,1302026,1301826
YDR418W,201,0,0.0,0.0,0,0,0,0,+,4,8,7,14,15,0,19,29,ref|NC_001136|,1300581,1300781
YDR420W,201,0,0.0,0.0,0,0,0,0,+,127,170,62,67,72,71,359,210,ref|NC_001136|,1306167,1306367
YDR423C,201,0,0.0,0.0,0,0,0,0,-,18,17,15,42,27,15,50,84,ref|NC_001136|,1319424,1319224
YDR424C,201,0,0.0,0.0,0,0,0,0,-,6,7,3,9,11,4,16,24,ref|NC_001136|,1320035,1319835
YDR425W,201,0,0.0,0.0,0,0,0,0,+,44,43,22,40,39,22,109,101,ref|NC_001136|,1319964,1320164
YDR426C,201,0,0.0,0.0,0,0,0,0,-,11,8,2,7,9,4,21,20,ref|NC_001136|,1322106,1321906
YDR427W,201,0,0.0,0.0,0,0,0,0,+,23,22,8,21,34,13,53,68,ref|NC_001136|,1322073,1322273
YDR430C,201,0,0.0,0.0,0,0,0,0,-,38,58,14,85,63,20,110,168,ref|NC_001136|,1328635,1328435
YDR431W,201,0,0.0,0.0,0,0,0,0,+,5,6,2,1,5,2,13,8,ref|NC_001136|,1328290,1328490
YDR432W,201,0,0.0,0.0,0,0,0,0,+,15,19,8,57,21,9,42,87,ref|NC_001136|,1328683,1328883
YDR433W,201,0,0.0,0.0,0,0,0,0,+,1,8,2,24,4,3,11,31,ref|NC_001136|,1328841,1329041
YDR439W,201,0,0.0,0.0,0,0,0,0,+,17,26,8,29,34,11,51,74,ref|NC_001136|,1339514,1339714
YDR496C,201,0,0.0,0.0,0,0,0,0,-,29,35,12,61,65,13,76,139,ref|NC_001136|,1443541,1443341
YDR498C,201,0,0.0,0.0,0,0,0,0,-,15,23,20,21,26,19,58,66,ref|NC_001136|,1450209,1450009
YDR379C-A,201,0,0.0,0.0,0,0,0,0,-,1,4,1,6,6,2,6,14,ref|NC_001136|,1233617,1233417
YEL042W,201,0,0.0,0.0,0,0,0,0,+,28,22,15,24,46,16,65,86,ref|NC_001137|,73526,73726
YEL070W,201,0,0.0,0.0,0,0,0,0,+,14,22,13,32,35,15,49,82,ref|NC_001137|,19489,19689
YEL067C,201,0,0.0,0.0,0,0,0,0,-,12,12,11,6,7,7,35,20,ref|NC_001137|,26876,26676
YEL059C-A,201,0,0.0,0.0,0,0,0,0,-,1,4,2,2,3,3,7,8,ref|NC_001137|,42724,42524
YEL059W,201,0,0.0,0.0,0,0,0,0,+,14,3,4,2,4,1,21,7,ref|NC_001137|,42552,42752
YEL058W,201,0,0.0,0.0,0,0,0,0,+,20,29,17,33,39,16,66,88,ref|NC_001137|,43108,43308
YEL057C,201,0,0.0,0.0,0,0,0,0,-,9,14,8,17,16,8,31,41,ref|NC_001137|,45821,45621
YEL056W,201,0,0.0,0.0,0,0,0,0,+,17,28,10,31,30,9,55,70,ref|NC_001137|,47030,47230
YEL055C,201,0,0.0,0.0,0,0,0,0,-,50,54,24,74,95,40,128,209,ref|NC_001137|,51694,51494
YEL053C,201,0,0.0,0.0,0,0,0,0,-,30,37,11,49,55,12,78,116,ref|NC_001137|,56285,56085
YEL049W,201,0,0.0,0.0,0,0,0,0,+,7,11,2,5,10,1,20,16,ref|NC_001137|,63610,63810
YEL048C,201,0,0.0,0.0,0,0,0,0,-,7,9,3,10,25,2,19,37,ref|NC_001137|,65365,65165
YEL044W,201,0,0.0,0.0,0,0,0,0,+,8,8,7,10,7,12,23,29,ref|NC_001137|,68950,69150
YEL043W,201,0,0.0,0.0,0,0,0,0,+,50,65,27,51,54,40,142,145,ref|NC_001137|,70333,70533
YEL040W,201,0,0.0,0.0,0,0,0,0,+,29,32,10,23,28,13,71,64,ref|NC_001137|,77905,78105
YEL075C,201,0,0.0,0.0,0,0,0,0,-,5,9,3,4,10,7,17,21,ref|NC_001137|,5813,5613
YEL034C-A,201,0,0.0,0.0,0,0,0,0,-,15,18,5,11,12,2,38,25,ref|NC_001137|,86315,86115
YEL033W,201,0,0.0,0.0,0,0,0,0,+,8,9,4,4,6,1,21,11,ref|NC_001137|,86079,86279
YEL030C-A,201,0,0.0,0.0,0,0,0,0,-,8,3,4,3,8,3,15,14,ref|NC_001137|,94997,94797
YEL026W,201,0,0.0,0.0,0,0,0,0,+,9,5,1,9,8,4,15,21,ref|NC_001137|,100805,101005
YEL025C,201,0,0.0,0.0,0,0,0,0,-,52,67,27,79,77,44,146,200,ref|NC_001137|,106247,106047
YEL022W,201,0,0.0,0.0,0,0,0,0,+,53,103,34,115,118,47,190,280,ref|NC_001137|,111240,111440
YEL021W,201,0,0.0,0.0,0,0,0,0,+,5,7,4,21,15,7,16,43,ref|NC_001137|,116012,116212
YEL020C,201,0,0.0,0.0,0,0,0,0,-,24,29,15,26,36,17,68,79,ref|NC_001137|,119594,119394
YEL017W,201,0,0.0,0.0,0,0,0,0,+,26,19,14,12,22,20,59,54,ref|NC_001137|,122271,122471
YEL016C,201,0,0.0,0.0,0,0,0,0,-,10,20,19,30,45,31,49,106,ref|NC_001137|,125725,125525
YEL010W,201,0,0.0,0.0,0,0,0,0,+,10,9,4,3,5,9,23,17,ref|NC_001137|,135374,135574
YEL009C-A,201,0,0.0,0.0,0,0,0,0,-,5,5,9,10,7,3,19,20,ref|NC_001137|,136073,135873
YEL005C,201,0,0.0,0.0,0,0,0,0,-,14,15,6,17,21,9,35,47,ref|NC_001137|,146090,145890
YEL074W,201,0,0.0,0.0,0,0,0,0,+,3,12,3,6,0,6,18,12,ref|NC_001137|,6026,6226
YEL075W-A,201,0,0.0,0.0,0,0,0,0,+,12,16,15,7,10,4,43,21,ref|NC_001137|,4770,4970
YDR499W,201,0,0.0,0.0,0,0,0,0,+,26,49,18,58,61,32,93,151,ref|NC_001136|,1447726,1447926
YDR524C,201,0,0.0,0.0,0,0,0,0,-,24,35,13,24,22,12,72,58,ref|NC_001136|,1489157,1488957
YDR500C,201,0,0.0,0.0,0,0,0,0,-,10,12,3,29,15,2,25,46,ref|NC_001136|,1450974,1450774
YDR502C,201,0,0.0,0.0,0,0,0,0,-,14,21,13,42,25,12,48,79,ref|NC_001136|,1454612,1454412
YDR503C,201,0,0.0,0.0,0,0,0,0,-,15,15,6,16,19,9,36,44,ref|NC_001136|,1456049,1455849
YDR504C,201,0,0.0,0.0,0,0,0,0,-,10,8,3,5,3,1,21,9,ref|NC_001136|,1457942,1457742
YDR505C,201,0,0.0,0.0,0,0,0,0,-,31,58,13,42,62,24,102,128,ref|NC_001136|,1459320,1459120
YDR507C,201,0,0.0,0.0,0,0,0,0,-,62,63,30,117,76,26,155,219,ref|NC_001136|,1465924,1465724
YDR510C-A,201,0,0.0,0.0,0,0,0,0,-,0,1,0,2,1,0,1,3,ref|NC_001136|,1469911,1469711
YDR511W,201,0,0.0,0.0,0,0,0,0,+,3,5,5,10,9,3,13,22,ref|NC_001136|,1469738,1469938
YDR514C,201,0,0.0,0.0,0,0,0,0,-,13,19,6,46,35,10,38,91,ref|NC_001136|,1473174,1472974
YDR515W,201,0,0.0,0.0,0,0,0,0,+,14,30,6,31,27,6,50,64,ref|NC_001136|,1473179,1473379
YDR518W,201,0,0.0,0.0,0,0,0,0,+,32,33,15,37,37,15,80,89,ref|NC_001136|,1478367,1478567
YDR521W,201,0,0.0,0.0,0,0,0,0,+,12,6,4,4,6,1,22,11,ref|NC_001136|,1483041,1483241
YDR523C,201,0,0.0,0.0,0,0,0,0,-,17,32,13,32,35,13,62,80,ref|NC_001136|,1487363,1487163
YDR528W,201,0,0.0,0.0,0,0,0,0,+,27,31,7,26,25,15,65,66,ref|NC_001136|,1494168,1494368
YEL076C,201,0,0.0,0.0,0,0,0,0,-,12,8,5,14,17,16,25,47,ref|NC_001137|,5214,5014
YDR534C,201,0,0.0,0.0,0,0,0,0,-,73,18,15,24,39,8,106,71,ref|NC_001136|,1505000,1504800
YDR537C,201,0,0.0,0.0,0,0,0,0,-,15,12,3,8,9,8,30,25,ref|NC_001136|,1511561,1511361
YDR538W,201,0,0.0,0.0,0,0,0,0,+,8,8,9,18,12,3,25,33,ref|NC_001136|,1509872,1510072
YDR539W,201,0,0.0,0.0,0,0,0,0,+,24,22,10,34,38,9,56,81,ref|NC_001136|,1511900,1512100
YDR540C,201,0,0.0,0.0,0,0,0,0,-,9,6,0,15,13,2,15,30,ref|NC_001136|,1517858,1517658
YDR542W,201,0,0.0,0.0,0,0,0,0,+,7,9,5,5,9,1,21,15,ref|NC_001136|,1523149,1523349
YDR543C,201,0,0.0,0.0,0,0,0,0,-,6,10,1,1,1,0,17,2,ref|NC_001136|,1525033,1524833
YDR544C,201,0,0.0,0.0,0,0,0,0,-,6,4,1,4,4,1,11,9,ref|NC_001136|,1525623,1525423
YDR545W,201,0,0.0,0.0,0,0,0,0,+,68,84,49,112,113,94,201,319,ref|NC_001136|,1526221,1526421
YDR545C-A,201,0,0.0,0.0,0,0,0,0,-,18,5,9,4,5,4,32,13,ref|NC_001136|,1531442,1531242
YEL077C,201,0,0.0,0.0,0,0,0,0,-,44,54,33,81,73,58,131,212,ref|NC_001137|,4197,3997
YEL077W-A,201,0,0.0,0.0,0,0,0,0,+,18,5,9,4,6,4,32,14,ref|NC_001137|,530,730
YEL076C-A,201,0,0.0,0.0,0,0,0,0,-,13,11,11,19,24,19,35,62,ref|NC_001137|,5214,5014
YDR381C-A,201,0,0.0,0.0,0,0,0,0,-,7,7,1,15,12,3,15,30,ref|NC_001136|,1238950,1238750
YDR374C,201,0,0.0,0.0,0,0,0,0,-,15,18,10,26,23,3,43,52,ref|NC_001136|,1224494,1224294
YDR123C,201,0,0.0,0.0,0,0,0,0,-,12,22,6,15,19,17,40,51,ref|NC_001136|,699644,699444
YDR248C,201,0,0.0,0.0,0,0,0,0,-,5,11,3,13,21,6,19,40,ref|NC_001136|,958509,958309
YDR210W-B,201,0,0.0,0.0,0,0,0,0,+,73,126,46,120,124,60,245,304,ref|NC_001136|,872012,872212
YDR210C-D,201,0,0.0,0.0,0,0,0,0,-,71,142,49,120,120,58,262,298,ref|NC_001136|,884027,883827
YDR210C-C,201,0,0.0,0.0,0,0,0,0,-,22,39,14,20,30,13,75,63,ref|NC_001136|,884027,883827
YDR218C,201,0,0.0,0.0,0,0,0,0,-,11,24,9,39,32,17,44,88,ref|NC_001136|,905152,904952
YDR220C,201,0,0.0,0.0,0,0,0,0,-,7,4,0,2,1,0,11,3,ref|NC_001136|,907393,907193
YDR221W,201,0,0.0,0.0,0,0,0,0,+,28,41,23,63,62,25,92,150,ref|NC_001136|,907209,907409
YDR223W,201,0,0.0,0.0,0,0,0,0,+,17,23,21,31,37,21,61,89,ref|NC_001136|,911883,912083
YDR227W,201,0,0.0,0.0,0,0,0,0,+,61,81,30,106,104,47,172,257,ref|NC_001136|,917344,917544
YDR237W,201,0,0.0,0.0,0,0,0,0,+,9,27,8,21,19,8,44,48,ref|NC_001136|,936373,936573
YDR238C,201,0,0.0,0.0,0,0,0,0,-,44,54,28,81,76,30,126,187,ref|NC_001136|,940945,940745
YDR242W,201,0,0.0,0.0,0,0,0,0,+,18,35,8,37,42,18,61,97,ref|NC_001136|,946592,946792
YDR245W,201,0,0.0,0.0,0,0,0,0,+,17,17,7,41,22,17,41,80,ref|NC_001136|,952578,952778
YDR246W-A,201,0,0.0,0.0,0,0,0,0,+,2,4,3,0,4,0,9,4,ref|NC_001136|,955033,955233
YDR250C,201,0,0.0,0.0,0,0,0,0,-,6,3,6,6,6,3,15,15,ref|NC_001136|,960627,960427
YDR210W,201,0,0.0,0.0,0,0,0,0,+,2,4,0,1,2,1,6,4,ref|NC_001136|,870713,870913
YDR252W,201,0,0.0,0.0,0,0,0,0,+,2,9,1,12,11,6,12,29,ref|NC_001136|,963284,963484
YDR253C,201,0,0.0,0.0,0,0,0,0,-,0,13,5,17,10,3,18,30,ref|NC_001136|,964904,964704
YDR260C,201,0,0.0,0.0,0,0,0,0,-,7,11,2,10,10,9,20,29,ref|NC_001136|,977378,977178
YDR261C,201,0,0.0,0.0,0,0,0,0,-,19,37,23,29,27,21,79,77,ref|NC_001136|,979429,979229
YDR261W-A,201,0,0.0,0.0,0,0,0,0,+,20,40,7,23,28,11,67,62,ref|NC_001136|,981362,981562
YDR261W-B,201,0,0.0,0.0,0,0,0,0,+,74,127,45,119,127,59,246,305,ref|NC_001136|,981362,981562
YDR261C-D,201,0,0.0,0.0,0,0,0,0,-,71,130,45,106,108,55,246,269,ref|NC_001136|,992449,992249
YDR261C-C,201,0,0.0,0.0,0,0,0,0,-,22,40,13,22,30,14,75,66,ref|NC_001136|,992449,992249
YDR263C,201,0,0.0,0.0,0,0,0,0,-,14,32,3,31,31,5,49,67,ref|NC_001136|,995711,995511
YDR264C,201,0,0.0,0.0,0,0,0,0,-,31,41,23,44,47,29,95,120,ref|NC_001136|,998486,998286
YDR269C,201,0,0.0,0.0,0,0,0,0,-,4,12,6,4,2,0,22,6,ref|NC_001136|,1006088,1005888
YDR271C,201,0,0.0,0.0,0,0,0,0,-,6,5,5,5,12,4,16,21,ref|NC_001136|,1008893,1008693
YDR272W,201,0,0.0,0.0,0,0,0,0,+,10,8,4,24,25,9,22,58,ref|NC_001136|,1008853,1009053
YDR210W-A,201,0,0.0,0.0,0,0,0,0,+,20,40,7,23,28,10,67,61,ref|NC_001136|,872012,872212
YDR209C,201,0,0.0,0.0,0,0,0,0,-,5,4,5,4,10,4,14,18,ref|NC_001136|,871549,871349
YDR276C,201,0,0.0,0.0,0,0,0,0,-,3,2,1,2,2,0,6,4,ref|NC_001136|,1013979,1013779
YDR170W-A,201,0,0.0,0.0,0,0,0,0,+,28,45,6,26,29,12,79,67,ref|NC_001136|,803095,803295
YDR126W,201,0,0.0,0.0,0,0,0,0,+,20,20,13,16,17,12,53,45,ref|NC_001136|,703126,703326
YDR135C,201,0,0.0,0.0,0,0,0,0,-,74,84,30,83,103,34,188,220,ref|NC_001136|,727694,727494
YDR136C,201,0,0.0,0.0,0,0,0,0,-,15,11,7,10,10,5,33,25,ref|NC_001136|,728383,728183
YDR141C,201,0,0.0,0.0,0,0,0,0,-,88,97,45,125,106,55,230,286,ref|NC_001136|,740097,739897
YDR144C,201,0,0.0,0.0,0,0,0,0,-,36,42,17,27,32,20,95,79,ref|NC_001136|,746341,746141
YDR146C,201,0,0.0,0.0,0,0,0,0,-,27,49,13,59,50,19,89,128,ref|NC_001136|,750842,750642
YDR149C,201,0,0.0,0.0,0,0,0,0,-,20,21,8,6,14,2,49,22,ref|NC_001136|,756362,756162
YDR152W,201,0,0.0,0.0,0,0,0,0,+,3,10,6,27,27,15,19,69,ref|NC_001136|,765382,765582
YDR153C,201,0,0.0,0.0,0,0,0,0,-,10,20,12,41,31,22,42,94,ref|NC_001136|,768204,768004
YDR160W,201,0,0.0,0.0,0,0,0,0,+,36,52,16,43,44,18,104,105,ref|NC_001136|,776063,776263
YDR161W,201,0,0.0,0.0,0,0,0,0,+,16,17,5,31,35,9,38,75,ref|NC_001136|,778895,779095
YDR163W,201,0,0.0,0.0,0,0,0,0,+,5,5,4,21,7,5,14,33,ref|NC_001136|,781268,781468
YDR169C-A,201,0,0.0,0.0,0,0,0,0,-,5,3,2,6,5,2,10,13,ref|NC_001136|,794823,794623
YDR173C,201,0,0.0,0.0,0,0,0,0,-,19,14,9,31,45,19,42,95,ref|NC_001136|,811795,811595
YDR208W,201,0,0.0,0.0,0,0,0,0,+,31,51,35,60,53,29,117,142,ref|NC_001136|,867934,868134
YDR175C,201,0,0.0,0.0,0,0,0,0,-,10,16,8,26,25,9,34,60,ref|NC_001136|,814725,814525
YDR178W,201,0,0.0,0.0,0,0,0,0,+,12,4,1,14,10,4,17,28,ref|NC_001136|,817664,817864
YDR179C,201,0,0.0,0.0,0,0,0,0,-,3,12,4,18,9,9,19,36,ref|NC_001136|,819331,819131
YDR182W-A,201,0,0.0,0.0,0,0,0,0,+,1,3,0,2,1,0,4,3,ref|NC_001136|,829051,829251
YDR183W,201,0,0.0,0.0,0,0,0,0,+,4,9,7,24,20,7,20,51,ref|NC_001136|,829064,829264
YDR185C,201,0,0.0,0.0,0,0,0,0,-,10,9,5,10,13,13,24,36,ref|NC_001136|,832676,832476
YDR187C,201,0,0.0,0.0,0,0,0,0,-,13,12,6,3,5,4,31,12,ref|NC_001136|,836846,836646
YDR192C,201,0,0.0,0.0,0,0,0,0,-,22,28,12,9,8,9,62,26,ref|NC_001136|,845040,844840
YDR197W,201,0,0.0,0.0,0,0,0,0,+,25,21,6,24,31,14,52,69,ref|NC_001136|,851095,851295
YDR198C,201,0,0.0,0.0,0,0,0,0,-,19,40,10,31,36,22,69,89,ref|NC_001136|,854126,853926
YDR199W,201,0,0.0,0.0,0,0,0,0,+,13,4,4,2,3,4,21,9,ref|NC_001136|,854075,854275
YDR200C,201,0,0.0,0.0,0,0,0,0,-,15,42,14,52,40,15,71,107,ref|NC_001136|,856236,856036
YDR201W,201,0,0.0,0.0,0,0,0,0,+,7,4,2,18,14,9,13,41,ref|NC_001136|,856178,856378
YDR273W,201,0,0.0,0.0,0,0,0,0,+,12,14,10,36,23,19,36,78,ref|NC_001136|,1009555,1009755
YDR278C,201,0,0.0,0.0,0,0,0,0,-,7,12,2,2,4,3,21,9,ref|NC_001136|,1017418,1017218
YDR369C,201,0,0.0,0.0,0,0,0,0,-,40,57,16,67,70,30,113,167,ref|NC_001136|,1217680,1217480
YDR346C,201,0,0.0,0.0,0,0,0,0,-,20,28,11,43,51,18,59,112,ref|NC_001136|,1168986,1168786
YDR325W,201,0,0.0,0.0,0,0,0,0,+,47,65,24,98,85,36,136,219,ref|NC_001136|,1117026,1117226
YDR326C,201,0,0.0,0.0,0,0,0,0,-,72,110,38,96,108,51,220,255,ref|NC_001136|,1125025,1124825
YDR327W,201,0,0.0,0.0,0,0,0,0,+,6,10,4,4,7,1,20,12,ref|NC_001136|,1125202,1125402
YDR328C,201,0,0.0,0.0,0,0,0,0,-,6,11,5,20,20,16,22,56,ref|NC_001136|,1126185,1125985
YDR329C,201,0,0.0,0.0,0,0,0,0,-,18,23,19,31,30,14,60,75,ref|NC_001136|,1127717,1127517
YDR330W,201,0,0.0,0.0,0,0,0,0,+,11,38,12,40,36,23,61,99,ref|NC_001136|,1127694,1127894
YDR334W,201,0,0.0,0.0,0,0,0,0,+,52,87,30,151,125,58,169,334,ref|NC_001136|,1135832,1136032
YDR336W,201,0,0.0,0.0,0,0,0,0,+,17,14,7,26,18,5,38,49,ref|NC_001136|,1144920,1145120
YDR337W,201,0,0.0,0.0,0,0,0,0,+,10,7,6,28,26,6,23,60,ref|NC_001136|,1146152,1146352
YDR338C,201,0,0.0,0.0,0,0,0,0,-,42,49,17,47,41,27,108,115,ref|NC_001136|,1149817,1149617
YDR339C,201,0,0.0,0.0,0,0,0,0,-,5,8,8,21,12,4,21,37,ref|NC_001136|,1150640,1150440
YDR342C,201,0,0.0,0.0,0,0,0,0,-,43,30,17,29,38,7,90,74,ref|NC_001136|,1156512,1156312
YDR343C,201,0,0.0,0.0,0,0,0,0,-,44,30,17,29,37,7,91,73,ref|NC_001136|,1161420,1161220
YDR348C,201,0,0.0,0.0,0,0,0,0,-,22,34,16,43,27,16,72,86,ref|NC_001136|,1172168,1171968
YDR322C-A,201,0,0.0,0.0,0,0,0,0,-,2,2,1,12,8,3,5,23,ref|NC_001136|,1112393,1112193
YDR349C,201,0,0.0,0.0,0,0,0,0,-,28,43,18,32,33,15,89,80,ref|NC_001136|,1174389,1174189
YDR351W,201,0,0.0,0.0,0,0,0,0,+,40,57,19,59,46,24,116,129,ref|NC_001136|,1178566,1178766
YDR354C-A,201,0,0.0,0.0,0,0,0,0,-,0,3,1,1,4,1,4,6,ref|NC_001136|,1185382,1185182
YDR355C,201,0,0.0,0.0,0,0,0,0,-,6,9,5,1,4,2,20,7,ref|NC_001136|,1186469,1186269
YDR357C,201,0,0.0,0.0,0,0,0,0,-,2,5,4,9,10,6,11,25,ref|NC_001136|,1189868,1189668
YDR359C,201,0,0.0,0.0,0,0,0,0,-,32,58,16,87,70,39,106,196,ref|NC_001136|,1194984,1194784
YDR360W,201,0,0.0,0.0,0,0,0,0,+,15,9,8,0,10,1,32,11,ref|NC_001136|,1194498,1194698
YDR361C,201,0,0.0,0.0,0,0,0,0,-,9,22,8,23,29,12,39,64,ref|NC_001136|,1196397,1196197
YDR363W,201,0,0.0,0.0,0,0,0,0,+,23,28,10,45,43,23,61,111,ref|NC_001136|,1198906,1199106
YDR364C,201,0,0.0,0.0,0,0,0,0,-,24,37,15,37,29,13,76,79,ref|NC_001136|,1204342,1204142
YDR365W-A,201,0,0.0,0.0,0,0,0,0,+,22,40,13,21,31,13,75,65,ref|NC_001136|,1206897,1207097
YDR365W-B,201,0,0.0,0.0,0,0,0,0,+,72,141,49,120,119,59,262,298,ref|NC_001136|,1206897,1207097
YDR366C,201,0,0.0,0.0,0,0,0,0,-,6,5,2,8,6,1,13,15,ref|NC_001136|,1212936,1212736
YDR323C,201,0,0.0,0.0,0,0,0,0,-,20,21,15,45,40,14,56,99,ref|NC_001136|,1114157,1113957
YDR321W,201,0,0.0,0.0,0,0,0,0,+,24,20,7,21,27,8,51,56,ref|NC_001136|,1108571,1108771
YDR280W,201,0,0.0,0.0,0,0,0,0,+,9,17,4,24,25,7,30,56,ref|NC_001136|,1019799,1019999
YDR300C,201,0,0.0,0.0,0,0,0,0,-,18,18,13,31,35,13,49,79,ref|NC_001136|,1062961,1062761
YDR281C,201,0,0.0,0.0,0,0,0,0,-,5,4,4,8,8,6,13,22,ref|NC_001136|,1022536,1022336
YDR282C,201,0,0.0,0.0,0,0,0,0,-,22,23,9,41,29,16,54,86,ref|NC_001136|,1024862,1024662
YDR283C,201,0,0.0,0.0,0,0,0,0,-,65,92,40,129,146,52,197,327,ref|NC_001136|,1030149,1029949
YDR284C,201,0,0.0,0.0,0,0,0,0,-,15,21,8,21,15,11,44,47,ref|NC_001136|,1031808,1031608
YDR289C,201,0,0.0,0.0,0,0,0,0,-,13,20,3,44,47,14,36,105,ref|NC_001136|,1039676,1039476
YDR290W,201,0,0.0,0.0,0,0,0,0,+,11,4,4,6,3,0,19,9,ref|NC_001136|,1039270,1039470
YDR291W,201,0,0.0,0.0,0,0,0,0,+,41,58,19,95,80,29,118,204,ref|NC_001136|,1039628,1039828
YDR292C,201,0,0.0,0.0,0,0,0,0,-,35,32,13,37,47,12,80,96,ref|NC_001136|,1045253,1045053
YDR293C,201,0,0.0,0.0,0,0,0,0,-,55,81,17,99,78,32,153,209,ref|NC_001136|,1049598,1049398
YDR294C,201,0,0.0,0.0,0,0,0,0,-,17,35,13,29,35,20,65,84,ref|NC_001136|,1052423,1052223
YDR297W,201,0,0.0,0.0,0,0,0,0,+,13,18,8,28,23,10,39,61,ref|NC_001136|,1056281,1056481
YDR298C,201,0,0.0,0.0,0,0,0,0,-,10,12,3,15,19,2,25,36,ref|NC_001136|,1059456,1059256
YDR299W,201,0,0.0,0.0,0,0,0,0,+,14,36,11,64,43,25,61,132,ref|NC_001136|,1059492,1059692
YDR301W,201,0,0.0,0.0,0,0,0,0,+,44,92,29,89,106,40,165,235,ref|NC_001136|,1063252,1063452
YDR318W,201,0,0.0,0.0,0,0,0,0,+,13,23,8,41,35,14,44,90,ref|NC_001136|,1103625,1103825
YDR302W,201,0,0.0,0.0,0,0,0,0,+,6,11,4,9,12,1,21,22,ref|NC_001136|,1067588,1067788
YDR304C,201,0,0.0,0.0,0,0,0,0,-,11,16,3,15,14,5,30,34,ref|NC_001136|,1072911,1072711
YDR305C,201,0,0.0,0.0,0,0,0,0,-,15,11,5,19,17,4,31,40,ref|NC_001136|,1074210,1074010
YDR307W,201,0,0.0,0.0,0,0,0,0,+,38,46,21,42,40,18,105,100,ref|NC_001136|,1075706,1075906
YDR309C,201,0,0.0,0.0,0,0,0,0,-,27,30,15,26,22,9,72,57,ref|NC_001136|,1080479,1080279
YDR310C,201,0,0.0,0.0,0,0,0,0,-,44,82,23,94,64,41,149,199,ref|NC_001136|,1084416,1084216
YDR311W,201,0,0.0,0.0,0,0,0,0,+,29,43,12,50,61,21,84,132,ref|NC_001136|,1084929,1085129
YDR312W,201,0,0.0,0.0,0,0,0,0,+,17,28,11,55,35,11,56,101,ref|NC_001136|,1087423,1087623
YDR313C,201,0,0.0,0.0,0,0,0,0,-,7,12,8,32,11,10,27,53,ref|NC_001136|,1090610,1090410
YDR315C,201,0,0.0,0.0,0,0,0,0,-,13,22,2,16,20,7,37,43,ref|NC_001136|,1093713,1093513
YDR316W-A,201,0,0.0,0.0,0,0,0,0,+,22,39,13,20,30,14,74,64,ref|NC_001136|,1095964,1096164
YDR316W-B,201,0,0.0,0.0,0,0,0,0,+,73,142,46,113,115,58,261,286,ref|NC_001136|,1095964,1096164
YDR317W,201,0,0.0,0.0,0,0,0,0,+,15,18,3,27,30,5,36,62,ref|NC_001136|,1102050,1102250
YEL004W,201,0,0.0,0.0,0,0,0,0,+,19,32,12,14,14,12,63,40,ref|NC_001137|,145989,146189
YEL002C,201,0,0.0,0.0,0,0,0,0,-,24,20,15,26,26,8,59,60,ref|NC_001137|,149372,149172
YEL001C,201,0,0.0,0.0,0,0,0,0,-,8,15,8,9,12,6,31,27,ref|NC_001137|,150308,150108
YGL216W,201,0,0.0,0.0,0,0,0,0,+,20,46,19,65,59,37,85,161,ref|NC_001139|,84785,84985
YGL244W,201,0,0.0,0.0,0,0,0,0,+,20,23,8,75,48,23,51,146,ref|NC_001139|,41323,41523
YGL243W,201,0,0.0,0.0,0,0,0,0,+,15,26,11,29,37,14,52,80,ref|NC_001139|,43183,43383
YGL239C,201,0,0.0,0.0,0,0,0,0,-,8,2,2,4,6,2,12,12,ref|NC_001139|,49845,49645
YGL237C,201,0,0.0,0.0,0,0,0,0,-,9,17,3,21,11,17,29,49,ref|NC_001139|,53722,53522
YGL232W,201,0,0.0,0.0,0,0,0,0,+,13,17,7,36,22,11,37,69,ref|NC_001139|,61912,62112
YGL231C,201,0,0.0,0.0,0,0,0,0,-,7,13,3,4,7,5,23,16,ref|NC_001139|,63732,63532
YGL229C,201,0,0.0,0.0,0,0,0,0,-,42,54,14,46,82,31,110,159,ref|NC_001139|,67300,67100
YGL226C-A,201,0,0.0,0.0,0,0,0,0,-,12,6,7,5,6,1,25,12,ref|NC_001139|,73258,73058
YGL226W,201,0,0.0,0.0,0,0,0,0,+,5,4,1,9,4,7,10,20,ref|NC_001139|,73235,73435
YGL224C,201,0,0.0,0.0,0,0,0,0,-,12,14,5,18,31,12,31,61,ref|NC_001139|,79084,78884
YGL221C,201,0,0.0,0.0,0,0,0,0,-,8,17,6,20,12,8,31,40,ref|NC_001139|,82411,82211
YGL220W,201,0,0.0,0.0,0,0,0,0,+,3,8,3,9,13,4,14,26,ref|NC_001139|,81662,81862
YGL219C,201,0,0.0,0.0,0,0,0,0,-,24,36,13,33,19,18,73,70,ref|NC_001139|,84423,84223
YGL214W,201,0,0.0,0.0,0,0,0,0,+,9,22,1,11,8,2,32,21,ref|NC_001139|,89910,90110
YGL247W,201,0,0.0,0.0,0,0,0,0,+,6,9,4,8,11,6,19,25,ref|NC_001139|,36813,37013
YGL213C,201,0,0.0,0.0,0,0,0,0,-,25,24,10,25,36,7,59,68,ref|NC_001139|,91383,91183
YGL208W,201,0,0.0,0.0,0,0,0,0,+,13,27,13,32,29,15,53,76,ref|NC_001139|,97188,97388
YGL201C,201,0,0.0,0.0,0,0,0,0,-,34,62,26,86,95,33,122,214,ref|NC_001139|,121074,120874
YGL199C,201,0,0.0,0.0,0,0,0,0,-,13,9,8,7,9,6,30,22,ref|NC_001139|,124142,123942
YGL197W,201,0,0.0,0.0,0,0,0,0,+,74,94,38,108,89,55,206,252,ref|NC_001139|,124598,124798
YGL195W,201,0,0.0,0.0,0,0,0,0,+,131,140,80,199,193,67,351,459,ref|NC_001139|,131425,131625
YGL194C-A,201,0,0.0,0.0,0,0,0,0,-,6,1,4,4,5,3,11,12,ref|NC_001139|,140061,139861
YGL193C,201,0,0.0,0.0,0,0,0,0,-,10,3,1,6,3,3,14,12,ref|NC_001139|,142445,142245
YGL184C,201,0,0.0,0.0,0,0,0,0,-,20,29,16,34,30,21,65,85,ref|NC_001139|,156160,155960
YGL180W,201,0,0.0,0.0,0,0,0,0,+,42,59,16,81,65,18,117,164,ref|NC_001139|,159402,159602
YGL176C,201,0,0.0,0.0,0,0,0,0,-,31,35,12,30,37,14,78,81,ref|NC_001139|,174061,173861
YGL175C,201,0,0.0,0.0,0,0,0,0,-,14,21,13,35,20,15,48,70,ref|NC_001139|,174464,174264
YGL173C,201,0,0.0,0.0,0,0,0,0,-,63,79,32,115,123,37,174,275,ref|NC_001139|,180213,180013
YGL246C,201,0,0.0,0.0,0,0,0,0,-,16,16,8,28,32,9,40,69,ref|NC_001139|,38951,38751
YGL248W,201,0,0.0,0.0,0,0,0,0,+,14,15,5,28,24,12,34,64,ref|NC_001139|,35431,35631
YGL170C,201,0,0.0,0.0,0,0,0,0,-,15,23,5,36,22,8,43,66,ref|NC_001139|,185494,185294
YFR032C-B,201,0,0.0,0.0,0,0,0,0,-,4,9,3,4,2,1,16,7,ref|NC_001138|,224073,223873
YFR008W,201,0,0.0,0.0,0,0,0,0,+,9,11,2,23,17,5,22,45,ref|NC_001138|,160096,160296
YFR009W-A,201,0,0.0,0.0,0,0,0,0,+,1,5,0,7,10,0,6,17,ref|NC_001138|,163775,163975
YFR010W,201,0,0.0,0.0,0,0,0,0,+,20,28,7,39,45,13,55,97,ref|NC_001138|,164875,165075
YFR010W-A,201,0,0.0,0.0,0,0,0,0,+,5,5,2,3,1,1,12,5,ref|NC_001138|,166628,166828
YFR012W,201,0,0.0,0.0,0,0,0,0,+,12,10,4,6,11,4,26,21,ref|NC_001138|,167788,167988
YFR019W,201,0,0.0,0.0,0,0,0,0,+,95,136,65,157,141,85,296,383,ref|NC_001138|,184402,184602
YFR020W,201,0,0.0,0.0,0,0,0,0,+,9,11,7,10,21,6,27,37,ref|NC_001138|,191694,191894
YFR022W,201,0,0.0,0.0,0,0,0,0,+,41,54,26,46,34,21,121,101,ref|NC_001138|,196465,196665
YFR023W,201,0,0.0,0.0,0,0,0,0,+,34,39,10,51,40,15,83,106,ref|NC_001138|,199774,199974
YFR025C,201,0,0.0,0.0,0,0,0,0,-,5,28,13,24,22,12,46,58,ref|NC_001138|,204890,204690
YFR026C,201,0,0.0,0.0,0,0,0,0,-,7,6,5,6,9,5,18,20,ref|NC_001138|,207325,207125
YFR032C,201,0,0.0,0.0,0,0,0,0,-,8,10,7,23,14,10,25,47,ref|NC_001138|,223136,222936
YFR032C-A,201,0,0.0,0.0,0,0,0,0,-,2,3,0,8,2,0,5,10,ref|NC_001138|,223537,223337
YFR038W,201,0,0.0,0.0,0,0,0,0,+,37,48,18,63,76,31,103,170,ref|NC_001138|,229262,229462
YGL249W,201,0,0.0,0.0,0,0,0,0,+,33,51,9,57,59,19,93,135,ref|NC_001139|,32998,33198
YFR040W,201,0,0.0,0.0,0,0,0,0,+,47,56,17,73,90,47,120,210,ref|NC_001138|,234142,234342
YFR041C,201,0,0.0,0.0,0,0,0,0,-,13,12,6,21,19,2,31,42,ref|NC_001138|,238400,238200
YFR042W,201,0,0.0,0.0,0,0,0,0,+,7,13,1,6,13,3,21,22,ref|NC_001138|,238313,238513
YFR048W,201,0,0.0,0.0,0,0,0,0,+,30,44,24,54,43,27,98,124,ref|NC_001138|,246008,246208
YFR057W,201,0,0.0,0.0,0,0,0,0,+,8,15,4,7,6,4,27,17,ref|NC_001138|,268961,269161
YGL263W,201,0,0.0,0.0,0,0,0,0,+,23,21,7,22,28,7,51,57,ref|NC_001139|,2678,2878
YGL261C,201,0,0.0,0.0,0,0,0,0,-,7,10,4,5,9,1,21,15,ref|NC_001139|,6752,6552
YGL259W,201,0,0.0,0.0,0,0,0,0,+,12,14,3,7,12,3,29,22,ref|NC_001139|,8370,8570
YGL258W-A,201,0,0.0,0.0,0,0,0,0,+,2,4,4,8,3,2,10,13,ref|NC_001139|,9062,9262
YGL258W,201,0,0.0,0.0,0,0,0,0,+,9,13,2,8,14,3,24,25,ref|NC_001139|,10343,10543
YGL255W,201,0,0.0,0.0,0,0,0,0,+,21,20,8,21,26,5,49,52,ref|NC_001139|,20562,20762
YGL251C,201,0,0.0,0.0,0,0,0,0,-,59,85,23,102,85,42,167,229,ref|NC_001139|,31736,31536
YGL250W,201,0,0.0,0.0,0,0,0,0,+,7,10,10,14,27,10,27,51,ref|NC_001139|,31775,31975
YGL171W,201,0,0.0,0.0,0,0,0,0,+,21,27,14,58,54,16,62,128,ref|NC_001139|,182274,182474
YGL168W,201,0,0.0,0.0,0,0,0,0,+,7,9,1,4,8,2,17,14,ref|NC_001139|,187364,187564
YER001W,201,0,0.0,0.0,0,0,0,0,+,28,39,17,64,51,30,84,145,ref|NC_001137|,152566,152766
YGL060W,201,0,0.0,0.0,0,0,0,0,+,44,36,7,38,51,21,87,110,ref|NC_001139|,389835,390035
YGL092W,201,0,0.0,0.0,0,0,0,0,+,57,74,29,85,94,32,160,211,ref|NC_001139|,337682,337882
YGL091C,201,0,0.0,0.0,0,0,0,0,-,10,14,5,25,20,13,29,58,ref|NC_001139|,343226,343026
YGL090W,201,0,0.0,0.0,0,0,0,0,+,21,21,11,54,42,13,53,109,ref|NC_001139|,343187,343387
YGL088W,201,0,0.0,0.0,0,0,0,0,+,10,2,6,4,6,2,18,12,ref|NC_001139|,345736,345936
YGL085W,201,0,0.0,0.0,0,0,0,0,+,10,15,6,20,17,7,31,44,ref|NC_001139|,349454,349654
YGL082W,201,0,0.0,0.0,0,0,0,0,+,14,18,11,27,21,9,43,57,ref|NC_001139|,355637,355837
YGL081W,201,0,0.0,0.0,0,0,0,0,+,12,9,13,38,29,14,34,81,ref|NC_001139|,357099,357299
YGL079W,201,0,0.0,0.0,0,0,0,0,+,11,14,7,18,24,8,32,50,ref|NC_001139|,359307,359507
YGL078C,201,0,0.0,0.0,0,0,0,0,-,23,21,8,55,39,6,52,100,ref|NC_001139|,362086,361886
YGL077C,201,0,0.0,0.0,0,0,0,0,-,33,30,18,17,31,10,81,58,ref|NC_001139|,364183,363983
YGL072C,201,0,0.0,0.0,0,0,0,0,-,6,6,10,1,4,3,22,8,ref|NC_001139|,371462,371262
YGL071W,201,0,0.0,0.0,0,0,0,0,+,30,55,18,43,41,29,103,113,ref|NC_001139|,371806,372006
YGL069C,201,0,0.0,0.0,0,0,0,0,-,6,10,5,8,9,2,21,19,ref|NC_001139|,375614,375414
YGL059W,201,0,0.0,0.0,0,0,0,0,+,14,33,10,33,30,15,57,78,ref|NC_001139|,392070,392270
YGL095C,201,0,0.0,0.0,0,0,0,0,-,21,26,10,49,47,13,57,109,ref|NC_001139|,330785,330585
YGL058W,201,0,0.0,0.0,0,0,0,0,+,3,10,3,13,22,10,16,45,ref|NC_001139|,393558,393758
YGL053W,201,0,0.0,0.0,0,0,0,0,+,13,15,7,10,14,12,35,36,ref|NC_001139|,402390,402590
YGL052W,201,0,0.0,0.0,0,0,0,0,+,4,10,3,6,5,3,17,14,ref|NC_001139|,403337,403537
YGL051W,201,0,0.0,0.0,0,0,0,0,+,10,15,9,11,11,12,34,34,ref|NC_001139|,403587,403787
YGL049C,201,0,0.0,0.0,0,0,0,0,-,28,45,16,93,73,35,89,201,ref|NC_001139|,409865,409665
YGL043W,201,0,0.0,0.0,0,0,0,0,+,14,17,3,28,18,5,34,51,ref|NC_001139|,417379,417579
YGL041C-B,201,0,0.0,0.0,0,0,0,0,-,10,0,4,0,2,4,14,6,ref|NC_001139|,418986,418786
YGL041C,201,0,0.0,0.0,0,0,0,0,-,6,6,3,6,2,2,15,10,ref|NC_001139|,419325,419125
YGL040C,201,0,0.0,0.0,0,0,0,0,-,18,18,7,18,29,9,43,56,ref|NC_001139|,420780,420580
YGL034C,201,0,0.0,0.0,0,0,0,0,-,7,1,4,9,4,5,12,18,ref|NC_001139|,433679,433479
YGL033W,201,0,0.0,0.0,0,0,0,0,+,12,16,3,26,25,9,31,60,ref|NC_001139|,435525,435725
YGL031C,201,0,0.0,0.0,0,0,0,0,-,13,8,3,23,8,2,24,33,ref|NC_001139|,438547,438347
YGL030W,201,0,0.0,0.0,0,0,0,0,+,12,11,4,8,13,2,27,23,ref|NC_001139|,438941,439141
YGL094C,201,0,0.0,0.0,0,0,0,0,-,42,62,33,82,84,36,137,202,ref|NC_001139|,334565,334365
YGL098W,201,0,0.0,0.0,0,0,0,0,+,8,15,5,15,21,9,28,45,ref|NC_001139|,317189,317389
YGL166W,201,0,0.0,0.0,0,0,0,0,+,9,14,9,13,19,9,32,41,ref|NC_001139|,190989,191189
YGL133W,201,0,0.0,0.0,0,0,0,0,+,49,73,28,120,92,55,150,267,ref|NC_001139|,257607,257807
YGL160W,201,0,0.0,0.0,0,0,0,0,+,36,37,15,41,40,19,88,100,ref|NC_001139|,200353,200553
YGL159W,201,0,0.0,0.0,0,0,0,0,+,21,23,7,17,34,8,51,59,ref|NC_001139|,202605,202805
YGL158W,201,0,0.0,0.0,0,0,0,0,+,14,25,21,38,30,25,60,93,ref|NC_001139|,206545,206745
YGL154C,201,0,0.0,0.0,0,0,0,0,-,12,16,12,14,21,7,40,42,ref|NC_001139|,216212,216012
YGL153W,201,0,0.0,0.0,0,0,0,0,+,7,8,11,32,26,17,26,75,ref|NC_001139|,216111,216311
YGL146C,201,0,0.0,0.0,0,0,0,0,-,12,16,11,15,26,16,39,57,ref|NC_001139|,229960,229760
YGL145W,201,0,0.0,0.0,0,0,0,0,+,26,60,8,39,51,18,94,108,ref|NC_001139|,230073,230273
YGL143C,201,0,0.0,0.0,0,0,0,0,-,20,20,7,36,33,17,47,86,ref|NC_001139|,236264,236064
YGL142C,201,0,0.0,0.0,0,0,0,0,-,33,37,20,32,32,20,90,84,ref|NC_001139|,238264,238064
YGL140C,201,0,0.0,0.0,0,0,0,0,-,46,55,31,76,101,26,132,203,ref|NC_001139|,245299,245099
YGL139W,201,0,0.0,0.0,0,0,0,0,+,44,62,23,35,41,20,129,96,ref|NC_001139|,245302,245502
YGL135W,201,0,0.0,0.0,0,0,0,0,+,17,14,5,21,17,6,36,44,ref|NC_001139|,254477,254677
YGL134W,201,0,0.0,0.0,0,0,0,0,+,15,20,10,33,39,12,45,84,ref|NC_001139|,255466,255666
YGL132W,201,0,0.0,0.0,0,0,0,0,+,6,7,6,4,3,4,19,11,ref|NC_001139|,261480,261680
YGL099W,201,0,0.0,0.0,0,0,0,0,+,20,30,17,57,44,16,67,117,ref|NC_001139|,314467,314667
YGL129C,201,0,0.0,0.0,0,0,0,0,-,16,31,8,22,31,12,55,65,ref|NC_001139|,269264,269064
YGL127C,201,0,0.0,0.0,0,0,0,0,-,4,10,6,6,6,6,20,18,ref|NC_001139|,270931,270731
YGL120C,201,0,0.0,0.0,0,0,0,0,-,27,37,21,69,58,22,85,149,ref|NC_001139|,284093,283893
YGL118C,201,0,0.0,0.0,0,0,0,0,-,4,8,0,8,11,1,12,20,ref|NC_001139|,288551,288351
YGL117W,201,0,0.0,0.0,0,0,0,0,+,9,18,6,15,21,7,33,43,ref|NC_001139|,288326,288526
YGL111W,201,0,0.0,0.0,0,0,0,0,+,14,18,17,33,33,15,49,81,ref|NC_001139|,299851,300051
YGL109W,201,0,0.0,0.0,0,0,0,0,+,10,8,4,4,4,1,22,9,ref|NC_001139|,303413,303613
YGL108C,201,0,0.0,0.0,0,0,0,0,-,1,6,3,18,9,6,10,33,ref|NC_001139|,304215,304015
YGL107C,201,0,0.0,0.0,0,0,0,0,-,30,34,15,44,47,27,79,118,ref|NC_001139|,306432,306232
YGL105W,201,0,0.0,0.0,0,0,0,0,+,14,20,10,33,24,14,44,71,ref|NC_001139|,307164,307364
YGL103W,201,0,0.0,0.0,0,0,0,0,+,13,20,11,27,17,4,44,48,ref|NC_001139|,308391,308591
YGL101W,201,0,0.0,0.0,0,0,0,0,+,7,9,6,15,24,7,22,46,ref|NC_001139|,312047,312247
YGL100W,201,0,0.0,0.0,0,0,0,0,+,16,25,5,24,26,10,46,60,ref|NC_001139|,313056,313256
YFR001W,201,0,0.0,0.0,0,0,0,0,+,11,8,3,31,15,8,22,54,ref|NC_001138|,148888,149088
YFL002W-A,201,0,0.0,0.0,0,0,0,0,+,74,132,45,121,125,57,251,303,ref|NC_001138|,138104,138304
YFL002W-B,201,0,0.0,0.0,0,0,0,0,+,21,42,7,22,29,10,70,61,ref|NC_001138|,138104,138304
YER101C,201,0,0.0,0.0,0,0,0,0,-,16,27,8,27,33,8,51,68,ref|NC_001137|,361171,360971
YER074W-A,201,0,0.0,0.0,0,0,0,0,+,3,9,1,10,12,3,13,25,ref|NC_001137|,306748,306948
YER075C,201,0,0.0,0.0,0,0,0,0,-,41,64,25,54,66,29,130,149,ref|NC_001137|,310494,310294
YER076W-A,201,0,0.0,0.0,0,0,0,0,+,7,8,2,8,7,1,17,16,ref|NC_001137|,312485,312685
YER077C,201,0,0.0,0.0,0,0,0,0,-,28,44,12,55,55,16,84,126,ref|NC_001137|,316073,315873
YER078C,201,0,0.0,0.0,0,0,0,0,-,18,24,12,34,34,20,54,88,ref|NC_001137|,317847,317647
YER078W-A,201,0,0.0,0.0,0,0,0,0,+,6,5,1,1,0,1,12,2,ref|NC_001137|,317741,317941
YER079W,201,0,0.0,0.0,0,0,0,0,+,12,17,4,15,13,8,33,36,ref|NC_001137|,317934,318134
YER083C,201,0,0.0,0.0,0,0,0,0,-,12,16,6,18,13,5,34,36,ref|NC_001137|,326359,326159
YER084W,201,0,0.0,0.0,0,0,0,0,+,9,15,0,5,2,0,24,7,ref|NC_001137|,326160,326360
YER092W,201,0,0.0,0.0,0,0,0,0,+,4,5,1,12,14,4,10,30,ref|NC_001137|,341941,342141
YER093C,201,0,0.0,0.0,0,0,0,0,-,65,104,40,101,85,62,209,248,ref|NC_001137|,346907,346707
YER093C-A,201,0,0.0,0.0,0,0,0,0,-,3,9,3,11,8,7,15,26,ref|NC_001137|,347695,347495
YER094C,201,0,0.0,0.0,0,0,0,0,-,9,7,12,14,18,11,28,43,ref|NC_001137|,348971,348771
YER103W,201,0,0.0,0.0,0,0,0,0,+,25,23,21,48,56,25,69,129,ref|NC_001137|,362948,363148
YER068C-A,201,0,0.0,0.0,0,0,0,0,-,12,8,2,8,10,3,22,21,ref|NC_001137|,295027,294827
YER105C,201,0,0.0,0.0,0,0,0,0,-,72,75,38,92,91,46,185,229,ref|NC_001137|,371327,371127
YER106W,201,0,0.0,0.0,0,0,0,0,+,9,12,5,31,24,8,26,63,ref|NC_001137|,371421,371621
YER110C,201,0,0.0,0.0,0,0,0,0,-,64,62,23,77,83,40,149,200,ref|NC_001137|,381539,381339
YER111C,201,0,0.0,0.0,0,0,0,0,-,42,87,26,68,79,35,155,182,ref|NC_001137|,385171,384971
YER112W,201,0,0.0,0.0,0,0,0,0,+,6,10,1,12,9,4,17,25,ref|NC_001137|,386226,386426
YER113C,201,0,0.0,0.0,0,0,0,0,-,21,46,12,39,40,21,79,100,ref|NC_001137|,389502,389302
YER114C,201,0,0.0,0.0,0,0,0,0,-,47,61,28,93,61,34,136,188,ref|NC_001137|,393007,392807
YER115C,201,0,0.0,0.0,0,0,0,0,-,8,11,3,11,13,1,22,25,ref|NC_001137|,395113,394913
YER119C-A,201,0,0.0,0.0,0,0,0,0,-,5,7,4,10,1,7,16,18,ref|NC_001137|,400533,400333
YER120W,201,0,0.0,0.0,0,0,0,0,+,7,12,2,20,15,4,21,39,ref|NC_001137|,400142,400342
YER124C,201,0,0.0,0.0,0,0,0,0,-,30,30,9,32,51,16,69,99,ref|NC_001137|,408398,408198
YER127W,201,0,0.0,0.0,0,0,0,0,+,14,15,10,41,25,14,39,80,ref|NC_001137|,413552,413752
YER128W,201,0,0.0,0.0,0,0,0,0,+,11,7,3,20,9,8,21,37,ref|NC_001137|,414949,415149
YER074W,201,0,0.0,0.0,0,0,0,0,+,13,9,11,25,15,6,33,46,ref|NC_001137|,305341,305541
YER067W,201,0,0.0,0.0,0,0,0,0,+,3,9,5,11,18,6,17,35,ref|NC_001137|,290882,291082
YFL003C,201,0,0.0,0.0,0,0,0,0,-,39,50,20,61,60,26,109,147,ref|NC_001138|,137257,137057
YER040W,201,0,0.0,0.0,0,0,0,0,+,30,63,24,38,31,28,117,97,ref|NC_001137|,228805,229005
YER002W,201,0,0.0,0.0,0,0,0,0,+,6,3,2,32,23,9,11,64,ref|NC_001137|,155464,155664
YER007C-A,201,0,0.0,0.0,0,0,0,0,-,5,22,5,18,19,9,32,46,ref|NC_001137|,166180,165980
YER014C-A,201,0,0.0,0.0,0,0,0,0,-,18,19,12,11,15,9,49,35,ref|NC_001137|,183995,183795
YER015W,201,0,0.0,0.0,0,0,0,0,+,30,33,27,46,46,24,90,116,ref|NC_001137|,183636,183836
YER019C-A,201,0,0.0,0.0,0,0,0,0,-,6,6,3,5,3,3,15,11,ref|NC_001137|,193834,193634
YER022W,201,0,0.0,0.0,0,0,0,0,+,23,36,17,58,62,29,76,149,ref|NC_001137|,197871,198071
YER023W,201,0,0.0,0.0,0,0,0,0,+,8,12,4,18,22,8,24,48,ref|NC_001137|,200092,200292
YER025W,201,0,0.0,0.0,0,0,0,0,+,16,35,20,36,41,12,71,89,ref|NC_001137|,204288,204488
YER026C,201,0,0.0,0.0,0,0,0,0,-,14,14,6,18,18,7,34,43,ref|NC_001137|,207834,207634
YER027C,201,0,0.0,0.0,0,0,0,0,-,8,26,12,23,36,21,46,80,ref|NC_001137|,209603,209403
YER028C,201,0,0.0,0.0,0,0,0,0,-,21,29,6,25,25,15,56,65,ref|NC_001137|,211239,211039
YER031C,201,0,0.0,0.0,0,0,0,0,-,6,15,4,13,15,7,25,35,ref|NC_001137|,214077,213877
YER032W,201,0,0.0,0.0,0,0,0,0,+,40,60,26,68,64,33,126,165,ref|NC_001137|,214058,214258
YER042W,201,0,0.0,0.0,0,0,0,0,+,6,7,4,16,13,1,17,30,ref|NC_001137|,233936,234136
YER066C-A,201,0,0.0,0.0,0,0,0,0,-,7,13,3,10,7,5,23,22,ref|NC_001137|,291498,291298
YER043C,201,0,0.0,0.0,0,0,0,0,-,18,24,15,28,29,13,57,70,ref|NC_001137|,236516,236316
YER045C,201,0,0.0,0.0,0,0,0,0,-,27,29,8,25,26,17,64,68,ref|NC_001137|,241096,240896
YER046W-A,201,0,0.0,0.0,0,0,0,0,+,6,7,4,5,6,2,17,13,ref|NC_001137|,242795,242995
YER048W-A,201,0,0.0,0.0,0,0,0,0,+,4,8,1,10,4,1,13,15,ref|NC_001137|,249813,250013
YER050C,201,0,0.0,0.0,0,0,0,0,-,4,10,4,17,5,5,18,27,ref|NC_001137|,253739,253539
YER051W,201,0,0.0,0.0,0,0,0,0,+,19,33,6,31,43,12,58,86,ref|NC_001137|,253738,253938
YER052C,201,0,0.0,0.0,0,0,0,0,-,26,31,17,31,48,8,74,87,ref|NC_001137|,257363,257163
YER054C,201,0,0.0,0.0,0,0,0,0,-,10,31,8,49,38,16,49,103,ref|NC_001137|,262993,262793
YER056C,201,0,0.0,0.0,0,0,0,0,-,33,29,13,24,26,8,75,58,ref|NC_001137|,268638,268438
YER057C,201,0,0.0,0.0,0,0,0,0,-,3,9,1,6,11,1,13,18,ref|NC_001137|,270833,270633
YER059W,201,0,0.0,0.0,0,0,0,0,+,18,32,8,25,32,16,58,73,ref|NC_001137|,271537,271737
YER060W-A,201,0,0.0,0.0,0,0,0,0,+,23,28,18,22,28,11,69,61,ref|NC_001137|,275667,275867
YER064C,201,0,0.0,0.0,0,0,0,0,-,26,37,11,41,41,13,74,95,ref|NC_001137|,283601,283401
YER130C,201,0,0.0,0.0,0,0,0,0,-,28,26,8,32,36,23,62,91,ref|NC_001137|,421837,421637
YER132C,201,0,0.0,0.0,0,0,0,0,-,93,126,49,125,88,64,268,277,ref|NC_001137|,429744,429544
YER133W-A,201,0,0.0,0.0,0,0,0,0,+,14,10,3,3,6,3,27,12,ref|NC_001137|,436286,436486
YFL036W,201,0,0.0,0.0,0,0,0,0,+,52,88,28,104,111,31,168,246,ref|NC_001138|,58682,58882
YFL066C,201,0,0.0,0.0,0,0,0,0,-,21,17,8,23,31,13,46,67,ref|NC_001138|,2715,2515
YFL065C,201,0,0.0,0.0,0,0,0,0,-,4,3,2,6,9,5,9,20,ref|NC_001138|,3438,3238
YFL064C,201,0,0.0,0.0,0,0,0,0,-,8,13,3,7,14,13,24,34,ref|NC_001138|,3946,3746
YFL063W,201,0,0.0,0.0,0,0,0,0,+,7,14,1,0,3,0,22,3,ref|NC_001138|,4966,5166
YFL061W,201,0,0.0,0.0,0,0,0,0,+,5,16,5,15,13,6,26,34,ref|NC_001138|,9445,9645
YFL059W,201,0,0.0,0.0,0,0,0,0,+,4,17,10,22,25,9,31,56,ref|NC_001138|,11263,11463
YFL058W,201,0,0.0,0.0,0,0,0,0,+,20,17,10,31,25,13,47,69,ref|NC_001138|,12829,13029
YFL056C,201,0,0.0,0.0,0,0,0,0,-,20,19,12,21,27,10,51,58,ref|NC_001138|,15531,15331
YFL053W,201,0,0.0,0.0,0,0,0,0,+,41,23,21,28,37,25,85,90,ref|NC_001138|,23323,23523
YFL050C,201,0,0.0,0.0,0,0,0,0,-,34,49,22,68,69,26,105,163,ref|NC_001138|,35948,35748
YFL048C,201,0,0.0,0.0,0,0,0,0,-,18,32,6,31,37,13,56,81,ref|NC_001138|,40322,40122
YFL047W,201,0,0.0,0.0,0,0,0,0,+,28,46,14,63,55,24,88,142,ref|NC_001138|,40303,40503
YFL037W,201,0,0.0,0.0,0,0,0,0,+,36,24,12,33,37,20,72,90,ref|NC_001138|,56136,56336
YFL031C-A,201,0,0.0,0.0,0,0,0,0,-,2,2,1,2,2,0,5,4,ref|NC_001138|,76215,76015
YER137C,201,0,0.0,0.0,0,0,0,0,-,1,13,0,14,12,6,14,32,ref|NC_001137|,441214,441014
YFL029C,201,0,0.0,0.0,0,0,0,0,-,11,22,9,29,19,14,42,62,ref|NC_001138|,79315,79115
YFL026W,201,0,0.0,0.0,0,0,0,0,+,19,40,9,24,28,11,68,63,ref|NC_001138|,82480,82680
YFL018C,201,0,0.0,0.0,0,0,0,0,-,13,35,13,39,26,14,61,79,ref|NC_001138|,103318,103118
YFL017W-A,201,0,0.0,0.0,0,0,0,0,+,5,1,1,8,6,2,7,16,ref|NC_001138|,103599,103799
YFL017C,201,0,0.0,0.0,0,0,0,0,-,2,10,3,10,12,8,15,30,ref|NC_001138|,104570,104370
YFL015W-A,201,0,0.0,0.0,0,0,0,0,+,9,2,3,5,7,2,14,14,ref|NC_001138|,106315,106515
YFL015C,201,0,0.0,0.0,0,0,0,0,-,12,8,2,9,2,3,22,14,ref|NC_001138|,107063,106863
YFL014W,201,0,0.0,0.0,0,0,0,0,+,6,5,4,9,10,5,15,24,ref|NC_001138|,106730,106930
YFL013W-A,201,0,0.0,0.0,0,0,0,0,+,33,23,9,6,14,9,65,29,ref|NC_001138|,107699,107899
YFL013C,201,0,0.0,0.0,0,0,0,0,-,22,39,21,67,56,30,82,153,ref|NC_001138|,110115,109915
YFL010W-A,201,0,0.0,0.0,0,0,0,0,+,6,11,5,2,3,4,22,9,ref|NC_001138|,114890,115090
YFL010C,201,0,0.0,0.0,0,0,0,0,-,6,12,5,9,15,5,23,29,ref|NC_001138|,115860,115660
YFL008W,201,0,0.0,0.0,0,0,0,0,+,57,61,22,132,98,39,140,269,ref|NC_001138|,119329,119529
YFL067W,201,0,0.0,0.0,0,0,0,0,+,4,5,8,1,9,0,17,10,ref|NC_001138|,736,936
YFL068W,201,0,0.0,0.0,0,0,0,0,+,18,5,9,4,6,4,32,14,ref|NC_001138|,-47,153
YER190C-B,201,0,0.0,0.0,0,0,0,0,-,17,5,9,4,6,4,31,14,ref|NC_001137|,575457,575257
YER190C-A,201,0,0.0,0.0,0,0,0,0,-,4,7,8,1,7,0,19,8,ref|NC_001137|,574674,574474
YER138C,201,0,0.0,0.0,0,0,0,0,-,74,141,47,118,120,62,262,300,ref|NC_001137|,448319,448119
YER137C-A,201,0,0.0,0.0,0,0,0,0,-,22,40,13,21,31,13,75,65,ref|NC_001137|,448319,448119
YER138W-A,201,0,0.0,0.0,0,0,0,0,+,2,0,1,4,1,1,3,6,ref|NC_001137|,448569,448769
YER143W,201,0,0.0,0.0,0,0,0,0,+,9,17,7,36,24,17,33,77,ref|NC_001137|,455356,455556
YER147C,201,0,0.0,0.0,0,0,0,0,-,26,27,17,35,44,31,70,110,ref|NC_001137|,464177,463977
YER147C-A,201,0,0.0,0.0,0,0,0,0,-,15,6,2,5,4,1,23,10,ref|NC_001137|,464908,464708
YER150W,201,0,0.0,0.0,0,0,0,0,+,11,7,6,6,4,7,24,17,ref|NC_001137|,466810,467010
YER154W,201,0,0.0,0.0,0,0,0,0,+,20,30,20,25,15,11,70,51,ref|NC_001137|,473406,473606
YER157W,201,0,0.0,0.0,0,0,0,0,+,37,55,14,72,64,28,106,164,ref|NC_001137|,483867,484067
YER159C,201,0,0.0,0.0,0,0,0,0,-,2,2,3,13,6,8,7,27,ref|NC_001137|,491436,491236
YER160C,201,0,0.0,0.0,0,0,0,0,-,70,142,46,118,110,61,258,289,ref|NC_001137|,497419,497219
YER159C-A,201,0,0.0,0.0,0,0,0,0,-,22,39,13,20,30,14,74,64,ref|NC_001137|,497419,497219
YER161C,201,0,0.0,0.0,0,0,0,0,-,8,19,3,41,27,11,30,79,ref|NC_001137|,499711,499511
YER164W,201,0,0.0,0.0,0,0,0,0,+,58,71,37,150,124,55,166,329,ref|NC_001137|,504487,504687
YER165C-A,201,0,0.0,0.0,0,0,0,0,-,8,13,2,1,7,1,23,9,ref|NC_001137|,512278,512078
YER167W,201,0,0.0,0.0,0,0,0,0,+,41,66,27,60,39,32,134,131,ref|NC_001137|,516885,517085
YER169W,201,0,0.0,0.0,0,0,0,0,+,54,46,20,59,38,24,120,121,ref|NC_001137|,522174,522374
YER174C,201,0,0.0,0.0,0,0,0,0,-,11,14,3,22,19,6,28,47,ref|NC_001137|,538615,538415
YER175C,201,0,0.0,0.0,0,0,0,0,-,12,17,8,31,22,7,37,60,ref|NC_001137|,540746,540546
YER176W,201,0,0.0,0.0,0,0,0,0,+,36,69,24,104,60,35,129,199,ref|NC_001137|,540765,540965
YER180C,201,0,0.0,0.0,0,0,0,0,-,12,18,7,17,25,11,37,53,ref|NC_001137|,550390,550190
YER184C,201,0,0.0,0.0,0,0,0,0,-,38,42,24,45,54,23,104,122,ref|NC_001137|,558049,557849
YER185W,201,0,0.0,0.0,0,0,0,0,+,18,19,11,9,17,11,48,37,ref|NC_001137|,558056,558256
YER188W,201,0,0.0,0.0,0,0,0,0,+,5,23,4,12,15,7,32,34,ref|NC_001137|,566820,567020
YER188C-A,201,0,0.0,0.0,0,0,0,0,-,5,12,1,0,0,2,18,2,ref|NC_001137|,569202,569002
YER189W,201,0,0.0,0.0,0,0,0,0,+,5,9,3,4,10,7,17,21,ref|NC_001137|,570250,570450
YER190W,201,0,0.0,0.0,0,0,0,0,+,59,76,46,106,105,88,181,299,ref|NC_001137|,570575,570775
YDR125C,201,0,0.0,0.0,0,0,0,0,-,22,22,8,29,24,11,52,64,ref|NC_001136|,702858,702658
YDR122W,201,0,0.0,0.0,0,0,0,0,+,45,61,27,97,59,44,133,200,ref|NC_001136|,694600,694800
YGL028C,201,0,0.0,0.0,0,0,0,0,-,56,31,15,7,39,13,102,59,ref|NC_001139|,443416,443216
YBR124W,201,0,0.0,0.0,0,0,0,0,+,12,4,2,11,3,4,18,18,ref|NC_001134|,486407,486607
YBR103C-A,201,0,0.0,0.0,0,0,0,0,-,2,5,1,3,2,3,8,8,ref|NC_001134|,449563,449363
YBR106W,201,0,0.0,0.0,0,0,0,0,+,10,16,5,11,15,8,31,34,ref|NC_001134|,452552,452752
YBR107C,201,0,0.0,0.0,0,0,0,0,-,6,13,3,15,16,13,22,44,ref|NC_001134|,454679,454479
YBR108W,201,0,0.0,0.0,0,0,0,0,+,39,49,25,62,48,23,113,133,ref|NC_001134|,454643,454843
YBR109W-A,201,0,0.0,0.0,0,0,0,0,+,6,9,1,2,5,1,16,8,ref|NC_001134|,458508,458708
YBR110W,201,0,0.0,0.0,0,0,0,0,+,11,29,7,21,35,14,47,70,ref|NC_001134|,458514,458714
YBR112C,201,0,0.0,0.0,0,0,0,0,-,41,58,10,59,34,19,109,112,ref|NC_001134|,466045,465845
YBR113W,201,0,0.0,0.0,0,0,0,0,+,5,5,4,9,9,1,14,19,ref|NC_001134|,465466,465666
YBR114W,201,0,0.0,0.0,0,0,0,0,+,25,54,14,67,61,33,93,161,ref|NC_001134|,467060,467260
YBR117C,201,0,0.0,0.0,0,0,0,0,-,32,33,18,36,39,30,83,105,ref|NC_001134|,476537,476337
YBR120C,201,0,0.0,0.0,0,0,0,0,-,7,9,3,13,8,3,19,24,ref|NC_001134|,481171,480971
YBR122C,201,0,0.0,0.0,0,0,0,0,-,10,11,3,19,12,6,24,37,ref|NC_001134|,485161,484961
YBR123C,201,0,0.0,0.0,0,0,0,0,-,20,40,13,63,47,20,73,130,ref|NC_001134|,486854,486654
YBR125C,201,0,0.0,0.0,0,0,0,0,-,13,23,12,24,19,18,48,61,ref|NC_001134|,488676,488476
YBR102C,201,0,0.0,0.0,0,0,0,0,-,28,49,12,65,47,23,89,135,ref|NC_001134|,447458,447258
YBR127C,201,0,0.0,0.0,0,0,0,0,-,24,24,15,56,44,16,63,116,ref|NC_001134|,493086,492886
YBR128C,201,0,0.0,0.0,0,0,0,0,-,11,15,7,24,25,11,33,60,ref|NC_001134|,494268,494068
YBR130C,201,0,0.0,0.0,0,0,0,0,-,23,27,7,41,29,13,57,83,ref|NC_001134|,497038,496838
YBR131C-A,201,0,0.0,0.0,0,0,0,0,-,2,0,1,1,2,1,3,4,ref|NC_001134|,497839,497639
YBR133C,201,0,0.0,0.0,0,0,0,0,-,48,47,22,58,43,33,117,134,ref|NC_001134|,504546,504346
YBR134W,201,0,0.0,0.0,0,0,0,0,+,4,7,4,5,6,4,15,15,ref|NC_001134|,504143,504343
YBR135W,201,0,0.0,0.0,0,0,0,0,+,4,10,4,9,7,8,18,24,ref|NC_001134|,504651,504851
YBR138C,201,0,0.0,0.0,0,0,0,0,-,20,31,12,39,36,17,63,92,ref|NC_001134|,515436,515236
YBR140C,201,0,0.0,0.0,0,0,0,0,-,165,226,70,197,216,86,461,499,ref|NC_001134|,526728,526528
YBR141C,201,0,0.0,0.0,0,0,0,0,-,7,23,11,26,18,12,41,56,ref|NC_001134|,528183,527983
YBR148W,201,0,0.0,0.0,0,0,0,0,+,23,29,7,56,60,24,59,140,ref|NC_001134|,537776,537976
YBR150C,201,0,0.0,0.0,0,0,0,0,-,50,74,21,81,106,37,145,224,ref|NC_001134|,544593,544393
YBR157C,201,0,0.0,0.0,0,0,0,0,-,14,28,4,21,15,8,46,44,ref|NC_001134|,555260,555060
YBR103W,201,0,0.0,0.0,0,0,0,0,+,23,35,8,40,40,15,66,95,ref|NC_001134|,447396,447596
YBR099C,201,0,0.0,0.0,0,0,0,0,-,14,6,6,3,9,0,26,12,ref|NC_001134|,443407,443207
YBR166C,201,0,0.0,0.0,0,0,0,0,-,18,25,13,30,33,13,56,76,ref|NC_001134|,571379,571179
YBR064W,201,0,0.0,0.0,0,0,0,0,+,14,8,7,4,6,1,29,11,ref|NC_001134|,367663,367863
YBR030W,201,0,0.0,0.0,0,0,0,0,+,19,36,23,52,37,25,78,114,ref|NC_001134|,297920,298120
YBR033W,201,0,0.0,0.0,0,0,0,0,+,28,58,31,44,53,31,117,128,ref|NC_001134|,301844,302044
YBR040W,201,0,0.0,0.0,0,0,0,0,+,17,23,5,11,16,2,45,29,ref|NC_001134|,316868,317068
YBR041W,201,0,0.0,0.0,0,0,0,0,+,29,29,8,41,47,12,66,100,ref|NC_001134|,318057,318257
YBR043C,201,0,0.0,0.0,0,0,0,0,-,31,35,18,48,40,23,84,111,ref|NC_001134|,324194,323994
YBR044C,201,0,0.0,0.0,0,0,0,0,-,22,31,10,31,41,21,63,93,ref|NC_001134|,326242,326042
YBR049C,201,0,0.0,0.0,0,0,0,0,-,32,60,15,73,73,36,107,182,ref|NC_001134|,337067,336867
YBR052C,201,0,0.0,0.0,0,0,0,0,-,4,9,5,15,12,9,18,36,ref|NC_001134|,339523,339323
YBR055C,201,0,0.0,0.0,0,0,0,0,-,31,41,12,87,63,24,84,174,ref|NC_001134|,347422,347222
YBR056W-A,201,0,0.0,0.0,0,0,0,0,+,3,4,0,2,3,3,7,8,ref|NC_001134|,351155,351355
YBR057C,201,0,0.0,0.0,0,0,0,0,-,9,32,10,26,27,12,51,65,ref|NC_001134|,353505,353305
YBR058C,201,0,0.0,0.0,0,0,0,0,-,26,40,15,61,50,22,81,133,ref|NC_001134|,356191,355991
YBR060C,201,0,0.0,0.0,0,0,0,0,-,27,32,16,56,40,19,75,115,ref|NC_001134|,362738,362538
YBR065C,201,0,0.0,0.0,0,0,0,0,-,10,26,8,21,31,9,44,61,ref|NC_001134|,369813,369613
YBR097W,201,0,0.0,0.0,0,0,0,0,+,68,89,24,103,98,36,181,237,ref|NC_001134|,436851,437051
YBR067C,201,0,0.0,0.0,0,0,0,0,-,32,11,7,5,12,7,50,24,ref|NC_001134|,373220,373020
YBR070C,201,0,0.0,0.0,0,0,0,0,-,11,12,8,12,14,6,31,32,ref|NC_001134|,380080,379880
YBR072C-A,201,0,0.0,0.0,0,0,0,0,-,0,1,2,7,1,3,3,11,ref|NC_001134|,383121,382921
YBR074W,201,0,0.0,0.0,0,0,0,0,+,49,68,23,49,55,31,140,135,ref|NC_001134|,386181,386381
YBR076W,201,0,0.0,0.0,0,0,0,0,+,15,18,4,19,20,16,37,55,ref|NC_001134|,390127,390327
YBR080C,201,0,0.0,0.0,0,0,0,0,-,23,47,20,57,56,21,90,134,ref|NC_001134|,401026,400826
YBR081C,201,0,0.0,0.0,0,0,0,0,-,40,72,25,130,122,48,137,300,ref|NC_001134|,405351,405151
YBR083W,201,0,0.0,0.0,0,0,0,0,+,18,37,14,39,26,13,69,78,ref|NC_001134|,408847,409047
YBR085C-A,201,0,0.0,0.0,0,0,0,0,-,6,7,1,4,6,3,14,13,ref|NC_001134|,419264,419064
YBR089C-A,201,0,0.0,0.0,0,0,0,0,-,3,2,0,14,7,2,5,23,ref|NC_001134|,426589,426389
YBR091C,201,0,0.0,0.0,0,0,0,0,-,6,4,7,8,7,7,17,22,ref|NC_001134|,427625,427425
YBR095C,201,0,0.0,0.0,0,0,0,0,-,21,19,10,38,39,17,50,94,ref|NC_001134|,435872,435672
YBR096W,201,0,0.0,0.0,0,0,0,0,+,14,17,5,15,14,5,36,34,ref|NC_001134|,435860,436060
YBR163W,201,0,0.0,0.0,0,0,0,0,+,24,39,12,43,42,22,75,107,ref|NC_001134|,565511,565711
YBR167C,201,0,0.0,0.0,0,0,0,0,-,6,6,3,14,9,5,15,28,ref|NC_001134|,572602,572402
YBR028C,201,0,0.0,0.0,0,0,0,0,-,23,31,8,42,41,15,62,98,ref|NC_001134|,296162,295962
YBR265W,201,0,0.0,0.0,0,0,0,0,+,6,19,8,17,23,9,33,49,ref|NC_001134|,738010,738210
YBR233W-A,201,0,0.0,0.0,0,0,0,0,+,7,3,3,10,3,0,13,13,ref|NC_001134|,684877,685077
YBR235W,201,0,0.0,0.0,0,0,0,0,+,55,78,34,50,60,38,167,148,ref|NC_001134|,686733,686933
YBR239C,201,0,0.0,0.0,0,0,0,0,-,24,30,12,35,22,21,66,78,ref|NC_001134|,700205,700005
YBR241C,201,0,0.0,0.0,0,0,0,0,-,28,29,22,15,20,22,79,57,ref|NC_001134|,704274,704074
YBR242W,201,0,0.0,0.0,0,0,0,0,+,8,11,12,13,20,13,31,46,ref|NC_001134|,704421,704621
YBR245C,201,0,0.0,0.0,0,0,0,0,-,44,63,25,126,85,28,132,239,ref|NC_001134|,711639,711439
YBR246W,201,0,0.0,0.0,0,0,0,0,+,12,29,13,18,32,14,54,64,ref|NC_001134|,711433,711633
YBR252W,201,0,0.0,0.0,0,0,0,0,+,4,10,7,7,6,6,21,19,ref|NC_001134|,722493,722693
YBR253W,201,0,0.0,0.0,0,0,0,0,+,2,3,6,11,18,8,11,37,ref|NC_001134|,723100,723300
YBR254C,201,0,0.0,0.0,0,0,0,0,-,4,8,6,11,9,7,18,27,ref|NC_001134|,724376,724176
YBR255W,201,0,0.0,0.0,0,0,0,0,+,15,51,15,60,53,23,81,136,ref|NC_001134|,724320,724520
YBR256C,201,0,0.0,0.0,0,0,0,0,-,8,20,4,21,14,7,32,42,ref|NC_001134|,728214,728014
YBR262C,201,0,0.0,0.0,0,0,0,0,-,7,3,3,10,5,5,13,20,ref|NC_001134|,736184,735984
YBR267W,201,0,0.0,0.0,0,0,0,0,+,12,8,12,42,22,25,32,89,ref|NC_001134|,739574,739774
YBR229C,201,0,0.0,0.0,0,0,0,0,-,42,66,25,55,67,38,133,160,ref|NC_001134|,679350,679150
YBR266C,201,0,0.0,0.0,0,0,0,0,-,18,11,4,4,2,2,33,8,ref|NC_001134|,740488,740288
YBR269C,201,0,0.0,0.0,0,0,0,0,-,3,5,8,12,7,7,16,26,ref|NC_001134|,742747,742547
YBR270C,201,0,0.0,0.0,0,0,0,0,-,28,32,10,27,32,21,70,80,ref|NC_001134|,744498,744298
YBR275C,201,0,0.0,0.0,0,0,0,0,-,75,130,30,141,146,57,235,344,ref|NC_001134|,757206,757006
YBR280C,201,0,0.0,0.0,0,0,0,0,-,17,40,14,41,33,18,71,92,ref|NC_001134|,764800,764600
YBR281C,201,0,0.0,0.0,0,0,0,0,-,48,64,14,54,60,24,126,138,ref|NC_001134|,767724,767524
YBR282W,201,0,0.0,0.0,0,0,0,0,+,4,6,3,13,4,6,13,23,ref|NC_001134|,767337,767537
YBR286W,201,0,0.0,0.0,0,0,0,0,+,24,28,15,33,37,24,67,94,ref|NC_001134|,774572,774772
YBR287W,201,0,0.0,0.0,0,0,0,0,+,25,23,10,19,27,7,58,53,ref|NC_001134|,776380,776580
YBR288C,201,0,0.0,0.0,0,0,0,0,-,20,28,11,29,38,7,59,74,ref|NC_001134|,780019,779819
YBR289W,201,0,0.0,0.0,0,0,0,0,+,20,48,16,64,42,21,84,127,ref|NC_001134|,779553,779753
YBR292C,201,0,0.0,0.0,0,0,0,0,-,8,10,4,8,4,1,22,13,ref|NC_001134|,785173,784973
YBR294W,201,0,0.0,0.0,0,0,0,0,+,40,52,28,39,61,20,120,120,ref|NC_001134|,789135,789335
YBR231C,201,0,0.0,0.0,0,0,0,0,-,10,10,9,25,16,21,29,62,ref|NC_001134|,683245,683045
YBR228W,201,0,0.0,0.0,0,0,0,0,+,6,12,9,20,29,14,27,63,ref|NC_001134|,675213,675413
YBR168W,201,0,0.0,0.0,0,0,0,0,+,17,21,6,25,23,12,44,60,ref|NC_001134|,572271,572471
YBR203W,201,0,0.0,0.0,0,0,0,0,+,62,64,20,59,64,34,146,157,ref|NC_001134|,629068,629268
YBR171W,201,0,0.0,0.0,0,0,0,0,+,11,11,1,19,18,6,23,43,ref|NC_001134|,578230,578430
YBR172C,201,0,0.0,0.0,0,0,0,0,-,34,45,15,54,43,19,94,116,ref|NC_001134|,581601,581401
YBR174C,201,0,0.0,0.0,0,0,0,0,-,5,5,3,5,8,1,13,14,ref|NC_001134|,583525,583325
YBR177C,201,0,0.0,0.0,0,0,0,0,-,17,24,16,31,25,12,57,68,ref|NC_001134|,586308,586108
YBR179C,201,0,0.0,0.0,0,0,0,0,-,33,61,12,55,68,25,106,148,ref|NC_001134|,589279,589079
YBR180W,201,0,0.0,0.0,0,0,0,0,+,31,39,12,28,26,5,82,59,ref|NC_001134|,589641,589841
YBR183W,201,0,0.0,0.0,0,0,0,0,+,13,18,10,20,15,5,41,40,ref|NC_001134|,595916,596116
YBR187W,201,0,0.0,0.0,0,0,0,0,+,18,15,7,9,23,5,40,37,ref|NC_001134|,601559,601759
YBR188C,201,0,0.0,0.0,0,0,0,0,-,3,9,2,12,9,10,14,31,ref|NC_001134|,604287,604087
YBR190W,201,0,0.0,0.0,0,0,0,0,+,3,4,1,7,5,3,8,15,ref|NC_001134|,605866,606066
YBR192W,201,0,0.0,0.0,0,0,0,0,+,10,21,4,21,25,8,35,54,ref|NC_001134|,607338,607538
YBR197C,201,0,0.0,0.0,0,0,0,0,-,6,13,5,19,13,15,24,47,ref|NC_001134|,617452,617252
YBR200W-A,201,0,0.0,0.0,0,0,0,0,+,2,2,1,2,2,2,5,6,ref|NC_001134|,622883,623083
YBR204C,201,0,0.0,0.0,0,0,0,0,-,16,16,12,22,29,10,44,61,ref|NC_001134|,633549,633349
YBR227C,201,0,0.0,0.0,0,0,0,0,-,18,23,12,53,36,15,53,104,ref|NC_001134|,675326,675126
YBR211C,201,0,0.0,0.0,0,0,0,0,-,18,19,11,27,36,16,48,79,ref|NC_001134|,647232,647032
YBR215W,201,0,0.0,0.0,0,0,0,0,+,32,30,10,48,35,19,72,102,ref|NC_001134|,653215,653415
YBR216C,201,0,0.0,0.0,0,0,0,0,-,34,33,14,49,59,24,81,132,ref|NC_001134|,657747,657547
YBR218C,201,0,0.0,0.0,0,0,0,0,-,49,62,38,92,88,33,149,213,ref|NC_001134|,662499,662299
YBR220C,201,0,0.0,0.0,0,0,0,0,-,19,39,17,23,30,12,75,65,ref|NC_001134|,664844,664644
YBR221C,201,0,0.0,0.0,0,0,0,0,-,17,26,9,30,24,7,52,61,ref|NC_001134|,666571,666371
YBR221W-A,201,0,0.0,0.0,0,0,0,0,+,2,2,2,4,1,3,6,8,ref|NC_001134|,666438,666638
YBR222C,201,0,0.0,0.0,0,0,0,0,-,20,26,16,34,31,17,62,82,ref|NC_001134|,668503,668303
YBR223C,201,0,0.0,0.0,0,0,0,0,-,14,32,16,42,31,26,62,99,ref|NC_001134|,670420,670220
YBR223W-A,201,0,0.0,0.0,0,0,0,0,+,1,1,0,0,3,1,2,4,ref|NC_001134|,668621,668821
YBR224W,201,0,0.0,0.0,0,0,0,0,+,11,12,7,3,12,3,30,18,ref|NC_001134|,670025,670225
YBR225W,201,0,0.0,0.0,0,0,0,0,+,45,69,20,66,54,21,134,141,ref|NC_001134|,670527,670727
YBR226C,201,0,0.0,0.0,0,0,0,0,-,7,3,2,4,5,2,12,11,ref|NC_001134|,673665,673465
YBR029C,201,0,0.0,0.0,0,0,0,0,-,29,30,11,26,31,9,70,66,ref|NC_001134|,297953,297753
YBR027C,201,0,0.0,0.0,0,0,0,0,-,5,4,1,4,2,2,10,8,ref|NC_001134|,294456,294256
YDR119W,201,0,0.0,0.0,0,0,0,0,+,38,49,19,38,55,22,106,115,ref|NC_001136|,688022,688222
YAR033W,201,0,0.0,0.0,0,0,0,0,+,8,15,8,11,11,11,31,33,ref|NC_001133|,187943,188143
YAL014C,201,0,0.0,0.0,0,0,0,0,-,10,10,10,13,25,9,30,47,ref|NC_001133|,129172,128972
YAL002W,201,0,0.0,0.0,0,0,0,0,+,77,83,22,70,80,36,182,186,ref|NC_001133|,143607,143807
YAL001C,201,0,0.0,0.0,0,0,0,0,-,50,69,32,96,84,38,151,218,ref|NC_001133|,151266,151066
YAR002C-A,201,0,0.0,0.0,0,0,0,0,-,14,7,5,10,22,4,26,36,ref|NC_001133|,154824,154624
YAR003W,201,0,0.0,0.0,0,0,0,0,+,24,17,12,31,32,18,53,81,ref|NC_001133|,154858,155058
YAR007C,201,0,0.0,0.0,0,0,0,0,-,23,38,13,39,49,21,74,109,ref|NC_001133|,158798,158598
YAR009C,201,0,0.0,0.0,0,0,0,0,-,44,84,32,93,81,43,160,217,ref|NC_001133|,164287,164087
YAR010C,201,0,0.0,0.0,0,0,0,0,-,22,42,13,22,30,14,77,66,ref|NC_001133|,165966,165766
YAR014C,201,0,0.0,0.0,0,0,0,0,-,23,41,30,54,67,41,94,162,ref|NC_001133|,169119,168919
YAR015W,201,0,0.0,0.0,0,0,0,0,+,15,15,10,27,17,12,40,56,ref|NC_001133|,169172,169372
YAR020C,201,0,0.0,0.0,0,0,0,0,-,4,5,2,2,3,2,11,7,ref|NC_001133|,177123,176923
YAR027W,201,0,0.0,0.0,0,0,0,0,+,8,14,9,13,17,6,31,36,ref|NC_001133|,183571,183771
YAR029W,201,0,0.0,0.0,0,0,0,0,+,4,2,1,8,5,3,7,16,ref|NC_001133|,184909,185109
YAR047C,201,0,0.0,0.0,0,0,0,0,-,11,9,1,3,6,0,21,9,ref|NC_001133|,201887,201687
YAL016C-A,201,0,0.0,0.0,0,0,0,0,-,7,6,6,5,7,3,19,15,ref|NC_001133|,125169,124969
YAR050W,201,0,0.0,0.0,0,0,0,0,+,95,135,15,48,115,50,245,213,ref|NC_001133|,203303,203503
YAR053W,201,0,0.0,0.0,0,0,0,0,+,6,2,4,3,5,3,12,11,ref|NC_001133|,208093,208293
YAR060C,201,0,0.0,0.0,0,0,0,0,-,6,5,5,10,4,4,16,18,ref|NC_001133|,217592,217392
YAR061W,201,0,0.0,0.0,0,0,0,0,+,19,27,7,8,19,9,53,36,ref|NC_001133|,218040,218240
YAR066W,201,0,0.0,0.0,0,0,0,0,+,22,15,9,5,16,5,46,26,ref|NC_001133|,220949,221149
YAR069C,201,0,0.0,0.0,0,0,0,0,-,11,3,3,3,5,0,17,8,ref|NC_001133|,224404,224204
YAR071W,201,0,0.0,0.0,0,0,0,0,+,22,26,15,14,50,14,63,78,ref|NC_001133|,225360,225560
YAR073W,201,0,0.0,0.0,0,0,0,0,+,20,22,7,24,25,6,49,55,ref|NC_001133|,227642,227842
YAR075W,201,0,0.0,0.0,0,0,0,0,+,8,8,5,9,7,3,21,19,ref|NC_001133|,228744,228944
YBL113C,201,0,0.0,0.0,0,0,0,0,-,20,33,17,47,36,33,70,116,ref|NC_001134|,2758,2558
YBL113W-A,201,0,0.0,0.0,0,0,0,0,+,18,6,8,4,6,4,32,14,ref|NC_001134|,546,746
YBL112C,201,0,0.0,0.0,0,0,0,0,-,6,5,2,6,11,4,13,21,ref|NC_001134|,2999,2799
YBL111C,201,0,0.0,0.0,0,0,0,0,-,32,37,18,41,50,38,87,129,ref|NC_001134|,5109,4909
YAL015C,201,0,0.0,0.0,0,0,0,0,-,12,24,10,37,21,16,46,74,ref|NC_001133|,128210,128010
YAL016C-B,201,0,0.0,0.0,0,0,0,0,-,2,3,0,7,4,1,5,12,ref|NC_001133|,124592,124392
YBL108C-A,201,0,0.0,0.0,0,0,0,0,-,3,1,1,3,3,0,5,6,ref|NC_001134|,7833,7633
YAL044W-A,201,0,0.0,0.0,0,0,0,0,+,4,5,2,10,6,5,11,21,ref|NC_001133|,57418,57618
YAL068C,201,0,0.0,0.0,0,0,0,0,-,8,9,5,5,8,2,22,15,ref|NC_001133|,2269,2069
YAL067W-A,201,0,0.0,0.0,0,0,0,0,+,4,2,4,3,3,2,10,8,ref|NC_001133|,2380,2580
YAL067C,201,0,0.0,0.0,0,0,0,0,-,24,31,13,31,39,9,68,79,ref|NC_001133|,9116,8916
YAL066W,201,0,0.0,0.0,0,0,0,0,+,7,10,1,3,2,2,18,7,ref|NC_001133|,9707,9907
YAL064C-A,201,0,0.0,0.0,0,0,0,0,-,7,4,3,3,8,6,14,17,ref|NC_001133|,13843,13643
YAL064W,201,0,0.0,0.0,0,0,0,0,+,6,7,3,8,3,2,16,13,ref|NC_001133|,21466,21666
YAL063C,201,0,0.0,0.0,0,0,0,0,-,89,115,12,47,87,36,216,170,ref|NC_001133|,28068,27868
YAL061W,201,0,0.0,0.0,0,0,0,0,+,9,22,12,35,35,18,43,88,ref|NC_001133|,33245,33445
YAL059C-A,201,0,0.0,0.0,0,0,0,0,-,16,10,2,7,3,5,28,15,ref|NC_001133|,37018,36818
YAL053W,201,0,0.0,0.0,0,0,0,0,+,51,50,22,34,51,15,123,100,ref|NC_001133|,45628,45828
YAL048C,201,0,0.0,0.0,0,0,0,0,-,29,39,15,49,39,23,83,111,ref|NC_001133|,54889,54689
YAL047W-A,201,0,0.0,0.0,0,0,0,0,+,7,8,2,5,10,2,17,17,ref|NC_001133|,54484,54684
YAL045C,201,0,0.0,0.0,0,0,0,0,-,10,5,5,4,4,2,20,10,ref|NC_001133|,57896,57696
YAL043C,201,0,0.0,0.0,0,0,0,0,-,43,58,28,53,49,35,129,137,ref|NC_001133|,61168,60968
YAL018C,201,0,0.0,0.0,0,0,0,0,-,7,32,5,13,16,6,44,35,ref|NC_001133|,119641,119441
YAL041W,201,0,0.0,0.0,0,0,0,0,+,44,74,24,50,48,39,142,137,ref|NC_001133|,62673,62873
YAL037C-B,201,0,0.0,0.0,0,0,0,0,-,21,25,10,17,17,13,56,47,ref|NC_001133|,73400,73200
YAL034C-B,201,0,0.0,0.0,0,0,0,0,-,4,9,1,6,7,1,14,14,ref|NC_001133|,79942,79742
YAL034W-A,201,0,0.0,0.0,0,0,0,0,+,6,11,6,31,28,13,23,72,ref|NC_001133|,79618,79818
YAL034C,201,0,0.0,0.0,0,0,0,0,-,28,21,12,24,25,14,61,63,ref|NC_001133|,82686,82486
YAL033W,201,0,0.0,0.0,0,0,0,0,+,9,12,10,11,12,15,31,38,ref|NC_001133|,82601,82801
YAL031W-A,201,0,0.0,0.0,0,0,0,0,+,10,4,6,5,5,5,20,15,ref|NC_001133|,84569,84769
YAL029C,201,0,0.0,0.0,0,0,0,0,-,60,86,35,121,114,46,181,281,ref|NC_001133|,92370,92170
YAL027W,201,0,0.0,0.0,0,0,0,0,+,7,16,5,18,11,6,28,35,ref|NC_001133|,94495,94695
YAL026C,201,0,0.0,0.0,0,0,0,0,-,62,83,29,100,97,47,174,244,ref|NC_001133|,99797,99597
YAL023C,201,0,0.0,0.0,0,0,0,0,-,40,40,21,48,37,13,101,98,ref|NC_001133|,108771,108571
YAL022C,201,0,0.0,0.0,0,0,0,0,-,30,41,15,26,25,20,86,71,ref|NC_001133|,110571,110371
YAL019W-A,201,0,0.0,0.0,0,0,0,0,+,9,16,6,4,5,2,31,11,ref|NC_001133|,114150,114350
YBL109W,201,0,0.0,0.0,0,0,0,0,+,7,8,0,0,2,0,15,2,ref|NC_001134|,5690,5890
YBL107W-A,201,0,0.0,0.0,0,0,0,0,+,2,0,0,4,1,0,2,5,ref|NC_001134|,9168,9368
YBR026C,201,0,0.0,0.0,0,0,0,0,-,14,27,8,17,27,7,49,51,ref|NC_001134|,294202,294002
YBL005W-A,201,0,0.0,0.0,0,0,0,0,+,26,41,8,26,29,13,75,68,ref|NC_001134|,221230,221430
YBL035C,201,0,0.0,0.0,0,0,0,0,-,33,39,23,45,47,17,95,109,ref|NC_001134|,153803,153603
YBL034C,201,0,0.0,0.0,0,0,0,0,-,64,111,38,91,129,54,213,274,ref|NC_001134|,158489,158289
YBL033C,201,0,0.0,0.0,0,0,0,0,-,12,11,13,25,21,12,36,58,ref|NC_001134|,159821,159621
YBL032W,201,0,0.0,0.0,0,0,0,0,+,16,27,11,29,30,14,54,73,ref|NC_001134|,159986,160186
YBL031W,201,0,0.0,0.0,0,0,0,0,+,13,21,15,30,16,16,49,62,ref|NC_001134|,161565,161765
YBL030C,201,0,0.0,0.0,0,0,0,0,-,28,17,8,22,17,5,53,44,ref|NC_001134|,164245,164045
YBL028C,201,0,0.0,0.0,0,0,0,0,-,7,6,1,16,6,3,14,25,ref|NC_001134|,167985,167785
YBL025W,201,0,0.0,0.0,0,0,0,0,+,3,6,5,11,9,7,14,27,ref|NC_001134|,171323,171523
YBL021C,201,0,0.0,0.0,0,0,0,0,-,4,8,3,14,9,13,15,36,ref|NC_001134|,182624,182424
YBL010C,201,0,0.0,0.0,0,0,0,0,-,10,15,2,31,29,12,27,72,ref|NC_001134|,207117,206917
YBL009W,201,0,0.0,0.0,0,0,0,0,+,41,64,22,40,48,20,127,108,ref|NC_001134|,207041,207241
YBL008W,201,0,0.0,0.0,0,0,0,0,+,38,47,19,68,50,33,104,151,ref|NC_001134|,209487,209687
YBL005W,201,0,0.0,0.0,0,0,0,0,+,54,65,20,63,65,33,139,161,ref|NC_001134|,217370,217570
YBL005W-B,201,0,0.0,0.0,0,0,0,0,+,77,141,42,122,111,62,260,295,ref|NC_001134|,221230,221430
YBL039C-A,201,0,0.0,0.0,0,0,0,0,-,1,2,0,1,2,1,3,4,ref|NC_001134|,145131,144931
YBL004W,201,0,0.0,0.0,0,0,0,0,+,133,165,65,179,173,67,363,419,ref|NC_001134|,227536,227736
YBL001C,201,0,0.0,0.0,0,0,0,0,-,4,5,2,8,11,3,11,22,ref|NC_001134|,237798,237598
YBR001C,201,0,0.0,0.0,0,0,0,0,-,29,37,14,63,61,18,80,142,ref|NC_001134|,241533,241333
YBR003W,201,0,0.0,0.0,0,0,0,0,+,28,24,13,37,34,12,65,83,ref|NC_001134|,242680,242880
YBR011C,201,0,0.0,0.0,0,0,0,0,-,12,12,1,18,24,7,25,49,ref|NC_001134|,258106,257906
YBR012C,201,0,0.0,0.0,0,0,0,0,-,7,8,5,8,12,4,20,24,ref|NC_001134|,259671,259471
YBR012W-A,201,0,0.0,0.0,0,0,0,0,+,22,39,13,19,30,15,74,64,ref|NC_001134|,259769,259969
YBR012W-B,201,0,0.0,0.0,0,0,0,0,+,72,140,49,116,113,66,261,295,ref|NC_001134|,259769,259969
YBR014C,201,0,0.0,0.0,0,0,0,0,-,7,10,4,16,16,5,21,37,ref|NC_001134|,267615,267415
YBR015C,201,0,0.0,0.0,0,0,0,0,-,27,33,12,29,41,24,72,94,ref|NC_001134|,270012,269812
YBR017C,201,0,0.0,0.0,0,0,0,0,-,32,46,20,60,74,36,98,170,ref|NC_001134|,273872,273672
YBR019C,201,0,0.0,0.0,0,0,0,0,-,30,30,14,42,61,21,74,124,ref|NC_001134|,278452,278252
YBR023C,201,0,0.0,0.0,0,0,0,0,-,56,61,35,78,87,34,152,199,ref|NC_001134|,288154,287954
YBL036C,201,0,0.0,0.0,0,0,0,0,-,7,13,7,20,22,13,27,55,ref|NC_001134|,152381,152181
YBL042C,201,0,0.0,0.0,0,0,0,0,-,40,37,22,32,27,26,99,85,ref|NC_001134|,140419,140219
YBL106C,201,0,0.0,0.0,0,0,0,0,-,34,62,25,57,73,18,121,148,ref|NC_001134|,13979,13779
YBL073W,201,0,0.0,0.0,0,0,0,0,+,6,6,5,2,10,4,17,16,ref|NC_001134|,87546,87746
YBL104C,201,0,0.0,0.0,0,0,0,0,-,51,49,18,75,93,35,118,203,ref|NC_001134|,21418,21218
YBL100W-A,201,0,0.0,0.0,0,0,0,0,+,21,43,7,21,28,10,71,59,ref|NC_001134|,29835,30035
YBL100W-B,201,0,0.0,0.0,0,0,0,0,+,78,133,44,120,127,59,255,306,ref|NC_001134|,29835,30035
YBL100C,201,0,0.0,0.0,0,0,0,0,-,9,3,4,6,2,6,16,14,ref|NC_001134|,37403,37203
YBL098W,201,0,0.0,0.0,0,0,0,0,+,25,27,14,30,38,11,66,79,ref|NC_001134|,39045,39245
YBL097W,201,0,0.0,0.0,0,0,0,0,+,18,35,19,78,79,40,72,197,ref|NC_001134|,40731,40931
YBL096C,201,0,0.0,0.0,0,0,0,0,-,5,8,5,2,2,3,18,7,ref|NC_001134|,44142,43942
YBL095W,201,0,0.0,0.0,0,0,0,0,+,7,12,7,15,20,7,26,42,ref|NC_001134|,43177,43377
YBL094C,201,0,0.0,0.0,0,0,0,0,-,7,5,2,3,4,3,14,10,ref|NC_001134|,44197,43997
YBL091C-A,201,0,0.0,0.0,0,0,0,0,-,5,13,5,15,12,10,23,37,ref|NC_001134|,47280,47080
YBL091C,201,0,0.0,0.0,0,0,0,0,-,14,16,15,43,33,16,45,92,ref|NC_001134|,48736,48536
YBL077W,201,0,0.0,0.0,0,0,0,0,+,14,12,7,5,8,3,33,16,ref|NC_001134|,80797,80997
YBL074C,201,0,0.0,0.0,0,0,0,0,-,15,21,7,27,27,15,43,69,ref|NC_001134|,87908,87708
YBL071C,201,0,0.0,0.0,0,0,0,0,-,10,7,1,5,6,3,18,14,ref|NC_001134|,90644,90444
YBL044W,201,0,0.0,0.0,0,0,0,0,+,1,6,4,6,6,7,11,19,ref|NC_001134|,135898,136098
YBL070C,201,0,0.0,0.0,0,0,0,0,-,8,7,3,0,4,5,18,9,ref|NC_001134|,91025,90825
YBL069W,201,0,0.0,0.0,0,0,0,0,+,13,19,21,32,33,16,53,81,ref|NC_001134|,90531,90731
YBL068W-A,201,0,0.0,0.0,0,0,0,0,+,4,3,4,4,6,4,11,14,ref|NC_001134|,91694,91894
YBL065W,201,0,0.0,0.0,0,0,0,0,+,7,6,3,11,11,3,16,25,ref|NC_001134|,99863,100063
YBL063W,201,0,0.0,0.0,0,0,0,0,+,61,82,32,79,71,45,175,195,ref|NC_001134|,101786,101986
YBL062W,201,0,0.0,0.0,0,0,0,0,+,7,9,2,5,11,3,18,19,ref|NC_001134|,105208,105408
YBL061C,201,0,0.0,0.0,0,0,0,0,-,28,50,12,46,38,12,90,96,ref|NC_001134|,107614,107414
YBL057C,201,0,0.0,0.0,0,0,0,0,-,4,12,3,13,20,7,19,40,ref|NC_001134|,113542,113342
YBL055C,201,0,0.0,0.0,0,0,0,0,-,18,26,9,30,32,9,53,71,ref|NC_001134|,117324,117124
YBL053W,201,0,0.0,0.0,0,0,0,0,+,23,18,7,1,4,0,48,5,ref|NC_001134|,119235,119435
YBL049W,201,0,0.0,0.0,0,0,0,0,+,7,8,5,8,10,5,20,23,ref|NC_001134|,126728,126928
YBL048W,201,0,0.0,0.0,0,0,0,0,+,11,5,3,3,5,2,19,10,ref|NC_001134|,127199,127399
YBL046W,201,0,0.0,0.0,0,0,0,0,+,10,23,10,46,57,32,43,135,ref|NC_001134|,132306,132506
YBR295W,201,0,0.0,0.0,0,0,0,0,+,64,73,35,61,85,36,172,182,ref|NC_001134|,792749,792949
YBR298C,201,0,0.0,0.0,0,0,0,0,-,29,32,16,43,42,17,77,102,ref|NC_001134|,804814,804614
YBR299W,201,0,0.0,0.0,0,0,0,0,+,25,37,14,46,50,26,76,122,ref|NC_001134|,805219,805419
YDL045W-A,201,0,0.0,0.0,0,0,0,0,+,3,7,1,6,6,1,11,13,ref|NC_001136|,372148,372348
YDL089W,201,0,0.0,0.0,0,0,0,0,+,26,42,7,37,35,11,75,83,ref|NC_001136|,296397,296597
YDL085C-A,201,0,0.0,0.0,0,0,0,0,-,1,2,0,17,5,3,3,25,ref|NC_001136|,302770,302570
YDL078C,201,0,0.0,0.0,0,0,0,0,-,7,23,9,20,18,10,39,48,ref|NC_001136|,316867,316667
YDL077C,201,0,0.0,0.0,0,0,0,0,-,34,66,29,74,85,39,129,198,ref|NC_001136|,320220,320020
YDL074C,201,0,0.0,0.0,0,0,0,0,-,26,34,14,72,65,25,74,162,ref|NC_001136|,326321,326121
YDL073W,201,0,0.0,0.0,0,0,0,0,+,43,72,13,75,84,28,128,187,ref|NC_001136|,326513,326713
YDL069C,201,0,0.0,0.0,0,0,0,0,-,4,13,7,11,17,14,24,42,ref|NC_001136|,334059,333859
YDL068W,201,0,0.0,0.0,0,0,0,0,+,8,10,6,2,3,3,24,8,ref|NC_001136|,333387,333587
YDL064W,201,0,0.0,0.0,0,0,0,0,+,7,12,2,14,7,2,21,23,ref|NC_001136|,336563,336763
YDL062W,201,0,0.0,0.0,0,0,0,0,+,13,8,5,8,7,8,26,23,ref|NC_001136|,339757,339957
YDL061C,201,0,0.0,0.0,0,0,0,0,-,3,5,3,5,0,3,11,8,ref|NC_001136|,341375,341175
YDL054C,201,0,0.0,0.0,0,0,0,0,-,29,42,17,16,19,9,88,44,ref|NC_001136|,361507,361307
YDL048C,201,0,0.0,0.0,0,0,0,0,-,26,42,9,32,18,14,77,64,ref|NC_001136|,368361,368161
YDL044C,201,0,0.0,0.0,0,0,0,0,-,13,19,9,44,37,12,41,93,ref|NC_001136|,375940,375740
YDL092W,201,0,0.0,0.0,0,0,0,0,+,8,11,1,20,11,3,20,34,ref|NC_001136|,292639,292839
YDL043C,201,0,0.0,0.0,0,0,0,0,-,7,15,4,17,14,14,26,45,ref|NC_001136|,376595,376395
YDL042C,201,0,0.0,0.0,0,0,0,0,-,21,39,14,42,31,14,74,87,ref|NC_001136|,378628,378428
YDL039C,201,0,0.0,0.0,0,0,0,0,-,45,97,23,21,37,16,165,74,ref|NC_001136|,384181,383981
YDL037C,201,0,0.0,0.0,0,0,0,0,-,22,41,5,8,15,6,68,29,ref|NC_001136|,385687,385487
YDL036C,201,0,0.0,0.0,0,0,0,0,-,18,23,14,33,33,25,55,91,ref|NC_001136|,389019,388819
YDL035C,201,0,0.0,0.0,0,0,0,0,-,38,55,18,52,63,35,111,150,ref|NC_001136|,392441,392241
YDL034W,201,0,0.0,0.0,0,0,0,0,+,5,8,6,8,6,1,19,15,ref|NC_001136|,391683,391883
YDL033C,201,0,0.0,0.0,0,0,0,0,-,11,17,13,23,24,19,41,66,ref|NC_001136|,394051,393851
YDL032W,201,0,0.0,0.0,0,0,0,0,+,8,6,3,4,5,1,17,10,ref|NC_001136|,393590,393790
YDL031W,201,0,0.0,0.0,0,0,0,0,+,36,43,26,92,78,33,105,203,ref|NC_001136|,394061,394261
YDL028C,201,0,0.0,0.0,0,0,0,0,-,31,47,13,59,60,25,91,144,ref|NC_001136|,403567,403367
YDL026W,201,0,0.0,0.0,0,0,0,0,+,5,4,2,3,5,3,11,11,ref|NC_001136|,404397,404597
YDL025C,201,0,0.0,0.0,0,0,0,0,-,27,52,11,42,42,12,90,96,ref|NC_001136|,408173,407973
YDL090C,201,0,0.0,0.0,0,0,0,0,-,14,17,12,38,21,10,43,69,ref|NC_001136|,296922,296722
YDL094C,201,0,0.0,0.0,0,0,0,0,-,10,12,7,13,8,6,29,27,ref|NC_001136|,290181,289981
YDL024C,201,0,0.0,0.0,0,0,0,0,-,22,18,12,25,37,22,52,84,ref|NC_001136|,409968,409768
YDL132W,201,0,0.0,0.0,0,0,0,0,+,28,45,18,67,52,31,91,150,ref|NC_001136|,224204,224404
YDL173W,201,0,0.0,0.0,0,0,0,0,+,12,16,7,22,18,11,35,51,ref|NC_001136|,148091,148291
YDL172C,201,0,0.0,0.0,0,0,0,0,-,15,11,5,5,9,3,31,17,ref|NC_001136|,149186,148986
YDL171C,201,0,0.0,0.0,0,0,0,0,-,106,118,53,152,171,55,277,378,ref|NC_001136|,155740,155540
YDL170W,201,0,0.0,0.0,0,0,0,0,+,20,31,18,44,38,22,69,104,ref|NC_001136|,156198,156398
YDL167C,201,0,0.0,0.0,0,0,0,0,-,21,43,19,33,27,23,83,83,ref|NC_001136|,163297,163097
YDL165W,201,0,0.0,0.0,0,0,0,0,+,4,14,4,13,9,4,22,26,ref|NC_001136|,164134,164334
YDL163W,201,0,0.0,0.0,0,0,0,0,+,10,5,1,5,6,0,16,11,ref|NC_001136|,166856,167056
YDL160C-A,201,0,0.0,0.0,0,0,0,0,-,4,4,2,6,8,2,10,16,ref|NC_001136|,169708,169508
YDL158C,201,0,0.0,0.0,0,0,0,0,-,10,5,1,6,8,1,16,15,ref|NC_001136|,174274,174074
YDL152W,201,0,0.0,0.0,0,0,0,0,+,11,11,3,7,9,0,25,16,ref|NC_001136|,182722,182922
YDL151C,201,0,0.0,0.0,0,0,0,0,-,23,14,6,7,10,2,43,19,ref|NC_001136|,183999,183799
YDL143W,201,0,0.0,0.0,0,0,0,0,+,36,21,16,48,42,15,73,105,ref|NC_001136|,199861,200061
YDL136W,201,0,0.0,0.0,0,0,0,0,+,10,12,4,27,15,6,26,48,ref|NC_001136|,217467,217667
YDL131W,201,0,0.0,0.0,0,0,0,0,+,14,26,20,35,37,18,60,90,ref|NC_001136|,227257,227457
YDL098C,201,0,0.0,0.0,0,0,0,0,-,5,11,5,19,15,6,21,40,ref|NC_001136|,285354,285154
YDL129W,201,0,0.0,0.0,0,0,0,0,+,13,13,4,32,22,8,30,62,ref|NC_001136|,230811,231011
YDL127W,201,0,0.0,0.0,0,0,0,0,+,17,15,10,21,14,16,42,51,ref|NC_001136|,234773,234973
YDL123W,201,0,0.0,0.0,0,0,0,0,+,9,3,4,3,8,4,16,15,ref|NC_001136|,240627,240827
YDL122W,201,0,0.0,0.0,0,0,0,0,+,25,48,15,85,69,31,88,185,ref|NC_001136|,242204,242404
YDL121C,201,0,0.0,0.0,0,0,0,0,-,6,6,4,13,15,6,16,34,ref|NC_001136|,245756,245556
YDL117W,201,0,0.0,0.0,0,0,0,0,+,38,56,18,72,58,29,112,159,ref|NC_001136|,248171,248371
YDL113C,201,0,0.0,0.0,0,0,0,0,-,23,40,15,62,48,20,78,130,ref|NC_001136|,258718,258518
YDL112W,201,0,0.0,0.0,0,0,0,0,+,75,88,33,77,115,50,196,242,ref|NC_001136|,258774,258974
YDL111C,201,0,0.0,0.0,0,0,0,0,-,7,25,8,15,16,12,40,43,ref|NC_001136|,264279,264079
YDL104C,201,0,0.0,0.0,0,0,0,0,-,7,24,9,30,26,14,40,70,ref|NC_001136|,275012,274812
YDL103C,201,0,0.0,0.0,0,0,0,0,-,17,26,10,39,31,11,53,81,ref|NC_001136|,276748,276548
YDL101C,201,0,0.0,0.0,0,0,0,0,-,24,33,12,38,37,18,69,93,ref|NC_001136|,281997,281797
YDL100C,201,0,0.0,0.0,0,0,0,0,-,11,21,10,20,26,16,42,62,ref|NC_001136|,283312,283112
YDL025W-A,201,0,0.0,0.0,0,0,0,0,+,1,6,1,1,1,0,8,2,ref|NC_001136|,405310,405510
YDL022C-A,201,0,0.0,0.0,0,0,0,0,-,7,3,0,4,5,1,10,10,ref|NC_001136|,410156,409956
YBR300C,201,0,0.0,0.0,0,0,0,0,-,9,11,1,7,8,5,21,20,ref|NC_001134|,809495,809295
YDR086C,201,0,0.0,0.0,0,0,0,0,-,1,7,1,8,7,0,9,15,ref|NC_001136|,617312,617112
YDR056C,201,0,0.0,0.0,0,0,0,0,-,3,8,2,19,18,6,13,43,ref|NC_001136|,565852,565652
YDR059C,201,0,0.0,0.0,0,0,0,0,-,11,11,1,6,12,7,23,25,ref|NC_001136|,570433,570233
YDR060W,201,0,0.0,0.0,0,0,0,0,+,54,65,28,110,89,42,147,241,ref|NC_001136|,570499,570699
YDR063W,201,0,0.0,0.0,0,0,0,0,+,4,8,5,21,12,8,17,41,ref|NC_001136|,577419,577619
YDR065W,201,0,0.0,0.0,0,0,0,0,+,11,27,7,26,19,13,45,58,ref|NC_001136|,580436,580636
YDR066C,201,0,0.0,0.0,0,0,0,0,-,8,13,3,14,18,5,24,37,ref|NC_001136|,582853,582653
YDR068W,201,0,0.0,0.0,0,0,0,0,+,14,10,7,40,30,17,31,87,ref|NC_001136|,583567,583767
YDR069C,201,0,0.0,0.0,0,0,0,0,-,49,77,17,48,61,29,143,138,ref|NC_001136|,587819,587619
YDR076W,201,0,0.0,0.0,0,0,0,0,+,12,18,14,26,24,24,44,74,ref|NC_001136|,598368,598568
YDR080W,201,0,0.0,0.0,0,0,0,0,+,35,56,28,79,97,41,119,217,ref|NC_001136|,603908,604108
YDR081C,201,0,0.0,0.0,0,0,0,0,-,35,63,16,53,63,24,114,140,ref|NC_001136|,610268,610068
YDR083W,201,0,0.0,0.0,0,0,0,0,+,10,13,6,53,37,11,29,101,ref|NC_001136|,611951,612151
YDR084C,201,0,0.0,0.0,0,0,0,0,-,17,12,11,7,10,4,40,21,ref|NC_001136|,614130,613930
YDR087C,201,0,0.0,0.0,0,0,0,0,-,9,10,8,32,20,12,27,64,ref|NC_001136|,618471,618271
YDR047W,201,0,0.0,0.0,0,0,0,0,+,10,19,12,27,24,8,41,59,ref|NC_001136|,551291,551491
YDR092W,201,0,0.0,0.0,0,0,0,0,+,7,12,5,18,17,9,24,44,ref|NC_001136|,629363,629563
YDR093W,201,0,0.0,0.0,0,0,0,0,+,52,83,48,105,116,50,183,271,ref|NC_001136|,631182,631382
YDR094W,201,0,0.0,0.0,0,0,0,0,+,4,6,4,8,5,1,14,14,ref|NC_001136|,632519,632719
YDR096W,201,0,0.0,0.0,0,0,0,0,+,49,59,18,43,46,23,126,112,ref|NC_001136|,637039,637239
YDR098C-B,201,0,0.0,0.0,0,0,0,0,-,70,142,48,116,117,59,260,292,ref|NC_001136|,651226,651026
YDR098C-A,201,0,0.0,0.0,0,0,0,0,-,22,39,13,19,30,14,74,63,ref|NC_001136|,651226,651026
YDR100W,201,0,0.0,0.0,0,0,0,0,+,12,12,3,4,8,3,27,15,ref|NC_001136|,654000,654200
YDR101C,201,0,0.0,0.0,0,0,0,0,-,32,35,13,40,37,13,80,90,ref|NC_001136|,657639,657439
YDR102C,201,0,0.0,0.0,0,0,0,0,-,10,12,4,8,8,2,26,18,ref|NC_001136|,658080,657880
YDR104C,201,0,0.0,0.0,0,0,0,0,-,54,73,29,118,76,41,156,235,ref|NC_001136|,665059,664859
YDR107C,201,0,0.0,0.0,0,0,0,0,-,32,39,19,32,36,20,90,88,ref|NC_001136|,671149,670949
YDR112W,201,0,0.0,0.0,0,0,0,0,+,13,7,3,0,3,1,23,4,ref|NC_001136|,679444,679644
YDR116C,201,0,0.0,0.0,0,0,0,0,-,6,11,9,20,18,8,26,46,ref|NC_001136|,683745,683545
YDR048C,201,0,0.0,0.0,0,0,0,0,-,11,17,3,6,6,1,31,13,ref|NC_001136|,553498,553298
YDR044W,201,0,0.0,0.0,0,0,0,0,+,13,14,8,26,22,10,35,58,ref|NC_001136|,546290,546490
YDL016C,201,0,0.0,0.0,0,0,0,0,-,7,11,4,5,5,1,22,11,ref|NC_001136|,425972,425772
YDR013W,201,0,0.0,0.0,0,0,0,0,+,8,8,3,23,16,5,19,44,ref|NC_001136|,473041,473241
YDL014W,201,0,0.0,0.0,0,0,0,0,+,16,12,12,40,18,1,40,59,ref|NC_001136|,427115,427315
YDL009C,201,0,0.0,0.0,0,0,0,0,-,9,8,1,3,5,4,18,12,ref|NC_001136|,433348,433148
YDL008W,201,0,0.0,0.0,0,0,0,0,+,4,8,4,11,14,8,16,33,ref|NC_001136|,433328,433528
YDL007W,201,0,0.0,0.0,0,0,0,0,+,18,19,9,43,33,10,46,86,ref|NC_001136|,437900,438100
YDL002C,201,0,0.0,0.0,0,0,0,0,-,9,6,2,26,17,7,17,50,ref|NC_001136|,447745,447545
YDR002W,201,0,0.0,0.0,0,0,0,0,+,8,9,3,38,12,7,20,57,ref|NC_001136|,452856,453056
YDR003W-A,201,0,0.0,0.0,0,0,0,0,+,1,0,2,4,4,2,3,10,ref|NC_001136|,454682,454882
YDR005C,201,0,0.0,0.0,0,0,0,0,-,31,25,12,28,29,14,68,71,ref|NC_001136|,458325,458125
YDR007W,201,0,0.0,0.0,0,0,0,0,+,7,10,8,19,12,4,25,35,ref|NC_001136|,461553,461753
YDR008C,201,0,0.0,0.0,0,0,0,0,-,8,8,2,3,3,3,18,9,ref|NC_001136|,462702,462502
YDR009W,201,0,0.0,0.0,0,0,0,0,+,26,27,14,36,24,18,67,78,ref|NC_001136|,463163,463363
YDR010C,201,0,0.0,0.0,0,0,0,0,-,9,4,4,3,3,3,17,9,ref|NC_001136|,465838,465638
YDR011W,201,0,0.0,0.0,0,0,0,0,+,83,90,38,95,91,40,211,226,ref|NC_001136|,465570,465770
YDR014W,201,0,0.0,0.0,0,0,0,0,+,24,38,14,48,61,20,76,129,ref|NC_001136|,473946,474146
YDR042C,201,0,0.0,0.0,0,0,0,0,-,10,10,4,11,7,7,24,25,ref|NC_001136|,541800,541600
YDR014W-A,201,0,0.0,0.0,0,0,0,0,+,8,6,3,19,5,5,17,29,ref|NC_001136|,477697,477897
YDR020C,201,0,0.0,0.0,0,0,0,0,-,10,11,5,21,16,10,26,47,ref|NC_001136|,486673,486473
YDR021W,201,0,0.0,0.0,0,0,0,0,+,16,16,12,33,36,9,44,78,ref|NC_001136|,486421,486621
YDR023W,201,0,0.0,0.0,0,0,0,0,+,19,23,14,49,36,11,56,96,ref|NC_001136|,489356,489556
YDR027C,201,0,0.0,0.0,0,0,0,0,-,35,55,22,66,61,39,112,166,ref|NC_001136|,497530,497330
YDR028C,201,0,0.0,0.0,0,0,0,0,-,40,77,15,83,86,40,132,209,ref|NC_001136|,501431,501231
YDR031W,201,0,0.0,0.0,0,0,0,0,+,5,5,1,9,11,2,11,22,ref|NC_001136|,503268,503468
YDR034C,201,0,0.0,0.0,0,0,0,0,-,32,60,19,65,52,23,111,140,ref|NC_001136|,512361,512161
YDR034C-D,201,0,0.0,0.0,0,0,0,0,-,76,133,44,121,123,56,253,300,ref|NC_001136|,519456,519256
YDR034C-C,201,0,0.0,0.0,0,0,0,0,-,22,42,7,21,27,10,71,58,ref|NC_001136|,519456,519256
YDR034C-A,201,0,0.0,0.0,0,0,0,0,-,5,9,0,1,2,1,14,4,ref|NC_001136|,520792,520592
YDR038C,201,0,0.0,0.0,0,0,0,0,-,57,75,27,66,89,32,159,187,ref|NC_001136|,530797,530597
YDR039C,201,0,0.0,0.0,0,0,0,0,-,57,72,27,69,90,30,156,189,ref|NC_001136|,534682,534482
YDL175C,201,0,0.0,0.0,0,0,0,0,-,13,24,9,27,16,15,46,58,ref|NC_001136|,145666,145466
YDL185W,201,0,0.0,0.0,0,0,0,0,+,64,50,37,76,90,21,151,187,ref|NC_001136|,126579,126779
YDL185C-A,201,0,0.0,0.0,0,0,0,0,-,9,4,1,6,3,3,14,12,ref|NC_001136|,126935,126735
YCR017C,201,0,0.0,0.0,0,0,0,0,-,59,46,25,50,58,13,130,121,ref|NC_001135|,147803,147603
YCL010C,201,0,0.0,0.0,0,0,0,0,-,3,11,10,21,19,9,24,49,ref|NC_001135|,104468,104268
YCL005W,201,0,0.0,0.0,0,0,0,0,+,9,16,6,6,21,7,31,34,ref|NC_001135|,107639,107839
YCL004W,201,0,0.0,0.0,0,0,0,0,+,24,39,13,41,17,22,76,80,ref|NC_001135|,108856,109056
YCL001W,201,0,0.0,0.0,0,0,0,0,+,10,15,5,17,12,5,30,34,ref|NC_001135|,111708,111908
YCR001W,201,0,0.0,0.0,0,0,0,0,+,8,7,3,5,7,1,18,13,ref|NC_001135|,115585,115785
YCR002C,201,0,0.0,0.0,0,0,0,0,-,15,20,10,21,35,7,45,63,ref|NC_001135|,118503,118303
YCR003W,201,0,0.0,0.0,0,0,0,0,+,4,7,2,18,8,2,13,28,ref|NC_001135|,118498,118698
YCR006C,201,0,0.0,0.0,0,0,0,0,-,6,9,4,7,5,6,19,18,ref|NC_001135|,123103,122903
YCR007C,201,0,0.0,0.0,0,0,0,0,-,8,19,6,16,19,5,33,40,ref|NC_001135|,127490,127290
YCR008W,201,0,0.0,0.0,0,0,0,0,+,24,37,12,42,29,13,73,84,ref|NC_001135|,127888,128088
YCR009C,201,0,0.0,0.0,0,0,0,0,-,7,14,9,29,18,10,30,57,ref|NC_001135|,131698,131498
YCR014C,201,0,0.0,0.0,0,0,0,0,-,21,26,17,53,47,19,64,119,ref|NC_001135|,141033,140833
YCR016W,201,0,0.0,0.0,0,0,0,0,+,8,15,4,38,19,13,27,70,ref|NC_001135|,143508,143708
YCR018C,201,0,0.0,0.0,0,0,0,0,-,8,6,5,24,12,9,19,45,ref|NC_001135|,149003,148803
YCL012C,201,0,0.0,0.0,0,0,0,0,-,9,3,5,11,9,6,17,26,ref|NC_001135|,102025,101825
YCR023C,201,0,0.0,0.0,0,0,0,0,-,21,38,18,37,36,12,77,85,ref|NC_001135|,160550,160350
YCR024C,201,0,0.0,0.0,0,0,0,0,-,18,29,7,33,27,11,54,71,ref|NC_001135|,162478,162278
YCR024C-B,201,0,0.0,0.0,0,0,0,0,-,4,3,3,2,5,2,10,9,ref|NC_001135|,162965,162765
YCR025C,201,0,0.0,0.0,0,0,0,0,-,1,8,9,11,2,3,18,16,ref|NC_001135|,164578,164378
YCR030C,201,0,0.0,0.0,0,0,0,0,-,46,73,25,67,53,21,144,141,ref|NC_001135|,177498,177298
YCR033W,201,0,0.0,0.0,0,0,0,0,+,52,63,40,98,75,51,155,224,ref|NC_001135|,186389,186589
YCR034W,201,0,0.0,0.0,0,0,0,0,+,9,23,10,7,15,5,42,27,ref|NC_001135|,190438,190638
YCR035C,201,0,0.0,0.0,0,0,0,0,-,16,10,7,41,31,14,33,86,ref|NC_001135|,193441,193241
YCR036W,201,0,0.0,0.0,0,0,0,0,+,6,15,12,26,23,13,33,62,ref|NC_001135|,193153,193353
YCR038C,201,0,0.0,0.0,0,0,0,0,-,31,44,19,48,28,16,94,92,ref|NC_001135|,199649,199449
YCR038W-A,201,0,0.0,0.0,0,0,0,0,+,4,1,1,4,3,2,6,9,ref|NC_001135|,199193,199393
YCR039C,201,0,0.0,0.0,0,0,0,0,-,10,8,5,31,10,4,23,45,ref|NC_001135|,200278,200078
YCR040W,201,0,0.0,0.0,0,0,0,0,+,8,12,6,12,7,5,26,24,ref|NC_001135|,200342,200542
YCL011C,201,0,0.0,0.0,0,0,0,0,-,10,26,14,39,30,17,50,86,ref|NC_001135|,104429,104229
YCL014W,201,0,0.0,0.0,0,0,0,0,+,66,97,42,146,130,54,205,330,ref|NC_001135|,96181,96381
YDL187C,201,0,0.0,0.0,0,0,0,0,-,14,4,3,4,1,3,21,8,ref|NC_001136|,126567,126367
YCL059C,201,0,0.0,0.0,0,0,0,0,-,11,11,5,41,19,8,27,68,ref|NC_001135|,23725,23525
YBR301W,201,0,0.0,0.0,0,0,0,0,+,8,10,5,5,10,1,23,16,ref|NC_001134|,808957,809157
YBR302C,201,0,0.0,0.0,0,0,0,0,-,23,14,9,22,23,9,46,54,ref|NC_001134|,811579,811379
YCL076W,201,0,0.0,0.0,0,0,0,0,+,15,19,11,20,20,11,45,51,ref|NC_001135|,1292,1492
YCL075W,201,0,0.0,0.0,0,0,0,0,+,8,8,3,8,9,7,19,24,ref|NC_001135|,2026,2226
YCL074W,201,0,0.0,0.0,0,0,0,0,+,27,21,13,14,13,13,61,40,ref|NC_001135|,2724,2924
YCL073C,201,0,0.0,0.0,0,0,0,0,-,35,40,19,32,33,16,94,81,ref|NC_001135|,8426,8226
YCL069W,201,0,0.0,0.0,0,0,0,0,+,25,27,14,17,17,13,66,47,ref|NC_001135|,9606,9806
YCL068C,201,0,0.0,0.0,0,0,0,0,-,15,16,10,16,11,4,41,31,ref|NC_001135|,12385,12185
YCL067C,201,0,0.0,0.0,0,0,0,0,-,10,8,5,31,10,4,23,45,ref|NC_001135|,13118,12918
YCL066W,201,0,0.0,0.0,0,0,0,0,+,8,12,6,12,7,5,26,24,ref|NC_001135|,13182,13382
YCL065W,201,0,0.0,0.0,0,0,0,0,+,11,7,3,4,5,2,21,11,ref|NC_001135|,13651,13851
YCL064C,201,0,0.0,0.0,0,0,0,0,-,15,24,11,23,22,6,50,51,ref|NC_001135|,16999,16799
YCL063W,201,0,0.0,0.0,0,0,0,0,+,26,34,19,34,28,13,79,75,ref|NC_001135|,17126,17326
YCL058W-A,201,0,0.0,0.0,0,0,0,0,+,0,3,3,10,10,6,6,26,ref|NC_001135|,23484,23684
YCL019W,201,0,0.0,0.0,0,0,0,0,+,73,133,45,121,125,57,251,303,ref|NC_001135|,85002,85202
YCL054W-A,201,0,0.0,0.0,0,0,0,0,+,1,1,0,6,1,1,2,8,ref|NC_001135|,30810,31010
YCL047C,201,0,0.0,0.0,0,0,0,0,-,12,18,12,18,21,10,42,49,ref|NC_001135|,44540,44340
YCL046W,201,0,0.0,0.0,0,0,0,0,+,7,4,4,8,9,3,15,20,ref|NC_001135|,46540,46740
YCL041C,201,0,0.0,0.0,0,0,0,0,-,10,2,6,2,5,3,18,10,ref|NC_001135|,50727,50527
YCL042W,201,0,0.0,0.0,0,0,0,0,+,3,10,2,6,2,8,15,16,ref|NC_001135|,50484,50684
YCL035C,201,0,0.0,0.0,0,0,0,0,-,5,4,2,8,7,3,11,18,ref|NC_001135|,61388,61188
YCL031C,201,0,0.0,0.0,0,0,0,0,-,7,21,5,27,21,7,33,55,ref|NC_001135|,65737,65537
YCL029C,201,0,0.0,0.0,0,0,0,0,-,8,28,20,42,24,28,56,94,ref|NC_001135|,70120,69920
YCL028W,201,0,0.0,0.0,0,0,0,0,+,21,45,5,12,13,5,71,30,ref|NC_001135|,70026,70226
YCL026C-A,201,0,0.0,0.0,0,0,0,0,-,8,14,5,11,11,4,27,26,ref|NC_001135|,75385,75185
YCL025C,201,0,0.0,0.0,0,0,0,0,-,42,29,26,31,35,15,97,81,ref|NC_001135|,78123,77923
YCL021W-A,201,0,0.0,0.0,0,0,0,0,+,6,5,3,7,8,6,14,21,ref|NC_001135|,83520,83720
YCL020W,201,0,0.0,0.0,0,0,0,0,+,21,42,7,23,29,10,70,62,ref|NC_001135|,85002,85202
YCR041W,201,0,0.0,0.0,0,0,0,0,+,11,6,3,3,8,2,20,13,ref|NC_001135|,200811,201011
YCR052W,201,0,0.0,0.0,0,0,0,0,+,17,17,10,35,33,24,44,92,ref|NC_001135|,217503,217703
YCR064C,201,0,0.0,0.0,0,0,0,0,-,11,7,4,6,13,5,22,24,ref|NC_001135|,231330,231130
YDL220C,201,0,0.0,0.0,0,0,0,0,-,36,55,40,58,60,42,131,160,ref|NC_001136|,65118,64918
YDL242W,201,0,0.0,0.0,0,0,0,0,+,8,9,2,5,12,4,19,21,ref|NC_001136|,18859,19059
YDL241W,201,0,0.0,0.0,0,0,0,0,+,6,6,2,5,6,3,14,14,ref|NC_001136|,20453,20653
YDL240C-A,201,0,0.0,0.0,0,0,0,0,-,4,2,2,5,3,2,8,10,ref|NC_001136|,22708,22508
YDL238C,201,0,0.0,0.0,0,0,0,0,-,22,29,13,33,27,15,64,75,ref|NC_001136|,30595,30395
YDL237W,201,0,0.0,0.0,0,0,0,0,+,19,24,12,22,32,10,55,64,ref|NC_001136|,30525,30725
YDL235C,201,0,0.0,0.0,0,0,0,0,-,15,10,2,10,12,12,27,34,ref|NC_001136|,34141,33941
YDL232W,201,0,0.0,0.0,0,0,0,0,+,2,2,1,1,8,0,5,9,ref|NC_001136|,38254,38454
YDL231C,201,0,0.0,0.0,0,0,0,0,-,53,74,34,76,71,34,161,181,ref|NC_001136|,42344,42144
YDL230W,201,0,0.0,0.0,0,0,0,0,+,8,27,10,27,18,7,45,52,ref|NC_001136|,42570,42770
YDL228C,201,0,0.0,0.0,0,0,0,0,-,18,21,8,16,7,8,47,31,ref|NC_001136|,46018,45818
YDL226C,201,0,0.0,0.0,0,0,0,0,-,15,19,7,31,15,13,41,59,ref|NC_001136|,52304,52104
YDL225W,201,0,0.0,0.0,0,0,0,0,+,23,35,10,51,39,17,68,107,ref|NC_001136|,52304,52504
YDL224C,201,0,0.0,0.0,0,0,0,0,-,38,55,7,33,32,11,100,76,ref|NC_001136|,56446,56246
YDL217C,201,0,0.0,0.0,0,0,0,0,-,3,14,0,9,16,2,17,27,ref|NC_001136|,68870,68670
YCR066W,201,0,0.0,0.0,0,0,0,0,+,15,38,5,32,42,14,58,88,ref|NC_001135|,234073,234273
YDL212W,201,0,0.0,0.0,0,0,0,0,+,11,12,4,15,11,4,27,30,ref|NC_001136|,78234,78434
YDL211C,201,0,0.0,0.0,0,0,0,0,-,12,33,10,26,15,14,55,55,ref|NC_001136|,80623,80423
YDL210W,201,0,0.0,0.0,0,0,0,0,+,24,23,15,22,32,6,62,60,ref|NC_001136|,84170,84370
YDL209C,201,0,0.0,0.0,0,0,0,0,-,13,12,4,38,29,9,29,76,ref|NC_001136|,87359,87159
YDL208W,201,0,0.0,0.0,0,0,0,0,+,8,10,4,20,8,1,22,29,ref|NC_001136|,87382,87582
YDL207W,201,0,0.0,0.0,0,0,0,0,+,18,30,14,54,31,18,62,103,ref|NC_001136|,88110,88310
YDL203C,201,0,0.0,0.0,0,0,0,0,-,18,37,9,29,37,13,64,79,ref|NC_001136|,98252,98052
YDL202W,201,0,0.0,0.0,0,0,0,0,+,11,13,8,22,11,7,32,40,ref|NC_001136|,98322,98522
YDL201W,201,0,0.0,0.0,0,0,0,0,+,7,12,8,29,22,4,27,55,ref|NC_001136|,99171,99371
YDL194W,201,0,0.0,0.0,0,0,0,0,+,45,56,19,52,60,26,120,138,ref|NC_001136|,111480,111680
YDL191W,201,0,0.0,0.0,0,0,0,0,+,7,13,7,29,16,8,27,53,ref|NC_001136|,116877,117077
YDL190C,201,0,0.0,0.0,0,0,0,0,-,49,52,26,75,66,34,127,175,ref|NC_001136|,121692,121492
YDL189W,201,0,0.0,0.0,0,0,0,0,+,18,28,16,33,35,15,62,83,ref|NC_001136|,121882,122082
YDL244W,201,0,0.0,0.0,0,0,0,0,+,20,18,10,31,26,11,48,68,ref|NC_001136|,16104,16304
YDL245C,201,0,0.0,0.0,0,0,0,0,-,36,34,18,31,27,10,88,68,ref|NC_001136|,13460,13260
YDL246C,201,0,0.0,0.0,0,0,0,0,-,10,18,12,16,25,9,40,50,ref|NC_001136|,9856,9656
YDL247W,201,0,0.0,0.0,0,0,0,0,+,28,36,10,36,32,13,74,81,ref|NC_001136|,5885,6085
YCR067C,201,0,0.0,0.0,0,0,0,0,-,83,83,28,60,71,38,194,169,ref|NC_001135|,239264,239064
YCR068W,201,0,0.0,0.0,0,0,0,0,+,22,28,18,37,22,20,68,79,ref|NC_001135|,239837,240037
YCR069W,201,0,0.0,0.0,0,0,0,0,+,14,16,12,17,18,11,42,46,ref|NC_001135|,240480,240680
YCR071C,201,0,0.0,0.0,0,0,0,0,-,2,10,3,14,7,3,15,24,ref|NC_001135|,243380,243180
YCR072C,201,0,0.0,0.0,0,0,0,0,-,26,39,7,46,23,14,72,83,ref|NC_001135|,245217,245017
YCR076C,201,0,0.0,0.0,0,0,0,0,-,9,8,7,16,19,7,24,42,ref|NC_001135|,252890,252690
YCR077C,201,0,0.0,0.0,0,0,0,0,-,44,52,19,56,51,20,115,127,ref|NC_001135|,255493,255293
YCR081W,201,0,0.0,0.0,0,0,0,0,+,63,105,34,91,111,54,202,256,ref|NC_001135|,256994,257194
YCR082W,201,0,0.0,0.0,0,0,0,0,+,4,9,2,14,5,8,15,27,ref|NC_001135|,260292,260492
YCR084C,201,0,0.0,0.0,0,0,0,0,-,36,32,19,42,41,18,87,101,ref|NC_001135|,265502,265302
YCR085W,201,0,0.0,0.0,0,0,0,0,+,8,11,1,3,7,1,20,11,ref|NC_001135|,265539,265739
YCR087W,201,0,0.0,0.0,0,0,0,0,+,23,9,5,4,7,4,37,15,ref|NC_001135|,266599,266799
YCR090C,201,0,0.0,0.0,0,0,0,0,-,8,16,3,15,19,6,27,40,ref|NC_001135|,276105,275905
YCR095W-A,201,0,0.0,0.0,0,0,0,0,+,4,2,2,1,4,1,8,6,ref|NC_001135|,292262,292462
YCR096C,201,0,0.0,0.0,0,0,0,0,-,5,4,5,20,5,4,14,29,ref|NC_001135|,296361,296161
YCR097W,201,0,0.0,0.0,0,0,0,0,+,6,12,0,15,8,0,18,23,ref|NC_001135|,296414,296614
YCR097W-A,201,0,0.0,0.0,0,0,0,0,+,8,3,3,2,6,1,14,9,ref|NC_001135|,297062,297262
YCR099C,201,0,0.0,0.0,0,0,0,0,-,3,3,3,12,17,8,9,37,ref|NC_001135|,304122,303922
YCR100C,201,0,0.0,0.0,0,0,0,0,-,21,29,10,15,26,7,60,48,ref|NC_001135|,305044,304844
YCR101C,201,0,0.0,0.0,0,0,0,0,-,5,11,2,18,12,7,18,37,ref|NC_001135|,305853,305653
YCR102W-A,201,0,0.0,0.0,0,0,0,0,+,3,2,1,3,5,2,6,10,ref|NC_001135|,309358,309558
YCR104W,201,0,0.0,0.0,0,0,0,0,+,8,13,3,6,8,3,24,17,ref|NC_001135|,310424,310624
YCR105W,201,0,0.0,0.0,0,0,0,0,+,10,17,12,13,25,10,39,48,ref|NC_001135|,311693,311893
YCR106W,201,0,0.0,0.0,0,0,0,0,+,37,49,25,56,55,26,111,137,ref|NC_001135|,313581,313781
YCR108C,201,0,0.0,0.0,0,0,0,0,-,4,8,0,0,1,0,12,1,ref|NC_001135|,319011,318811
YDL248W,201,0,0.0,0.0,0,0,0,0,+,24,17,11,23,28,7,52,58,ref|NC_001136|,1702,1902
YDL247W-A,201,0,0.0,0.0,0,0,0,0,+,1,3,1,0,2,0,5,2,ref|NC_001136|,3662,3862
YGL029W,201,0,0.0,0.0,0,0,0,0,+,0,4,3,26,10,2,7,38,ref|NC_001139|,439682,439882
YGL027C,201,0,0.0,0.0,0,0,0,0,-,27,44,15,61,75,22,86,158,ref|NC_001139|,446282,446082
YML106W,201,0,0.0,0.0,0,0,0,0,+,9,18,6,17,13,6,33,36,ref|NC_001145|,55192,55392
YKL074C,201,0,0.0,0.0,0,0,0,0,-,17,32,22,38,33,22,71,93,ref|NC_001143|,296301,296101
YKL104W-A,201,0,0.0,0.0,0,0,0,0,+,10,6,4,4,6,4,20,14,ref|NC_001143|,244932,245132
YKL101W,201,0,0.0,0.0,0,0,0,0,+,90,125,38,106,97,48,253,251,ref|NC_001143|,248820,249020
YKL100W-A,201,0,0.0,0.0,0,0,0,0,+,0,3,1,2,2,0,4,4,ref|NC_001143|,254059,254259
YKL098W,201,0,0.0,0.0,0,0,0,0,+,16,19,7,22,19,12,42,53,ref|NC_001143|,256636,256836
YKL097C,201,0,0.0,0.0,0,0,0,0,-,5,4,4,5,5,2,13,12,ref|NC_001143|,259013,258813
YKL092C,201,0,0.0,0.0,0,0,0,0,-,46,63,23,96,76,27,132,199,ref|NC_001143|,269646,269446
YKL090W,201,0,0.0,0.0,0,0,0,0,+,13,25,9,30,34,21,47,85,ref|NC_001143|,271738,271938
YKL089W,201,0,0.0,0.0,0,0,0,0,+,17,27,11,63,56,21,55,140,ref|NC_001143|,273275,273475
YKL083W,201,0,0.0,0.0,0,0,0,0,+,32,9,9,4,6,4,50,14,ref|NC_001143|,280821,281021
YKL079W,201,0,0.0,0.0,0,0,0,0,+,33,41,19,62,41,23,93,126,ref|NC_001143|,286426,286626
YKL077W,201,0,0.0,0.0,0,0,0,0,+,17,27,12,38,27,6,56,71,ref|NC_001143|,291240,291440
YKL076C,201,0,0.0,0.0,0,0,0,0,-,5,4,2,12,12,4,11,28,ref|NC_001143|,294360,294160
YKL075C,201,0,0.0,0.0,0,0,0,0,-,18,20,9,45,31,18,47,94,ref|NC_001143|,294408,294208
YKL072W,201,0,0.0,0.0,0,0,0,0,+,38,43,15,69,46,23,96,138,ref|NC_001143|,299244,299444
YKL110C,201,0,0.0,0.0,0,0,0,0,-,13,25,12,20,19,15,50,54,ref|NC_001143|,230470,230270
YKL063C,201,0,0.0,0.0,0,0,0,0,-,8,5,4,17,12,4,17,33,ref|NC_001143|,322313,322113
YKL057C,201,0,0.0,0.0,0,0,0,0,-,67,67,19,70,72,30,153,172,ref|NC_001143|,334124,333924
YKL049C,201,0,0.0,0.0,0,0,0,0,-,7,11,7,32,9,13,25,54,ref|NC_001143|,346943,346743
YKL048C,201,0,0.0,0.0,0,0,0,0,-,19,41,21,44,37,29,81,110,ref|NC_001143|,349321,349121
YKL047W,201,0,0.0,0.0,0,0,0,0,+,24,39,17,31,35,17,80,83,ref|NC_001143|,349315,349515
YKL044W,201,0,0.0,0.0,0,0,0,0,+,8,7,6,5,1,3,21,9,ref|NC_001143|,355918,356118
YKL041W,201,0,0.0,0.0,0,0,0,0,+,3,10,5,29,24,7,18,60,ref|NC_001143|,359949,360149
YKL036C,201,0,0.0,0.0,0,0,0,0,-,5,5,2,10,4,3,12,17,ref|NC_001143|,370119,369919
YKL034W,201,0,0.0,0.0,0,0,0,0,+,37,66,24,41,44,20,127,105,ref|NC_001143|,371585,371785
YKL033W,201,0,0.0,0.0,0,0,0,0,+,46,72,23,80,86,36,141,202,ref|NC_001143|,375356,375556
YKL029C,201,0,0.0,0.0,0,0,0,0,-,26,29,29,57,31,24,84,112,ref|NC_001143|,384947,384747
YKL028W,201,0,0.0,0.0,0,0,0,0,+,11,21,10,57,53,10,42,120,ref|NC_001143|,385614,385814
YKL025C,201,0,0.0,0.0,0,0,0,0,-,23,48,13,34,41,21,84,96,ref|NC_001143|,392413,392213
YKL108W,201,0,0.0,0.0,0,0,0,0,+,16,25,9,54,38,16,50,108,ref|NC_001143|,234132,234332
YKL114C,201,0,0.0,0.0,0,0,0,0,-,13,14,6,32,23,9,33,64,ref|NC_001143|,224626,224426
YKL017C,201,0,0.0,0.0,0,0,0,0,-,28,39,12,48,51,21,79,120,ref|NC_001143|,407348,407148
YKL138C-A,201,0,0.0,0.0,0,0,0,0,-,0,3,1,3,2,5,4,10,ref|NC_001143|,185112,184912
YKL163W,201,0,0.0,0.0,0,0,0,0,+,24,21,7,12,17,5,52,34,ref|NC_001143|,144257,144457
YKL162C,201,0,0.0,0.0,0,0,0,0,-,17,20,9,37,29,10,46,76,ref|NC_001143|,149047,148847
YKL161C,201,0,0.0,0.0,0,0,0,0,-,15,29,13,27,23,14,57,64,ref|NC_001143|,151065,150865
YKL159C,201,0,0.0,0.0,0,0,0,0,-,5,10,5,9,18,8,20,35,ref|NC_001143|,154560,154360
YKL157W,201,0,0.0,0.0,0,0,0,0,+,53,61,21,59,78,30,135,167,ref|NC_001143|,154879,155079
YKL156C-A,201,0,0.0,0.0,0,0,0,0,-,5,2,0,1,1,1,7,3,ref|NC_001143|,159191,158991
YKL153W,201,0,0.0,0.0,0,0,0,0,+,13,20,4,11,6,5,37,22,ref|NC_001143|,163500,163700
YKL147C,201,0,0.0,0.0,0,0,0,0,-,16,11,5,5,4,7,32,16,ref|NC_001143|,172268,172068
YKL145W,201,0,0.0,0.0,0,0,0,0,+,15,12,20,44,45,15,47,104,ref|NC_001143|,174059,174259
YKL145W-A,201,0,0.0,0.0,0,0,0,0,+,1,1,1,2,2,0,3,4,ref|NC_001143|,174858,175058
YKL144C,201,0,0.0,0.0,0,0,0,0,-,3,12,11,15,15,14,26,44,ref|NC_001143|,176669,176469
YKL141W,201,0,0.0,0.0,0,0,0,0,+,15,9,5,10,14,3,29,27,ref|NC_001143|,179317,179517
YKL139W,201,0,0.0,0.0,0,0,0,0,+,19,29,11,29,28,18,59,75,ref|NC_001143|,182681,182881
YKL138C,201,0,0.0,0.0,0,0,0,0,-,6,10,2,12,3,1,18,16,ref|NC_001143|,186306,186106
YKL115C,201,0,0.0,0.0,0,0,0,0,-,6,7,3,10,5,3,16,18,ref|NC_001143|,223385,223185
YKL137W,201,0,0.0,0.0,0,0,0,0,+,3,4,4,11,9,3,11,23,ref|NC_001143|,185448,185648
YKL136W,201,0,0.0,0.0,0,0,0,0,+,3,14,5,6,3,3,22,12,ref|NC_001143|,186316,186516
YKL135C,201,0,0.0,0.0,0,0,0,0,-,27,39,18,58,54,21,84,133,ref|NC_001143|,188890,188690
YKL132C,201,0,0.0,0.0,0,0,0,0,-,20,13,11,27,20,14,44,61,ref|NC_001143|,195131,194931
YKL130C,201,0,0.0,0.0,0,0,0,0,-,10,17,6,19,23,10,33,52,ref|NC_001143|,196219,196019
YKL128C,201,0,0.0,0.0,0,0,0,0,-,11,23,13,23,20,7,47,50,ref|NC_001143|,201897,201697
YKL127W,201,0,0.0,0.0,0,0,0,0,+,28,32,13,26,34,22,73,82,ref|NC_001143|,203076,203276
YKL125W,201,0,0.0,0.0,0,0,0,0,+,27,38,19,53,58,19,84,130,ref|NC_001143|,208056,208256
YKL124W,201,0,0.0,0.0,0,0,0,0,+,28,33,9,44,42,20,70,106,ref|NC_001143|,210493,210693
YKL121W,201,0,0.0,0.0,0,0,0,0,+,36,68,13,52,59,33,117,144,ref|NC_001143|,213780,213980
YKL120W,201,0,0.0,0.0,0,0,0,0,+,16,26,9,20,16,9,51,45,ref|NC_001143|,217081,217281
YKL119C,201,0,0.0,0.0,0,0,0,0,-,13,18,5,21,15,8,36,44,ref|NC_001143|,219435,219235
YKL118W,201,0,0.0,0.0,0,0,0,0,+,8,15,9,4,7,1,32,12,ref|NC_001143|,219026,219226
YKL023W,201,0,0.0,0.0,0,0,0,0,+,8,12,6,45,27,10,26,82,ref|NC_001143|,393481,393681
YKL015W,201,0,0.0,0.0,0,0,0,0,+,41,65,16,39,79,34,122,152,ref|NC_001143|,408444,408644
YKL166C,201,0,0.0,0.0,0,0,0,0,-,8,21,5,32,27,11,34,70,ref|NC_001143|,136021,135821
YKR086W,201,0,0.0,0.0,0,0,0,0,+,36,68,16,82,75,34,120,191,ref|NC_001143|,599757,599957
YKR059W,201,0,0.0,0.0,0,0,0,0,+,24,25,13,37,30,13,62,80,ref|NC_001143|,554771,554971
YKR061W,201,0,0.0,0.0,0,0,0,0,+,18,31,13,40,29,19,62,88,ref|NC_001143|,557442,557642
YKR063C,201,0,0.0,0.0,0,0,0,0,-,9,20,7,35,44,14,36,93,ref|NC_001143|,562408,562208
YKR070W,201,0,0.0,0.0,0,0,0,0,+,11,19,7,17,28,13,37,58,ref|NC_001143|,573454,573654
YKR071C,201,0,0.0,0.0,0,0,0,0,-,14,23,4,29,28,13,41,70,ref|NC_001143|,576138,575938
YKR073C,201,0,0.0,0.0,0,0,0,0,-,9,8,3,5,6,2,20,13,ref|NC_001143|,578607,578407
YKR074W,201,0,0.0,0.0,0,0,0,0,+,3,11,3,14,17,7,17,38,ref|NC_001143|,579063,579263
YKR075W-A,201,0,0.0,0.0,0,0,0,0,+,11,6,3,3,1,1,20,5,ref|NC_001143|,580112,580312
YKR078W,201,0,0.0,0.0,0,0,0,0,+,26,37,8,55,46,21,71,122,ref|NC_001143|,584835,585035
YKR080W,201,0,0.0,0.0,0,0,0,0,+,11,20,7,25,17,8,38,50,ref|NC_001143|,590114,590314
YKR081C,201,0,0.0,0.0,0,0,0,0,-,9,14,8,47,34,8,31,89,ref|NC_001143|,592707,592507
YKR082W,201,0,0.0,0.0,0,0,0,0,+,55,80,20,66,88,37,155,191,ref|NC_001143|,592667,592867
YKR084C,201,0,0.0,0.0,0,0,0,0,-,24,38,11,47,51,21,73,119,ref|NC_001143|,599083,598883
YKR088C,201,0,0.0,0.0,0,0,0,0,-,23,18,9,21,25,9,50,55,ref|NC_001143|,605547,605347
YKR054C,201,0,0.0,0.0,0,0,0,0,-,191,237,102,296,305,136,530,737,ref|NC_001143|,548025,547825
YKR090W,201,0,0.0,0.0,0,0,0,0,+,37,43,17,56,48,29,97,133,ref|NC_001143|,608673,608873
YKR091W,201,0,0.0,0.0,0,0,0,0,+,15,14,8,17,13,10,37,40,ref|NC_001143|,611391,611591
YKR094C,201,0,0.0,0.0,0,0,0,0,-,14,5,5,19,22,4,24,45,ref|NC_001143|,618890,618690
YKR096W,201,0,0.0,0.0,0,0,0,0,+,56,65,33,84,78,54,154,216,ref|NC_001143|,626619,626819
YKR097W,201,0,0.0,0.0,0,0,0,0,+,29,33,12,35,36,17,74,88,ref|NC_001143|,631052,631252
YKR101W,201,0,0.0,0.0,0,0,0,0,+,19,33,9,48,45,18,61,111,ref|NC_001143|,640412,640612
YKR102W,201,0,0.0,0.0,0,0,0,0,+,104,84,41,37,68,36,229,141,ref|NC_001143|,646256,646456
YKR104W,201,0,0.0,0.0,0,0,0,0,+,15,21,8,24,20,13,44,57,ref|NC_001143|,656729,656929
YLL067C,201,0,0.0,0.0,0,0,0,0,-,46,52,32,80,77,56,130,213,ref|NC_001144|,4401,4201
YLL067W-A,201,0,0.0,0.0,0,0,0,0,+,18,5,9,4,6,4,32,14,ref|NC_001144|,743,943
YLL066W-B,201,0,0.0,0.0,0,0,0,0,+,5,1,1,0,2,0,7,2,ref|NC_001144|,5505,5705
YLL066C,201,0,0.0,0.0,0,0,0,0,-,46,51,33,86,76,57,130,219,ref|NC_001144|,9936,9736
YLL066W-A,201,0,0.0,0.0,0,0,0,0,+,18,5,9,4,6,4,32,14,ref|NC_001144|,6386,6586
YKR056W,201,0,0.0,0.0,0,0,0,0,+,29,28,18,50,51,19,75,120,ref|NC_001143|,549348,549548
YKR051W,201,0,0.0,0.0,0,0,0,0,+,12,22,8,23,19,11,42,53,ref|NC_001143|,530719,530919
YKL014C,201,0,0.0,0.0,0,0,0,0,-,91,115,32,124,135,53,238,312,ref|NC_001143|,417013,416813
YKR011C,201,0,0.0,0.0,0,0,0,0,-,20,24,11,21,28,15,55,64,ref|NC_001143|,462915,462715
YKL012W,201,0,0.0,0.0,0,0,0,0,+,18,30,7,63,32,24,55,119,ref|NC_001143|,418163,418363
YKL011C,201,0,0.0,0.0,0,0,0,0,-,16,15,10,29,23,15,41,67,ref|NC_001143|,421442,421242
YKL009W,201,0,0.0,0.0,0,0,0,0,+,8,20,6,23,17,6,34,46,ref|NC_001143|,426065,426265
YKL008C,201,0,0.0,0.0,0,0,0,0,-,26,26,10,24,22,9,62,55,ref|NC_001143|,428860,428660
YKL007W,201,0,0.0,0.0,0,0,0,0,+,13,17,3,24,16,13,33,53,ref|NC_001143|,428845,429045
YKL004W,201,0,0.0,0.0,0,0,0,0,+,19,25,12,15,16,9,56,40,ref|NC_001143|,435114,435314
YKL003C,201,0,0.0,0.0,0,0,0,0,-,6,8,6,13,10,1,20,24,ref|NC_001143|,438679,438479
YKL002W,201,0,0.0,0.0,0,0,0,0,+,7,17,5,22,30,12,29,64,ref|NC_001143|,437200,437400
YKR001C,201,0,0.0,0.0,0,0,0,0,-,34,42,19,57,52,26,95,135,ref|NC_001143|,442890,442690
YKR002W,201,0,0.0,0.0,0,0,0,0,+,15,27,15,49,42,17,57,108,ref|NC_001143|,442881,443081
YKR004C,201,0,0.0,0.0,0,0,0,0,-,30,28,4,23,22,8,62,53,ref|NC_001143|,448183,447983
YKR008W,201,0,0.0,0.0,0,0,0,0,+,26,41,14,37,53,20,81,110,ref|NC_001143|,452069,452269
YKR010C,201,0,0.0,0.0,0,0,0,0,-,34,48,25,59,59,20,107,138,ref|NC_001143|,461428,461228
YKR013W,201,0,0.0,0.0,0,0,0,0,+,19,18,4,5,16,9,41,30,ref|NC_001143|,463819,464019
YKR049C,201,0,0.0,0.0,0,0,0,0,-,2,6,11,9,5,4,19,18,ref|NC_001143|,527751,527551
YKR014C,201,0,0.0,0.0,0,0,0,0,-,6,12,4,19,16,11,22,46,ref|NC_001143|,466314,466114
YKR016W,201,0,0.0,0.0,0,0,0,0,+,31,31,12,49,33,25,74,107,ref|NC_001143|,469566,469766
YKR019C,201,0,0.0,0.0,0,0,0,0,-,29,42,15,49,37,21,86,107,ref|NC_001143|,478274,478074
YKR021W,201,0,0.0,0.0,0,0,0,0,+,47,66,28,67,57,32,141,156,ref|NC_001143|,479065,479265
YKR024C,201,0,0.0,0.0,0,0,0,0,-,32,43,16,59,48,19,91,126,ref|NC_001143|,487514,487314
YKR033C,201,0,0.0,0.0,0,0,0,0,-,10,10,3,5,8,2,23,15,ref|NC_001143|,507404,507204
YKR034W,201,0,0.0,0.0,0,0,0,0,+,8,17,2,20,15,6,27,41,ref|NC_001143|,506798,506998
YKR035C,201,0,0.0,0.0,0,0,0,0,-,16,17,8,4,10,7,41,21,ref|NC_001143|,508661,508461
YKR036C,201,0,0.0,0.0,0,0,0,0,-,23,29,11,53,45,24,63,122,ref|NC_001143|,510757,510557
YKR037C,201,0,0.0,0.0,0,0,0,0,-,13,21,5,30,13,11,39,54,ref|NC_001143|,511959,511759
YKR038C,201,0,0.0,0.0,0,0,0,0,-,14,15,14,27,20,14,43,61,ref|NC_001143|,513277,513077
YKR042W,201,0,0.0,0.0,0,0,0,0,+,38,17,6,13,11,8,61,32,ref|NC_001143|,519054,519254
YKR047W,201,0,0.0,0.0,0,0,0,0,+,10,5,9,1,4,3,24,8,ref|NC_001143|,525157,525357
YKL165C-A,201,0,0.0,0.0,0,0,0,0,-,5,3,5,6,3,4,13,13,ref|NC_001143|,136123,135923
YKL171W,201,0,0.0,0.0,0,0,0,0,+,44,66,32,51,58,49,142,158,ref|NC_001143|,127375,127575
YJL058C,201,0,0.0,0.0,0,0,0,0,-,27,43,12,44,27,18,82,89,ref|NC_001142|,328006,327806
YJR043C,201,0,0.0,0.0,0,0,0,0,-,15,25,6,37,21,9,46,67,ref|NC_001142|,517681,517481
YJR009C,201,0,0.0,0.0,0,0,0,0,-,17,18,13,22,26,13,48,61,ref|NC_001142|,455048,454848
YJR011C,201,0,0.0,0.0,0,0,0,0,-,12,12,4,17,25,10,28,52,ref|NC_001142|,459754,459554
YJR021C,201,0,0.0,0.0,0,0,0,0,-,14,10,13,32,18,16,37,66,ref|NC_001142|,469744,469544
YJR026W,201,0,0.0,0.0,0,0,0,0,+,22,40,13,21,31,13,75,65,ref|NC_001142|,472660,472860
YJR027W,201,0,0.0,0.0,0,0,0,0,+,74,142,47,119,122,61,263,302,ref|NC_001142|,472660,472860
YJR028W,201,0,0.0,0.0,0,0,0,0,+,22,42,13,22,30,14,77,66,ref|NC_001142|,478244,478444
YJR029W,201,0,0.0,0.0,0,0,0,0,+,76,140,48,113,115,61,264,289,ref|NC_001142|,478244,478444
YJR033C,201,0,0.0,0.0,0,0,0,0,-,79,81,25,92,94,31,185,217,ref|NC_001142|,496551,496351
YJR035W,201,0,0.0,0.0,0,0,0,0,+,41,70,24,111,70,41,135,222,ref|NC_001142|,497255,497455
YJR036C,201,0,0.0,0.0,0,0,0,0,-,32,52,28,62,61,21,112,144,ref|NC_001142|,503491,503291
YJR037W,201,0,0.0,0.0,0,0,0,0,+,6,3,2,6,5,4,11,15,ref|NC_001142|,503002,503202
YJR039W,201,0,0.0,0.0,0,0,0,0,+,52,76,22,73,84,29,150,186,ref|NC_001142|,503836,504036
YJR042W,201,0,0.0,0.0,0,0,0,0,+,23,37,14,55,68,24,74,147,ref|NC_001142|,513930,514130
YJR044C,201,0,0.0,0.0,0,0,0,0,-,7,15,3,4,9,3,25,16,ref|NC_001142|,519435,519235
YJR007W,201,0,0.0,0.0,0,0,0,0,+,11,12,9,29,25,12,32,66,ref|NC_001142|,450782,450982
YJR045C,201,0,0.0,0.0,0,0,0,0,-,34,34,22,45,47,26,90,118,ref|NC_001142|,521841,521641
YJR055W,201,0,0.0,0.0,0,0,0,0,+,3,4,3,11,11,8,10,30,ref|NC_001142|,538662,538862
YJR063W,201,0,0.0,0.0,0,0,0,0,+,10,5,2,9,8,3,17,20,ref|NC_001142|,555048,555248
YJR066W,201,0,0.0,0.0,0,0,0,0,+,112,130,56,181,177,71,298,429,ref|NC_001142|,559316,559516
YJR067C,201,0,0.0,0.0,0,0,0,0,-,3,6,2,11,13,5,11,29,ref|NC_001142|,567577,567377
YJR068W,201,0,0.0,0.0,0,0,0,0,+,12,18,2,26,31,10,32,67,ref|NC_001142|,567495,567695
YJR069C,201,0,0.0,0.0,0,0,0,0,-,5,10,7,12,16,4,22,32,ref|NC_001142|,569550,569350
YJR070C,201,0,0.0,0.0,0,0,0,0,-,11,13,12,27,26,11,36,64,ref|NC_001142|,570923,570723
YJR071W,201,0,0.0,0.0,0,0,0,0,+,10,7,3,7,3,3,20,13,ref|NC_001142|,570305,570505
YJR075W,201,0,0.0,0.0,0,0,0,0,+,15,28,6,29,28,10,49,67,ref|NC_001142|,573819,574019
YJR080C,201,0,0.0,0.0,0,0,0,0,-,15,34,14,30,22,13,63,65,ref|NC_001142|,581799,581599
YJR083C,201,0,0.0,0.0,0,0,0,0,-,4,22,7,27,15,14,33,56,ref|NC_001142|,583679,583479
YJR084W,201,0,0.0,0.0,0,0,0,0,+,20,21,12,25,26,14,53,65,ref|NC_001142|,583590,583790
YJR008W,201,0,0.0,0.0,0,0,0,0,+,9,26,7,18,25,5,42,48,ref|NC_001142|,452217,452417
YJR002W,201,0,0.0,0.0,0,0,0,0,+,29,35,13,81,55,23,77,159,ref|NC_001142|,438735,438935
YJR090C,201,0,0.0,0.0,0,0,0,0,-,31,74,23,75,85,39,128,199,ref|NC_001142|,594427,594227
YJL022W,201,0,0.0,0.0,0,0,0,0,+,7,7,6,4,6,4,20,14,ref|NC_001142|,397855,398055
YJL055W,201,0,0.0,0.0,0,0,0,0,+,9,18,3,17,13,8,30,38,ref|NC_001142|,332854,333054
YJL053W,201,0,0.0,0.0,0,0,0,0,+,19,20,6,28,30,11,45,69,ref|NC_001142|,335728,335928
YJL050W,201,0,0.0,0.0,0,0,0,0,+,34,52,36,103,92,22,122,217,ref|NC_001142|,342374,342574
YJL049W,201,0,0.0,0.0,0,0,0,0,+,17,27,3,53,36,14,47,103,ref|NC_001142|,345850,346050
YJL042W,201,0,0.0,0.0,0,0,0,0,+,66,81,38,100,73,63,185,236,ref|NC_001142|,361081,361281
YJL041W,201,0,0.0,0.0,0,0,0,0,+,47,52,25,49,39,36,124,124,ref|NC_001142|,365623,365823
YJL039C,201,0,0.0,0.0,0,0,0,0,-,97,113,37,96,109,61,247,266,ref|NC_001142|,373899,373699
YJL038C,201,0,0.0,0.0,0,0,0,0,-,6,12,5,20,12,10,23,42,ref|NC_001142|,375960,375760
YJL037W,201,0,0.0,0.0,0,0,0,0,+,16,8,6,15,16,4,30,35,ref|NC_001142|,376562,376762
YJL036W,201,0,0.0,0.0,0,0,0,0,+,18,29,6,39,33,18,53,90,ref|NC_001142|,378598,378798
YJL035C,201,0,0.0,0.0,0,0,0,0,-,9,10,3,20,20,10,22,50,ref|NC_001142|,381154,380954
YJL026C-A,201,0,0.0,0.0,0,0,0,0,-,6,7,3,4,1,1,16,6,ref|NC_001142|,393387,393187
YJL025W,201,0,0.0,0.0,0,0,0,0,+,24,38,17,36,35,18,79,89,ref|NC_001142|,393787,393987
YJL020W-A,201,0,0.0,0.0,0,0,0,0,+,15,6,1,2,1,4,22,7,ref|NC_001142|,400881,401081
YJR001W,201,0,0.0,0.0,0,0,0,0,+,35,31,19,34,38,13,85,85,ref|NC_001142|,436627,436827
YJL019W,201,0,0.0,0.0,0,0,0,0,+,22,49,14,48,55,26,85,129,ref|NC_001142|,402681,402881
YJL016W,201,0,0.0,0.0,0,0,0,0,+,28,38,13,30,46,10,79,86,ref|NC_001142|,405214,405414
YJL015C,201,0,0.0,0.0,0,0,0,0,-,0,9,2,6,3,5,11,14,ref|NC_001142|,407526,407326
YJL014W,201,0,0.0,0.0,0,0,0,0,+,15,28,12,42,36,10,55,88,ref|NC_001142|,407416,407616
YJL012C,201,0,0.0,0.0,0,0,0,0,-,34,35,18,80,56,18,87,154,ref|NC_001142|,413592,413392
YJL011C,201,0,0.0,0.0,0,0,0,0,-,7,7,4,10,20,5,18,35,ref|NC_001142|,414921,414721
YJL009W,201,0,0.0,0.0,0,0,0,0,+,8,6,2,2,7,1,16,10,ref|NC_001142|,419755,419955
YJL008C,201,0,0.0,0.0,0,0,0,0,-,16,26,11,44,46,19,53,109,ref|NC_001142|,421806,421606
YJL006C,201,0,0.0,0.0,0,0,0,0,-,9,19,8,25,21,13,36,59,ref|NC_001142|,424284,424084
YJL005W,201,0,0.0,0.0,0,0,0,0,+,85,156,47,148,136,77,288,361,ref|NC_001142|,425057,425257
YJL004C,201,0,0.0,0.0,0,0,0,0,-,15,15,6,13,7,7,36,27,ref|NC_001142|,432328,432128
YJL002C,201,0,0.0,0.0,0,0,0,0,-,27,29,7,32,33,19,63,84,ref|NC_001142|,434831,434631
YJL001W,201,0,0.0,0.0,0,0,0,0,+,9,14,4,11,16,6,27,33,ref|NC_001142|,434698,434898
YJR089W,201,0,0.0,0.0,0,0,0,0,+,34,57,13,97,70,31,104,198,ref|NC_001142|,587618,587818
YJR093C,201,0,0.0,0.0,0,0,0,0,-,16,13,5,25,25,16,34,66,ref|NC_001142|,604361,604161
YKL177W,201,0,0.0,0.0,0,0,0,0,+,4,5,4,1,11,0,13,12,ref|NC_001143|,114256,114456
YKL218C,201,0,0.0,0.0,0,0,0,0,-,8,14,9,19,17,12,31,48,ref|NC_001143|,18921,18721
YJR153W,201,0,0.0,0.0,0,0,0,0,+,22,27,6,10,21,8,55,39,ref|NC_001142|,722520,722720
YJR154W,201,0,0.0,0.0,0,0,0,0,+,12,17,8,23,25,13,37,61,ref|NC_001142|,725684,725884
YJR156C,201,0,0.0,0.0,0,0,0,0,-,20,19,11,31,25,12,50,68,ref|NC_001142|,729696,729496
YJR157W,201,0,0.0,0.0,0,0,0,0,+,8,4,2,7,4,3,14,14,ref|NC_001142|,730415,730615
YJR158W,201,0,0.0,0.0,0,0,0,0,+,36,33,19,31,27,11,88,69,ref|NC_001142|,732340,732540
YJR159W,201,0,0.0,0.0,0,0,0,0,+,10,18,12,16,25,9,40,50,ref|NC_001142|,735944,736144
YJR160C,201,0,0.0,0.0,0,0,0,0,-,28,35,10,36,31,13,73,80,ref|NC_001142|,739916,739716
YJR162C,201,0,0.0,0.0,0,0,0,0,-,9,12,2,0,0,1,23,1,ref|NC_001142|,745361,745161
YKL225W,201,0,0.0,0.0,0,0,0,0,+,8,14,0,0,0,2,22,2,ref|NC_001143|,351,551
YKL224C,201,0,0.0,0.0,0,0,0,0,-,8,10,5,6,8,3,23,17,ref|NC_001143|,2281,2081
YKL223W,201,0,0.0,0.0,0,0,0,0,+,9,5,6,8,4,3,20,15,ref|NC_001143|,2289,2489
YKL220C,201,0,0.0,0.0,0,0,0,0,-,38,40,21,30,39,13,99,82,ref|NC_001143|,11326,11126
YKL219W,201,0,0.0,0.0,0,0,0,0,+,31,28,10,27,22,9,69,58,ref|NC_001143|,14385,14585
YKL215C,201,0,0.0,0.0,0,0,0,0,-,69,84,27,96,81,31,180,208,ref|NC_001143|,30787,30587
YJR151C,201,0,0.0,0.0,0,0,0,0,-,118,101,37,27,61,39,256,127,ref|NC_001142|,715840,715640
YKL213C,201,0,0.0,0.0,0,0,0,0,-,23,50,16,40,47,24,89,111,ref|NC_001143|,34282,34082
YKL211C,201,0,0.0,0.0,0,0,0,0,-,27,31,7,29,29,13,65,71,ref|NC_001143|,38330,38130
YKL209C,201,0,0.0,0.0,0,0,0,0,-,67,83,24,78,84,32,174,194,ref|NC_001143|,46395,46195
YKL206C,201,0,0.0,0.0,0,0,0,0,-,10,13,11,15,17,10,34,42,ref|NC_001143|,50008,49808
YKL204W,201,0,0.0,0.0,0,0,0,0,+,23,40,12,53,26,12,75,91,ref|NC_001143|,53561,53761
YKL194C,201,0,0.0,0.0,0,0,0,0,-,25,27,17,33,34,15,69,82,ref|NC_001143|,78825,78625
YKL192C,201,0,0.0,0.0,0,0,0,0,-,6,5,5,7,11,4,16,22,ref|NC_001143|,80721,80521
YKL188C,201,0,0.0,0.0,0,0,0,0,-,40,67,13,66,50,19,120,135,ref|NC_001143|,88886,88686
YKL186C,201,0,0.0,0.0,0,0,0,0,-,3,6,7,11,8,9,16,28,ref|NC_001143|,93860,93660
YKL183C-A,201,0,0.0,0.0,0,0,0,0,-,8,2,2,4,1,0,12,5,ref|NC_001143|,98707,98507
YKL183W,201,0,0.0,0.0,0,0,0,0,+,11,19,11,21,15,16,41,52,ref|NC_001143|,98451,98651
YKL180W,201,0,0.0,0.0,0,0,0,0,+,10,20,6,25,18,1,36,44,ref|NC_001143|,108990,109190
YKL178C,201,0,0.0,0.0,0,0,0,0,-,24,35,7,25,22,12,66,59,ref|NC_001143|,114771,114571
YJR152W,201,0,0.0,0.0,0,0,0,0,+,21,37,12,34,35,8,70,77,ref|NC_001142|,719285,719485
YJR147W,201,0,0.0,0.0,0,0,0,0,+,17,24,16,13,15,11,57,39,ref|NC_001142|,703950,704150
YJR094W-A,201,0,0.0,0.0,0,0,0,0,+,6,8,3,21,10,2,17,33,ref|NC_001142|,608205,608405
YJR124C,201,0,0.0,0.0,0,0,0,0,-,25,27,8,25,21,4,60,50,ref|NC_001142|,654583,654383
YJR097W,201,0,0.0,0.0,0,0,0,0,+,3,11,8,11,17,6,22,34,ref|NC_001142|,612250,612450
YJR101W,201,0,0.0,0.0,0,0,0,0,+,17,17,6,11,19,9,40,39,ref|NC_001142|,618014,618214
YJR103W,201,0,0.0,0.0,0,0,0,0,+,19,30,18,38,48,25,67,111,ref|NC_001142|,620578,620778
YJR104C,201,0,0.0,0.0,0,0,0,0,-,6,10,6,12,9,6,22,27,ref|NC_001142|,624089,623889
YJR107W,201,0,0.0,0.0,0,0,0,0,+,18,13,10,20,23,5,41,48,ref|NC_001142|,626707,626907
YJR111C,201,0,0.0,0.0,0,0,0,0,-,11,12,2,19,21,1,25,41,ref|NC_001142|,636936,636736
YJR112W,201,0,0.0,0.0,0,0,0,0,+,4,7,8,17,15,14,19,46,ref|NC_001142|,636896,637096
YJR113C,201,0,0.0,0.0,0,0,0,0,-,8,14,11,20,8,11,33,39,ref|NC_001142|,639493,639293
YJR115W,201,0,0.0,0.0,0,0,0,0,+,11,7,4,5,9,10,22,24,ref|NC_001142|,639190,639390
YJR116W,201,0,0.0,0.0,0,0,0,0,+,20,22,20,12,16,11,62,39,ref|NC_001142|,640565,640765
YJR118C,201,0,0.0,0.0,0,0,0,0,-,12,13,3,15,21,4,28,40,ref|NC_001142|,644239,644039
YJR120W,201,0,0.0,0.0,0,0,0,0,+,6,3,4,4,1,3,13,8,ref|NC_001142|,647026,647226
YJR122W,201,0,0.0,0.0,0,0,0,0,+,18,32,6,39,24,21,56,84,ref|NC_001142|,649271,649471
YJR127C,201,0,0.0,0.0,0,0,0,0,-,77,83,36,67,80,53,196,200,ref|NC_001142|,663159,662959
YJR145C,201,0,0.0,0.0,0,0,0,0,-,16,26,11,31,20,11,53,62,ref|NC_001142|,703663,703463
YJR128W,201,0,0.0,0.0,0,0,0,0,+,4,3,5,7,2,6,12,15,ref|NC_001142|,662821,663021
YJR129C,201,0,0.0,0.0,0,0,0,0,-,14,16,9,34,26,26,39,86,ref|NC_001142|,665183,664983
YJR130C,201,0,0.0,0.0,0,0,0,0,-,30,32,14,51,44,20,76,115,ref|NC_001142|,667327,667127
YJR131W,201,0,0.0,0.0,0,0,0,0,+,29,24,20,31,36,15,73,82,ref|NC_001142|,667508,667708
YJR132W,201,0,0.0,0.0,0,0,0,0,+,45,58,21,76,81,35,124,192,ref|NC_001142|,669361,669561
YJR133W,201,0,0.0,0.0,0,0,0,0,+,8,8,8,14,20,7,24,41,ref|NC_001142|,672742,672942
YJR138W,201,0,0.0,0.0,0,0,0,0,+,60,120,40,122,112,46,220,280,ref|NC_001142|,684467,684667
YJR140C,201,0,0.0,0.0,0,0,0,0,-,87,98,38,121,119,57,223,297,ref|NC_001142|,695796,695596
YJR140W-A,201,0,0.0,0.0,0,0,0,0,+,3,6,1,0,1,1,10,2,ref|NC_001142|,690861,691061
YJR141W,201,0,0.0,0.0,0,0,0,0,+,14,17,11,29,20,11,42,60,ref|NC_001142|,695773,695973
YJR142W,201,0,0.0,0.0,0,0,0,0,+,14,16,10,34,23,13,40,70,ref|NC_001142|,696964,697164
YJR143C,201,0,0.0,0.0,0,0,0,0,-,37,48,18,31,53,14,103,98,ref|NC_001142|,700785,700585
YJR144W,201,0,0.0,0.0,0,0,0,0,+,7,15,6,18,18,5,28,41,ref|NC_001142|,700586,700786
YLL065W,201,0,0.0,0.0,0,0,0,0,+,6,14,2,0,0,2,22,2,ref|NC_001144|,11626,11826
YLL064C,201,0,0.0,0.0,0,0,0,0,-,7,8,4,5,9,2,19,16,ref|NC_001144|,13545,13345
YLL062C,201,0,0.0,0.0,0,0,0,0,-,15,11,11,23,19,11,37,53,ref|NC_001144|,17832,17632
YLR331C,201,0,0.0,0.0,0,0,0,0,-,4,1,5,14,22,7,10,43,ref|NC_001144|,791146,790946
YLR287C-A,201,0,0.0,0.0,0,0,0,0,-,5,10,5,14,13,4,20,31,ref|NC_001144|,713258,713058
YLR289W,201,0,0.0,0.0,0,0,0,0,+,23,26,13,54,43,21,62,118,ref|NC_001144|,714989,715189
YLR292C,201,0,0.0,0.0,0,0,0,0,-,7,6,4,17,14,7,17,38,ref|NC_001144|,720542,720342
YLR296W,201,0,0.0,0.0,0,0,0,0,+,4,8,5,1,3,4,17,8,ref|NC_001144|,722878,723078
YLR298C,201,0,0.0,0.0,0,0,0,0,-,2,12,6,24,14,6,20,44,ref|NC_001144|,725543,725343
YLR301W,201,0,0.0,0.0,0,0,0,0,+,10,18,8,14,18,9,36,41,ref|NC_001144|,730695,730895
YLR307W,201,0,0.0,0.0,0,0,0,0,+,10,12,5,21,24,10,27,55,ref|NC_001144|,745443,745643
YLR316C,201,0,0.0,0.0,0,0,0,0,-,13,15,13,29,29,23,41,81,ref|NC_001144|,766518,766318
YLR318W,201,0,0.0,0.0,0,0,0,0,+,35,69,17,49,53,22,121,124,ref|NC_001144|,766442,766642
YLR319C,201,0,0.0,0.0,0,0,0,0,-,32,38,19,66,65,28,89,159,ref|NC_001144|,771784,771584
YLR321C,201,0,0.0,0.0,0,0,0,0,-,20,20,3,41,33,11,43,85,ref|NC_001144|,778031,777831
YLR325C,201,0,0.0,0.0,0,0,0,0,-,4,5,0,9,5,2,9,16,ref|NC_001144|,781975,781775
YLR329W,201,0,0.0,0.0,0,0,0,0,+,13,23,7,15,16,11,43,42,ref|NC_001144|,786342,786542
YLR333C,201,0,0.0,0.0,0,0,0,0,-,7,4,1,11,4,3,12,18,ref|NC_001144|,796596,796396
YLR286C,201,0,0.0,0.0,0,0,0,0,-,44,40,7,20,35,9,91,64,ref|NC_001144|,710476,710276
YLR336C,201,0,0.0,0.0,0,0,0,0,-,36,41,22,89,84,29,99,202,ref|NC_001144|,802537,802337
YLR338W,201,0,0.0,0.0,0,0,0,0,+,10,12,5,14,12,5,27,31,ref|NC_001144|,804246,804446
YLR339C,201,0,0.0,0.0,0,0,0,0,-,21,8,5,11,8,6,34,25,ref|NC_001144|,806435,806235
YLR342W,201,0,0.0,0.0,0,0,0,0,+,111,114,55,116,123,27,280,266,ref|NC_001144|,809897,810097
YLR344W,201,0,0.0,0.0,0,0,0,0,+,11,19,5,21,18,5,35,44,ref|NC_001144|,818749,818949
YLR345W,201,0,0.0,0.0,0,0,0,0,+,18,36,13,43,42,17,67,102,ref|NC_001144|,820265,820465
YLR347W-A,201,0,0.0,0.0,0,0,0,0,+,2,6,0,1,2,1,8,4,ref|NC_001144|,824689,824889
YLR358C,201,0,0.0,0.0,0,0,0,0,-,18,15,4,7,6,7,37,20,ref|NC_001144|,844150,843950
YLR359W,201,0,0.0,0.0,0,0,0,0,+,20,28,8,39,36,10,56,85,ref|NC_001144|,844066,844266
YLR360W,201,0,0.0,0.0,0,0,0,0,+,21,28,5,32,30,9,54,71,ref|NC_001144|,845903,846103
YLR361C,201,0,0.0,0.0,0,0,0,0,-,20,29,12,33,39,19,61,91,ref|NC_001144|,849245,849045
YLR361C-A,201,0,0.0,0.0,0,0,0,0,-,2,4,0,12,6,1,6,19,ref|NC_001144|,849779,849579
YLR363W-A,201,0,0.0,0.0,0,0,0,0,+,4,3,1,11,7,2,8,20,ref|NC_001144|,853361,853561
YLR286W-A,201,0,0.0,0.0,0,0,0,0,+,2,6,0,2,3,2,8,7,ref|NC_001144|,708462,708662
YLR285C-A,201,0,0.0,0.0,0,0,0,0,-,3,2,3,0,3,4,8,7,ref|NC_001144|,708438,708238
YLR365W,201,0,0.0,0.0,0,0,0,0,+,6,13,6,6,2,2,25,10,ref|NC_001144|,855099,855299
YLR236C,201,0,0.0,0.0,0,0,0,0,-,7,4,3,2,6,3,14,11,ref|NC_001144|,612217,612017
YLR201C,201,0,0.0,0.0,0,0,0,0,-,10,15,11,11,14,6,36,31,ref|NC_001144|,550403,550203
YLR203C,201,0,0.0,0.0,0,0,0,0,-,22,32,7,32,17,12,61,61,ref|NC_001144|,552126,551926
YLR205C,201,0,0.0,0.0,0,0,0,0,-,16,20,14,28,12,14,50,54,ref|NC_001144|,553917,553717
YLR208W,201,0,0.0,0.0,0,0,0,0,+,22,18,8,22,15,7,48,44,ref|NC_001144|,558930,559130
YLR217W,201,0,0.0,0.0,0,0,0,0,+,5,13,3,1,6,2,21,9,ref|NC_001144|,572737,572937
YLR221C,201,0,0.0,0.0,0,0,0,0,-,8,18,7,28,17,10,33,55,ref|NC_001144|,579232,579032
YLR222C,201,0,0.0,0.0,0,0,0,0,-,26,56,18,58,67,16,100,141,ref|NC_001144|,581916,581716
YLR222C-A,201,0,0.0,0.0,0,0,0,0,-,2,7,2,3,4,0,11,7,ref|NC_001144|,582336,582136
YLR223C,201,0,0.0,0.0,0,0,0,0,-,45,49,16,119,120,52,110,291,ref|NC_001144|,585590,585390
YLR227C,201,0,0.0,0.0,0,0,0,0,-,12,36,14,35,39,17,62,91,ref|NC_001144|,592143,591943
YLR227W-A,201,0,0.0,0.0,0,0,0,0,+,22,40,13,21,31,13,75,65,ref|NC_001144|,593338,593538
YLR227W-B,201,0,0.0,0.0,0,0,0,0,+,72,145,48,118,119,61,265,298,ref|NC_001144|,593338,593538
YLR232W,201,0,0.0,0.0,0,0,0,0,+,7,7,4,4,6,2,18,12,ref|NC_001144|,606730,606930
YLR239C,201,0,0.0,0.0,0,0,0,0,-,5,20,5,26,24,11,30,61,ref|NC_001144|,617448,617248
YLR273C,201,0,0.0,0.0,0,0,0,0,-,32,46,19,43,47,21,97,111,ref|NC_001144|,691129,690929
YLR241W,201,0,0.0,0.0,0,0,0,0,+,40,54,25,38,45,29,119,112,ref|NC_001144|,620332,620532
YLR253W,201,0,0.0,0.0,0,0,0,0,+,25,27,15,39,46,22,67,107,ref|NC_001144|,642415,642615
YLR255C,201,0,0.0,0.0,0,0,0,0,-,3,4,3,15,1,3,10,19,ref|NC_001144|,646082,645882
YLR256W,201,0,0.0,0.0,0,0,0,0,+,84,85,42,92,109,38,211,239,ref|NC_001144|,646315,646515
YLR256W-A,201,0,0.0,0.0,0,0,0,0,+,22,39,13,21,31,13,74,65,ref|NC_001144|,651017,651217
YLR261C,201,0,0.0,0.0,0,0,0,0,-,3,8,1,6,6,4,12,16,ref|NC_001144|,668943,668743
YLR262C,201,0,0.0,0.0,0,0,0,0,-,4,16,5,20,14,9,25,43,ref|NC_001144|,668991,668791
YLR263W,201,0,0.0,0.0,0,0,0,0,+,35,48,12,86,52,29,95,167,ref|NC_001144|,670240,670440
YLR264C-A,201,0,0.0,0.0,0,0,0,0,-,1,1,2,3,1,2,4,6,ref|NC_001144|,674044,673844
YLR265C,201,0,0.0,0.0,0,0,0,0,-,20,19,7,25,21,5,46,51,ref|NC_001144|,675555,675355
YLR268W,201,0,0.0,0.0,0,0,0,0,+,16,14,8,17,17,6,38,40,ref|NC_001144|,680028,680228
YLR271W,201,0,0.0,0.0,0,0,0,0,+,3,11,5,29,31,9,19,69,ref|NC_001144|,682284,682484
YLR272C,201,0,0.0,0.0,0,0,0,0,-,51,71,23,107,76,34,145,217,ref|NC_001144|,687354,687154
YLR364W,201,0,0.0,0.0,0,0,0,0,+,6,5,2,6,9,3,13,18,ref|NC_001144|,853853,854053
YLR376C,201,0,0.0,0.0,0,0,0,0,-,11,15,6,17,19,7,32,43,ref|NC_001144|,873722,873522
YLL054C,201,0,0.0,0.0,0,0,0,0,-,41,42,28,54,72,22,111,148,ref|NC_001144|,35304,35104
YML133C,201,0,0.0,0.0,0,0,0,0,-,54,63,37,92,88,71,154,251,ref|NC_001145|,4784,4584
YLR456W,201,0,0.0,0.0,0,0,0,0,+,6,14,5,12,17,5,25,34,ref|NC_001144|,1054958,1055158
YLR459W,201,0,0.0,0.0,0,0,0,0,+,28,32,4,6,21,3,64,30,ref|NC_001144|,1057222,1057422
YLR460C,201,0,0.0,0.0,0,0,0,0,-,12,27,12,21,28,5,51,54,ref|NC_001144|,1061033,1060833
YLR461W,201,0,0.0,0.0,0,0,0,0,+,6,9,4,6,10,1,19,17,ref|NC_001144|,1062819,1063019
YLR462W,201,0,0.0,0.0,0,0,0,0,+,9,14,3,8,13,13,26,34,ref|NC_001144|,1065856,1066056
YLR463C,201,0,0.0,0.0,0,0,0,0,-,11,14,14,8,10,3,39,21,ref|NC_001144|,1066916,1066716
YLR464W,201,0,0.0,0.0,0,0,0,0,+,12,11,11,19,24,19,34,62,ref|NC_001144|,1066472,1066672
YLR465C,201,0,0.0,0.0,0,0,0,0,-,6,9,6,5,4,3,21,12,ref|NC_001144|,1067453,1067253
YLR466W,201,0,0.0,0.0,0,0,0,0,+,46,64,40,90,84,68,150,242,ref|NC_001144|,1066987,1067187
YLR466C-A,201,0,0.0,0.0,0,0,0,0,-,18,5,9,4,6,4,32,14,ref|NC_001144|,1070969,1070769
YLR466C-B,201,0,0.0,0.0,0,0,0,0,-,6,2,1,0,2,0,9,2,ref|NC_001144|,1071810,1071610
YLR467W,201,0,0.0,0.0,0,0,0,0,+,68,84,49,112,113,94,201,319,ref|NC_001144|,1072408,1072608
YLR467C-A,201,0,0.0,0.0,0,0,0,0,-,18,5,9,4,6,4,32,14,ref|NC_001144|,1077632,1077432
YML133W-B,201,0,0.0,0.0,0,0,0,0,+,17,5,9,4,6,4,31,14,ref|NC_001145|,727,927
YLR450W,201,0,0.0,0.0,0,0,0,0,+,52,57,33,51,62,29,142,142,ref|NC_001144|,1032527,1032727
YML133W-A,201,0,0.0,0.0,0,0,0,0,+,4,7,8,1,7,0,19,8,ref|NC_001145|,1510,1710
YML132W,201,0,0.0,0.0,0,0,0,0,+,23,14,9,22,23,9,46,54,ref|NC_001145|,7144,7344
YML126C,201,0,0.0,0.0,0,0,0,0,-,27,22,12,28,34,20,61,82,ref|NC_001145|,20635,20435
YML123C,201,0,0.0,0.0,0,0,0,0,-,40,37,20,37,32,12,97,81,ref|NC_001145|,26019,25819
YML122C,201,0,0.0,0.0,0,0,0,0,-,4,6,5,4,6,3,15,13,ref|NC_001145|,26578,26378
YML119W,201,0,0.0,0.0,0,0,0,0,+,13,21,9,23,22,13,43,58,ref|NC_001145|,30047,30247
YML115C,201,0,0.0,0.0,0,0,0,0,-,15,33,9,36,40,18,57,94,ref|NC_001145|,41965,41765
YML114C,201,0,0.0,0.0,0,0,0,0,-,19,28,18,40,40,25,65,105,ref|NC_001145|,43851,43651
YML113W,201,0,0.0,0.0,0,0,0,0,+,11,25,4,13,11,4,40,28,ref|NC_001145|,43606,43806
YML110C,201,0,0.0,0.0,0,0,0,0,-,15,14,11,28,26,9,40,63,ref|NC_001145|,51076,50876
YML109W,201,0,0.0,0.0,0,0,0,0,+,38,66,21,92,78,36,125,206,ref|NC_001145|,51540,51740
YML108W,201,0,0.0,0.0,0,0,0,0,+,1,2,4,10,9,12,7,31,ref|NC_001145|,54633,54833
YML107C,201,0,0.0,0.0,0,0,0,0,-,15,12,11,25,19,10,38,54,ref|NC_001145|,56382,56182
YLR454W,201,0,0.0,0.0,0,0,0,0,+,108,157,51,193,198,81,316,472,ref|NC_001144|,1043898,1044098
YLR449W,201,0,0.0,0.0,0,0,0,0,+,14,17,14,47,38,19,45,104,ref|NC_001144|,1030658,1030858
YLR382C,201,0,0.0,0.0,0,0,0,0,-,34,41,16,54,67,32,91,153,ref|NC_001144|,884933,884733
YLR422W,201,0,0.0,0.0,0,0,0,0,+,87,107,57,133,131,62,251,326,ref|NC_001144|,965797,965997
YLR383W,201,0,0.0,0.0,0,0,0,0,+,32,55,29,111,91,36,116,238,ref|NC_001144|,885188,885388
YLR387C,201,0,0.0,0.0,0,0,0,0,-,19,27,5,44,34,12,51,90,ref|NC_001144|,897869,897669
YLR396C,201,0,0.0,0.0,0,0,0,0,-,32,48,18,48,54,28,98,130,ref|NC_001144|,912464,912264
YLR397C,201,0,0.0,0.0,0,0,0,0,-,41,30,21,66,50,20,92,136,ref|NC_001144|,915114,914914
YLR398C,201,0,0.0,0.0,0,0,0,0,-,36,67,24,107,100,39,127,246,ref|NC_001144|,919149,918949
YLR399W-A,201,0,0.0,0.0,0,0,0,0,+,1,1,0,1,5,0,2,6,ref|NC_001144|,920769,920969
YLR405W,201,0,0.0,0.0,0,0,0,0,+,9,13,6,26,25,17,28,68,ref|NC_001144|,928950,929150
YLR408C,201,0,0.0,0.0,0,0,0,0,-,5,6,5,9,9,8,16,26,ref|NC_001144|,934372,934172
YLR410W-A,201,0,0.0,0.0,0,0,0,0,+,21,41,7,21,27,10,69,58,ref|NC_001144|,941383,941583
YLR410W-B,201,0,0.0,0.0,0,0,0,0,+,74,130,45,122,123,58,249,303,ref|NC_001144|,941383,941583
YLR414C,201,0,0.0,0.0,0,0,0,0,-,11,18,12,4,16,5,41,25,ref|NC_001144|,954443,954243
YLR419W,201,0,0.0,0.0,0,0,0,0,+,59,79,29,107,114,33,167,254,ref|NC_001144|,958328,958528
YLR421C,201,0,0.0,0.0,0,0,0,0,-,3,8,3,14,15,6,14,35,ref|NC_001144|,965693,965493
YLR425W,201,0,0.0,0.0,0,0,0,0,+,58,84,26,104,85,47,168,236,ref|NC_001144|,982794,982994
YLR447C,201,0,0.0,0.0,0,0,0,0,-,10,22,4,28,29,6,36,63,ref|NC_001144|,1028047,1027847
YLR426W,201,0,0.0,0.0,0,0,0,0,+,16,18,12,21,28,9,46,58,ref|NC_001144|,986937,987137
YLR428C,201,0,0.0,0.0,0,0,0,0,-,7,8,2,4,5,5,17,14,ref|NC_001144|,991134,990934
YLR429W,201,0,0.0,0.0,0,0,0,0,+,34,39,20,48,44,29,93,121,ref|NC_001144|,990630,990830
YLR430W,201,0,0.0,0.0,0,0,0,0,+,104,136,45,160,153,66,285,379,ref|NC_001144|,993334,993534
YLR433C,201,0,0.0,0.0,0,0,0,0,-,24,25,15,39,46,21,64,106,ref|NC_001144|,1006222,1006022
YLR436C,201,0,0.0,0.0,0,0,0,0,-,74,112,38,64,77,47,224,188,ref|NC_001144|,1011429,1011229
YLR437C,201,0,0.0,0.0,0,0,0,0,-,0,4,11,7,3,9,15,19,ref|NC_001144|,1012196,1011996
YLR438W,201,0,0.0,0.0,0,0,0,0,+,25,24,22,22,18,19,71,59,ref|NC_001144|,1012351,1012551
YLR439W,201,0,0.0,0.0,0,0,0,0,+,9,24,11,19,15,21,44,55,ref|NC_001144|,1013777,1013977
YLR440C,201,0,0.0,0.0,0,0,0,0,-,32,28,16,55,54,20,76,129,ref|NC_001144|,1018024,1017824
YLR442C,201,0,0.0,0.0,0,0,0,0,-,43,66,16,104,74,30,125,208,ref|NC_001144|,1022389,1022189
YLR444C,201,0,0.0,0.0,0,0,0,0,-,6,10,5,3,5,3,21,11,ref|NC_001144|,1024105,1023905
YLR445W,201,0,0.0,0.0,0,0,0,0,+,7,12,2,17,18,4,21,39,ref|NC_001144|,1024089,1024289
YLR196W,201,0,0.0,0.0,0,0,0,0,+,21,25,13,46,63,18,59,127,ref|NC_001144|,543790,543990
YLR192C,201,0,0.0,0.0,0,0,0,0,-,8,9,7,29,20,12,24,61,ref|NC_001144|,539738,539538
YLR190W,201,0,0.0,0.0,0,0,0,0,+,28,25,11,47,32,18,64,97,ref|NC_001144|,534687,534887
YLR048W,201,0,0.0,0.0,0,0,0,0,+,15,23,7,44,23,7,45,74,ref|NC_001144|,241830,242030
YLR016C,201,0,0.0,0.0,0,0,0,0,-,5,9,10,22,12,11,24,45,ref|NC_001144|,177563,177363
YLR024C,201,0,0.0,0.0,0,0,0,0,-,80,113,39,125,146,65,232,336,ref|NC_001144|,193381,193181
YLR028C,201,0,0.0,0.0,0,0,0,0,-,27,29,13,51,27,19,69,97,ref|NC_001144|,201621,201421
YLR033W,201,0,0.0,0.0,0,0,0,0,+,22,23,6,42,38,20,51,100,ref|NC_001144|,208553,208753
YLR035C,201,0,0.0,0.0,0,0,0,0,-,34,29,20,57,40,39,83,136,ref|NC_001144|,214578,214378
YLR035C-A,201,0,0.0,0.0,0,0,0,0,-,39,87,31,93,66,47,157,206,ref|NC_001144|,219007,218807
YLR036C,201,0,0.0,0.0,0,0,0,0,-,6,11,3,14,12,6,20,32,ref|NC_001144|,222511,222311
YLR037C,201,0,0.0,0.0,0,0,0,0,-,7,12,3,6,9,2,22,17,ref|NC_001144|,224676,224476
YLR038C,201,0,0.0,0.0,0,0,0,0,-,3,5,3,7,4,3,11,14,ref|NC_001144|,225798,225598
YLR039C,201,0,0.0,0.0,0,0,0,0,-,42,55,21,68,80,31,118,179,ref|NC_001144|,228696,228496
YLR040C,201,0,0.0,0.0,0,0,0,0,-,14,17,3,9,10,5,34,24,ref|NC_001144|,229976,229776
YLR046C,201,0,0.0,0.0,0,0,0,0,-,12,18,9,10,9,6,39,25,ref|NC_001144|,241077,240877
YLR047C,201,0,0.0,0.0,0,0,0,0,-,36,42,13,43,37,17,91,97,ref|NC_001144|,241507,241307
YLR049C,201,0,0.0,0.0,0,0,0,0,-,28,33,9,28,23,18,70,69,ref|NC_001144|,245484,245284
YLR014C,201,0,0.0,0.0,0,0,0,0,-,41,45,16,64,61,32,102,157,ref|NC_001144|,175082,174882
YLR052W,201,0,0.0,0.0,0,0,0,0,+,7,16,7,24,18,9,30,51,ref|NC_001144|,247055,247255
YLR054C,201,0,0.0,0.0,0,0,0,0,-,28,38,19,43,42,36,85,121,ref|NC_001144|,251078,250878
YLR064W,201,0,0.0,0.0,0,0,0,0,+,12,19,5,12,12,0,36,24,ref|NC_001144|,264133,264333
YLR065C,201,0,0.0,0.0,0,0,0,0,-,7,14,5,4,10,1,26,15,ref|NC_001144|,267076,266876
YLR066W,201,0,0.0,0.0,0,0,0,0,+,9,14,3,9,12,4,26,25,ref|NC_001144|,266993,267193
YLR067C,201,0,0.0,0.0,0,0,0,0,-,31,55,25,62,75,27,111,164,ref|NC_001144|,270810,270610
YLR068W,201,0,0.0,0.0,0,0,0,0,+,2,5,1,35,6,4,8,45,ref|NC_001144|,270829,271029
YLR069C,201,0,0.0,0.0,0,0,0,0,-,28,53,29,52,59,18,110,129,ref|NC_001144|,274067,273867
YLR071C,201,0,0.0,0.0,0,0,0,0,-,41,70,14,74,73,28,125,175,ref|NC_001144|,278726,278526
YLR073C,201,0,0.0,0.0,0,0,0,0,-,8,13,11,8,10,6,32,24,ref|NC_001144|,281835,281635
YLR077W,201,0,0.0,0.0,0,0,0,0,+,18,44,20,39,37,18,82,94,ref|NC_001144|,283638,283838
YLR078C,201,0,0.0,0.0,0,0,0,0,-,15,15,8,20,8,7,38,35,ref|NC_001144|,287378,287178
YLR079W,201,0,0.0,0.0,0,0,0,0,+,10,20,3,35,17,5,33,57,ref|NC_001144|,286668,286868
YLR015W,201,0,0.0,0.0,0,0,0,0,+,15,23,13,47,37,16,51,100,ref|NC_001144|,175074,175274
YLR013W,201,0,0.0,0.0,0,0,0,0,+,6,8,1,13,7,4,15,24,ref|NC_001144|,171239,171439
YLR185W,201,0,0.0,0.0,0,0,0,0,+,8,8,5,24,12,6,21,42,ref|NC_001144|,522293,522493
YLL023C,201,0,0.0,0.0,0,0,0,0,-,12,26,11,20,12,3,49,35,ref|NC_001144|,98999,98799
YLL052C,201,0,0.0,0.0,0,0,0,0,-,10,8,5,5,13,5,23,23,ref|NC_001144|,36461,36261
YLL050C,201,0,0.0,0.0,0,0,0,0,-,18,10,3,13,12,9,31,34,ref|NC_001144|,40547,40347
YLL048C,201,0,0.0,0.0,0,0,0,0,-,86,103,41,107,112,36,230,255,ref|NC_001144|,46365,46165
YLL042C,201,0,0.0,0.0,0,0,0,0,-,3,10,4,9,13,6,17,28,ref|NC_001144|,52713,52513
YLL040C,201,0,0.0,0.0,0,0,0,0,-,138,190,70,241,248,90,398,579,ref|NC_001144|,63745,63545
YLL038C,201,0,0.0,0.0,0,0,0,0,-,8,18,3,22,17,14,29,53,ref|NC_001144|,66652,66452
YLL037W,201,0,0.0,0.0,0,0,0,0,+,11,11,6,5,4,1,28,10,ref|NC_001144|,66462,66662
YLL035W,201,0,0.0,0.0,0,0,0,0,+,35,43,14,46,42,12,92,100,ref|NC_001144|,68353,68553
YLL034C,201,0,0.0,0.0,0,0,0,0,-,37,30,19,96,70,27,86,193,ref|NC_001144|,73287,73087
YLL032C,201,0,0.0,0.0,0,0,0,0,-,30,52,15,56,45,30,97,131,ref|NC_001144|,76847,76647
YLL029W,201,0,0.0,0.0,0,0,0,0,+,20,40,21,49,56,34,81,139,ref|NC_001144|,81209,81409
YLL027W,201,0,0.0,0.0,0,0,0,0,+,9,23,6,25,10,14,38,49,ref|NC_001144|,86977,87177
YLL025W,201,0,0.0,0.0,0,0,0,0,+,9,10,2,6,11,1,21,18,ref|NC_001144|,94612,94812
YLL015W,201,0,0.0,0.0,0,0,0,0,+,91,74,28,97,125,35,193,257,ref|NC_001144|,116332,116532
YLR012C,201,0,0.0,0.0,0,0,0,0,-,3,5,3,14,9,2,11,25,ref|NC_001144|,170481,170281
YLL013C,201,0,0.0,0.0,0,0,0,0,-,52,82,25,57,38,26,159,121,ref|NC_001144|,124814,124614
YLL010C,201,0,0.0,0.0,0,0,0,0,-,25,27,16,34,23,26,68,83,ref|NC_001144|,130774,130574
YLL009C,201,0,0.0,0.0,0,0,0,0,-,2,2,1,6,6,2,5,14,ref|NC_001144|,131589,131389
YLL008W,201,0,0.0,0.0,0,0,0,0,+,26,31,21,93,52,28,78,173,ref|NC_001144|,131597,131797
YLL005C,201,0,0.0,0.0,0,0,0,0,-,54,61,25,49,39,17,140,105,ref|NC_001144|,140646,140446
YLL004W,201,0,0.0,0.0,0,0,0,0,+,27,44,18,53,43,27,89,123,ref|NC_001144|,140956,141156
YLL003W,201,0,0.0,0.0,0,0,0,0,+,38,57,27,86,56,35,122,177,ref|NC_001144|,143087,143287
YLR001C,201,0,0.0,0.0,0,0,0,0,-,37,58,18,53,49,28,113,130,ref|NC_001144|,154078,153878
YLR002C,201,0,0.0,0.0,0,0,0,0,-,38,33,18,63,38,20,89,121,ref|NC_001144|,156484,156284
YLR006C,201,0,0.0,0.0,0,0,0,0,-,35,42,14,48,39,24,91,111,ref|NC_001144|,163993,163793
YLR007W,201,0,0.0,0.0,0,0,0,0,+,11,21,15,24,19,14,47,57,ref|NC_001144|,164285,164485
YLR010C,201,0,0.0,0.0,0,0,0,0,-,8,12,4,12,15,4,24,31,ref|NC_001144|,167913,167713
YLR011W,201,0,0.0,0.0,0,0,0,0,+,3,4,9,14,16,7,16,37,ref|NC_001144|,168781,168981
YLR082C,201,0,0.0,0.0,0,0,0,0,-,11,17,8,36,31,11,36,78,ref|NC_001144|,293757,293557
YLR083C,201,0,0.0,0.0,0,0,0,0,-,33,46,21,23,42,16,100,81,ref|NC_001144|,296371,296171
YLR085C,201,0,0.0,0.0,0,0,0,0,-,11,30,7,31,25,18,48,74,ref|NC_001144|,302116,301916
YLR157C-A,201,0,0.0,0.0,0,0,0,0,-,22,40,13,21,31,13,75,65,ref|NC_001144|,481701,481501
YLR154W-A,201,0,0.0,0.0,0,0,0,0,+,5,5,1,2,4,1,11,7,ref|NC_001144|,452338,452538
YLR154W-B,201,0,0.0,0.0,0,0,0,0,+,2,5,3,4,0,3,10,7,ref|NC_001144|,454292,454492
YLR154W-C,201,0,0.0,0.0,0,0,0,0,+,9,9,7,7,3,4,25,14,ref|NC_001144|,454596,454796
YLR154W-E,201,0,0.0,0.0,0,0,0,0,+,3,4,4,4,4,4,11,12,ref|NC_001144|,455333,455533
YLR154W-F,201,0,0.0,0.0,0,0,0,0,+,5,2,0,0,3,1,7,4,ref|NC_001144|,455783,455983
YLR154C-G,201,0,0.0,0.0,0,0,0,0,-,4,1,1,3,2,1,6,6,ref|NC_001144|,462771,462571
YLR154C-H,201,0,0.0,0.0,0,0,0,0,-,2,2,4,0,2,1,8,3,ref|NC_001144|,469058,468858
YLR155C,201,0,0.0,0.0,0,0,0,0,-,27,21,10,20,21,7,58,48,ref|NC_001144|,470505,470305
YLR156W,201,0,0.0,0.0,0,0,0,0,+,6,5,3,4,5,0,14,9,ref|NC_001144|,472013,472213
YLR156C-A,201,0,0.0,0.0,0,0,0,0,-,2,2,4,0,2,1,8,3,ref|NC_001144|,472710,472510
YLR157C,201,0,0.0,0.0,0,0,0,0,-,27,21,10,20,21,7,58,48,ref|NC_001144|,474157,473957
YLR157W-D,201,0,0.0,0.0,0,0,0,0,+,4,3,1,2,4,0,8,6,ref|NC_001144|,475664,475864
YLR157C-B,201,0,0.0,0.0,0,0,0,0,-,73,140,47,118,120,62,260,300,ref|NC_001144|,481701,481501
YLR157W-E,201,0,0.0,0.0,0,0,0,0,+,3,2,2,2,4,0,7,6,ref|NC_001144|,481773,481973
YLR086W,201,0,0.0,0.0,0,0,0,0,+,51,78,34,154,106,52,163,312,ref|NC_001144|,302143,302343
YLR157C-C,201,0,0.0,0.0,0,0,0,0,-,2,2,4,0,2,1,8,3,ref|NC_001144|,482290,482090
YLR158C,201,0,0.0,0.0,0,0,0,0,-,27,21,10,20,21,7,58,48,ref|NC_001144|,483737,483537
YLR159W,201,0,0.0,0.0,0,0,0,0,+,6,5,3,4,5,0,14,9,ref|NC_001144|,485245,485445
YLR159C-A,201,0,0.0,0.0,0,0,0,0,-,2,2,4,0,2,1,8,3,ref|NC_001144|,485942,485742
YLR160C,201,0,0.0,0.0,0,0,0,0,-,27,21,10,20,21,7,58,48,ref|NC_001144|,487389,487189
YLR161W,201,0,0.0,0.0,0,0,0,0,+,6,5,3,4,5,0,14,9,ref|NC_001144|,488897,489097
YLR162W,201,0,0.0,0.0,0,0,0,0,+,6,3,8,6,3,2,17,11,ref|NC_001144|,489473,489673
YLR162W-A,201,0,0.0,0.0,0,0,0,0,+,5,3,1,3,3,1,9,7,ref|NC_001144|,490306,490506
YLR163W-A,201,0,0.0,0.0,0,0,0,0,+,5,4,0,1,3,0,9,4,ref|NC_001144|,492712,492912
YLR169W,201,0,0.0,0.0,0,0,0,0,+,10,11,5,3,2,3,26,8,ref|NC_001144|,500235,500435
YLR176C,201,0,0.0,0.0,0,0,0,0,-,35,60,28,41,47,22,123,110,ref|NC_001144|,510332,510132
YLR181C,201,0,0.0,0.0,0,0,0,0,-,6,10,8,33,31,17,24,81,ref|NC_001144|,518076,517876
YLR182W,201,0,0.0,0.0,0,0,0,0,+,24,40,10,76,71,31,74,178,ref|NC_001144|,517793,517993
YLR154C,201,0,0.0,0.0,0,0,0,0,-,5,7,5,8,7,9,17,24,ref|NC_001144|,448501,448301
YLR153C,201,0,0.0,0.0,0,0,0,0,-,35,47,15,44,50,13,97,107,ref|NC_001144|,447788,447588
YLR152C,201,0,0.0,0.0,0,0,0,0,-,18,30,14,27,30,22,62,79,ref|NC_001144|,444957,444757
YLR151C,201,0,0.0,0.0,0,0,0,0,-,9,24,5,29,27,11,38,67,ref|NC_001144|,442878,442678
YLR087C,201,0,0.0,0.0,0,0,0,0,-,131,182,67,220,202,90,380,512,ref|NC_001144|,315831,315631
YLR093C,201,0,0.0,0.0,0,0,0,0,-,12,17,6,16,10,12,35,38,ref|NC_001144|,327589,327389
YLR096W,201,0,0.0,0.0,0,0,0,0,+,43,69,29,73,61,26,141,160,ref|NC_001144|,332490,332690
YLR098C,201,0,0.0,0.0,0,0,0,0,-,29,36,15,56,46,19,80,121,ref|NC_001144|,339765,339565
YLR101C,201,0,0.0,0.0,0,0,0,0,-,12,7,1,8,3,1,20,12,ref|NC_001144|,343061,342861
YLR102C,201,0,0.0,0.0,0,0,0,0,-,8,14,7,25,18,19,29,62,ref|NC_001144|,343907,343707
YLR105C,201,0,0.0,0.0,0,0,0,0,-,16,25,6,46,17,10,47,73,ref|NC_001144|,348440,348240
YLR106C,201,0,0.0,0.0,0,0,0,0,-,207,280,120,414,415,156,607,985,ref|NC_001144|,363838,363638
YLR107W,201,0,0.0,0.0,0,0,0,0,+,18,27,5,30,30,12,50,72,ref|NC_001144|,363968,364168
YLR112W,201,0,0.0,0.0,0,0,0,0,+,8,3,5,6,5,4,16,15,ref|NC_001144|,370639,370839
YLR117C,201,0,0.0,0.0,0,0,0,0,-,20,36,18,70,52,27,74,149,ref|NC_001144|,384672,384472
YLR118C,201,0,0.0,0.0,0,0,0,0,-,9,12,5,17,15,0,26,32,ref|NC_001144|,385912,385712
YLR122C,201,0,0.0,0.0,0,0,0,0,-,11,7,3,3,6,3,21,12,ref|NC_001144|,391431,391231
YLR123C,201,0,0.0,0.0,0,0,0,0,-,12,8,5,3,5,3,25,11,ref|NC_001144|,392122,391922
YLR125W,201,0,0.0,0.0,0,0,0,0,+,6,7,2,23,15,2,15,40,ref|NC_001144|,393372,393572
YLR127C,201,0,0.0,0.0,0,0,0,0,-,36,56,10,64,64,22,102,150,ref|NC_001144|,398492,398292
YLR128W,201,0,0.0,0.0,0,0,0,0,+,8,24,4,21,16,12,36,49,ref|NC_001144|,398048,398248
YLR129W,201,0,0.0,0.0,0,0,0,0,+,40,54,16,83,65,21,110,169,ref|NC_001144|,399488,399688
YLR131C,201,0,0.0,0.0,0,0,0,0,-,29,36,20,53,49,24,85,126,ref|NC_001144|,407188,406988
YLR132C,201,0,0.0,0.0,0,0,0,0,-,10,25,7,15,17,17,42,49,ref|NC_001144|,408340,408140
YLR133W,201,0,0.0,0.0,0,0,0,0,+,24,37,22,52,44,23,83,119,ref|NC_001144|,408315,408515
YLR134W,201,0,0.0,0.0,0,0,0,0,+,29,25,10,34,58,5,64,97,ref|NC_001144|,410580,410780
YLR139C,201,0,0.0,0.0,0,0,0,0,-,43,67,20,44,35,16,130,95,ref|NC_001144|,423624,423424
YLR140W,201,0,0.0,0.0,0,0,0,0,+,3,5,2,6,3,4,10,13,ref|NC_001144|,423374,423574
YLR142W,201,0,0.0,0.0,0,0,0,0,+,27,30,15,27,29,17,72,73,ref|NC_001144|,425086,425286
YLR144C,201,0,0.0,0.0,0,0,0,0,-,41,68,11,43,52,15,120,110,ref|NC_001144|,432116,431916
YLR145W,201,0,0.0,0.0,0,0,0,0,+,4,6,6,27,15,6,16,48,ref|NC_001144|,431684,431884
YJL056C,201,0,0.0,0.0,0,0,0,0,-,41,69,12,52,63,36,122,151,ref|NC_001142|,333173,332973
YJL059W,201,0,0.0,0.0,0,0,0,0,+,28,17,13,18,27,9,58,54,ref|NC_001142|,324809,325009
YGL024W,201,0,0.0,0.0,0,0,0,0,+,9,7,7,2,6,2,23,10,ref|NC_001139|,449688,449888
YHL008C,201,0,0.0,0.0,0,0,0,0,-,32,33,19,36,36,19,84,91,ref|NC_001140|,94778,94578
YHL032C,201,0,0.0,0.0,0,0,0,0,-,33,28,21,41,36,33,82,110,ref|NC_001140|,38720,38520
YHL028W,201,0,0.0,0.0,0,0,0,0,+,32,52,25,27,20,23,109,70,ref|NC_001140|,48577,48777
YHL026C,201,0,0.0,0.0,0,0,0,0,-,15,36,11,18,13,15,62,46,ref|NC_001140|,54371,54171
YHL023C,201,0,0.0,0.0,0,0,0,0,-,52,77,31,77,76,48,160,201,ref|NC_001140|,62695,62495
YHL022C,201,0,0.0,0.0,0,0,0,0,-,11,30,6,18,26,6,47,50,ref|NC_001140|,64257,64057
YHL019W-A,201,0,0.0,0.0,0,0,0,0,+,20,14,11,6,11,6,45,23,ref|NC_001140|,67611,67811
YHL018W,201,0,0.0,0.0,0,0,0,0,+,2,8,5,12,8,6,15,26,ref|NC_001140|,69577,69777
YHL017W,201,0,0.0,0.0,0,0,0,0,+,26,31,18,29,37,15,75,81,ref|NC_001140|,70064,70264
YHL016C,201,0,0.0,0.0,0,0,0,0,-,32,34,18,32,44,15,84,91,ref|NC_001140|,74649,74449
YHL015W-A,201,0,0.0,0.0,0,0,0,0,+,4,2,0,1,3,0,6,4,ref|NC_001140|,74599,74799
YHL014C,201,0,0.0,0.0,0,0,0,0,-,14,28,6,40,26,9,48,75,ref|NC_001140|,77445,77245
YHL009W-A,201,0,0.0,0.0,0,0,0,0,+,16,23,9,36,33,12,48,81,ref|NC_001140|,85809,86009
YHL009W-B,201,0,0.0,0.0,0,0,0,0,+,58,134,24,164,131,46,216,341,ref|NC_001140|,85809,86009
YHL006C,201,0,0.0,0.0,0,0,0,0,-,8,7,1,7,5,5,16,17,ref|NC_001140|,98962,98762
YHL037C,201,0,0.0,0.0,0,0,0,0,-,10,6,3,5,8,2,19,15,ref|NC_001140|,26606,26406
YHL002W,201,0,0.0,0.0,0,0,0,0,+,21,26,6,38,26,13,53,77,ref|NC_001140|,102465,102665
YHR006W,201,0,0.0,0.0,0,0,0,0,+,24,40,6,41,28,27,70,96,ref|NC_001140|,117664,117864
YHR007C-A,201,0,0.0,0.0,0,0,0,0,-,4,1,4,7,0,2,9,9,ref|NC_001140|,122865,122665
YHR009C,201,0,0.0,0.0,0,0,0,0,-,33,29,15,37,38,19,77,94,ref|NC_001140|,126015,125815
YHR011W,201,0,0.0,0.0,0,0,0,0,+,15,24,8,38,28,14,47,80,ref|NC_001140|,127675,127875
YHR013C,201,0,0.0,0.0,0,0,0,0,-,5,12,6,23,22,12,23,57,ref|NC_001140|,131583,131383
YHR014W,201,0,0.0,0.0,0,0,0,0,+,15,18,8,23,9,11,41,43,ref|NC_001140|,131947,132147
YHR015W,201,0,0.0,0.0,0,0,0,0,+,27,48,15,55,40,18,90,113,ref|NC_001140|,134454,134654
YHR018C,201,0,0.0,0.0,0,0,0,0,-,23,25,9,47,39,15,57,101,ref|NC_001140|,141551,141351
YHR021C,201,0,0.0,0.0,0,0,0,0,-,17,17,3,23,19,1,37,43,ref|NC_001140|,149044,148844
YHR022C-A,201,0,0.0,0.0,0,0,0,0,-,3,3,1,1,2,4,7,7,ref|NC_001140|,151406,151206
YHR023W,201,0,0.0,0.0,0,0,0,0,+,93,102,31,204,142,58,226,404,ref|NC_001140|,151566,151766
YHR024C,201,0,0.0,0.0,0,0,0,0,-,21,23,14,37,25,15,58,77,ref|NC_001140|,159372,159172
YHL035C,201,0,0.0,0.0,0,0,0,0,-,80,108,39,96,103,50,227,249,ref|NC_001140|,32856,32656
YHL041W,201,0,0.0,0.0,0,0,0,0,+,11,6,5,6,4,2,22,12,ref|NC_001140|,17292,17492
YHR035W,201,0,0.0,0.0,0,0,0,0,+,30,56,15,36,47,13,101,96,ref|NC_001140|,178119,178319
YGR289C,201,0,0.0,0.0,0,0,0,0,-,26,32,14,35,47,14,72,96,ref|NC_001139|,1075913,1075713
YGR249W,201,0,0.0,0.0,0,0,0,0,+,31,28,10,19,27,11,69,57,ref|NC_001139|,987949,988149
YGR252W,201,0,0.0,0.0,0,0,0,0,+,10,21,12,45,28,19,43,92,ref|NC_001139|,996708,996908
YGR253C,201,0,0.0,0.0,0,0,0,0,-,16,8,8,22,30,4,32,56,ref|NC_001139|,999300,999100
YGR260W,201,0,0.0,0.0,0,0,0,0,+,31,28,22,23,31,16,81,70,ref|NC_001139|,1012149,1012349
YGR264C,201,0,0.0,0.0,0,0,0,0,-,31,38,18,49,52,12,87,113,ref|NC_001139|,1022473,1022273
YGR265W,201,0,0.0,0.0,0,0,0,0,+,6,13,8,8,5,4,27,17,ref|NC_001139|,1021548,1021748
YGR270W,201,0,0.0,0.0,0,0,0,0,+,46,69,30,141,110,47,145,298,ref|NC_001139|,1027270,1027470
YGR271W,201,0,0.0,0.0,0,0,0,0,+,60,121,48,148,162,50,229,360,ref|NC_001139|,1031691,1031891
YGR277C,201,0,0.0,0.0,0,0,0,0,-,7,20,5,22,15,8,32,45,ref|NC_001139|,1046674,1046474
YGR280C,201,0,0.0,0.0,0,0,0,0,-,7,5,6,37,17,14,18,68,ref|NC_001139|,1051864,1051664
YGR283C,201,0,0.0,0.0,0,0,0,0,-,14,24,8,21,14,10,46,45,ref|NC_001139|,1060189,1059989
YGR286C,201,0,0.0,0.0,0,0,0,0,-,19,18,10,33,23,18,47,74,ref|NC_001139|,1065314,1065114
YGR288W,201,0,0.0,0.0,0,0,0,0,+,25,18,13,29,33,16,56,78,ref|NC_001139|,1070105,1070305
YGR290W,201,0,0.0,0.0,0,0,0,0,+,14,18,3,5,8,1,35,14,ref|NC_001139|,1075382,1075582
YHL043W,201,0,0.0,0.0,0,0,0,0,+,7,11,5,9,9,3,23,21,ref|NC_001140|,14792,14992
YGR291C,201,0,0.0,0.0,0,0,0,0,-,3,5,1,6,2,3,9,11,ref|NC_001139|,1076604,1076404
YGR292W,201,0,0.0,0.0,0,0,0,0,+,24,37,15,46,49,26,76,121,ref|NC_001139|,1076499,1076699
YGR295C,201,0,0.0,0.0,0,0,0,0,-,24,17,10,25,25,9,51,59,ref|NC_001139|,1082829,1082629
YGR296W,201,0,0.0,0.0,0,0,0,0,+,76,86,52,118,123,99,214,340,ref|NC_001139|,1084764,1084964
YGR296C-A,201,0,0.0,0.0,0,0,0,0,-,4,7,8,1,7,0,19,8,ref|NC_001139|,1089545,1089345
YGR296C-B,201,0,0.0,0.0,0,0,0,0,-,17,5,9,4,6,4,31,14,ref|NC_001139|,1090328,1090128
YHL050C,201,0,0.0,0.0,0,0,0,0,-,39,35,25,69,57,37,99,163,ref|NC_001140|,3411,3211
YHL050W-A,201,0,0.0,0.0,0,0,0,0,+,19,5,9,4,6,4,33,14,ref|NC_001140|,711,911
YHL049C,201,0,0.0,0.0,0,0,0,0,-,12,14,6,13,21,18,32,52,ref|NC_001140|,4641,4441
YHL048C-A,201,0,0.0,0.0,0,0,0,0,-,3,3,1,2,3,0,7,5,ref|NC_001140|,5897,5697
YHL046C,201,0,0.0,0.0,0,0,0,0,-,7,10,3,5,10,1,20,16,ref|NC_001140|,12385,12185
YHL045W,201,0,0.0,0.0,0,0,0,0,+,5,2,4,9,3,3,11,15,ref|NC_001140|,12402,12602
YHL044W,201,0,0.0,0.0,0,0,0,0,+,12,12,3,14,16,4,27,34,ref|NC_001140|,13432,13632
YHR034C,201,0,0.0,0.0,0,0,0,0,-,6,12,12,35,22,23,30,80,ref|NC_001140|,178140,177940
YHR036W,201,0,0.0,0.0,0,0,0,0,+,13,47,14,43,27,24,74,94,ref|NC_001140|,180117,180317
YGR243W,201,0,0.0,0.0,0,0,0,0,+,6,7,5,7,9,2,18,18,ref|NC_001139|,977236,977436
YHR116W,201,0,0.0,0.0,0,0,0,0,+,5,8,4,8,8,9,17,25,ref|NC_001140|,340661,340861
YHR078W,201,0,0.0,0.0,0,0,0,0,+,32,32,17,29,27,12,81,68,ref|NC_001140|,256011,256211
YHR079C-A,201,0,0.0,0.0,0,0,0,0,-,2,2,4,9,11,3,8,23,ref|NC_001140|,262653,262453
YHR080C,201,0,0.0,0.0,0,0,0,0,-,53,88,35,93,87,45,176,225,ref|NC_001140|,266938,266738
YHR081W,201,0,0.0,0.0,0,0,0,0,+,4,7,6,18,11,11,17,40,ref|NC_001140|,267150,267350
YHR085W,201,0,0.0,0.0,0,0,0,0,+,17,17,9,19,22,12,43,53,ref|NC_001140|,276613,276813
YHR087W,201,0,0.0,0.0,0,0,0,0,+,7,4,6,7,9,7,17,23,ref|NC_001140|,280370,280570
YHR092C,201,0,0.0,0.0,0,0,0,0,-,44,25,19,32,39,8,88,79,ref|NC_001140|,289018,288818
YHR095W,201,0,0.0,0.0,0,0,0,0,+,11,10,5,9,9,4,26,22,ref|NC_001140|,292843,293043
YHR099W,201,0,0.0,0.0,0,0,0,0,+,175,251,78,254,239,105,504,598,ref|NC_001140|,302661,302861
YHR102W,201,0,0.0,0.0,0,0,0,0,+,46,73,17,50,58,41,136,149,ref|NC_001140|,316288,316488
YHR106W,201,0,0.0,0.0,0,0,0,0,+,14,13,7,23,24,10,34,57,ref|NC_001140|,325036,325236
YHR107C,201,0,0.0,0.0,0,0,0,0,-,12,27,5,46,32,11,44,89,ref|NC_001140|,328252,328052
YHR108W,201,0,0.0,0.0,0,0,0,0,+,25,48,14,30,45,17,87,92,ref|NC_001140|,328130,328330
YHR118C,201,0,0.0,0.0,0,0,0,0,-,8,14,9,41,43,13,31,97,ref|NC_001140|,345831,345631
YHR073W-A,201,0,0.0,0.0,0,0,0,0,+,3,5,2,4,4,0,10,8,ref|NC_001140|,242768,242968
YHR120W,201,0,0.0,0.0,0,0,0,0,+,35,57,19,73,78,28,111,179,ref|NC_001140|,349474,349674
YHR123W,201,0,0.0,0.0,0,0,0,0,+,20,25,15,16,21,9,60,46,ref|NC_001140|,354627,354827
YHR125W,201,0,0.0,0.0,0,0,0,0,+,5,11,2,1,6,2,18,9,ref|NC_001140|,358758,358958
YHR127W,201,0,0.0,0.0,0,0,0,0,+,9,8,5,24,9,6,22,39,ref|NC_001140|,360786,360986
YHR130C,201,0,0.0,0.0,0,0,0,0,-,7,9,5,3,8,4,21,15,ref|NC_001140|,366590,366390
YHR131C,201,0,0.0,0.0,0,0,0,0,-,46,62,24,65,78,45,132,188,ref|NC_001140|,368075,367875
YHR131W-A,201,0,0.0,0.0,0,0,0,0,+,3,2,3,5,6,5,8,16,ref|NC_001140|,367647,367847
YHR132W-A,201,0,0.0,0.0,0,0,0,0,+,9,7,5,12,8,3,21,23,ref|NC_001140|,369954,370154
YHR137C-A,201,0,0.0,0.0,0,0,0,0,-,16,15,10,10,9,7,41,26,ref|NC_001140|,376488,376288
YHR138C,201,0,0.0,0.0,0,0,0,0,-,4,6,1,5,9,3,11,17,ref|NC_001140|,378095,377895
YHR141C,201,0,0.0,0.0,0,0,0,0,-,4,17,5,24,15,2,26,41,ref|NC_001140|,384900,384700
YHR143W,201,0,0.0,0.0,0,0,0,0,+,46,31,11,8,12,10,88,30,ref|NC_001140|,385132,385332
YHR144C,201,0,0.0,0.0,0,0,0,0,-,8,19,5,28,22,9,32,59,ref|NC_001140|,388832,388632
YHR074W,201,0,0.0,0.0,0,0,0,0,+,29,45,15,56,48,6,89,110,ref|NC_001140|,245858,246058
YHR073W,201,0,0.0,0.0,0,0,0,0,+,49,56,36,77,68,37,141,182,ref|NC_001140|,242482,242682
YHR038W,201,0,0.0,0.0,0,0,0,0,+,5,15,7,21,23,5,27,49,ref|NC_001140|,183911,184111
YHR054W-A,201,0,0.0,0.0,0,0,0,0,+,2,5,3,3,4,0,10,7,ref|NC_001140|,214408,214608
YHR039C-A,201,0,0.0,0.0,0,0,0,0,-,6,10,3,14,13,3,19,30,ref|NC_001140|,187779,187579
YHR040W,201,0,0.0,0.0,0,0,0,0,+,9,13,8,35,24,21,30,80,ref|NC_001140|,187783,187983
YHR042W,201,0,0.0,0.0,0,0,0,0,+,32,36,29,35,42,27,97,104,ref|NC_001140|,190365,190565
YHR046C,201,0,0.0,0.0,0,0,0,0,-,10,14,7,12,29,6,31,47,ref|NC_001140|,198498,198298
YHR049C-A,201,0,0.0,0.0,0,0,0,0,-,8,3,4,6,5,2,15,13,ref|NC_001140|,207630,207430
YHR050W,201,0,0.0,0.0,0,0,0,0,+,35,27,14,31,34,10,76,75,ref|NC_001140|,207371,207571
YHR050W-A,201,0,0.0,0.0,0,0,0,0,+,4,7,0,3,3,0,11,6,ref|NC_001140|,209375,209575
YHR051W,201,0,0.0,0.0,0,0,0,0,+,3,8,0,16,19,1,11,36,ref|NC_001140|,209410,209610
YHR052W,201,0,0.0,0.0,0,0,0,0,+,14,27,5,39,29,8,46,76,ref|NC_001140|,210700,210900
YHR052W-A,201,0,0.0,0.0,0,0,0,0,+,2,5,3,3,4,0,10,7,ref|NC_001140|,212410,212610
YHR052C-B,201,0,0.0,0.0,0,0,0,0,-,3,3,0,2,5,3,6,10,ref|NC_001140|,212792,212592
YHR053C,201,0,0.0,0.0,0,0,0,0,-,2,4,0,2,5,3,6,10,ref|NC_001140|,212820,212620
YHR054C,201,0,0.0,0.0,0,0,0,0,-,23,19,6,22,28,13,48,63,ref|NC_001140|,214349,214149
YHR054C-B,201,0,0.0,0.0,0,0,0,0,-,3,3,0,2,5,3,6,10,ref|NC_001140|,214790,214590
YHR072W,201,0,0.0,0.0,0,0,0,0,+,31,42,18,45,50,11,91,106,ref|NC_001140|,238932,239132
YHR055C,201,0,0.0,0.0,0,0,0,0,-,2,4,0,2,5,3,6,10,ref|NC_001140|,214818,214618
YHR056C,201,0,0.0,0.0,0,0,0,0,-,47,63,18,56,61,29,128,146,ref|NC_001140|,217934,217734
YHR057C,201,0,0.0,0.0,0,0,0,0,-,8,9,10,11,16,9,27,36,ref|NC_001140|,219816,219616
YHR058C,201,0,0.0,0.0,0,0,0,0,-,5,10,5,19,20,8,20,47,ref|NC_001140|,220028,219828
YHR059W,201,0,0.0,0.0,0,0,0,0,+,4,6,7,6,9,5,17,20,ref|NC_001140|,219701,219901
YHR062C,201,0,0.0,0.0,0,0,0,0,-,5,15,13,16,13,15,33,44,ref|NC_001140|,223985,223785
YHR064C,201,0,0.0,0.0,0,0,0,0,-,21,28,16,37,45,19,65,101,ref|NC_001140|,227293,227093
YHR065C,201,0,0.0,0.0,0,0,0,0,-,19,23,8,56,37,13,50,106,ref|NC_001140|,229203,229003
YHR068W,201,0,0.0,0.0,0,0,0,0,+,17,19,6,30,43,8,42,81,ref|NC_001140|,231954,232154
YHR069C,201,0,0.0,0.0,0,0,0,0,-,19,23,6,22,32,10,48,64,ref|NC_001140|,234772,234572
YHR069C-A,201,0,0.0,0.0,0,0,0,0,-,8,5,5,2,11,3,18,16,ref|NC_001140|,235336,235136
YHR071W,201,0,0.0,0.0,0,0,0,0,+,16,13,7,20,12,8,36,40,ref|NC_001140|,236904,237104
YHR071C-A,201,0,0.0,0.0,0,0,0,0,-,9,7,2,5,3,5,18,13,ref|NC_001140|,239330,239130
YGR245C,201,0,0.0,0.0,0,0,0,0,-,26,34,16,78,54,20,76,152,ref|NC_001139|,982250,982050
YGR242W,201,0,0.0,0.0,0,0,0,0,+,8,2,4,6,2,3,14,11,ref|NC_001139|,976315,976515
YJL060W,201,0,0.0,0.0,0,0,0,0,+,20,24,12,25,31,15,56,71,ref|NC_001142|,323227,323427
YGR076C,201,0,0.0,0.0,0,0,0,0,-,6,8,3,14,14,7,17,35,ref|NC_001139|,637749,637549
YGR042W,201,0,0.0,0.0,0,0,0,0,+,7,22,5,23,17,12,34,52,ref|NC_001139|,578899,579099
YGR043C,201,0,0.0,0.0,0,0,0,0,-,15,20,6,34,29,9,41,72,ref|NC_001139|,581536,581336
YGR046W,201,0,0.0,0.0,0,0,0,0,+,12,26,8,18,17,17,46,52,ref|NC_001139|,584673,584873
YGR050C,201,0,0.0,0.0,0,0,0,0,-,5,5,6,6,8,5,16,19,ref|NC_001139|,592637,592437
YGR056W,201,0,0.0,0.0,0,0,0,0,+,34,49,17,85,55,33,100,173,ref|NC_001139|,601561,601761
YGR057C,201,0,0.0,0.0,0,0,0,0,-,12,13,7,13,26,9,32,48,ref|NC_001139|,605674,605474
YGR059W,201,0,0.0,0.0,0,0,0,0,+,10,27,14,45,40,15,51,100,ref|NC_001139|,607463,607663
YGR061C,201,0,0.0,0.0,0,0,0,0,-,74,77,28,89,93,32,179,214,ref|NC_001139|,616184,615984
YGR064W,201,0,0.0,0.0,0,0,0,0,+,7,9,6,6,4,7,22,17,ref|NC_001139|,615934,616134
YGR065C,201,0,0.0,0.0,0,0,0,0,-,22,26,13,33,34,13,61,80,ref|NC_001139|,620068,619868
YGR071C,201,0,0.0,0.0,0,0,0,0,-,55,67,21,54,54,23,143,131,ref|NC_001139|,634163,633963
YGR072W,201,0,0.0,0.0,0,0,0,0,+,8,22,8,53,28,7,38,88,ref|NC_001139|,634155,634355
YGR073C,201,0,0.0,0.0,0,0,0,0,-,6,13,3,2,3,4,22,9,ref|NC_001139|,636621,636421
YGR079W,201,0,0.0,0.0,0,0,0,0,+,16,29,15,25,20,19,60,64,ref|NC_001139|,640620,640820
YGR039W,201,0,0.0,0.0,0,0,0,0,+,5,5,2,9,9,2,12,20,ref|NC_001139|,574655,574855
YGR080W,201,0,0.0,0.0,0,0,0,0,+,19,26,14,24,21,13,59,58,ref|NC_001139|,641868,642068
YGR084C,201,0,0.0,0.0,0,0,0,0,-,7,18,7,28,14,15,32,57,ref|NC_001139|,648456,648256
YGR087C,201,0,0.0,0.0,0,0,0,0,-,21,25,17,33,42,18,63,93,ref|NC_001139|,653081,652881
YGR089W,201,0,0.0,0.0,0,0,0,0,+,54,73,15,64,64,30,142,158,ref|NC_001139|,656580,656780
YGR094W,201,0,0.0,0.0,0,0,0,0,+,56,53,26,77,102,30,135,209,ref|NC_001139|,672086,672286
YGR096W,201,0,0.0,0.0,0,0,0,0,+,12,16,13,17,12,12,41,41,ref|NC_001139|,676515,676715
YGR098C,201,0,0.0,0.0,0,0,0,0,-,83,92,38,94,115,60,213,269,ref|NC_001139|,687558,687358
YGR102C,201,0,0.0,0.0,0,0,0,0,-,5,11,4,10,9,4,20,23,ref|NC_001139|,695345,695145
YGR103W,201,0,0.0,0.0,0,0,0,0,+,29,30,8,68,51,15,67,134,ref|NC_001139|,695266,695466
YGR104C,201,0,0.0,0.0,0,0,0,0,-,12,20,9,17,19,16,41,52,ref|NC_001139|,698519,698319
YGR107W,201,0,0.0,0.0,0,0,0,0,+,6,12,5,6,3,6,23,15,ref|NC_001139|,702468,702668
YGR108W,201,0,0.0,0.0,0,0,0,0,+,25,25,12,38,38,19,62,95,ref|NC_001139|,703318,703518
YGR109W-A,201,0,0.0,0.0,0,0,0,0,+,15,15,8,31,20,13,38,64,ref|NC_001139|,707510,707710
YGR040W,201,0,0.0,0.0,0,0,0,0,+,9,23,4,33,21,12,36,66,ref|NC_001139|,574905,575105
YGR038C-A,201,0,0.0,0.0,0,0,0,0,-,22,41,13,19,30,14,76,63,ref|NC_001139|,567567,567367
YGR111W,201,0,0.0,0.0,0,0,0,0,+,13,23,8,30,38,10,44,78,ref|NC_001139|,715635,715835
YGR004W,201,0,0.0,0.0,0,0,0,0,+,29,22,6,32,28,7,57,67,ref|NC_001139|,502764,502964
YGL022W,201,0,0.0,0.0,0,0,0,0,+,42,41,29,42,47,23,112,112,ref|NC_001139|,452231,452431
YGL021W,201,0,0.0,0.0,0,0,0,0,+,53,50,20,51,54,18,123,123,ref|NC_001139|,454685,454885
YGL020C,201,0,0.0,0.0,0,0,0,0,-,13,13,4,16,9,7,30,32,ref|NC_001139|,458078,457878
YGL019W,201,0,0.0,0.0,0,0,0,0,+,8,10,8,26,21,15,26,62,ref|NC_001139|,457914,458114
YGL018C,201,0,0.0,0.0,0,0,0,0,-,5,12,2,13,15,6,19,34,ref|NC_001139|,459816,459616
YGL017W,201,0,0.0,0.0,0,0,0,0,+,18,22,15,25,36,19,55,80,ref|NC_001139|,459560,459760
YGL014C-A,201,0,0.0,0.0,0,0,0,0,-,3,3,1,4,5,2,7,11,ref|NC_001139|,466498,466298
YGL007W,201,0,0.0,0.0,0,0,0,0,+,10,6,5,4,5,6,21,15,ref|NC_001139|,483102,483302
YGL006W,201,0,0.0,0.0,0,0,0,0,+,57,84,21,71,87,34,162,192,ref|NC_001139|,485821,486021
YGL005C,201,0,0.0,0.0,0,0,0,0,-,12,14,8,25,26,12,34,63,ref|NC_001139|,491035,490835
YGL004C,201,0,0.0,0.0,0,0,0,0,-,15,29,5,27,32,8,49,67,ref|NC_001139|,492071,491871
YGL003C,201,0,0.0,0.0,0,0,0,0,-,25,35,16,38,29,25,76,92,ref|NC_001139|,494349,494149
YGR001C,201,0,0.0,0.0,0,0,0,0,-,14,17,3,18,22,13,34,53,ref|NC_001139|,498199,497999
YGR011W,201,0,0.0,0.0,0,0,0,0,+,9,11,0,6,6,2,20,14,ref|NC_001139|,511803,512003
YGR038C-B,201,0,0.0,0.0,0,0,0,0,-,72,143,48,115,118,60,263,293,ref|NC_001139|,567567,567367
YGR014W,201,0,0.0,0.0,0,0,0,0,+,100,137,41,48,40,34,278,122,ref|NC_001139|,516568,516768
YGR019W,201,0,0.0,0.0,0,0,0,0,+,20,28,5,35,42,8,53,85,ref|NC_001139|,525075,525275
YGR021W,201,0,0.0,0.0,0,0,0,0,+,6,11,15,19,17,17,32,53,ref|NC_001139|,527481,527681
YGR022C,201,0,0.0,0.0,0,0,0,0,-,4,1,6,7,9,5,11,21,ref|NC_001139|,529686,529486
YGR023W,201,0,0.0,0.0,0,0,0,0,+,36,92,29,18,17,28,157,63,ref|NC_001139|,528978,529178
YGR026W,201,0,0.0,0.0,0,0,0,0,+,13,11,4,21,15,4,28,40,ref|NC_001139|,532758,532958
YGR027W-A,201,0,0.0,0.0,0,0,0,0,+,22,42,13,21,31,13,77,65,ref|NC_001139|,535957,536157
YGR027W-B,201,0,0.0,0.0,0,0,0,0,+,75,140,47,112,117,60,262,289,ref|NC_001139|,535957,536157
YGR029W,201,0,0.0,0.0,0,0,0,0,+,12,14,0,17,19,4,26,40,ref|NC_001139|,543412,543612
YGR031W,201,0,0.0,0.0,0,0,0,0,+,6,25,17,16,21,15,48,52,ref|NC_001139|,546232,546432
YGR031C-A,201,0,0.0,0.0,0,0,0,0,-,7,14,8,3,10,10,29,23,ref|NC_001139|,547400,547200
YGR032W,201,0,0.0,0.0,0,0,0,0,+,87,125,48,121,122,37,260,280,ref|NC_001139|,548164,548364
YGR034W,201,0,0.0,0.0,0,0,0,0,+,6,14,3,22,18,7,23,47,ref|NC_001139|,555354,555554
YGR109W-B,201,0,0.0,0.0,0,0,0,0,+,40,86,40,153,72,82,166,307,ref|NC_001139|,707510,707710
YGR113W,201,0,0.0,0.0,0,0,0,0,+,14,22,9,31,26,14,45,71,ref|NC_001139|,718710,718910
YGR240C-A,201,0,0.0,0.0,0,0,0,0,-,3,5,2,1,3,2,10,6,ref|NC_001139|,974877,974677
YGR200C,201,0,0.0,0.0,0,0,0,0,-,30,47,9,55,69,14,86,138,ref|NC_001139|,902392,902192
YGR167W,201,0,0.0,0.0,0,0,0,0,+,7,12,5,25,18,16,24,59,ref|NC_001139|,832306,832506
YGR168C,201,0,0.0,0.0,0,0,0,0,-,18,25,13,15,22,7,56,44,ref|NC_001139|,834702,834502
YGR169C,201,0,0.0,0.0,0,0,0,0,-,7,26,17,35,28,11,50,74,ref|NC_001139|,836070,835870
YGR171C,201,0,0.0,0.0,0,0,0,0,-,28,24,14,40,33,28,66,101,ref|NC_001139|,842688,842488
YGR172C,201,0,0.0,0.0,0,0,0,0,-,20,12,6,3,8,8,38,19,ref|NC_001139|,843728,843528
YGR173W,201,0,0.0,0.0,0,0,0,0,+,15,14,11,36,25,8,40,69,ref|NC_001139|,843703,843903
YGR177C,201,0,0.0,0.0,0,0,0,0,-,31,37,24,34,37,24,92,95,ref|NC_001139|,850933,850733
YGR179C,201,0,0.0,0.0,0,0,0,0,-,20,16,9,38,36,15,45,89,ref|NC_001139|,855054,854854
YGR181W,201,0,0.0,0.0,0,0,0,0,+,7,5,1,7,7,3,13,17,ref|NC_001139|,858096,858296
YGR189C,201,0,0.0,0.0,0,0,0,0,-,51,31,16,18,29,16,98,63,ref|NC_001139|,878424,878224
YGR190C,201,0,0.0,0.0,0,0,0,0,-,9,6,4,5,10,4,19,19,ref|NC_001139|,882805,882605
YGR195W,201,0,0.0,0.0,0,0,0,0,+,10,15,12,26,15,7,37,48,ref|NC_001139|,888683,888883
YGR198W,201,0,0.0,0.0,0,0,0,0,+,40,44,27,65,57,25,111,147,ref|NC_001139|,894493,894693
YGR204C-A,201,0,0.0,0.0,0,0,0,0,-,3,1,3,0,0,0,7,0,ref|NC_001139|,909274,909074
YGR163W,201,0,0.0,0.0,0,0,0,0,+,14,25,4,29,36,8,43,73,ref|NC_001139|,827301,827501
YGR205W,201,0,0.0,0.0,0,0,0,0,+,14,17,7,12,22,12,38,46,ref|NC_001139|,908983,909183
YGR206W,201,0,0.0,0.0,0,0,0,0,+,6,5,1,6,7,2,12,15,ref|NC_001139|,910147,910347
YGR212W,201,0,0.0,0.0,0,0,0,0,+,20,35,8,21,28,17,63,66,ref|NC_001139|,916940,917140
YGR217W,201,0,0.0,0.0,0,0,0,0,+,95,128,50,115,113,56,273,284,ref|NC_001139|,924596,924796
YGR219W,201,0,0.0,0.0,0,0,0,0,+,6,6,3,4,9,2,15,15,ref|NC_001139|,935935,936135
YGR224W,201,0,0.0,0.0,0,0,0,0,+,32,49,23,27,26,13,104,66,ref|NC_001139|,942706,942906
YGR225W,201,0,0.0,0.0,0,0,0,0,+,32,33,15,40,35,22,80,97,ref|NC_001139|,945045,945245
YGR226C,201,0,0.0,0.0,0,0,0,0,-,3,4,5,2,1,3,12,6,ref|NC_001139|,947101,946901
YGR227W,201,0,0.0,0.0,0,0,0,0,+,25,35,9,22,31,9,69,62,ref|NC_001139|,947252,947452
YGR229C,201,0,0.0,0.0,0,0,0,0,-,20,30,8,51,38,19,58,108,ref|NC_001139|,951343,951143
YGR234W,201,0,0.0,0.0,0,0,0,0,+,13,22,7,18,27,13,42,58,ref|NC_001139|,959696,959896
YGR236C,201,0,0.0,0.0,0,0,0,0,-,2,5,0,12,9,2,7,23,ref|NC_001139|,963389,963189
YGR239C,201,0,0.0,0.0,0,0,0,0,-,11,17,13,22,15,12,41,49,ref|NC_001139|,970257,970057
YGR166W,201,0,0.0,0.0,0,0,0,0,+,32,36,15,28,30,22,83,80,ref|NC_001139|,830308,830508
YGR161C-C,201,0,0.0,0.0,0,0,0,0,-,22,39,13,20,30,14,74,64,ref|NC_001139|,823115,822915
YGR115C,201,0,0.0,0.0,0,0,0,0,-,48,32,13,12,7,5,93,24,ref|NC_001139|,721251,721051
YGR139W,201,0,0.0,0.0,0,0,0,0,+,6,4,2,4,4,3,12,11,ref|NC_001139|,765626,765826
YGR116W,201,0,0.0,0.0,0,0,0,0,+,53,80,28,168,135,40,161,343,ref|NC_001139|,720186,720386
YGR117C,201,0,0.0,0.0,0,0,0,0,-,21,28,11,34,31,15,60,80,ref|NC_001139|,726588,726388
YGR120C,201,0,0.0,0.0,0,0,0,0,-,18,14,7,28,27,9,39,64,ref|NC_001139|,731005,730805
YGR121C,201,0,0.0,0.0,0,0,0,0,-,20,28,13,27,21,17,61,65,ref|NC_001139|,733062,732862
YGR122W,201,0,0.0,0.0,0,0,0,0,+,18,24,8,30,22,8,50,60,ref|NC_001139|,733628,733828
YGR122C-A,201,0,0.0,0.0,0,0,0,0,-,3,5,2,0,1,2,10,3,ref|NC_001139|,735858,735658
YGR123C,201,0,0.0,0.0,0,0,0,0,-,23,23,10,43,40,14,56,97,ref|NC_001139|,738404,738204
YGR125W,201,0,0.0,0.0,0,0,0,0,+,30,63,27,57,59,33,120,149,ref|NC_001139|,742129,742329
YGR126W,201,0,0.0,0.0,0,0,0,0,+,13,18,7,27,13,9,38,49,ref|NC_001139|,745735,745935
YGR127W,201,0,0.0,0.0,0,0,0,0,+,16,16,6,20,24,7,38,51,ref|NC_001139|,746040,746240
YGR128C,201,0,0.0,0.0,0,0,0,0,-,30,51,9,49,61,14,90,124,ref|NC_001139|,750229,750029
YGR134W,201,0,0.0,0.0,0,0,0,0,+,46,55,25,85,101,34,126,220,ref|NC_001139|,757670,757870
YGR135W,201,0,0.0,0.0,0,0,0,0,+,8,11,2,24,19,7,21,50,ref|NC_001139|,761200,761400
YGR140W,201,0,0.0,0.0,0,0,0,0,+,34,76,20,84,73,24,130,181,ref|NC_001139|,767329,767529
YGR161C-D,201,0,0.0,0.0,0,0,0,0,-,70,138,49,115,114,62,257,291,ref|NC_001139|,823115,822915
YGR143W,201,0,0.0,0.0,0,0,0,0,+,34,50,12,44,47,36,96,127,ref|NC_001139|,775093,775293
YGR145W,201,0,0.0,0.0,0,0,0,0,+,19,36,9,70,57,27,64,154,ref|NC_001139|,781604,781804
YGR147C,201,0,0.0,0.0,0,0,0,0,-,9,13,8,24,21,10,30,55,ref|NC_001139|,787083,786883
YGR148C,201,0,0.0,0.0,0,0,0,0,-,7,7,1,24,9,1,15,34,ref|NC_001139|,788533,788333
YGR150C,201,0,0.0,0.0,0,0,0,0,-,32,55,15,63,62,20,102,145,ref|NC_001139|,793153,792953
YGR151C,201,0,0.0,0.0,0,0,0,0,-,7,10,1,5,2,4,18,11,ref|NC_001139|,795128,794928
YGR152C,201,0,0.0,0.0,0,0,0,0,-,11,14,10,17,11,10,35,38,ref|NC_001139|,795592,795392
YGR154C,201,0,0.0,0.0,0,0,0,0,-,20,19,4,31,22,9,43,62,ref|NC_001139|,798447,798247
YGR158C,201,0,0.0,0.0,0,0,0,0,-,14,18,9,12,16,6,41,34,ref|NC_001139|,806200,806000
YGR159C,201,0,0.0,0.0,0,0,0,0,-,48,20,18,46,34,16,86,96,ref|NC_001139|,807902,807702
YGR160W,201,0,0.0,0.0,0,0,0,0,+,29,19,12,35,15,5,60,55,ref|NC_001139|,806973,807173
YGR161W-A,201,0,0.0,0.0,0,0,0,0,+,21,42,7,22,29,10,70,61,ref|NC_001139|,811638,811838
YGR161W-B,201,0,0.0,0.0,0,0,0,0,+,74,132,45,121,125,57,251,303,ref|NC_001139|,811638,811838
YHR145C,201,0,0.0,0.0,0,0,0,0,-,13,6,1,9,2,1,20,12,ref|NC_001140|,389437,389237
YHR147C,201,0,0.0,0.0,0,0,0,0,-,8,18,2,14,12,2,28,28,ref|NC_001140|,393403,393203
YHR148W,201,0,0.0,0.0,0,0,0,0,+,5,13,8,13,14,5,26,32,ref|NC_001140|,393411,393611
YJL225C,201,0,0.0,0.0,0,0,0,0,-,67,85,51,109,118,93,203,320,ref|NC_001142|,6230,6030
YIR023C-A,201,0,0.0,0.0,0,0,0,0,-,7,8,4,5,9,1,19,15,ref|NC_001141|,402806,402606
YIR024C,201,0,0.0,0.0,0,0,0,0,-,4,6,7,25,26,6,17,57,ref|NC_001141|,403643,403443
YIR026C,201,0,0.0,0.0,0,0,0,0,-,14,29,14,29,20,13,57,62,ref|NC_001141|,406096,405896
YIR027C,201,0,0.0,0.0,0,0,0,0,-,19,25,16,21,29,20,60,70,ref|NC_001141|,407742,407542
YIR028W,201,0,0.0,0.0,0,0,0,0,+,30,31,18,35,32,11,79,78,ref|NC_001141|,408368,408568
YIR030C,201,0,0.0,0.0,0,0,0,0,-,10,14,8,19,12,6,32,37,ref|NC_001141|,412922,412722
YIR030W-A,201,0,0.0,0.0,0,0,0,0,+,6,16,3,3,5,1,25,9,ref|NC_001141|,412799,412999
YIR032C,201,0,0.0,0.0,0,0,0,0,-,8,12,4,13,8,10,24,31,ref|NC_001141|,415779,415579
YIR035C,201,0,0.0,0.0,0,0,0,0,-,7,9,8,15,18,5,24,38,ref|NC_001141|,422419,422219
YIR039C,201,0,0.0,0.0,0,0,0,0,-,32,31,18,19,28,18,81,65,ref|NC_001141|,432464,432264
YIR040C,201,0,0.0,0.0,0,0,0,0,-,8,5,6,7,4,3,19,14,ref|NC_001141|,433821,433621
YIR041W,201,0,0.0,0.0,0,0,0,0,+,8,10,4,6,8,3,22,17,ref|NC_001141|,432411,432611
YIR042C,201,0,0.0,0.0,0,0,0,0,-,4,11,9,21,16,8,24,45,ref|NC_001141|,436353,436153
YJL225W-A,201,0,0.0,0.0,0,0,0,0,+,18,5,9,3,6,4,32,13,ref|NC_001142|,729,929
YIR021W,201,0,0.0,0.0,0,0,0,0,+,22,19,17,21,26,20,58,67,ref|NC_001141|,397121,397321
YJL223C,201,0,0.0,0.0,0,0,0,0,-,8,9,5,5,9,2,22,16,ref|NC_001142|,9238,9038
YJL222W-B,201,0,0.0,0.0,0,0,0,0,+,2,2,2,4,5,2,6,11,ref|NC_001142|,9246,9446
YJL222W-A,201,0,0.0,0.0,0,0,0,0,+,5,2,4,4,2,3,11,9,ref|NC_001142|,9352,9552
YJL222W,201,0,0.0,0.0,0,0,0,0,+,66,89,47,107,122,60,202,289,ref|NC_001142|,11375,11575
YJL221C,201,0,0.0,0.0,0,0,0,0,-,23,32,17,44,49,30,72,123,ref|NC_001142|,18636,18436
YJL220W,201,0,0.0,0.0,0,0,0,0,+,13,6,10,5,7,6,29,18,ref|NC_001142|,18143,18343
YJL218W,201,0,0.0,0.0,0,0,0,0,+,3,6,5,15,18,3,14,36,ref|NC_001142|,21766,21966
YJL217W,201,0,0.0,0.0,0,0,0,0,+,10,12,6,8,17,3,28,28,ref|NC_001142|,22932,23132
YJL216C,201,0,0.0,0.0,0,0,0,0,-,28,38,10,43,53,13,76,109,ref|NC_001142|,26186,25986
YJL215C,201,0,0.0,0.0,0,0,0,0,-,9,5,5,6,5,3,19,14,ref|NC_001142|,28341,28141
YJL213W,201,0,0.0,0.0,0,0,0,0,+,9,17,4,29,22,13,30,64,ref|NC_001142|,31768,31968
YJL210W,201,0,0.0,0.0,0,0,0,0,+,13,8,11,13,11,13,32,37,ref|NC_001142|,36590,36790
YJL208C,201,0,0.0,0.0,0,0,0,0,-,14,17,8,30,18,10,39,58,ref|NC_001142|,41351,41151
YIR023W,201,0,0.0,0.0,0,0,0,0,+,39,56,20,46,62,26,115,134,ref|NC_001141|,399677,399877
YIR020W-A,201,0,0.0,0.0,0,0,0,0,+,2,4,0,4,2,2,6,8,ref|NC_001141|,394817,395017
YJL205C,201,0,0.0,0.0,0,0,0,0,-,8,9,3,3,1,6,20,10,ref|NC_001142|,51436,51236
YIL007C,201,0,0.0,0.0,0,0,0,0,-,7,15,7,26,16,5,29,47,ref|NC_001141|,343961,343761
YIL030W-A,201,0,0.0,0.0,0,0,0,0,+,9,4,3,7,5,1,16,13,ref|NC_001141|,295465,295665
YIL029W-A,201,0,0.0,0.0,0,0,0,0,+,8,11,1,5,7,1,20,13,ref|NC_001141|,299635,299835
YIL027C,201,0,0.0,0.0,0,0,0,0,-,8,9,5,8,8,2,22,18,ref|NC_001141|,304241,304041
YIL026C,201,0,0.0,0.0,0,0,0,0,-,52,64,28,94,90,40,144,224,ref|NC_001141|,308084,307884
YIL025C,201,0,0.0,0.0,0,0,0,0,-,8,9,4,6,2,5,21,13,ref|NC_001141|,308675,308475
YIL022W,201,0,0.0,0.0,0,0,0,0,+,20,21,11,49,21,26,52,96,ref|NC_001141|,310947,311147
YIL021C-A,201,0,0.0,0.0,0,0,0,0,-,6,4,4,4,3,2,14,9,ref|NC_001141|,313568,313368
YIL020C-A,201,0,0.0,0.0,0,0,0,0,-,6,9,4,3,6,1,19,10,ref|NC_001141|,314151,313951
YIL019W,201,0,0.0,0.0,0,0,0,0,+,11,21,11,39,30,14,43,83,ref|NC_001141|,314958,315158
YIL018W,201,0,0.0,0.0,0,0,0,0,+,21,23,13,31,28,6,57,65,ref|NC_001141|,315338,315538
YIL015W,201,0,0.0,0.0,0,0,0,0,+,32,31,24,26,31,28,87,85,ref|NC_001141|,322242,322442
YIL014C-A,201,0,0.0,0.0,0,0,0,0,-,4,2,0,1,12,0,6,13,ref|NC_001141|,325626,325426
YIL011W,201,0,0.0,0.0,0,0,0,0,+,49,17,4,6,14,4,70,24,ref|NC_001141|,333433,333633
YIL006W,201,0,0.0,0.0,0,0,0,0,+,14,28,8,23,19,14,50,56,ref|NC_001141|,343785,343985
YIR020C,201,0,0.0,0.0,0,0,0,0,-,8,8,4,4,2,0,20,6,ref|NC_001141|,397080,396880
YIL004C,201,0,0.0,0.0,0,0,0,0,-,7,12,5,15,15,3,24,33,ref|NC_001141|,348970,348770
YIL003W,201,0,0.0,0.0,0,0,0,0,+,13,11,9,26,21,7,33,54,ref|NC_001141|,348583,348783
YIL002W-A,201,0,0.0,0.0,0,0,0,0,+,3,2,3,7,5,2,8,14,ref|NC_001141|,350201,350401
YIR002C,201,0,0.0,0.0,0,0,0,0,-,20,62,23,84,75,41,105,200,ref|NC_001141|,360496,360296
YIR004W,201,0,0.0,0.0,0,0,0,0,+,15,12,8,55,39,16,35,110,ref|NC_001141|,363081,363281
YIR005W,201,0,0.0,0.0,0,0,0,0,+,6,10,5,10,11,6,21,27,ref|NC_001141|,364550,364750
YIR007W,201,0,0.0,0.0,0,0,0,0,+,24,46,15,38,43,26,85,107,ref|NC_001141|,370602,370802
YIR008C,201,0,0.0,0.0,0,0,0,0,-,20,28,8,30,37,8,56,75,ref|NC_001141|,374433,374233
YIR011C,201,0,0.0,0.0,0,0,0,0,-,10,21,6,22,22,6,37,50,ref|NC_001141|,378380,378180
YIR012W,201,0,0.0,0.0,0,0,0,0,+,23,18,13,24,32,15,54,71,ref|NC_001141|,378364,378564
YIR014W,201,0,0.0,0.0,0,0,0,0,+,9,19,7,21,19,9,35,49,ref|NC_001141|,380986,381186
YIR017C,201,0,0.0,0.0,0,0,0,0,-,5,7,7,20,15,7,19,42,ref|NC_001141|,384477,384277
YIR019C,201,0,0.0,0.0,0,0,0,0,-,179,68,12,20,61,21,259,102,ref|NC_001141|,393775,393575
YJL206C,201,0,0.0,0.0,0,0,0,0,-,52,35,18,56,47,28,105,131,ref|NC_001142|,50035,49835
YJL204C,201,0,0.0,0.0,0,0,0,0,-,43,64,22,42,58,32,129,132,ref|NC_001142|,53251,53051
YHR150W,201,0,0.0,0.0,0,0,0,0,+,20,35,15,37,42,19,70,98,ref|NC_001140|,397091,397291
YJL106W,201,0,0.0,0.0,0,0,0,0,+,26,41,16,49,53,18,83,120,ref|NC_001142|,220664,220864
YJL127W-A,201,0,0.0,0.0,0,0,0,0,+,6,0,0,1,3,0,6,4,ref|NC_001142|,180094,180294
YJL127C-B,201,0,0.0,0.0,0,0,0,0,-,2,6,1,3,2,1,9,6,ref|NC_001142|,181809,181609
YJL126W,201,0,0.0,0.0,0,0,0,0,+,15,20,9,19,23,10,44,52,ref|NC_001142|,183545,183745
YJL125C,201,0,0.0,0.0,0,0,0,0,-,16,30,10,30,19,15,56,64,ref|NC_001142|,186831,186631
YJL124C,201,0,0.0,0.0,0,0,0,0,-,5,9,6,18,12,8,20,38,ref|NC_001142|,188377,188177
YJL122W,201,0,0.0,0.0,0,0,0,0,+,8,9,3,20,11,7,20,38,ref|NC_001142|,189568,189768
YJL119C,201,0,0.0,0.0,0,0,0,0,-,6,5,4,3,10,5,15,18,ref|NC_001142|,192443,192243
YJL116C,201,0,0.0,0.0,0,0,0,0,-,25,18,7,17,18,5,50,40,ref|NC_001142|,195186,194986
YJL114W,201,0,0.0,0.0,0,0,0,0,+,8,14,8,22,24,8,30,54,ref|NC_001142|,197815,198015
YJL113W,201,0,0.0,0.0,0,0,0,0,+,50,115,18,135,108,40,183,283,ref|NC_001142|,198578,198778
YJL112W,201,0,0.0,0.0,0,0,0,0,+,29,40,13,60,48,26,82,134,ref|NC_001142|,205157,205357
YJL111W,201,0,0.0,0.0,0,0,0,0,+,16,26,11,47,40,13,53,100,ref|NC_001142|,207701,207901
YJL108C,201,0,0.0,0.0,0,0,0,0,-,30,31,13,7,8,12,74,27,ref|NC_001142|,219284,219084
YJL099W,201,0,0.0,0.0,0,0,0,0,+,30,35,19,49,50,35,84,134,ref|NC_001142|,239314,239514
YJL129C,201,0,0.0,0.0,0,0,0,0,-,50,66,41,98,86,53,157,237,ref|NC_001142|,177406,177206
YJL098W,201,0,0.0,0.0,0,0,0,0,+,35,52,17,104,120,37,104,261,ref|NC_001142|,241274,241474
YJL091C,201,0,0.0,0.0,0,0,0,0,-,27,34,11,17,19,7,72,43,ref|NC_001142|,262669,262469
YJL090C,201,0,0.0,0.0,0,0,0,0,-,40,57,15,53,47,26,112,126,ref|NC_001142|,265196,264996
YJL088W,201,0,0.0,0.0,0,0,0,0,+,20,25,6,24,27,14,51,65,ref|NC_001142|,268677,268877
YJL086C,201,0,0.0,0.0,0,0,0,0,-,8,10,1,6,7,3,19,16,ref|NC_001142|,272946,272746
YJL085W,201,0,0.0,0.0,0,0,0,0,+,21,47,14,53,41,12,82,106,ref|NC_001142|,272727,272927
YJL083W,201,0,0.0,0.0,0,0,0,0,+,34,47,18,48,30,26,99,104,ref|NC_001142|,278237,278437
YJL079C,201,0,0.0,0.0,0,0,0,0,-,19,11,12,5,15,16,42,36,ref|NC_001142|,291156,290956
YJL078C,201,0,0.0,0.0,0,0,0,0,-,71,57,26,33,22,36,154,91,ref|NC_001142|,294162,293962
YJL077W-B,201,0,0.0,0.0,0,0,0,0,+,1,0,1,3,3,4,2,10,ref|NC_001142|,293947,294147
YJL075C,201,0,0.0,0.0,0,0,0,0,-,14,15,2,13,14,4,31,31,ref|NC_001142|,298976,298776
YJL069C,201,0,0.0,0.0,0,0,0,0,-,31,30,11,56,41,18,72,115,ref|NC_001142|,312847,312647
YJL062W,201,0,0.0,0.0,0,0,0,0,+,39,58,22,34,51,19,119,104,ref|NC_001142|,317135,317335
YJL128C,201,0,0.0,0.0,0,0,0,0,-,35,44,14,42,25,21,93,88,ref|NC_001142|,180424,180224
YJL130C,201,0,0.0,0.0,0,0,0,0,-,115,128,67,139,171,45,310,355,ref|NC_001142|,172467,172267
YJL203W,201,0,0.0,0.0,0,0,0,0,+,7,14,4,40,24,8,25,72,ref|NC_001142|,52995,53195
YJL169W,201,0,0.0,0.0,0,0,0,0,+,8,4,1,7,12,1,13,20,ref|NC_001142|,101999,102199
YJL202C,201,0,0.0,0.0,0,0,0,0,-,14,7,5,3,6,2,26,11,ref|NC_001142|,54390,54190
YJL201W,201,0,0.0,0.0,0,0,0,0,+,31,37,19,39,37,21,87,97,ref|NC_001142|,54194,54394
YJL200C,201,0,0.0,0.0,0,0,0,0,-,36,46,18,53,56,18,100,127,ref|NC_001142|,59039,58839
YJL197C-A,201,0,0.0,0.0,0,0,0,0,-,6,9,2,2,0,1,17,3,ref|NC_001142|,66186,65986
YJL195C,201,0,0.0,0.0,0,0,0,0,-,22,12,11,7,14,4,45,25,ref|NC_001142|,70042,69842
YJL194W,201,0,0.0,0.0,0,0,0,0,+,24,26,14,41,36,26,64,103,ref|NC_001142|,69212,69412
YJL187C,201,0,0.0,0.0,0,0,0,0,-,37,47,24,55,54,31,108,140,ref|NC_001142|,79455,79255
YJL182C,201,0,0.0,0.0,0,0,0,0,-,7,6,2,2,6,3,15,11,ref|NC_001142|,85852,85652
YJL179W,201,0,0.0,0.0,0,0,0,0,+,6,5,1,16,9,1,12,26,ref|NC_001142|,88630,88830
YJL177W,201,0,0.0,0.0,0,0,0,0,+,17,13,4,27,14,5,34,46,ref|NC_001142|,90595,90795
YJL176C,201,0,0.0,0.0,0,0,0,0,-,22,46,16,73,73,29,84,175,ref|NC_001142|,94693,94493
YJL175W,201,0,0.0,0.0,0,0,0,0,+,14,14,9,5,2,2,37,9,ref|NC_001142|,91663,91863
YJL170C,201,0,0.0,0.0,0,0,0,0,-,9,6,7,15,15,12,22,42,ref|NC_001142|,101973,101773
YJL165C,201,0,0.0,0.0,0,0,0,0,-,37,54,17,55,62,23,108,140,ref|NC_001142|,109561,109361
YJL131C,201,0,0.0,0.0,0,0,0,0,-,10,18,9,31,30,11,37,72,ref|NC_001142|,165474,165274
YJL161W,201,0,0.0,0.0,0,0,0,0,+,8,12,6,10,11,4,26,25,ref|NC_001142|,116597,116797
YJL157C,201,0,0.0,0.0,0,0,0,0,-,34,41,18,56,78,20,93,154,ref|NC_001142|,126428,126228
YJL156W-A,201,0,0.0,0.0,0,0,0,0,+,4,1,2,4,7,1,7,12,ref|NC_001142|,126504,126704
YJL156C,201,0,0.0,0.0,0,0,0,0,-,35,50,14,59,38,21,99,118,ref|NC_001142|,129104,128904
YJL153C,201,0,0.0,0.0,0,0,0,0,-,29,28,13,34,34,21,70,89,ref|NC_001142|,136033,135833
YAL068W-A,201,0,0.0,0.0,0,0,0,0,+,4,6,1,1,1,0,11,2,ref|NC_001133|,438,638
YJL146W,201,0,0.0,0.0,0,0,0,0,+,25,29,17,26,38,28,71,92,ref|NC_001142|,143066,143266
YJL142C,201,0,0.0,0.0,0,0,0,0,-,9,7,3,3,6,6,19,15,ref|NC_001142|,150472,150272
YJL141C,201,0,0.0,0.0,0,0,0,0,-,36,43,18,53,38,26,97,117,ref|NC_001142|,150490,150290
YJL139C,201,0,0.0,0.0,0,0,0,0,-,12,25,9,40,33,21,46,94,ref|NC_001142|,153185,152985
YJL135W,201,0,0.0,0.0,0,0,0,0,+,2,8,2,7,3,1,12,11,ref|NC_001142|,157777,157977
YJL134W,201,0,0.0,0.0,0,0,0,0,+,23,18,7,22,17,8,48,47,ref|NC_001142|,157818,158018
YJL132W,201,0,0.0,0.0,0,0,0,0,+,30,47,16,39,46,22,93,107,ref|NC_001142|,161792,161992
YIL034C,201,0,0.0,0.0,0,0,0,0,-,21,18,10,28,16,11,49,55,ref|NC_001141|,290242,290042
YIL037C,201,0,0.0,0.0,0,0,0,0,-,26,52,7,18,44,19,85,81,ref|NC_001141|,285099,284899
YIL038C,201,0,0.0,0.0,0,0,0,0,-,34,51,15,68,52,20,100,140,ref|NC_001141|,282752,282552
YHR214C-D,201,0,0.0,0.0,0,0,0,0,-,11,3,3,3,5,0,17,8,ref|NC_001140|,551041,550841
YHR201C,201,0,0.0,0.0,0,0,0,0,-,12,22,14,34,29,12,48,75,ref|NC_001140|,501880,501680
YHR202W,201,0,0.0,0.0,0,0,0,0,+,21,45,17,35,39,22,83,96,ref|NC_001140|,502238,502438
YHR206W,201,0,0.0,0.0,0,0,0,0,+,22,41,12,29,29,21,75,79,ref|NC_001140|,512632,512832
YHR208W,201,0,0.0,0.0,0,0,0,0,+,15,24,11,30,22,8,50,60,ref|NC_001140|,517391,517591
YHR209W,201,0,0.0,0.0,0,0,0,0,+,13,16,6,21,21,9,35,51,ref|NC_001140|,518917,519117
YHR212C,201,0,0.0,0.0,0,0,0,0,-,6,5,5,10,4,4,16,18,ref|NC_001140|,538194,537994
YHR212W-A,201,0,0.0,0.0,0,0,0,0,+,2,6,1,0,2,2,9,4,ref|NC_001140|,538642,538842
YHR213W,201,0,0.0,0.0,0,0,0,0,+,11,15,6,2,14,6,32,22,ref|NC_001140|,539051,539251
YHR213W-A,201,0,0.0,0.0,0,0,0,0,+,4,3,1,5,1,5,8,11,ref|NC_001140|,540449,540649
YHR214W,201,0,0.0,0.0,0,0,0,0,+,22,15,9,5,16,5,46,26,ref|NC_001140|,541551,541751
YHR214W-A,201,0,0.0,0.0,0,0,0,0,+,7,14,2,4,5,6,23,15,ref|NC_001140|,542908,543108
YHR214C-B,201,0,0.0,0.0,0,0,0,0,-,72,146,48,119,115,62,266,296,ref|NC_001140|,549446,549246
YHR214C-C,201,0,0.0,0.0,0,0,0,0,-,23,41,15,20,31,16,79,67,ref|NC_001140|,549446,549246
YHR214C-E,201,0,0.0,0.0,0,0,0,0,-,4,7,4,3,4,1,15,8,ref|NC_001140|,551599,551399
YHR194W,201,0,0.0,0.0,0,0,0,0,+,31,39,23,29,44,30,93,103,ref|NC_001140|,488488,488688
YHR215W,201,0,0.0,0.0,0,0,0,0,+,22,26,15,14,50,13,63,77,ref|NC_001140|,551999,552199
YHR216W,201,0,0.0,0.0,0,0,0,0,+,24,32,14,36,29,10,70,75,ref|NC_001140|,554190,554390
YHR217C,201,0,0.0,0.0,0,0,0,0,-,6,4,1,0,2,0,11,2,ref|NC_001140|,557142,556942
YHR218W,201,0,0.0,0.0,0,0,0,0,+,28,33,16,39,45,32,77,116,ref|NC_001140|,557914,558114
YHR218W-A,201,0,0.0,0.0,0,0,0,0,+,6,5,2,6,11,4,13,21,ref|NC_001140|,559832,560032
YHR219W,201,0,0.0,0.0,0,0,0,0,+,19,21,17,45,30,30,57,105,ref|NC_001140|,560073,560273
YHR219C-A,201,0,0.0,0.0,0,0,0,0,-,17,5,9,4,6,4,31,14,ref|NC_001140|,561781,561581
YIL177C,201,0,0.0,0.0,0,0,0,0,-,67,85,51,109,118,94,203,321,ref|NC_001141|,6247,6047
YIL177W-A,201,0,0.0,0.0,0,0,0,0,+,18,5,9,3,6,4,32,13,ref|NC_001141|,746,946
YIL176C,201,0,0.0,0.0,0,0,0,0,-,8,9,5,5,9,2,22,16,ref|NC_001141|,9255,9055
YIL175W,201,0,0.0,0.0,0,0,0,0,+,9,11,3,8,5,3,23,16,ref|NC_001141|,9083,9283
YIL174W,201,0,0.0,0.0,0,0,0,0,+,5,2,4,4,2,3,11,9,ref|NC_001141|,9369,9569
YIL173W,201,0,0.0,0.0,0,0,0,0,+,66,89,46,107,122,60,201,289,ref|NC_001141|,11392,11592
YHR197W,201,0,0.0,0.0,0,0,0,0,+,29,60,14,49,53,25,103,127,ref|NC_001140|,493779,493979
YHR193C-A,201,0,0.0,0.0,0,0,0,0,-,5,6,4,6,10,3,15,19,ref|NC_001140|,489127,488927
YIL041W,201,0,0.0,0.0,0,0,0,0,+,11,18,6,31,27,9,35,67,ref|NC_001141|,276403,276603
YHR176W,201,0,0.0,0.0,0,0,0,0,+,19,16,19,31,17,17,54,65,ref|NC_001140|,454050,454250
YHR152W,201,0,0.0,0.0,0,0,0,0,+,2,13,5,17,12,7,20,36,ref|NC_001140|,401215,401415
YHR155W,201,0,0.0,0.0,0,0,0,0,+,53,80,27,88,88,39,160,215,ref|NC_001140|,407003,407203
YHR157W,201,0,0.0,0.0,0,0,0,0,+,9,10,3,12,14,6,22,32,ref|NC_001140|,412807,413007
YHR158C,201,0,0.0,0.0,0,0,0,0,-,51,70,21,100,92,45,142,237,ref|NC_001140|,417279,417079
YHR160C,201,0,0.0,0.0,0,0,0,0,-,11,16,5,29,23,8,32,60,ref|NC_001140|,420172,419972
YHR163W,201,0,0.0,0.0,0,0,0,0,+,13,12,7,14,23,11,32,48,ref|NC_001140|,423616,423816
YHR164C,201,0,0.0,0.0,0,0,0,0,-,62,89,34,122,104,60,185,286,ref|NC_001140|,429278,429078
YHR165C,201,0,0.0,0.0,0,0,0,0,-,76,131,54,176,175,74,261,425,ref|NC_001140|,437048,436848
YHR165W-A,201,0,0.0,0.0,0,0,0,0,+,11,5,5,1,3,3,21,7,ref|NC_001140|,436547,436747
YHR169W,201,0,0.0,0.0,0,0,0,0,+,14,16,12,41,24,11,42,76,ref|NC_001140|,442010,442210
YHR170W,201,0,0.0,0.0,0,0,0,0,+,29,26,11,48,32,15,66,95,ref|NC_001140|,443710,443910
YHR172W,201,0,0.0,0.0,0,0,0,0,+,23,45,12,70,71,16,80,157,ref|NC_001140|,448235,448435
YHR173C,201,0,0.0,0.0,0,0,0,0,-,1,7,2,6,8,3,10,17,ref|NC_001140|,451253,451053
YHR178W,201,0,0.0,0.0,0,0,0,0,+,26,37,28,43,42,34,91,119,ref|NC_001140|,459199,459399
YHR193C,201,0,0.0,0.0,0,0,0,0,-,8,13,4,16,14,4,25,34,ref|NC_001140|,488368,488168
YHR179W,201,0,0.0,0.0,0,0,0,0,+,18,15,10,29,29,8,43,66,ref|NC_001140|,461994,462194
YHR180W,201,0,0.0,0.0,0,0,0,0,+,10,9,6,8,8,4,25,20,ref|NC_001140|,465078,465278
YHR180W-A,201,0,0.0,0.0,0,0,0,0,+,4,3,1,2,3,0,8,5,ref|NC_001140|,466832,467032
YHR182W,201,0,0.0,0.0,0,0,0,0,+,29,50,18,51,54,33,97,138,ref|NC_001140|,468092,468292
YHR182C-A,201,0,0.0,0.0,0,0,0,0,-,10,15,3,12,10,6,28,28,ref|NC_001140|,471512,471312
YHR183W,201,0,0.0,0.0,0,0,0,0,+,31,32,12,32,36,13,75,81,ref|NC_001140|,470771,470971
YHR184W,201,0,0.0,0.0,0,0,0,0,+,24,28,13,46,51,16,65,113,ref|NC_001140|,472644,472844
YHR185C,201,0,0.0,0.0,0,0,0,0,-,5,11,5,18,18,12,21,48,ref|NC_001140|,475440,475240
YHR186C,201,0,0.0,0.0,0,0,0,0,-,67,85,37,110,116,39,189,265,ref|NC_001140|,480772,480572
YHR187W,201,0,0.0,0.0,0,0,0,0,+,9,20,11,23,21,13,40,57,ref|NC_001140|,480830,481030
YHR189W,201,0,0.0,0.0,0,0,0,0,+,7,7,2,12,5,7,16,24,ref|NC_001140|,483928,484128
YHR190W,201,0,0.0,0.0,0,0,0,0,+,21,21,15,30,39,23,57,92,ref|NC_001140|,484696,484896
YHR191C,201,0,0.0,0.0,0,0,0,0,-,3,5,5,13,11,6,13,30,ref|NC_001140|,486791,486591
YIL172C,201,0,0.0,0.0,0,0,0,0,-,23,32,17,44,49,30,72,123,ref|NC_001141|,18653,18453
YIL171W-A,201,0,0.0,0.0,0,0,0,0,+,13,6,10,5,7,6,29,18,ref|NC_001141|,18160,18360
YIL171W,201,0,0.0,0.0,0,0,0,0,+,7,6,2,3,9,3,15,15,ref|NC_001141|,19415,19615
YIL070C,201,0,0.0,0.0,0,0,0,0,-,11,19,2,25,24,8,32,57,ref|NC_001141|,231267,231067
YIL102C,201,0,0.0,0.0,0,0,0,0,-,4,4,3,7,7,4,11,18,ref|NC_001141|,174987,174787
YIL099W,201,0,0.0,0.0,0,0,0,0,+,24,30,19,19,29,24,73,72,ref|NC_001141|,177904,178104
YIL096C,201,0,0.0,0.0,0,0,0,0,-,11,15,7,22,27,13,33,62,ref|NC_001141|,183265,183065
YIL095W,201,0,0.0,0.0,0,0,0,0,+,30,53,13,71,52,17,96,140,ref|NC_001141|,183668,183868
YIL091C,201,0,0.0,0.0,0,0,0,0,-,25,45,15,74,59,30,85,163,ref|NC_001141|,193350,193150
YIL089W,201,0,0.0,0.0,0,0,0,0,+,14,11,9,11,11,6,34,28,ref|NC_001141|,195469,195669
YIL088C,201,0,0.0,0.0,0,0,0,0,-,30,35,11,21,25,9,76,55,ref|NC_001141|,199576,199376
YIL084C,201,0,0.0,0.0,0,0,0,0,-,15,19,6,40,18,11,40,69,ref|NC_001141|,203391,203191
YIL083C,201,0,0.0,0.0,0,0,0,0,-,13,23,11,24,32,7,47,63,ref|NC_001141|,204852,204652
YIL082W,201,0,0.0,0.0,0,0,0,0,+,14,15,8,32,20,13,37,65,ref|NC_001141|,205535,205735
YIL082W-A,201,0,0.0,0.0,0,0,0,0,+,41,77,43,143,69,80,161,292,ref|NC_001141|,205535,205735
YIL078W,201,0,0.0,0.0,0,0,0,0,+,46,35,13,69,59,20,94,148,ref|NC_001141|,212351,212551
YIL075C,201,0,0.0,0.0,0,0,0,0,-,42,46,22,53,65,32,110,150,ref|NC_001141|,220862,220662
YIL068W-A,201,0,0.0,0.0,0,0,0,0,+,10,9,4,3,5,4,23,12,ref|NC_001141|,232913,233113
YIL170W,201,0,0.0,0.0,0,0,0,0,+,29,30,13,19,24,7,72,50,ref|NC_001141|,19747,19947
YIL066W-A,201,0,0.0,0.0,0,0,0,0,+,13,17,3,1,4,0,33,5,ref|NC_001141|,237266,237466
YIL065C,201,0,0.0,0.0,0,0,0,0,-,8,4,4,14,11,6,16,31,ref|NC_001141|,241914,241714
YIL064W,201,0,0.0,0.0,0,0,0,0,+,8,12,6,18,23,10,26,51,ref|NC_001141|,241843,242043
YIL063C,201,0,0.0,0.0,0,0,0,0,-,11,18,5,33,25,10,34,68,ref|NC_001141|,243892,243692
YIL062C,201,0,0.0,0.0,0,0,0,0,-,5,12,5,11,9,7,22,27,ref|NC_001141|,244600,244400
YIL060W,201,0,0.0,0.0,0,0,0,0,+,9,10,6,6,3,4,25,13,ref|NC_001141|,246292,246492
YIL059C,201,0,0.0,0.0,0,0,0,0,-,3,3,5,6,10,6,11,22,ref|NC_001141|,247563,247363
YIL057C,201,0,0.0,0.0,0,0,0,0,-,3,7,4,16,15,6,14,37,ref|NC_001141|,248496,248296
YIL052C,201,0,0.0,0.0,0,0,0,0,-,11,16,4,31,21,6,31,58,ref|NC_001141|,257200,257000
YIL051C,201,0,0.0,0.0,0,0,0,0,-,10,7,1,10,11,2,18,23,ref|NC_001141|,258422,258222
YIL050W,201,0,0.0,0.0,0,0,0,0,+,19,16,9,24,12,11,44,47,ref|NC_001141|,258524,258724
YIL049W,201,0,0.0,0.0,0,0,0,0,+,17,20,4,9,8,3,41,20,ref|NC_001141|,260043,260243
YIL042C,201,0,0.0,0.0,0,0,0,0,-,17,32,9,22,24,15,58,61,ref|NC_001141|,276466,276266
YIL102C-A,201,0,0.0,0.0,0,0,0,0,-,7,1,4,3,3,3,12,9,ref|NC_001141|,173692,173492
YIL103W,201,0,0.0,0.0,0,0,0,0,+,16,21,13,32,30,12,50,74,ref|NC_001141|,171578,171778
YIL104C,201,0,0.0,0.0,0,0,0,0,-,17,32,12,48,43,28,61,119,ref|NC_001141|,171662,171462
YIL105W-A,201,0,0.0,0.0,0,0,0,0,+,1,4,2,1,3,0,7,4,ref|NC_001141|,167564,167764
YIL167W,201,0,0.0,0.0,0,0,0,0,+,11,15,11,23,30,9,37,62,ref|NC_001141|,28932,29132
YIL166C,201,0,0.0,0.0,0,0,0,0,-,28,29,9,31,30,10,66,71,ref|NC_001141|,32666,32466
YIL165C,201,0,0.0,0.0,0,0,0,0,-,5,4,3,5,13,6,12,24,ref|NC_001141|,34380,34180
YIL152W,201,0,0.0,0.0,0,0,0,0,+,12,18,5,11,9,10,35,30,ref|NC_001141|,56372,56572
YIL151C,201,0,0.0,0.0,0,0,0,0,-,42,54,36,77,76,46,132,199,ref|NC_001141|,60794,60594
YIL150C,201,0,0.0,0.0,0,0,0,0,-,20,35,21,55,30,27,76,112,ref|NC_001141|,62828,62628
YIL149C,201,0,0.0,0.0,0,0,0,0,-,59,96,38,190,140,59,193,389,ref|NC_001141|,68167,67967
YIL147C,201,0,0.0,0.0,0,0,0,0,-,58,75,25,91,70,54,158,215,ref|NC_001141|,73553,73353
YIL146C,201,0,0.0,0.0,0,0,0,0,-,32,34,13,31,34,15,79,80,ref|NC_001141|,76239,76039
YIL144W,201,0,0.0,0.0,0,0,0,0,+,24,43,13,55,57,25,80,137,ref|NC_001141|,77974,78174
YIL143C,201,0,0.0,0.0,0,0,0,0,-,31,56,20,78,56,15,107,149,ref|NC_001141|,83141,82941
YIL142C-A,201,0,0.0,0.0,0,0,0,0,-,12,6,2,1,4,3,20,8,ref|NC_001141|,83640,83440
YIL142W,201,0,0.0,0.0,0,0,0,0,+,18,26,13,46,40,17,57,103,ref|NC_001141|,83175,83375
YIL140W,201,0,0.0,0.0,0,0,0,0,+,56,59,21,49,54,22,136,125,ref|NC_001141|,85045,85245
YIL139C,201,0,0.0,0.0,0,0,0,0,-,8,15,6,18,18,12,29,48,ref|NC_001141|,89037,88837
YIL133C,201,0,0.0,0.0,0,0,0,0,-,14,14,5,26,18,3,33,47,ref|NC_001141|,99577,99377
YIL132C,201,0,0.0,0.0,0,0,0,0,-,8,15,2,23,12,6,25,41,ref|NC_001141|,100811,100611
YIL130W,201,0,0.0,0.0,0,0,0,0,+,42,46,21,65,68,26,109,159,ref|NC_001141|,102682,102882
YIL129C,201,0,0.0,0.0,0,0,0,0,-,110,135,53,154,159,69,298,382,ref|NC_001141|,113337,113137
YIL128W,201,0,0.0,0.0,0,0,0,0,+,48,62,26,66,87,31,136,184,ref|NC_001141|,113706,113906
YIL127C,201,0,0.0,0.0,0,0,0,0,-,6,15,4,22,13,6,25,41,ref|NC_001141|,117768,117568
YIL126W,201,0,0.0,0.0,0,0,0,0,+,40,66,19,160,106,35,125,301,ref|NC_001141|,117822,118022
YIL124W,201,0,0.0,0.0,0,0,0,0,+,5,14,6,19,15,6,25,40,ref|NC_001141|,126062,126262
YIL117C,201,0,0.0,0.0,0,0,0,0,-,23,16,13,15,14,12,52,41,ref|NC_001141|,141854,141654
YIL114C,201,0,0.0,0.0,0,0,0,0,-,14,13,13,16,17,7,40,40,ref|NC_001141|,150145,149945
YIL111W,201,0,0.0,0.0,0,0,0,0,+,8,9,2,14,9,7,19,30,ref|NC_001141|,154714,154914
YIL110W,201,0,0.0,0.0,0,0,0,0,+,16,21,10,22,32,15,47,69,ref|NC_001141|,155914,156114
YPR204C-A,201,0,0.0,0.0,0,0,0,0,-,17,5,9,4,6,4,31,14,ref|NC_001148|,947438,947238
