chr	max_distance	density
I	0	0.0
II	0	0.0
III	0	0.0
IV	0	0.0
V	0	0.0
VI	0	0.0
VII	0	0.0
VIII	0	0.0
IX	0	0.0
X	0	0.0
XI	0	0.0
XII	0	0.0
XIII	0	0.0
XIV	0	0.0
XV	0	0.0
XVI	0	0.0
I	5	0.0013769557549800624
II	5	0.0005361640169998426
III	5	0.0003569829305793457
IV	5	0.00048109153598753995
V	5	0.000914819379589286
VI	5	0.0010142100451212424
VII	5	0.0006269822355033274
VIII	5	0.00041056229260827914
IX	5	0.000875222783981377
X	5	0.0006154869386698778
XI	5	0.0006238602553028122
XII	5	0.0005407275428802507
XIII	5	0.0005917153362446737
XIV	5	0.0005699109944373117
XV	5	0.0007394911164849705
XVI	5	0.0005727449354791755
I	10	0.004439270604383671
II	10	0.0018482901778687235
III	10	0.0012400459693808852
IV	10	0.0019080468923902024
V	10	0.0031020535698786608
VI	10	0.0030093166667283584
VII	10	0.002018442810787028
VIII	10	0.0014734032059405342
IX	10	0.002705234059578802
X	10	0.0020113952244113654
XI	10	0.002444452442652846
XII	10	0.0019801943465683276
XIII	10	0.0020585635920907022
XIV	10	0.0018793038161087192
XV	10	0.0024704684634987368
XVI	10	0.0019407931515316443
I	15	0.007731802031118331
II	15	0.0036424720604438846
III	15	0.002539589093858328
IV	15	0.0038781069407082423
V	15	0.00577360390230354
VI	15	0.005518931303926177
VII	15	0.003989220305424679
VIII	15	0.003236510540431499
IX	15	0.005819663186993053
X	15	0.004469320188642053
XI	15	0.004555979460600826
XII	15	0.0041032223837087975
XIII	15	0.003961355687985366
XIV	15	0.0035316632093766297
XV	15	0.00456065339125861
XVI	15	0.004025036231654758
I	20	0.011145957310027887
II	20	0.006303616401699985
III	20	0.004020755112841052
IV	20	0.006369730268882517
V	20	0.008540628743034701
VI	20	0.009412905637749342
VII	20	0.0062670724329477335
VIII	20	0.005236002225212079
IX	20	0.008140708543993017
X	20	0.006756947023872579
XI	20	0.0073738482579902105
XII	20	0.00672987830384065
XIII	20	0.006119439958201315
XIV	20	0.005824056873802327
XV	20	0.007016460320849342
XVI	20	0.006048102136349157
I	25	0.015189950394843148
II	25	0.009048382653864316
III	25	0.006034264098477186
IV	25	0.009393361197911397
V	25	0.01260089919627823
VI	25	0.012896013858402952
VII	25	0.009183823125011458
VIII	25	0.007784687626079059
IX	25	0.01084139599170698
X	25	0.010073067283852117
XI	25	0.010890560514444765
XII	25	0.009657968960569554
XIII	25	0.00964809704564213
XIV	25	0.00864428756663305
XV	25	0.009821395026624428
XVI	25	0.008942415401459392
I	30	0.019950655465689044
II	30	0.012819976782622384
III	30	0.007816047322158307
IV	30	0.012850431448372742
V	30	0.017194090995885918
VI	30	0.016249569701030128
VII	30	0.012150072414614918
VIII	30	0.00991570143056965
IX	30	0.015701724075219147
X	30	0.0136453052024067
XI	30	0.0151256118629427
XII	30	0.012539685042437373
XIII	30	0.013069661229448169
XIV	30	0.011705487337648677
XV	30	0.013471200623848267
XVI	30	0.011825126098815905
I	35	0.023820900190254454
II	35	0.017168316149850465
III	35	0.010199064955236219
IV	35	0.01556595490794963
V	35	0.02281319978474838
VI	35	0.019673453977443082
VII	35	0.01520248592956533
VIII	35	0.01248926939462501
IX	35	0.019470865311170114
X	35	0.016958743602087024
XI	35	0.018700811018331893
XII	35	0.015799817655171647
XIII	35	0.01599037678312389
XIV	35	0.015036980466205043
XV	35	0.016769129407280002
XVI	35	0.015069625954311197
I	40	0.02829057675768185
II	40	0.021394911852668032
III	40	0.012450562561258585
IV	40	0.01992254230439582
V	40	0.027342163278768206
VI	40	0.02502951943470745
VII	40	0.019297119914935743
VIII	40	0.01566890550491164
IX	40	0.023678754592077984
X	40	0.02062350570096453
XI	40	0.022817388904885307
XII	40	0.019730526620397208
XIII	40	0.019609900576679058
XIV	40	0.018443696746152462
XV	40	0.02125555878312934
XVI	40	0.01900078686504948
I	45	0.03312946859064018
II	45	0.025639953565244768
III	45	0.014348208665917211
IV	45	0.024337226236395455
V	45	0.032664433141805685
VI	45	0.030929704879682857
VII	45	0.022845436045978697
VIII	45	0.01908314863954586
IX	45	0.02857545557050886
X	45	0.024534998947369834
XI	45	0.026878479220654575
XII	45	0.02446444322221676
XIII	45	0.02323050611673559
XIV	45	0.021999584360214347
XV	45	0.02598023808498375
XVI	45	0.02286760626369894
I	50	0.037738143846267454
II	50	0.03013340154257831
III	50	0.015560071772357622
IV	50	0.029205585361761904
V	50	0.03739302515319319
VI	50	0.03590081469938296
VII	50	0.026403835224668635
VIII	50	0.021914428865195158
IX	50	0.03249463499799949
X	50	0.0283164219692632
XI	50	0.03168040358959593
XII	50	0.028149366940678572
XIII	50	0.027451480965047688
XIV	50	0.025992786227278464
XV	50	0.029536576403544058
XVI	50	0.02700444905734411
I	55	0.04407561528638074
II	55	0.034084536832992285
III	55	0.018011980848178916
IV	55	0.03351908993408981
V	55	0.04163209332199212
VI	55	0.04103108886922983
VII	55	0.02995581791849231
VIII	55	0.025209591161713556
IX	55	0.038505255883315756
X	55	0.032657012863542924
XI	55	0.03745111095114694
XII	55	0.03280722923972595
XIII	55	0.03249891014039988
XIV	55	0.02930387985715251
XV	55	0.03364363858952379
XVI	55	0.03157480597342379
I	60	0.0498570919736945
II	60	0.03967121832205257
III	60	0.02035742133066953
IV	60	0.03811328563324897
V	60	0.04745430242852431
VI	60	0.04682393091526904
VII	60	0.0341540323024181
VIII	60	0.029045060544608214
IX	60	0.0440271159931619
X	60	0.03654973308785372
XI	60	0.043533748440349365
XII	60	0.03774890393692316
XIII	60	0.039265234506415295
XIV	60	0.03449810220913821
XV	60	0.03784691709177479
XVI	60	0.03547432351756102
I	65	0.054787201695783994
II	65	0.04407120651660633
III	65	0.023310359080988153
IV	65	0.0428014802213935
V	65	0.05226274584685889
VI	65	0.05149151802073578
VII	65	0.03805708838249583
VIII	65	0.03274367582996678
IX	65	0.04921025351907758
X	65	0.04134758116314963
XI	65	0.04890854448603513
XII	65	0.041593356192907105
XIII	65	0.04376313645907591
XIV	65	0.03989376961061182
XV	65	0.042402072407817896
XVI	65	0.03980102651081254
I	70	0.05830560599084346
II	70	0.04950909019360932
III	70	0.025201742327215563
IV	70	0.047555604585840246
V	70	0.05664242192789071
VI	70	0.06006048245305577
VII	70	0.043433186059728304
VIII	70	0.0371976546406869
IX	70	0.05509811588404321
X	70	0.04699155616284792
XI	70	0.05440031432959017
XII	70	0.04714346531228175
XIII	70	0.04910155544329431
XIV	70	0.04455123015351898
XV	70	0.04793496876635105
XVI	70	0.046355422512778646
I	75	0.06369614886759506
II	75	0.055609800487958445
III	75	0.029332097462602905
IV	75	0.05216481399643457
V	75	0.062098356102556984
VI	75	0.0665677133264979
VII	75	0.04785872733605881
VIII	75	0.04134593338937834
IX	75	0.06155430473211363
X	75	0.052197047003624535
XI	75	0.05999556099433727
XII	75	0.05236153247565103
XIII	75	0.05399429486895182
XIV	75	0.049740352630834095
XV	75	0.05375101599848253
XVI	75	0.05162931694628855
I	80	0.06708424189246714
II	80	0.06145595584763104
III	80	0.03298334392800218
IV	80	0.056188488661057634
V	80	0.0676775391879459
VI	80	0.07317858610236118
VII	80	0.05165361981410527
VIII	80	0.04453623345531714
IX	80	0.0672102898919725
X	80	0.05710753321148748
XI	80	0.06582025626259717
XII	80	0.05703979958763728
XIII	80	0.05939653689675054
XIV	80	0.055429262825866056
XV	80	0.05882024134717504
XVI	80	0.055663846187923624
I	85	0.07177979132821934
II	85	0.06634537816779475
III	85	0.03507200721481291
IV	85	0.061716145549446356
V	85	0.07242522610099467
VI	85	0.07871232339234753
VII	85	0.05582433497717565
VIII	85	0.04867562557429844
IX	85	0.07400292801804095
X	85	0.06301969424110729
XI	85	0.07241427920145888
XII	85	0.061795975985390154
XIII	85	0.06637488357703279
XIV	85	0.06060818555384002
XV	85	0.06330300533954739
XVI	85	0.061948218794894025
I	90	0.0783127296736137
II	90	0.07316179364079962
III	90	0.037561493441221505
IV	90	0.06683255729852415
V	90	0.07836721231794747
VI	90	0.08587842064546697
VII	90	0.06069169706858306
VIII	90	0.05464388608762572
IX	90	0.0812093078238097
X	90	0.06951381895565678
XI	90	0.07915826854784529
XII	90	0.06684894966225396
XIII	90	0.07237100443407891
XIV	90	0.06634681952691013
XV	90	0.06999416287681287
XVI	90	0.06781278940495704
I	95	0.08554500516901371
II	95	0.07785445852353219
III	95	0.04107182559191841
IV	95	0.07158080673240931
V	95	0.08545836443487771
VI	95	0.09170827765665658
VII	95	0.06527306726309422
VIII	95	0.05760491110704301
IX	95	0.08671298148619648
X	95	0.07523690883418192
XI	95	0.08543586236682983
XII	95	0.07185183879826781
XIII	95	0.07741086138392157
XIV	95	0.07169276315034558
XV	95	0.07502031996965063
XVI	95	0.07203612406731177
I	100	0.09023621089575967
II	100	0.0837534924445144
III	100	0.044131231935567714
IV	100	0.07712543564242039
V	100	0.09190896939608034
VI	100	0.09751592568875596
VII	100	0.07038150585733405
VIII	100	0.06141372060080726
IX	100	0.09273724220710726
X	100	0.08047458199854911
XI	100	0.09117507678280065
XII	100	0.07639561964315691
XIII	100	0.08303161620499529
XIV	100	0.07668044057817279
XV	100	0.08139991991137102
XVI	100	0.0779112424662418
I	105	0.09827641626632148
II	105	0.0895639855186526
III	105	0.0476760098076363
IV	105	0.08389857780986505
V	105	0.09783186071137188
VI	105	0.10512620252368032
VII	105	0.07491796065778136
VIII	105	0.06672081586370043
IX	105	0.09716791546939221
X	105	0.08531936262908128
XI	105	0.0968962952298685
XII	105	0.0812630950205764
XIII	105	0.0901678978744763
XIV	105	0.08075396547129854
XV	105	0.08781617368786145
XVI	105	0.08323893062297351
I	110	0.1006263628387007
II	110	0.09552573587281599
III	110	0.05073228472207
IV	110	0.0891860153152912
V	110	0.1027097401357474
VI	110	0.11271797187602949
VII	110	0.07965057656699727
VIII	110	0.07074823644833403
IX	110	0.10351725893863893
X	110	0.09009441489183387
XI	110	0.10142528073711489
XII	110	0.08686421617229824
XIII	110	0.09554309623974098
XIV	110	0.08557207206632897
XV	110	0.09344162097918887
XVI	110	0.08777026072024521
I	115	0.10603428055147729
II	115	0.10329888438532976
III	115	0.054621519807855505
IV	115	0.095297248639464
V	115	0.1085927057475654
VI	115	0.11731893204422549
VII	115	0.08356646561680753
VIII	115	0.07657786553818319
IX	115	0.10916642418070054
X	115	0.09418291091798738
XI	115	0.10783784432287168
XII	115	0.09221213214527856
XIII	115	0.10226615074570194
XIV	115	0.09262009886107049
XV	115	0.099750662288977
XVI	115	0.09289332177295674
I	120	0.11221972217637197
II	120	0.10868511923500708
III	120	0.05906188643558807
IV	120	0.10106904153118967
V	120	0.11413196312948079
VI	120	0.12210496703817353
VII	120	0.08787192696206941
VIII	120	0.08181742241527931
IX	120	0.11642736332884734
X	120	0.10020771008017422
XI	120	0.11384999760053748
XII	120	0.09747379140901725
XIII	120	0.10866900828725995
XIV	120	0.09761925100690651
XV	120	0.10321444967474304
XVI	120	0.09876105671967986
I	125	0.11810979158884188
II	125	0.11550399417597985
III	125	0.060605681038882954
IV	125	0.1077390460287754
V	125	0.1179752460638464
VI	125	0.12621732966638413
VII	125	0.09239463215208903
VIII	125	0.08552847898223208
IX	125	0.12148319572254755
X	125	0.10647789945973925
XI	125	0.11939275602265093
XII	125	0.10317137167645016
XIII	125	0.11346006354178949
XIV	125	0.10263370277675427
XV	125	0.10805825393959997
XVI	125	0.10498952604565505
I	130	0.12753129642339
II	130	0.1216465154257831
III	130	0.06503352194975309
IV	130	0.11358786578786409
V	130	0.12529032930025866
VI	130	0.13188802232742697
VII	130	0.09800997305076356
VIII	130	0.09076981318527023
IX	130	0.13019450405557778
X	130	0.11315170881433616
XI	130	0.1253374244169306
XII	130	0.10956086060081044
XIII	130	0.11913598743443264
XIV	130	0.10816961673166882
XV	130	0.11413820878207555
XVI	130	0.11064841477281118
I	135	0.13682248998775073
II	135	0.12868305328191407
III	135	0.06796453969556245
IV	135	0.1201906349690228
V	135	0.1296717412814415
VI	135	0.13726999826029665
VII	135	0.10263442535794819
VIII	135	0.09502473149048331
IX	135	0.1371826464918343
X	135	0.12100285484028851
XI	135	0.13270227469046933
XII	135	0.11609782067322898
XIII	135	0.12360143699205241
XIV	135	0.11511947093900167
XV	135	0.11986353777315124
XVI	135	0.11527572974877276
I	140	0.14462379136296902
II	140	0.13309041988037149
III	140	0.070134620141979
IV	140	0.12441927943323892
V	140	0.1344610897981148
VI	140	0.14188206291803776
VII	140	0.10742662291235082
VIII	140	0.09795731929482816
IX	140	0.14407076346706435
X	140	0.12471857228485111
XI	140	0.1378731164219215
XII	140	0.12044868328669597
XIII	140	0.12866184712542095
XIV	140	0.12056868702451637
XV	140	0.12594440896149606
XVI	140	0.1195022287477876
I	145	0.15327645970341156
II	145	0.13871030418699826
III	145	0.07416163811325127
IV	145	0.12926805545673342
V	145	0.14339750377558283
VI	145	0.14715669545197124
VII	145	0.11162942049975251
VIII	145	0.10304580346685198
IX	145	0.15380733277561562
X	145	0.13065889284761267
XI	145	0.1455678927920146
XII	145	0.1265413749319453
XIII	145	0.1345389758673173
XIV	145	0.12641186842833338
XV	145	0.13276293857458735
XVI	145	0.12478034229684432
I	150	0.1635927685932464
II	150	0.1452610971194711
III	150	0.07695487297357387
IV	150	0.13497326580209448
V	150	0.1482788550002604
VI	150	0.15372315026965402
VII	150	0.11706234990008617
VIII	150	0.10699324438409435
IX	150	0.16088413414323646
X	150	0.13741986266193407
XI	150	0.15555415586908533
XII	150	0.13038675467942648
XIII	150	0.14194028542963186
XIV	150	0.13339869672702792
XV	150	0.1381996186168492
XVI	150	0.13118390491801205
I	155	0.16958708702186623
II	155	0.15035588501495356
III	155	0.07886817622431054
IV	155	0.1409585145042244
V	155	0.15516517089936988
VI	155	0.15937533544812169
VII	155	0.12098557207545786
VIII	155	0.11053900963843859
IX	155	0.16611273778780053
X	155	0.14356936832803444
XI	155	0.15946378011325463
XII	155	0.13407817083836884
XIII	155	0.1492269298628021
XIV	155	0.13945224796100636
XV	155	0.141710139641947
XVI	155	0.13779314942208665
I	160	0.17301861713680078
II	160	0.15928744294034314
III	160	0.08133261101699427
IV	160	0.14682887567537223
V	160	0.16335688371204887
VI	160	0.16462405750644984
VII	160	0.1259033494051002
VIII	160	0.11587987409423027
IX	160	0.17219155785108936
X	160	0.14989453584373336
XI	160	0.16562290047029465
XII	160	0.14123655021392592
XIII	160	0.15331484989144673
XIV	160	0.14469491912236257
XV	160	0.1459152508359365
XVI	160	0.14311978279993165
I	165	0.18151491195301844
II	165	0.1671122402801826
III	165	0.0848930460351409
IV	165	0.1533356876573584
V	165	0.16958702935407155
VI	165	0.17369642546481542
VII	165	0.13007956441234164
VIII	165	0.1207995123017615
IX	165	0.18070736187393155
X	165	0.15624652196242445
XI	165	0.1722244217295326
XII	165	0.14623109192646477
XIII	165	0.1578949645782108
XIV	165	0.15072679588899102
XV	165	0.1517514576771915
XVI	165	0.14863522159849632
I	170	0.18372151612819154
II	170	0.17309489611207304
III	170	0.08754223515154552
IV	170	0.15772948294736128
V	170	0.17571302098703281
VI	170	0.17742383245546176
VII	170	0.13438777567968907
VIII	170	0.12349038377799067
IX	170	0.18604508420325175
X	170	0.16210504578605997
XI	170	0.17876595642576062
XII	170	0.15059030196340675
XIII	170	0.16514915661634022
XIV	170	0.15481689537479618
XV	170	0.15776543561708106
XVI	170	0.15218033343670168
I	175	0.1912013830369476
II	175	0.17882545647725484
III	175	0.09078952724813132
IV	175	0.16270032697252426
V	175	0.18232506466228063
VI	175	0.1812622843415593
VII	175	0.1405815168570224
VIII	175	0.12934845008291226
IX	175	0.18878896446368165
X	175	0.1685897839895622
XI	175	0.18601983155773108
XII	175	0.15507565084397087
XIII	175	0.1703848096829293
XIV	175	0.1623213609525546
XV	175	0.16283466096577356
XVI	175	0.15745528264909828
I	180	0.1989592473221034
II	180	0.18627641468597514
III	180	0.09302536770807564
IV	180	0.16851454991830583
V	180	0.1891141701529328
VI	180	0.18978312931918376
VII	180	0.1459594478156452
VIII	180	0.1353540344410221
IX	180	0.19446995598879716
X	180	0.17599037748524643
XI	180	0.19241289951050963
XII	180	0.1598726368676015
XIII	180	0.1794282104343104
XIV	180	0.16846925986793876
XV	180	0.16936729066765877
XVI	180	0.1629074347144608
I	185	0.2077118209696896
II	185	0.19213363765150324
III	185	0.09475078520587582
IV	185	0.17388750030190617
V	185	0.19513600777683268
VI	185	0.19858158653543628
VII	185	0.15048490292775038
VIII	185	0.13990576617855371
IX	185	0.20238788055141307
X	185	0.18237186406722888
XI	185	0.1987189869469239
XII	185	0.1654709755448317
XIII	185	0.18377466787678043
XIV	185	0.17429586667907637
XV	185	0.1739050354121861
XVI	185	0.16774254113110268
I	190	0.21583890052037633
II	190	0.19744116952620808
III	190	0.09651691128347889
IV	190	0.17915470193539795
V	190	0.2010050861874425
VI	190	0.20622887833551104
VII	190	0.15410288375162703
VIII	190	0.14255753648405828
IX	190	0.20709589713745316
X	190	0.19068965378524466
XI	190	0.205764408772435
XII	190	0.17122327781060068
XIII	190	0.19210087069775894
XIV	190	0.18149306480793234
XV	190	0.1782173590728779
XVI	190	0.17329278763292852
I	195	0.22088629038563448
II	195	0.20409157091138044
III	195	0.10073494643690327
IV	195	0.18495586947993156
V	195	0.20737410384154703
VI	195	0.21409455842997324
VII	195	0.1590609932718573
VIII	195	0.15045597297042707
IX	195	0.21323836976684973
X	195	0.19430346053843708
XI	195	0.21271985075343122
XII	195	0.1773187519303417
XIII	195	0.19712017446407573
XIV	195	0.18813565156636275
XV	195	0.18405356591413288
XVI	195	0.17737900104001197
I	200	0.22605096039406128
II	200	0.20750777191877853
III	200	0.10507197590052075
IV	200	0.18974067403731104
V	200	0.21356258787994514
VI	200	0.21556405254644453
VII	200	0.16341411993326857
VIII	200	0.1546682354530315
IX	200	0.21729394755028553
X	200	0.19988977554170226
XI	200	0.2192358911603801
XII	200	0.1819107623330863
XIII	200	0.20310547785610825
XIV	200	0.1921811271488003
XV	200	0.18876816541142555
XVI	200	0.18217613541673258
I	205	0.23398257303946693
II	205	0.21299976389107508
III	205	0.10888918811434727
IV	205	0.1957011174770698
V	205	0.21956533060218375
VI	205	0.22234889565851473
VII	205	0.16750967055933416
VIII	205	0.15791363262317312
IX	205	0.22190421198123159
X	205	0.2055967742584321
XI	205	0.2289672113446588
XII	205	0.18736070237076102
XIII	205	0.20946722903061452
XIV	205	0.19709230645656883
XV	205	0.19377691193274754
XVI	205	0.18859973883674766
I	210	0.24215743338922238
II	210	0.22068068235479302
III	210	0.11216153164465793
IV	210	0.20044871414089258
V	210	0.2256947940354471
VI	210	0.22619845203415742
VII	210	0.17189396300438153
VIII	210	0.1619979276379516
IX	210	0.22806941766995234
X	210	0.21062123952901168
XI	210	0.2348938837700355
XII	210	0.1923830688282165
XIII	210	0.21442595499285508
XIV	210	0.20159804572802623
XV	210	0.19969192451875806
XVI	210	0.19254883098855988
I	215	0.24772172462622383
II	215	0.22433914095702817
III	215	0.11417504063029407
IV	215	0.2047543854724717
V	215	0.2297689516898988
VI	215	0.2317099803450535
VII	215	0.17716648028305865
VIII	215	0.16539972949099163
IX	215	0.23290928600007274
X	215	0.21748412003470327
XI	215	0.24192730828294462
XII	215	0.19771799992023573
XIII	215	0.21903635858165726
XIV	215	0.20784029232481613
XV	215	0.20397584145750308
XVI	215	0.19636818533730774
I	220	0.2534293582604314
II	220	0.23103996143554226
III	220	0.11759769276295394
IV	220	0.21100008942949855
V	220	0.23468502091759683
VI	220	0.23574831304296326
VII	220	0.18357379874236895
VIII	220	0.16849938593388702
IX	220	0.23735814570981703
X	220	0.22478414376916692
XI	220	0.2481359175544678
XII	220	0.2035723262506991
XIII	220	0.22634896493086018
XIV	220	0.21393336758749154
XV	220	0.21116365845590224
XVI	220	0.20163680587638413
I	225	0.26023160656421307
II	225	0.23625772272941917
III	225	0.11829287004881898
IV	225	0.21783720306305823
V	225	0.24047598382141058
VI	225	0.23822091271501067
VII	225	0.18970429171173483
VIII	225	0.17208425235895586
IX	225	0.24293456516204126
X	225	0.2325682432876389
XI	225	0.25282236778961514
XII	225	0.2075011802329302
XIII	225	0.23069109538732474
XIV	225	0.2199002209520701
XV	225	0.21566200032805183
XVI	225	0.2086953861861938
I	230	0.2641713506328784
II	230	0.2438255056666142
III	230	0.12114247063502254
IV	230	0.223191223114849
V	230	0.244824413699724
VI	230	0.24242951425261233
VII	230	0.19368159568812218
VIII	230	0.17653645384373395
IX	230	0.24707880187684136
X	230	0.23562154123829535
XI	230	0.25624010221710336
XII	230	0.21320525294084366
XIII	230	0.23610740011964115
XIV	230	0.22483562466452386
XV	230	0.22108310249053645
XVI	230	0.2144555336864733
I	235	0.2692143967891303
II	235	0.24841241342672754
III	235	0.12187835650069048
IV	235	0.2280504434593419
V	235	0.25048865589251307
VI	235	0.24847405806167433
VII	235	0.19731240948173134
VIII	235	0.18192886075184442
IX	235	0.25078883715854944
X	235	0.24123065205410385
XI	235	0.2607900830214032
XII	235	0.21946953051307902
XIII	235	0.2426746831294061
XIV	235	0.22929801500128133
XV	235	0.22533952905320395
XVI	235	0.21814620501104354
I	240	0.27439209792457586
II	240	0.25573424956713364
III	240	0.12635943170822594
IV	240	0.2344208264982868
V	240	0.25833666047528947
VI	240	0.2564100665899223
VII	240	0.20253817808495425
VIII	240	0.18489344042314576
IX	240	0.2567403520896228
X	240	0.24729567912077893
XI	240	0.26507612294845956
XII	240	0.22631812772856405
XIII	240	0.24705251122041558
XIV	240	0.23566903343350337
XV	240	0.22905714424475232
XVI	240	0.2229169699155966
I	245	0.27965232953114005
II	245	0.25931031599244453
III	245	0.1301578553467588
IV	245	0.23901306388725876
V	245	0.2634106966167306
VI	245	0.26270631216200707
VII	245	0.20676480833043065
VIII	245	0.18748655897256342
IX	245	0.2606049721747354
X	245	0.25383003173981666
XI	245	0.2727289087244457
XII	245	0.23105482680487527
XIII	245	0.2517710894593539
XIV	245	0.23969538448592626
XV	245	0.23172829245361687
XVI	245	0.22727742583322258
I	250	0.2807339130736954
II	250	0.2648010782307571
III	250	0.1355814907481924
IV	250	0.24547157088462745
V	250	0.26943427014078153
VI	250	0.2645385529369524
VII	250	0.21061744917227346
VIII	250	0.19145532780111013
IX	250	0.2645582511912123
X	250	0.2598213076482633
XI	250	0.2809155749112199
XII	250	0.23816312163958236
XIII	250	0.25713006162709817
XIV	250	0.24571196162854297
XV	250	0.2362733679650982
XVI	250	0.2322422700529288
I	255	0.28402644450043
II	255	0.2704012867936408
III	255	0.1395427487059369
IV	255	0.25059777418464124
V	255	0.27822660440571456
VI	255	0.268288168906689
VII	255	0.21433626047261994
VIII	255	0.19551296292675818
IX	255	0.26801594951442187
X	255	0.26457490502862213
XI	255	0.2854715543718207
XII	255	0.24215133507763567
XIII	255	0.26371897956689033
XIV	255	0.25475913929415184
XV	255	0.24113458280147093
XVI	255	0.23945379330131025
I	260	0.28627214205665935
II	260	0.27643067251692116
III	260	0.1419633434896021
IV	260	0.2559837799694895
V	260	0.2822417414550315
VI	260	0.2711531272093307
VII	260	0.21763616697526902
VIII	260	0.19872103625211723
IX	260	0.27564516422362056
X	260	0.26803718667490894
XI	260	0.29398514732699876
XII	260	0.24645767809923602
XIII	260	0.26930295500691775
XIV	260	0.2606775438493599
XV	260	0.24586017844919458
XVI	260	0.24409271084502557
I	265	0.2919797756908669
II	265	0.2835373052101369
III	265	0.14360734382779644
IV	265	0.2601086339937843
V	265	0.290917770409846
VI	265	0.27506190752921406
VII	265	0.22052541844647736
VIII	265	0.20059789244689794
IX	265	0.28639335467209837
X	265	0.2719164975977236
XI	265	0.299896823111623
XII	265	0.25254109482951315
XIII	265	0.27412862614949085
XIV	265	0.2670319876889026
XV	265	0.24851483243241262
XVI	265	0.24881601069967701
I	270	0.2966405754545691
II	270	0.28716870966472535
III	270	0.14780345897671157
IV	270	0.26518131014868146
V	270	0.29743433957678755
VI	270	0.2820170194809762
VII	270	0.22420664747832145
VIII	270	0.2053611259715308
IX	270	0.29006019714109044
X	270	0.278745854849675
XI	270	0.30674428927920144
XII	270	0.25626775566534993
XIII	270	0.2779039214392421
XIV	270	0.27045272862419406
XV	270	0.2509678903243956
XVI	270	0.2533367930080817
I	275	0.29782640801327437
II	275	0.2922007811270266
III	275	0.14866147058178825
IV	275	0.2692767895201683
V	275	0.30169597444754975
VI	275	0.2880800707726134
VII	275	0.22846444350743395
VIII	275	0.2077800665786298
IX	275	0.2975075473756956
X	275	0.28532043537320095
XI	275	0.31042746424800843
XII	275	0.2610888564679083
XIII	275	0.282633317143194
XIV	275	0.2732372601943307
XV	275	0.2549759871564963
XVI	275	0.25651167745705467
I	280	0.301436030197465
II	280	0.29902949393987094
III	280	0.15215614558640708
IV	280	0.2719981879103068
V	280	0.30748693735136357
VI	280	0.2911560143766125
VII	280	0.23101912112490147
VIII	280	0.20975645302616402
IX	280	0.30319081220674354
X	280	0.2912768470977578
XI	280	0.3158427512237259
XII	280	0.2657383713434807
XIII	280	0.28803555917099277
XIV	280	0.27607279051117317
XV	280	0.259815209692007
XVI	280	0.2611906765984647
I	285	0.30759106585931595
II	285	0.30391030812214703
III	285	0.15393792881008822
IV	285	0.2758802114713894
V	285	0.31288732272119707
VI	285	0.29639363194539553
VII	285	0.23621464058518343
VIII	285	0.21328977699891405
IX	285	0.3102585203506347
X	285	0.29546054916453346
XI	285	0.3221953282464728
XII	285	0.27257491116950183
XIII	285	0.2932528225470587
XIV	285	0.2818573233562785
XV	285	0.26370418156110514
XVI	285	0.266268382159048
I	290	0.31008869853790755
II	290	0.30992616677160395
III	290	0.15755472955411579
IV	290	0.280391505372624
V	290	0.320400298574826
VI	290	0.29639363194539553
VII	290	0.23911855830751463
VIII	290	0.2173651853839824
IX	290	0.3148255919688648
X	290	0.30009078097112846
XI	290	0.32911327862558787
XII	290	0.27604187438611655
XIII	290	0.2985512169107267
XIV	290	0.285888774283372
XV	290	0.26845360220142933
XVI	290	0.2711256389323106
I	295	0.3126384557245741
II	295	0.31784811309617506
III	295	0.16120284459029946
IV	295	0.28613196530135454
V	295	0.325982953460517
VI	295	0.3007280843645086
VII	295	0.24340752012026326
VIII	295	0.21893100953890834
IX	295	0.3208180264067217
X	295	0.307551716323545
XI	295	0.3339496952682599
XII	295	0.2814741920853441
XIII	295	0.30205174858913214
XIV	295	0.2888849506523377
XV	295	0.2730243353972497
XVI	295	0.27699970255235395
I	300	0.313941568426448
II	300	0.3233327266645679
III	300	0.16307230783201762
IV	300	0.2921681300683516
V	300	0.33165934695436317
VI	300	0.3040594312280455
VII	300	0.2483243808092104
VIII	300	0.22211775495296307
IX	300	0.3289519150329175
X	300	0.3131500996981566
XI	300	0.33887459209137155
XII	300	0.28756131878161006
XIII	300	0.30462738700887354
XIV	300	0.29381652945878856
XV	300	0.27712864854562164
XVI	300	0.28077264663008694
I	305	0.3192104874510247
II	305	0.33005076341885725
III	305	0.16592503984743676
IV	305	0.2961167361757988
V	305	0.3363809953651466
VI	305	0.3062988366196453
VII	305	0.2538764734999175
VIII	305	0.22319659179977358
IX	305	0.33376450369184885
X	305	0.3188423481832408
XI	305	0.3425007798253191
XII	305	0.2934592372124429
XIII	305	0.30855737204831946
XIV	305	0.29805580027870815
XV	305	0.2837840685939864
XVI	305	0.2833262663147924
I	310	0.3232457931178275
II	310	0.33572352628679364
III	310	0.1678602631026827
IV	310	0.30114567673651527
V	310	0.3417345114309025
VI	310	0.30856415248685043
VII	310	0.2609263570865492
VIII	310	0.22813222594078306
IX	310	0.34005928781871747
X	310	0.3221517637924723
XI	310	0.3498956233803628
XII	310	0.2980262053447625
XIII	310	0.31322294470869105
XIV	310	0.3027693594429917
XV	310	0.288297072000044
XVI	310	0.2891697413471214
I	315	0.32596495495573763
II	315	0.34150573547930113
III	315	0.17079754370692327
IV	315	0.306265352335905
V	315	0.34390612251983266
VI	315	0.31202505172841377
VII	315	0.2649513263790859
VIII	315	0.23035921534614312
IX	315	0.3429054668461063
X	315	0.32844877177502946
XI	315	0.3569380458777234
XII	315	0.30442218670960336
XIII	315	0.31728706631430575
XIV	315	0.3059580560807718
XV	315	0.292599315856174
XVI	315	0.2937854537553293
I	320	0.3287318975927165
II	320	0.3477601625216433
III	320	0.17179020676827111
IV	320	0.3100024609431352
V	320	0.35107712604370994
VI	320	0.315559980900278
VII	320	0.26728234366692943
VIII	320	0.23431376556715358
IX	320	0.34797721238133345
X	320	0.3335697840163808
XI	320	0.3636190493329494
XII	320	0.30854674139774824
XIII	320	0.3210753425620733
XIV	320	0.31000863153787994
XV	320	0.2969721183442363
XVI	320	0.2961302272204678
I	325	0.33152924619273905
II	325	0.3549122953722651
III	325	0.17381624147076968
IV	325	0.3135809464252027
V	325	0.35388060478761263
VI	325	0.31794004315944935
VII	325	0.27053733477551467
VIII	325	0.238328744870193
IX	325	0.3501777725239152
X	325	0.33788087444736914
XI	325	0.3699236371052884
XII	325	0.31184397367037137
XIII	325	0.3259680819877308
XIV	325	0.31370604067405045
XV	325	0.30140906504314613
XVI	325	0.30021960496421135
I	330	0.3358077995638916
II	330	0.35934056744844955
III	330	0.1748464816827048
IV	330	0.3197966229593592
V	330	0.3601402607322027
VI	330	0.3264312761649535
VII	330	0.2738464076851156
VIII	330	0.2424023759293193
IX	330	0.353164896519114
X	330	0.34403708476421757
XI	330	0.3728749760053748
XII	330	0.31884189701690907
XIII	330	0.32986885987163994
XIV	330	0.3178841129979231
XV	330	0.30622079720257933
XVI	330	0.30368138927036725
I	335	0.3387093971800641
II	335	0.3634429600188887
III	335	0.18006657418512384
IV	335	0.32392343529384116
V	335	0.36707518183554083
VI	335	0.331346863536928
VII	335	0.2772013126294755
VIII	335	0.2453634009487366
IX	335	0.3569544975084567
X	335	0.349851357892916
XI	335	0.37636619397255017
XII	335	0.3237798617481174
XIII	335	0.3334689122281706
XIV	335	0.32127807959119403
XV	335	0.31232182800004765
XVI	335	0.3068467807093599
I	340	0.34458209175650906
II	340	0.3713538387376043
III	340	0.18324184340975064
IV	340	0.3270064682985483
V	340	0.3682503862377836
VI	340	0.3375912881578022
VII	340	0.28247199662676226
VIII	340	0.24957566343134102
IX	340	0.36003028043501983
X	340	0.35439040644933767
XI	340	0.38245782944620405
XII	340	0.32879017081610906
XIII	340	0.34005566667496007
XIV	340	0.3247306947431767
XV	340	0.31665797665333995
XVI	340	0.3125436414764373
I	345	0.34607198394565153
II	345	0.37514756807807337
III	345	0.18539626671008916
IV	345	0.331709676598128
V	345	0.37301196035204054
VI	345	0.3388683044554914
VII	345	0.28499000861642254
VIII	345	0.25200882264597624
IX	345	0.3639426399447132
X	345	0.35853253968147547
XI	345	0.38811006334581055
XII	345	0.33388209913585615
XIII	345	0.3474677937022882
XIV	345	0.32911913689721073
XV	345	0.3210610185550875
XVI	345	0.31544428341486774
I	350	0.34758793838883145
II	350	0.3785686880214072
III	350	0.1875726100149369
IV	350	0.3362496923821081
V	350	0.3760289548145191
VI	350	0.34272896532067915
VII	350	0.29009478064788163
VIII	350	0.25324584150162716
IX	350	0.3679050121849198
X	350	0.3641309230560871
XI	350	0.3912368629427008
XII	350	0.3364595980066353
XIII	350	0.35236269662094843
XIV	350	0.331790196255927
XV	350	0.3255181248631208
XVI	350	0.3169093712884968
I	355	0.35218358251744
II	355	0.3837815303793483
III	355	0.19089505641269733
IV	355	0.3426957967482912
V	355	0.3803131563872446
VI	355	0.3479406724138569
VII	355	0.2949419766439951
VIII	355	0.25888885136756346
IX	355	0.36870294256719893
X	355	0.36839374000168956
XI	355	0.3965201794797965
XII	355	0.33939603608683916
XIII	355	0.35770436084467094
XIV	355	0.3340392409856528
XV	355	0.33101803277036096
XVI	355	0.3221168146521445
I	360	0.3553023655839248
II	360	0.3886205336061703
III	360	0.19314029116028847
IV	360	0.3478435414603641
V	360	0.3840522853125488
VI	360	0.3492732111592717
VII	360	0.2982226336920454
VIII	360	0.26271187946886393
IX	360	0.36951223947914014
X	360	0.37079132310918794
XI	360	0.4018964751895575
XII	360	0.34171569232139065
XIII	360	0.36661578852288595
XIV	360	0.3381510149388079
XV	360	0.3339732481986931
XVI	360	0.3255226956773052
I	365	0.36476296379952916
II	365	0.39174036872343776
III	365	0.19654728614687028
IV	365	0.35186786889504956
V	365	0.3890916034509695
VI	365	0.3559840243410411
VII	365	0.3012182154838946
VIII	365	0.2652943340626294
IX	365	0.3752955297712145
X	365	0.3737132099051828
XI	365	0.40624400134369903
XII	365	0.3471025629372543
XIII	365	0.3732869191967816
XIV	365	0.34277532629635626
XV	365	0.335301949709106
XVI	365	0.3301225864022125
I	370	0.36476296379952916
II	370	0.3976197269006769
III	370	0.20000751543011747
IV	370	0.35715400086035093
V	370	0.39293488638533514
VI	370	0.3587157287691414
VII	370	0.3062716556364236
VIII	370	0.26921511509074136
IX	370	0.3777938929909431
X	370	0.3776555445450291
XI	370	0.41175226749208177
XII	370	0.3508505560775272
XIII	370	0.37925924163079777
XIV	370	0.3465313839912384
XV	370	0.3403638442908445
XVI	370	0.3336160140749695
I	375	0.36961054305049995
II	375	0.40313262435070046
III	375	0.20117240709832374
IV	375	0.36080690212953176
V	375	0.3961775478674467
VI	375	0.3642494660591277
VII	375	0.30934698516875353
VIII	375	0.2731981025268243
IX	375	0.37948750591059544
X	375	0.38116073595610334
XI	375	0.4173460144927536
XII	375	0.35292349957381763
XIII	375	0.3824763557258465
XIV	375	0.35033461552682343
XV	375	0.3451471697283309
XVI	375	0.3391230146424405
I	380	0.37126115247287356
II	380	0.40824462852195814
III	380	0.2023592187710393
IV	380	0.3632711091150853
V	380	0.39945319145242764
VI	380	0.3698424272933547
VII	380	0.312119823271674
VIII	380	0.27522069944885125
IX	380	0.3855208598552359
X	380	0.3836924120785624
XI	380	0.42132012429215854
XII	380	0.3560806806303603
XIII	380	0.3873918118280326
XIV	380	0.3541875708404466
XV	380	0.34895367046919656
XVI	380	0.3443072528705807
I	385	0.37126115247287356
II	385	0.413418119392413
III	385	0.20595723093977322
IV	385	0.3682752444134306
V	385	0.4027791761417883
VI	385	0.3726740721273611
VII	385	0.3145810035382331
VIII	385	0.27793823081421076
IX	385	0.3916315062015786
X	385	0.38729280953025874
XI	385	0.42648946635953544
XII	385	0.3639059263924198
XIII	385	0.3960868902059754
XIV	385	0.35907707568086517
XV	385	0.3531587816631861
XVI	385	0.3467279704155618
I	390	0.37630419862912545
II	390	0.41867523217377617
III	390	0.20595723093977322
IV	390	0.374607114018694
V	390	0.41017584668529866
VI	390	0.3741176557682271
VII	390	0.3177874126899738
VIII	390	0.2813738018601493
IX	390	0.3969192158003855
X	390	0.39145371578449106
XI	390	0.42998518331893654
XII	390	0.36823174673546183
XIII	390	0.3998719212142388
XIV	390	0.36550419273446355
XV	390	0.35742345533867687
XVI	390	0.35204405600453975
I	395	0.37800693255957396
II	395	0.42061329293247285
III	395	0.20718161976307606
IV	395	0.3784636795473431
V	395	0.41154026420400297
VI	395	0.37992530380032646
VII	395	0.32211304013052966
VIII	395	0.2827690027246407
IX	395	0.40229331102462446
X	395	0.3935643398399734
XI	395	0.4323501535656013
XII	395	0.37078698581030756
XIII	395	0.40114730033934387
XIV	395	0.3700010072252474
XV	395	0.36066457067821506
XVI	395	0.35453333417715643
I	400	0.37800693255957396
II	400	0.4274567625531245
III	400	0.20843106002010378
IV	400	0.3810571350052515
V	400	0.4136111930841738
VI	400	0.38435969662534564
VII	400	0.3243019781106202
VIII	400	0.28560028295029
IX	400	0.4068103699123413
X	400	0.39782581585542626
XI	400	0.4377189509549861
XII	400	0.3737391912459643
XIII	400	0.4067442567373876
XIV	400	0.372538194873861
XV	400	0.36503920585801586
XVI	400	0.35788753103686877
I	405	0.37800693255957396
II	405	0.43241627971037305
III	405	0.20969615742320952
IV	405	0.38447830290228097
V	405	0.41989862343118023
VI	405	0.38734680431298374
VII	405	0.32836177974957376
VIII	405	0.2884671096947798
IX	405	0.4095633433965009
X	405	0.40216104302910755
XI	405	0.44074077406660905
XII	405	0.3785973917084115
XIII	405	0.4097958636177281
XIV	405	0.3761399813599581
XV	405	0.36946790544410246
XVI	405	0.3621393447291644
I	410	0.3815383679816522
II	410	0.4369380115693373
III	410	0.2109675176847465
IV	410	0.3874066294021997
V	410	0.42484246706129464
VI	410	0.391881137543909
VII	410	0.33098337213778944
VIII	410	0.2913623736543421
IX	410	0.4160468119157604
X	410	0.40817109195964874
XI	410	0.44869199299356943
XII	410	0.3820077779436957
XIII	410	0.41244289730655936
XIV	410	0.37977364206274633
XV	410	0.3735813820511669
XVI	410	0.36428898410026306
I	415	0.3851088967847866
II	415	0.44202419132693216
III	415	0.21612811303206897
IV	415	0.3903741221058623
V	415	0.4312861284218932
VI	415	0.391881137543909
VII	415	0.3328780684547271
VIII	415	0.29356270317057176
IX	415	0.41980231331611684
X	415	0.4114952578005259
XI	415	0.45427374268163934
XII	415	0.3858336803697352
XIII	415	0.41691051035718185
XIV	415	0.3818786153330282
XV	415	0.3758557524986461
XVI	415	0.367771863984153
I	420	0.3941915923168475
II	420	0.44510959389264915
III	420	0.22005179383922616
IV	420	0.39391670523449784
V	420	0.4349124238373809
VI	420	0.3949755886304833
VII	420	0.33594698150219077
VIII	420	0.2995025264688266
IX	420	0.42264394573164077
X	420	0.4187791903731943
XI	420	0.4580259021979077
XII	420	0.3889333569534501
XIII	420	0.4214354559723765
XIV	420	0.3877345464235216
XV	420	0.3793012129670271
XVI	420	0.37350775157003835
I	425	0.3960333249354959
II	425	0.4487508362191091
III	425	0.22005179383922616
IV	425	0.39860881644301677
V	425	0.4349124238373809
VI	425	0.40278574627721986
VII	425	0.33788475993180195
VIII	425	0.30025078069042005
IX	425	0.4245603426326701
X	425	0.4244486430457351
XI	425	0.46247090651694023
XII	425	0.39168336924271246
XIII	425	0.4241733563673222
XIV	425	0.39097169187067227
XV	425	0.38356130491317164
XVI	425	0.375289273109678
I	430	0.3997471961358365
II	430	0.4540091787344562
III	430	0.22540653779791633
IV	430	0.40531080667366
V	430	0.4363948825663548
VI	430	0.40278574627721986
VII	430	0.34141565988963646
VIII	430	0.30330067200693867
IX	430	0.42747926744989634
X	430	0.4273142107754465
XI	430	0.46631454554179863
XII	430	0.39485910012919956
XIII	430	0.4288075583791543
XIV	430	0.39424581140918463
XV	430	0.3859153974512756
XVI	430	0.37889450734442537
I	435	0.403513191844252
II	435	0.458252990713049
III	435	0.22675931521905912
IV	435	0.4072900055028516
V	435	0.4424097765896506
VI	435	0.40598383926621534
VII	435	0.34539021394393826
VIII	435	0.30637189123476166
IX	435	0.433394409486051
X	435	0.43195919281368717
XI	435	0.4715018835780785
XII	435	0.3992813795879526
XIII	435	0.4339599169651386
XIV	435	0.39700739354330367
XV	435	0.3910707593116776
XVI	435	0.38255037096573447
I	440	0.41112337002319543
II	440	0.46040379545096805
III	440	0.22950871007036322
IV	440	0.4104343988934242
V	440	0.4454528095543944
VI	440	0.4124762641535973
VII	440	0.3485984563770693
VIII	440	0.3087055201966433
IX	440	0.43737496817371696
X	440	0.43724111667299137
XI	440	0.474126295709761
XII	440	0.4017169722596568
XIII	440	0.4367962562917081
XIV	440	0.3975683797570675
XV	440	0.3938848574761452
XVI	440	0.3862442066269648
I	445	0.41303894569495
II	445	0.4663999783566819
III	445	0.22950871007036322
IV	445	0.41622055272652264
V	445	0.44928914888815596
VI	445	0.4173992545186019
VII	445	0.3518470310007883
VIII	445	0.3102784536553374
IX	445	0.4393868439239079
X	445	0.44139934106692447
XI	445	0.47744805163643345
XII	445	0.40500121965131886
XIII	445	0.4415938020252458
XIV	445	0.3992628131163677
XV	445	0.39713513627437597
XVI	445	0.38904042545561174
I	450	0.41303894569495
II	450	0.46805151109711945
III	450	0.22950871007036322
IV	450	0.4194341397437094
V	450	0.45395872029440865
VI	450	0.4240212317840103
VII	450	0.35472069958017854
VIII	450	0.31425610911359425
IX	450	0.44446086276506747
X	450	0.44501582968041614
XI	450	0.48147914867069774
XII	450	0.40791168796960053
XIII	450	0.44546969973962364
XIV	450	0.40212129286922776
XV	450	0.39918958371323504
XVI	450	0.39140313016182415
I	455	0.4169743460546091
II	455	0.4691656500865733
III	455	0.23234578493970434
IV	455	0.4215040736115744
V	455	0.4563126008991963
VI	455	0.42738589211618255
VII	455	0.3592929033677379
VIII	455	0.31667682704663525
IX	455	0.44857781980867856
X	455	0.4510862204676896
XI	455	0.4869154309434687
XII	455	0.41042889989306025
XIII	455	0.4474309061465918
XIV	455	0.40443408603233577
XV	455	0.4029209440928222
XVI	455	0.394752053127103
I	460	0.41895942107046363
II	460	0.47480889933889503
III	460	0.23234578493970434
IV	460	0.42419740288902974
V	460	0.45949797767632405
VI	460	0.42908487901658643
VII	460	0.3634920343923589
VIII	460	0.3174908423280837
IX	460	0.4527447895828029
X	460	0.4559926838851037
XI	460	0.4910395071503983
XII	460	0.4151025295475604
XIII	460	0.4494083387510804
XIV	460	0.4067698286314614
XV	460	0.4062738536284089
XVI	460	0.39958504998597144
I	465	0.42500586400715845
II	465	0.47765942271367856
III	465	0.23379250523731537
IV	465	0.42903704013165067
V	465	0.46271980835662335
VI	465	0.42908487901658643
VII	465	0.3664628668854382
VIII	465	0.320780672646776
IX	465	0.4537950569235806
X	465	0.45909827811159487
XI	465	0.4938198843459065
XII	465	0.42025196234013523
XIII	465	0.45291319741549124
XIV	465	0.4138548295175646
XV	465	0.4088176297614477
XVI	465	0.40300464313665924
I	470	0.42500586400715845
II	470	0.479381050291201
III	470	0.23379250523731537
IV	470	0.4317878131745971
V	470	0.4667818147100179
VI	470	0.42908487901658643
VII	470	0.36774799714008105
VIII	470	0.3224442497285135
IX	470	0.4569822318408322
X	470	0.4634898243515597
XI	470	0.4966257558306939
XII	470	0.4232904244850335
XIII	470	0.4559561503238208
XIV	470	0.4150507501278156
XV	470	0.41224934504178995
XVI	470	0.4049812987703388
I	475	0.42706478207611914
II	475	0.4811235833464505
III	475	0.23676736299214324
IV	475	0.43610719267748654
V	475	0.4717135070390751
VI	475	0.4325827932233002
VII	475	0.3703475901516124
VIII	475	0.3224442497285135
IX	475	0.46021259957079985
X	475	0.46792830314676076
XI	475	0.5008773034840196
XII	475	0.42680376227650935
XIII	475	0.4600505608314736
XIV	475	0.4174680907216705
XV	475	0.41355422155960236
XVI	475	0.40647803001056887
I	480	0.4312217115950968
II	480	0.4858273158350386
III	480	0.2412453067704631
IV	480	0.4404787937853679
V	480	0.4791865571892305
VI	480	0.4325827932233002
VII	480	0.3738546574513722
VIII	480	0.32329381152880243
IX	480	0.4645546139017204
X	480	0.47049484345310966
XI	480	0.5051798397159036
XII	480	0.4290158294973831
XIII	480	0.46729285365808804
XIV	480	0.4193027706344117
XV	480	0.41794351827331117
XVI	480	0.40849160290528297
I	485	0.43331537933610753
II	485	0.4882043916260035
III	485	0.24275778708160192
IV	485	0.4426916842968981
V	485	0.48505042789938724
VI	485	0.434370616040065
VII	485	0.37650833226391917
VIII	485	0.32500893106285866
IX	485	0.4689557341868839
X	485	0.47243382844944226
XI	485	0.5095303651981956
XII	485	0.4348423310829298
XIII	485	0.4714759673788525
XIV	485	0.4229938049272439
XV	485	0.4206018376400062
XVI	485	0.4105326000510513
I	490	0.43331537933610753
II	490	0.4906097512985991
III	490	0.2458077991376044
IV	490	0.4458687161905906
V	490	0.4901383512420366
VI	490	0.436176946339405
VII	490	0.37918950629732157
VIII	490	0.3267418238563352
IX	490	0.47560060742734517
X	490	0.47373989441516
XI	490	0.5139243809386698
XII	490	0.4402709388161684
XIII	490	0.47464440288133997
XIV	490	0.42672691318610845
XV	490	0.4264160521803992
XVI	490	0.4125894188801202
I	495	0.4354655152941994
II	495	0.49424976389107506
III	495	0.2458077991376044
IV	495	0.44973507327017564
V	495	0.4935667540403076
VI	495	0.43800918711435033
VII	495	0.38054430124479804
VIII	495	0.334640260342704
IX	495	0.4800835667260757
X	495	0.47572178917628
XI	495	0.5190922233419714
XII	495	0.44393453023019414
XIII	495	0.4789108110827093
XIV	495	0.4298722608891887
XV	495	0.430036534709807
XVI	495	0.4141483820746657
I	500	0.4354655152941994
II	500	0.49914287541319063
III	500	0.24892983406556587
IV	500	0.4520086713975089
V	500	0.4970264030412971
VI	500	0.43985623387535583
VII	500	0.38373787742680626
VIII	500	0.33729913995197663
IX	500	0.4834753391772451
X	500	0.47772379788964414
XI	500	0.5250683846818313
XII	500	0.44762780137213093
XIII	500	0.4826882698654632
XIV	500	0.43747999892902634
XV	500	0.43276907809191134
XVI	500	0.41625161117474946
I	505	0.43765040092434127
II	505	0.5016158704549032
III	505	0.24892983406556587
IV	505	0.4543051164770261
V	505	0.4996424045688892
VI	505	0.43985623387535583
VII	505	0.38604139549379435
VIII	505	0.34086267846574114
IX	505	0.48576683155712364
X	505	0.4810948962857576
XI	505	0.5280842091371533
XII	505	0.4499613699791407
XIII	505	0.4870390542939386
XIV	505	0.4413227544933083
XV	505	0.43691371045853034
XVI	505	0.419962323298167
I	510	0.4398656925175269
II	510	0.5041208385801983
III	510	0.2505143372486637
IV	510	0.4566302834392888
V	510	0.5049351641293592
VI	510	0.4436243573276676
VII	510	0.3879049260270959
VIII	510	0.341769114696175
IX	510	0.48806969046666426
X	510	0.4838129616990121
XI	510	0.5334125155965064
XII	510	0.4527976389776447
XIII	510	0.489791017393402
XIV	510	0.4458565430754539
XV	510	0.4397076490138744
XVI	510	0.42156875154261414
I	515	0.44433102537594804
II	515	0.506014628915473
III	515	0.2505143372486637
IV	515	0.459311862855621
V	515	0.5093912198170362
VI	515	0.45123463416259196
VII	515	0.3907254294461657
VIII	515	0.3472432785976187
IX	515	0.4904021023533263
X	515	0.4872524475327556
XI	515	0.5380239826278913
XII	515	0.45614031833363167
XIII	515	0.49311955137809094
XIV	515	0.44978217160313283
XV	515	0.44017681809893056
XVI	515	0.42210879833260556
I	520	0.44433102537594804
II	520	0.507923176058555
III	520	0.2553868411081502
IV	520	0.46303265221129125
V	520	0.5147846615862656
VI	520	0.4531594123504133
VII	520	0.39357251544539573
VIII	520	0.35184833011341116
IX	520	0.49275724729931253
X	520	0.4921119783949334
XI	520	0.543464763892888
XII	520	0.45805837074988615
XIII	520	0.49704088244552597
XIV	520	0.4544141327726871
XV	520	0.4430266537522989
XVI	520	0.4237479247225404
I	525	0.44660712889522103
II	525	0.5117820813001731
III	525	0.25702457858791333
IV	525	0.46576514769249044
V	525	0.5211311125384068
VI	525	0.4551026980208098
VII	525	0.39548921113901775
VIII	525	0.3564978147777543
IX	525	0.4951419452224203
X	525	0.49842641846943553
XI	525	0.5473803867933583
XII	525	0.4609716215426595
XIII	525	0.49986964954658597
XIV	525	0.4577430759639082
XV	525	0.44782005899434707
XVI	525	0.42595768649018106
I	530	0.45118105447879836
II	530	0.5137312096647253
III	530	0.25867484178453887
IV	530	0.46990109880784603
V	530	0.5248025413578211
VI	530	0.4551026980208098
VII	530	0.39597319742607295
VIII	530	0.35743624287514464
IX	530	0.4987428618193722
X	530	0.5005477699661147
XI	530	0.5521283232555908
XII	530	0.4648856356609351
XIII	530	0.5010119738520236
XIV	530	0.4577430759639082
XV	530	0.45024104478090626
XVI	530	0.42929606166659284
I	535	0.4534875639611151
II	535	0.5163591511884149
III	535	0.26035015641488934
IV	535	0.4726871214341619
V	535	0.5275765097991564
VI	535	0.4570681926702966
VII	535	0.3969512530478303
VIII	535	0.35838000295036104
IX	535	0.4987428618193722
X	535	0.5048347236544101
XI	535	0.5585243905365198
XII	535	0.4708104513451873
XIII	535	0.505616968708319
XIV	535	0.4597830258321402
XV	535	0.45317335156250715
XVI	535	0.43210599262076693
I	540	0.4558244794064756
II	540	0.520994018573902
III	540	0.2637258371093151
IV	540	0.4758439174559201
V	540	0.528513895880709
VI	540	0.4590670007884188
VII	540	0.40040240526518417
VIII	540	0.36029062833804026
IX	540	0.49996135379914886
X	540	0.5069963030555775
XI	540	0.5617516676264517
XII	540	0.4743015293407298
XIII	540	0.5073618258150149
XIV	540	0.46252293349890927
XV	540	0.45465508283308487
XVI	540	0.434947566941542
I	545	0.4581787696878611
II	545	0.5229984849677318
III	545	0.2637258371093151
IV	545	0.47690727988756687
V	545	0.5322877428090336
VI	545	0.4651078431009657
VII	545	0.40438979228921845
VIII	545	0.36125571632456105
IX	545	0.5036736623867893
X	545	0.5091793373391387
XI	545	0.5641916210768788
XII	545	0.4763160408726953
XIII	545	0.5120641778564328
XIV	545	0.4652921654450342
XV	545	0.45614597756235503
XVI	545	0.4360951663702738
I	550	0.46055912222328405
II	550	0.5283933279552967
III	550	0.26714848924197493
IV	550	0.48048054320913514
V	550	0.5380057979065044
VI	550	0.46915728028842063
VII	550	0.40690413771609807
VIII	550	0.3641811948251378
IX	550	0.5049148874258902
X	550	0.5113838265050935
XI	550	0.5691255158844419
XII	550	0.48038309108801247
XIII	550	0.5185914362456473
XIV	550	0.46808689676451204
XV	550	0.46016140516140974
XVI	550	0.43725014925121247
I	555	0.46295684959473193
II	555	0.53111595899575
III	555	0.26714848924197493
IV	555	0.48192251227697297
V	555	0.541842137240266
VI	555	0.4732437324410259
VII	555	0.4099437182613159
VIII	555	0.36712977856296086
IX	555	0.5061742989124505
X	555	0.5136111114835917
XI	555	0.5707856440157405
XII	555	0.4824328472968724
XIII	555	0.5221839163766685
XIV	555	0.4709045775200075
XV	555	0.463703081946062
XVI	555	0.44075096037617634
I	560	0.4653849829292236
II	560	0.5331757634188572
III	560	0.26889895817349996
IV	560	0.4844702738305135
V	560	0.542814241324839
VI	560	0.4794289331176595
VII	560	0.4124965625973931
VIII	560	0.36811974911267004
IX	560	0.5074450769286728
X	560	0.5143593505070727
XI	560	0.5758095186678184
XII	560	0.48346885529926903
XIII	560	0.5227875309244281
XIV	560	0.47303887506964515
XV	560	0.466767342532835
XVI	560	0.4436927386911882
I	565	0.4653849829292236
II	565	0.5366399240516292
III	565	0.27065882139267183
IV	565	0.4855760663162162
V	565	0.5457357612790112
VI	565	0.4898449443109849
VII	565	0.4145608374429391
VIII	565	0.37012101812339265
IX	565	0.5112733241188666
X	565	0.5211525026449847
XI	565	0.5783424512909109
XII	565	0.4871222443068253
XIII	565	0.5264427523525282
XIV	565	0.47447576475808106
XV	565	0.4677982316357415
XVI	565	0.4454710958941677
I	570	0.4678478659357652
II	570	0.5394314201951834
III	570	0.27065882139267183
IV	570	0.48892086011594504
V	570	0.5506605100074644
VI	570	0.49193999133849814
VII	570	0.41768658221350397
VIII	570	0.37416443464150445
IX	570	0.5125691085003455
X	570	0.5234387885500656
XI	570	0.5817451890776466
XII	570	0.4892248675310269
XIII	570	0.5301293444291678
XIV	570	0.4788246828834181
XV	570	0.47247800999000267
XVI	570	0.44905839888784116
I	575	0.4678478659357652
II	575	0.5415428734456162
III	575	0.2742411764153277
IV	575	0.48967154568770305
V	575	0.555628656239693
VI	575	0.49405724734510165
VII	575	0.4208361596421435
VIII	575	0.37824517500439886
IX	575	0.5125691085003455
X	575	0.5257451884073907
XI	575	0.5843216119589212
XII	575	0.4902887002783402
XIII	575	0.5350837434054029
XIV	575	0.48247109327288284
XV	575	0.47720635467533407
XVI	575	0.4514780616539355
I	580	0.4678478659357652
II	580	0.5450943451912482
III	580	0.2778579771593553
IV	580	0.4926932183065447
V	580	0.557633620914125
VI	580	0.49405724734510165
VII	580	0.4240187361358095
VIII	580	0.3803050957712084
IX	580	0.5152038700760193
X	580	0.5288413961228345
XI	580	0.588652641808235
XII	580	0.49243120563692233
XIII	580	0.53821215428734
XIV	580	0.48320930013144925
XV	580	0.4793304444002562
XVI	580	0.45391776521887717
I	585	0.4678478659357652
II	585	0.5472500688651031
III	585	0.2778579771593553
IV	585	0.4945973485785605
V	585	0.5596594163903692
VI	585	0.4962115183168555
VII	585	0.42668707719947935
VIII	585	0.38444804254207376
IX	585	0.5165337540464846
X	585	0.529625840260355
XI	585	0.5895239466359535
XII	585	0.496751461030981
XIII	585	0.5420004305351075
XIV	585	0.4884124472641085
XV	585	0.4825385712885014
XVI	585	0.4557615187128322
I	590	0.4678478659357652
II	590	0.5508630273099323
III	590	0.27969925753813296
IV	590	0.49613201099525894
V	590	0.5627250160570764
VI	590	0.5005496722324836
VII	590	0.4299200689313803
VIII	590	0.38862653583177964
IX	590	0.5205370457934747
X	590	0.5311987513258447
XI	590	0.5939359583453306
XII	590	0.49893013855795476
XIII	590	0.5439075496170076
XIV	590	0.4891621288406837
XV	590	0.4846910677353703
XVI	590	0.45700193868359373
I	595	0.4704280290854755
II	595	0.5530507240673698
III	595	0.28341626401706005
IV	595	0.49845130302696006
V	595	0.5647820577360391
VI	595	0.5049396470993223
VII	595	0.4326369919518947
VIII	595	0.39178306670481994
IX	595	0.5218828429054668
X	595	0.5327877535531297
XI	595	0.6001565649294558
XII	595	0.5011310758808618
XIII	595	0.5490307010474551
XIV	595	0.49521185516865923
XV	595	0.4852344608358357
XVI	595	0.4576284773422947
I	600	0.4756317924749585
II	600	0.5567276286793641
III	600	0.2871520590712807
IV	600	0.5004050438237181
V	600	0.5689308590969847
VI	600	0.5071531420153168
VII	600	0.4331860597283077
VIII	600	0.39284413029221016
IX	600	0.5246085367184374
X	600	0.5367998165607555
XI	600	0.6046450595066705
XII	600	0.5033505630337134
XIII	600	0.5503244698630834
XIV	600	0.4997851677795018
XV	600	0.4868783853252707
XVI	600	0.4601504536603992
I	605	0.4756317924749585
II	605	0.5574666988037148
III	605	0.2871520590712807
IV	605	0.5023705344815994
V	605	0.5741715416529242
VI	605	0.5116208483089714
VII	605	0.43650063248207965
VIII	605	0.39391585783525257
IX	605	0.5259793401956862
X	605	0.5376070565108193
XI	605	0.6082607495920914
XII	605	0.5067006623216782
XIII	605	0.5509767630034043
XIV	605	0.5020941360366069
XV	605	0.48798716382706353
XVI	605	0.4633295572249189
I	610	0.4756317924749585
II	610	0.5612001711789706
III	610	0.2890622308928018
IV	610	0.5027674186795376
V	610	0.5773395594285416
VI	610	0.5138787611831463
VII	610	0.438728986012063
VIII	610	0.39499469468206305
IX	610	0.5301281235223512
X	610	0.5392416503631909
XI	610	0.6100843411075919
XII	610	0.5089581766259158
XIII	610	0.5536086522412165
XIV	610	0.5036432229677955
XV	610	0.4902193823645572
XVI	610	0.4658968890351516
I	615	0.4756317924749585
II	615	0.5634628817094286
III	615	0.2967467581879045
IV	615	0.5055678022472262
V	615	0.5794695089138473
VI	615	0.5184130944140716
VII	615	0.4420958072854602
VIII	615	0.39499469468206305
IX	615	0.5315171134470592
X	615	0.5433516012717382
XI	615	0.6137630170841731
XII	615	0.510665688472301
XIII	615	0.5582460994925527
XIV	615	0.5059853404102594
XV	615	0.4924671787818281
XVI	615	0.4684842616442315
I	620	0.4783162046408187
II	620	0.5649840626475681
III	620	0.3006297304152588
IV	620	0.5087983612860354
V	620	0.5816116097002101
VI	620	0.520704320756882
VII	620	0.44379525913432455
VIII	620	0.3960895274623518
IX	620	0.5315171134470592
X	620	0.5491551469592397
XI	620	0.6156196012093291
XII	620	0.5135307097072188
XIII	620	0.5615908596747621
XIV	620	0.5075637516208039
XV	620	0.4941670003692874
XVI	620	0.46913716977510006
I	625	0.4783162046408187
II	625	0.5672787462616087
III	625	0.3006297304152588
IV	625	0.5116405221377175
V	625	0.5859322651761071
VI	625	0.5276187162469786
VII	625	0.4460850275908849
VIII	625	0.39719680152423475
IX	625	0.5329288364310916
X	625	0.5533281215848185
XI	625	0.6202940541318744
XII	625	0.5187330095151352
XIII	625	0.5636137256323078
XIV	625	0.5099466680606324
XV	625	0.49644503620024355
XVI	625	0.47110855151434605
I	630	0.4864823775725617
II	630	0.5695992542893121
III	630	0.3006297304152588
IV	630	0.5165571862477014
V	630	0.589206172860937
VI	630	0.5276187162469786
VII	630	0.4472354116633362
VIII	630	0.39719680152423475
IX	630	0.5357932019059397
X	630	0.5533281215848185
XI	630	0.6249955010077742
XII	630	0.5216490427824003
XIII	630	0.5670093279000812
XIV	630	0.5115442038011916
XV	630	0.4987478133696695
XVI	630	0.473756046519968
I	635	0.4864823775725617
II	635	0.5727166299386117
III	635	0.3006297304152588
IV	635	0.5190383652548773
V	635	0.5914055583522836
VI	635	0.5276187162469786
VII	635	0.44781472858269017
VIII	635	0.3983200715195959
IX	635	0.5415446659149602
X	635	0.5558745479389233
XI	635	0.6249955010077742
XII	635	0.5240011612193545
XIII	635	0.5704341373233913
XIV	635	0.5131557641970949
XV	635	0.4999051582025326
XVI	635	0.473756046519968
I	640	0.48925366391854674
II	640	0.5758573705336062
III	640	0.3026244508256013
IV	640	0.5202871143842452
V	640	0.5958355755376951
VI	640	0.5276187162469786
VII	640	0.4501512457147048
VIII	640	0.40058260744379653
IX	640	0.5444431309787946
X	640	0.5584464519658706
XI	640	0.6307287167674441
XII	640	0.5263644095542754
XIII	640	0.5731936726483642
XIV	640	0.5147787993110069
XV	640	0.5028292178713102
XVI	640	0.47510088960051305
I	645	0.48925366391854674
II	645	0.5782319868566032
III	645	0.30664520593844236
IV	645	0.5228094179053523
V	645	0.598067943131911
VI	645	0.5300061814991801
VII	645	0.45309641226831904
VIII	645	0.4028664712793014
IX	645	0.5473734223256829
X	645	0.5610357880847628
XI	645	0.6345903517612055
XII	645	0.528153540652416
XIII	645	0.5759748429033643
XIV	645	0.517242038776897
XV	645	0.5057789352244269
XVI	645	0.47781272611822384
I	650	0.48925366391854674
II	650	0.5798220328978435
III	650	0.30664520593844236
IV	650	0.5232324129057864
V	650	0.6003141979273352
VI	650	0.5300061814991801
VII	650	0.4566584780097897
VIII	650	0.40401817848973504
IX	650	0.5518040955879678
X	650	0.5645074562420969
XI	650	0.6375011997312602
XII	650	0.5287527001596213
XIII	650	0.577374622876126
XIV	650	0.5205505824694359
XV	650	0.5093398552723334
XVI	650	0.4798663806106326
I	655	0.48925366391854674
II	655	0.583027949393987
III	655	0.3086931606454502
IV	655	0.5262103499304474
V	655	0.6059836478205773
VI	655	0.5348366344513087
VII	655	0.45845417713164793
VIII	655	0.40634114349596456
IX	655	0.5592196195395192
X	655	0.567131656544879
XI	655	0.6414168226317305
XII	655	0.5311725254758727
XIII	655	0.5823171226408461
XIV	655	0.5222144165807125
XV	655	0.512329891843697
XVI	655	0.4833102336757146
I	660	0.48925366391854674
II	660	0.586269528175665
III	660	0.3148620762001985
IV	660	0.5292163560677915
V	660	0.6105560088183728
VI	660	0.5372722191582057
VII	660	0.46147909142574295
VIII	660	0.40750706931393443
IX	660	0.560715454843051
X	660	0.5680166704436199
XI	660	0.6424036015932432
XII	660	0.5342258274847266
XIII	660	0.5851696881649361
XIV	660	0.527247992880575
XV	660	0.5147444632091716
XVI	660	0.4853965863136111
I	665	0.48925366391854674
II	665	0.5887179285376988
III	665	0.3148620762001985
IV	665	0.5305153684919641
V	665	0.6151613519190376
VI	665	0.5397189083546478
VII	665	0.46330320640915174
VIII	665	0.4110386159607424
IX	665	0.5667510820936238
X	665	0.573353572439058
XI	665	0.6453939317592859
XII	665	0.5348398268558873
XIII	665	0.5880395616330478
XIV	665	0.5280907471698884
XV	665	0.5177812334198669
XVI	665	0.4867941683384912
I	670	0.49216394895273174
II	670	0.5911872343774595
III	670	0.3148620762001985
IV	670	0.5335677213037385
V	670	0.6151613519190376
VI	670	0.5397189083546478
VII	670	0.4639155223935322
VIII	670	0.41342023272305883
IX	670	0.5682719237624122
X	670	0.5769325150083607
XI	670	0.6474019819560418
XII	670	0.5366975923248224
XIII	670	0.5902019728892692
XIV	670	0.5306457843798489
XV	670	0.5208390795855551
XVI	670	0.4867941683384912
I	675	0.49509160882294173
II	675	0.5936737564929955
III	675	0.3148620762001985
IV	675	0.5353243255416523
V	675	0.6186661343239537
VI	675	0.5422100155092704
VII	675	0.46823564998991696
VIII	675	0.41342023272305883
IX	675	0.5698064052667952
X	675	0.5778349609990466
XI	675	0.6484127555427585
XII	675	0.5366975923248224
XIII	675	0.5945722287547691
XIV	675	0.5332199461198242
XV	675	0.5226928472790484
XVI	675	0.49034138973446995
I	680	0.49509160882294173
II	680	0.5953412757752243
III	680	0.3169914480668122
IV	680	0.5370952907209389
V	680	0.6186661343239537
VI	680	0.5422100155092704
VII	680	0.47010284708599925
VIII	680	0.41342023272305883
IX	680	0.5728958280289528
X	680	0.5805650947836476
XI	680	0.6524843435070544
XII	680	0.537955270795055
XIII	680	0.5975005165339544
XIV	680	0.536675111209142
XV	680	0.5239390776612287
XVI	680	0.4924847004322484
I	685	0.49509160882294173
II	685	0.5970223221312766
III	685	0.3191333456502882
IV	685	0.5406600680316959
V	685	0.6210356380301005
VI	685	0.5523336084779076
VII	685	0.4713549782756155
VIII	685	0.4146359236674054
IX	685	0.5760011639326374
X	685	0.5851416893842583
XI	685	0.6565754271043286
XII	685	0.5404901050569619
XIII	685	0.5982371859013815
XIV	685	0.5384154434404774
XV	685	0.5258148376555841
XVI	685	0.4953642467929448
I	690	0.49509160882294173
II	690	0.5995629525421061
III	690	0.3191333456502882
IV	690	0.5433507862289016
V	690	0.6222299373340046
VI	690	0.5548876410732859
VII	690	0.47513795442462464
VIII	690	0.41707974683769283
IX	690	0.5775674717200742
X	690	0.5869868092701183
XI	690	0.6586434638640944
XII	690	0.5449513391585983
XIII	690	0.6027037172055026
XIV	690	0.5410469787704967
XV	690	0.5289698164834128
XVI	690	0.4975455295306445
I	695	0.49509160882294173
II	695	0.6004176176609476
III	695	0.3213065575259204
IV	695	0.5433507862289016
V	695	0.6282430954571493
VI	695	0.5548876410732859
VII	695	0.4795900782811154
VIII	695	0.4195431205933425
IX	695	0.5854512966937039
X	695	0.5869868092701183
XI	695	0.6596857303963912
XII	695	0.546238697356742
XIII	695	0.6056990732677723
XIV	695	0.5419305320571747
XV	695	0.5308758158914534
XVI	695	0.4997363052783245
I	700	0.49509160882294173
II	700	0.6029926806233276
III	700	0.323492295118415
IV	700	0.5447157284293764
V	700	0.6306681479681289
VI	700	0.5548876410732859
VII	700	0.48087062533228225
VIII	700	0.4207819167749354
IX	700	0.5870357909286
X	700	0.5897987397938455
XI	700	0.6628290262981092
XII	700	0.5468842314388083
XIII	700	0.6079664139346257
XIV	700	0.5463763478012528
XV	700	0.5315145089623208
XVI	700	0.5004714861623558
I	705	0.49813654883632036
II	705	0.6029926806233276
III	705	0.3256936898569876
IV	705	0.5456341759071709
V	705	0.6318867498741473
VI	705	0.5548876410732859
VII	705	0.4821612554310961
VIII	705	0.4220278222602965
IX	705	0.5886293783872258
X	705	0.5897987397938455
XI	705	0.6649360543238315
XII	705	0.5507954630825922
XIII	705	0.6102478173059969
XIV	705	0.5463763478012528
XV	705	0.534733632000997
XVI	705	0.5019545052770588
I	710	0.49813654883632036
II	710	0.6029926806233276
III	710	0.3256936898569876
IV	710	0.5474841262640077
V	710	0.6331122953807697
VI	710	0.5575157035989651
VII	710	0.48345738537408106
VIII	710	0.42580286256116223
IX	710	0.5902343323755138
X	710	0.5916974968856897
XI	710	0.6691861023130818
XII	710	0.5514521270626251
XIII	710	0.6110147755754621
XIV	710	0.5463763478012528
XV	710	0.5366772015896768
XVI	710	0.5027012887288438
I	715	0.49813654883632036
II	715	0.6064998819455375
III	715	0.3256936898569876
IV	715	0.5493438681717804
V	715	0.6343465203881473
VI	715	0.5575157035989651
VII	715	0.48541716318037653
VIII	715	0.42706654130594357
IX	715	0.5902343323755138
X	715	0.5916974968856897
XI	715	0.6713306219406853
XII	715	0.5534388138496741
XIII	715	0.6140988348508434
XIV	715	0.5481906282153116
XV	715	0.5386363490581338
XVI	715	0.5049595703252727
I	720	0.5012596756118114
II	720	0.6082670096804659
III	720	0.3256936898569876
IV	720	0.5526253432754565
V	720	0.6368392730050167
VI	720	0.5575157035989651
VII	720	0.48739160723779495
VIII	720	0.42706654130594357
IX	720	0.5935033463063325
X	720	0.5916974968856897
XI	720	0.6745593986946924
XII	720	0.5554347755516952
XIII	720	0.6172056108027533
XIV	720	0.5518510632601203
XV	720	0.5399531380722465
XVI	720	0.5064721232488033
I	725	0.5012596756118114
II	725	0.6100476644892177
III	725	0.3256936898569876
IV	725	0.5535692487856845
V	725	0.6406044404325864
VI	725	0.5601955870758548
VII	725	0.48938071754633616
VIII	725	0.42835510261391324
IX	725	0.595149219801404
X	725	0.5926683303140056
XI	725	0.6745593986946924
XII	725	0.5567759282566777
XIII	725	0.6195519189642061
XIV	725	0.5518510632601203
XV	725	0.5406147397898452
XVI	725	0.507995223961201
I	730	0.5012596756118114
II	730	0.6109416810955454
III	730	0.33253273126387617
IV	730	0.5573696760889674
V	730	0.6406044404325864
VI	730	0.5601955870758548
VII	730	0.48938071754633616
VIII	730	0.4322385597972427
IX	730	0.595149219801404
X	730	0.5955888761798509
XI	730	0.6756481548133219
XII	730	0.5574511420666551
XIII	730	0.6203394304171972
XIV	730	0.5518510632601203
XV	730	0.5406147397898452
XVI	730	0.507995223961201
I	735	0.5012596756118114
II	735	0.6118418463717928
III	735	0.33482806887891703
IV	735	0.5597614255975947
V	735	0.6406044404325864
VI	735	0.5629087840213799
VII	735	0.49206647478321447
VIII	735	0.4348423423023125
IX	735	0.5968132797439348
X	735	0.598537581578838
XI	735	0.6756481548133219
XII	735	0.5601696196450119
XIII	735	0.6227203544666936
XIV	735	0.5537252672015586
XV	735	0.5439667329795628
XVI	735	0.5087673221062669
I	740	0.5012596756118114
II	740	0.6127469305839761
III	740	0.33482806887891703
IV	740	0.5607236086695697
V	740	0.6418872706441926
VI	740	0.5629087840213799
VII	740	0.49409500064164846
VIII	740	0.43615578617347056
IX	740	0.5968132797439348
X	740	0.5995245061689491
XI	740	0.68118941357136
XII	740	0.5615376696034139
XIII	740	0.623520846877701
XIV	740	0.5565467728630569
XV	740	0.5480252288344722
XVI	740	0.5087673221062669
I	745	0.5044957388214649
II	745	0.6145730855501338
III	745	0.33482806887891703
IV	745	0.5626649468351422
V	745	0.6431770444564029
VI	745	0.5656589959320554
VII	745	0.4968183401470292
VIII	745	0.43615578617347056
IX	745	0.5968132797439348
X	745	0.5995245061689491
XI	745	0.68118941357136
XII	745	0.5629140669852909
XIII	745	0.6275362898907544
XIV	745	0.5584413763031774
XV	745	0.5480252288344722
XVI	745	0.5087673221062669
I	750	0.5044957388214649
II	750	0.6173362978120573
III	750	0.337170377932192
IV	750	0.5641310683952888
V	750	0.6444720259690663
VI	750	0.5656589959320554
VII	750	0.499562762388399
VIII	750	0.43881466578274325
IX	750	0.5985114392754519
X	750	0.6015278558124628
XI	750	0.6834329110279297
XII	750	0.5656872665619838
XIII	750	0.6299648107863107
XIV	750	0.5593963278352434
XV	750	0.5487106555446714
XVI	750	0.5103431617629997
I	755	0.5077665517031683
II	755	0.6173362978120573
III	755	0.3442442765302512
IV	755	0.5660985173633573
V	755	0.6470880274966584
VI	755	0.5684499243043962
VII	755	0.5009441399160357
VIII	755	0.44149131865143615
IX	755	0.6036468373767868
X	755	0.6015278558124628
XI	755	0.6856959041174777
XII	755	0.5684790159686212
XIII	755	0.6340462403359471
XIV	755	0.5593963278352434
XV	755	0.5535498780801821
XVI	755	0.511934823103033
I	760	0.5077665517031683
II	760	0.6210673107193452
III	760	0.3442442765302512
IV	760	0.5690692739173319
V	760	0.6470880274966584
VI	760	0.5684499243043962
VII	760	0.5037215612224321
VIII	760	0.4455400671473741
IX	760	0.6070954424762667
X	760	0.602545621796015
XI	760	0.6856959041174777
XII	760	0.57058256668432
XIII	760	0.6373250139815735
XIV	760	0.5632594828982078
XV	760	0.5542444682490738
XVI	760	0.5135370322319333
I	765	0.5110764579659279
II	765	0.6238809420746104
III	765	0.3466366884509759
IV	765	0.5710595698375843
V	765	0.6510667106428039
VI	765	0.5684499243043962
VII	765	0.5058206684143949
VIII	765	0.44825582118679164
IX	765	0.6088277015967701
X	765	0.6056163518386164
XI	765	0.6868416474709665
XII	765	0.5727093046874493
XIII	765	0.6389725139031469
XIV	765	0.5642348339289562
XV	765	0.5563410675979185
XVI	765	0.5175599589058145
I	770	0.5110764579659279
II	770	0.6257710432079333
III	770	0.3466366884509759
IV	770	0.5725622465212251
V	770	0.6524033537590918
VI	770	0.5684499243043962
VII	770	0.5086347553485985
VIII	770	0.4496208075102685
IX	770	0.6088277015967701
X	770	0.6056163518386164
XI	770	0.6891466311546214
XII	770	0.5734197631743211
XIII	770	0.6439561200349188
XIV	770	0.5671736367078779
XV	770	0.5577494911989561
XVI	770	0.5183710838696884
I	775	0.51442980131875
II	775	0.6286240260506847
III	775	0.34906354609307233
IV	775	0.5740766730659892
V	775	0.6524033537590918
VI	775	0.5684499243043962
VII	775	0.510757695198636
VIII	775	0.4496208075102685
IX	775	0.6088277015967701
X	775	0.6066515499141134
XI	775	0.6891466311546214
XII	775	0.5734197631743211
XIII	775	0.6439561200349188
XIV	775	0.5681566375506322
XV	775	0.559876329961486
XVI	775	0.5191885375068824
I	780	0.51442980131875
II	780	0.6314929954352274
III	780	0.34906354609307233
IV	780	0.5756008911616892
V	780	0.6524033537590918
VI	780	0.5742131543783151
VII	780	0.5121839881203366
VIII	780	0.4523863266760628
IX	780	0.6105963336121922
X	780	0.6066515499141134
XI	780	0.6891466311546214
XII	780	0.5748610849610036
XIII	780	0.6456403993375385
XIV	780	0.5701379388601525
XV	780	0.5620141648744469
XVI	780	0.5232947917128132
I	785	0.51442980131875
II	785	0.6343779513615615
III	785	0.35151858659810925
IV	785	0.5761133156606718
V	785	0.6524033537590918
VI	785	0.5742131543783151
VII	785	0.5143325939098392
VIII	785	0.45516606444939334
IX	785	0.6123763321572764
X	785	0.6077041800815554
XI	785	0.6914936054323831
XII	785	0.5763135366456528
XIII	785	0.6473322508656676
XIV	785	0.5701379388601525
XV	785	0.5641648286295773
XVI	785	0.5265983591859639
I	790	0.51442980131875
II	790	0.6372850424996065
III	790	0.35151858659810925
IV	790	0.5776564640881814
V	790	0.6565052858159599
VI	790	0.5742131543783151
VII	790	0.5150558234183364
VIII	790	0.4565648199657687
IX	790	0.6123763321572764
X	790	0.6087635148997453
XI	790	0.6950358119781169
XII	790	0.5777771182282686
XIII	790	0.6498873361018832
XIV	790	0.572147289480361
XV	790	0.5663292375727464
XVI	790	0.5282617454902929
I	795	0.51442980131875
II	795	0.6382589918148907
III	795	0.35151858659810925
IV	795	0.5792133206870014
V	795	0.6565052858159599
VI	795	0.5742131543783151
VII	795	0.5172337617100848
VIII	795	0.4579777940896803
IX	795	0.6123763321572764
X	795	0.6119549286558114
XI	795	0.6962235459257127
XII	795	0.578510764002571
XIII	795	0.651601904306541
XIV	795	0.5741642899125754
XV	795	0.5677834784672466
XVI	795	0.5307721192406436
I	800	0.517904768523747
II	800	0.6412054344404219
III	800	0.3565194790554357
IV	800	0.5812950044159895
V	800	0.6578905341364765
VI	800	0.5742131543783151
VII	800	0.5186967202595927
VIII	800	0.46081262896721364
IX	800	0.614185883679482
X	800	0.6119549286558114
XI	800	0.6986200091179576
XII	800	0.5792490472343594
XIII	800	0.6541872784447947
XIV	800	0.5741642899125754
XV	800	0.56924596647457
XVI	800	0.5332951503376347
I	805	0.517904768523747
II	805	0.6441654041397765
III	805	0.3565194790554357
IV	805	0.5839139179063314
V	805	0.6578905341364765
VI	805	0.5771891575764081
VII	805	0.5201706784974426
VIII	805	0.4636723464079354
IX	805	0.6178322663950824
X	805	0.6119549286558114
XI	805	0.6998242393703811
XII	805	0.5814861567256582
XIII	805	0.6567921240200729
XIV	805	0.5751868147840267
XV	805	0.5714497782901169
XVI	805	0.5349922895663383
I	810	0.521414485400794
II	810	0.6451565697308358
III	810	0.3590528052908628
IV	810	0.5860256290581899
V	810	0.6592896696582012
VI	810	0.5801873697535914
VII	810	0.5216519698608539
VIII	810	0.4665409504783673
IX	810	0.6215082020878042
X	810	0.6141205308474277
XI	810	0.7022431975237546
XII	810	0.5844819542616843
XIII	810	0.6602883287124729
XIV	810	0.5751868147840267
XV	810	0.5721883530607327
XVI	810	0.536698921805022
I	815	0.521414485400794
II	815	0.6491593538485755
III	815	0.3590528052908628
IV	815	0.5876177352403793
V	815	0.6607009564809833
VI	815	0.5831892834272897
VII	815	0.5223953654646452
VIII	815	0.4665409504783673
IX	815	0.6215082020878042
X	815	0.6163022242008391
XI	815	0.7046801516460313
XII	815	0.5875000115936437
XIII	815	0.662928871922296
XIV	815	0.5772624637749527
XV	815	0.5736774150982643
XVI	815	0.537555402261024
I	820	0.521414485400794
II	820	0.6501628167794743
III	820	0.3616205772476616
IV	820	0.5897522933444217
V	820	0.6621191869043692
VI	820	0.5831892834272897
VII	820	0.5238968229233505
VIII	820	0.4665409504783673
IX	820	0.6215082020878042
X	820	0.6217866285127341
XI	820	0.7059053771955082
XII	820	0.5875000115936437
XIII	820	0.6646953639590191
XIV	820	0.5803963367600241
XV	820	0.5759261278614045
XVI	820	0.5392841848563286
I	825	0.5321434466462223
II	825	0.6521857291830632
III	825	0.3616205772476616
IV	825	0.5913646353985454
V	825	0.6635495686288124
VI	825	0.5831892834272897
VII	825	0.5254056135076173
VIII	825	0.46800368972865564
IX	825	0.6215082020878042
X	825	0.6239991632595866
XI	825	0.7071366014012861
XII	825	0.5913184940877054
XIII	825	0.668251064708994
XIV	825	0.5814443610048283
XV	825	0.5766811968576667
XVI	825	0.540153322658971
I	830	0.5321434466462223
II	830	0.6532039489217693
III	830	0.3616205772476616
IV	830	0.592984810693418
V	830	0.6678632805041054
VI	830	0.5862541225417436
VII	830	0.5261645920032266
VIII	830	0.4694717609567701
IX	830	0.6215082020878042
X	830	0.626222425447636
XI	830	0.7071366014012861
XII	830	0.5936205279838097
XIII	830	0.6700446004082511
XIV	830	0.5824974851243031
XV	830	0.5781986656171452
XVI	830	0.540153322658971
I	835	0.5321434466462223
II	835	0.6532039489217693
III	835	0.3616205772476616
IV	835	0.5946134719991018
V	835	0.6707500824552571
VI	835	0.5862541225417436
VII	835	0.5261645920032266
VIII	835	0.4694717609567701
IX	835	0.6233973193176445
X	835	0.6295693871010565
XI	835	0.710885761589404
XII	835	0.5936205279838097
XIII	835	0.6718478718260206
XIV	835	0.5824974851243031
XV	835	0.5789628980720999
XVI	835	0.5410330082504805
I	840	0.5321434466462223
II	840	0.6552674425468282
III	840	0.3616205772476616
IV	840	0.5951617988515163
V	840	0.6751106636346277
VI	840	0.589352275124833
VII	840	0.5292362549727758
VIII	840	0.47245233656154967
IX	840	0.6233973193176445
X	840	0.6340588212419427
XI	840	0.710885761589404
XII	840	0.5951731487501588
XIII	840	0.6754673956195757
XIV	840	0.5824974851243031
XV	840	0.5820354057716961
XVI	840	0.5419169129575367
I	845	0.5321434466462223
II	845	0.6563041082952935
III	845	0.3616205772476616
IV	845	0.5962630219467823
V	845	0.6751106636346277
VI	845	0.589352275124833
VII	845	0.5323253341155334
VIII	845	0.47395417698256265
IX	845	0.6233973193176445
X	845	0.6340588212419427
XI	845	0.710885761589404
XII	845	0.5983062150277737
XIII	845	0.6772944654603751
XIV	845	0.5824974851243031
XV	845	0.5835821975989905
XVI	845	0.5436910510449694
I	850	0.5321434466462223
II	850	0.6573493821816465
III	850	0.36693461262654886
IV	850	0.5968172237297584
V	850	0.6751106636346277
VI	850	0.589352275124833
VII	850	0.5331017287843511
VIII	850	0.47546312670734375
IX	850	0.6233973193176445
X	850	0.6374674656822451
XI	850	0.7134291918610232
XII	850	0.5983062150277737
XIII	850	0.6800442650668357
XIV	850	0.5857397304461243
XV	850	0.5835821975989905
XVI	850	0.5436910510449694
I	855	0.5321434466462223
II	855	0.6583983452699512
III	855	0.36693461262654886
IV	855	0.5984876623194356
V	855	0.6795580398215495
VI	855	0.589352275124833
VII	855	0.5346627678882432
VIII	855	0.47697918573589293
IX	855	0.6253341759720656
X	855	0.6374674656822451
XI	855	0.7172713312218063
XII	855	0.5990955102919094
XIII	855	0.6828146178568222
XIV	855	0.5868272787196255
XV	855	0.5851482326895393
XVI	855	0.5463912849949265
I	860	0.5321434466462223
II	860	0.6583983452699512
III	860	0.36693461262654886
IV	860	0.5996058574363239
V	860	0.6810509139514295
VI	860	0.589352275124833
VII	860	0.5346627678882432
VIII	860	0.4800308543783536
IX	860	0.6272801258502164
X	860	0.6409136561667366
XI	860	0.7185550436702178
XII	860	0.5990955102919094
XIII	860	0.6846665678671529
XIV	860	0.5868272787196255
XV	860	0.5875059906111202
XVI	860	0.5482002307856204
I	865	0.5321434466462223
II	865	0.6605257850621753
III	865	0.36693461262654886
IV	865	0.6007338441041482
V	865	0.6825507316819136
VI	865	0.5925466666173134
VII	865	0.5354529121674886
VIII	865	0.4800308543783536
IX	865	0.6311993052777071
X	865	0.6420681970255487
XI	865	0.7198507534312314
XII	865	0.6014967857782164
XIII	865	0.6865325805820013
XIV	865	0.5901256226628231
XV	865	0.5898747446831322
XVI	865	0.5509289437655185
I	870	0.5321434466462223
II	870	0.6615919644262553
III	870	0.36693461262654886
IV	870	0.6007338441041482
V	870	0.6825507316819136
VI	870	0.5925466666173134
VII	870	0.5362476396502099
VIII	870	0.4800308543783536
IX	870	0.6331702615211144
X	870	0.6432321243954081
XI	870	0.7198507534312314
XII	870	0.6023037033807993
XIII	870	0.6884137377478687
XIV	870	0.5912310204976713
XV	870	0.5914646047662814
XVI	870	0.5536776975442638
I	875	0.5321434466462223
II	875	0.6615919644262553
III	875	0.36693461262654886
IV	875	0.6035825326564543
V	875	0.6840644366136059
VI	875	0.5925466666173134
VII	875	0.5378480943039947
VIII	875	0.48158245992574333
IX	875	0.6331702615211144
X	875	0.6467453613873799
XI	875	0.7250905797101449
XII	875	0.6039249585179428
XIII	875	0.6912468318349342
XIV	875	0.5934571157913794
XV	875	0.5922645747101369
XVI	875	0.5545995742912413
I	880	0.5321434466462223
II	880	0.663751377302062
III	880	0.36693461262654886
IV	880	0.6047307551962129
V	880	0.6855868210460534
VI	880	0.5957891775644893
VII	880	0.5378480943039947
VIII	880	0.48158245992574333
IX	880	0.6351616775179136
X	880	0.6467453613873799
XI	880	0.7290451938765716
XII	880	0.6071850911306771
XIII	880	0.6931485421843274
XIV	880	0.5968141082932887
XV	880	0.5954818650570746
XVI	880	0.5545995742912413
I	885	0.5321434466462223
II	885	0.6680935679993704
III	885	0.36693461262654886
IV	885	0.6058835471264082
V	885	0.6855868210460534
VI	885	0.5957891775644893
VII	885	0.5378480943039947
VIII	885	0.4862994829758835
IX	885	0.6371690066562398
X	885	0.6479320845697827
XI	885	0.7303678975909397
XII	885	0.6080022111397294
XIII	885	0.6960130069199324
XIV	885	0.5968141082932887
XV	885	0.5954818650570746
XVI	885	0.5583250533190727
I	890	0.5321434466462223
II	890	0.6680935679993704
III	890	0.36971219034079345
IV	890	0.6082028391581094
V	890	0.6871265644800111
VI	890	0.5957891775644893
VII	890	0.5386620712413148
VIII	890	0.4862994829758835
IX	890	0.639187702324228
X	890	0.649120148682335
XI	890	0.7316980996256839
XII	890	0.6104767584543168
XIII	890	0.6960130069199324
XIV	890	0.5979450055014898
XV	890	0.5962964965348381
XVI	890	0.5601983406218555
I	895	0.5321434466462223
II	895	0.6702861836927436
III	895	0.36971219034079345
IV	895	0.6099516101552744
V	895	0.6871265644800111
VI	895	0.599090912455906
VII	895	0.5394824646635012
VIII	895	0.4878830803902297
IX	895	0.6432432801076637
X	895	0.651512368069235
XI	895	0.7330387993089548
XII	895	0.612962435666871
XIII	895	0.6989142510365836
XIV	895	0.5979450055014898
XV	895	0.5979340066031883
XVI	895	0.5620811209346185
I	900	0.5321434466462223
II	900	0.6702861836927436
III	900	0.36971219034079345
IV	900	0.6105371449012457
V	900	0.688681931015328
VI	900	0.6024185578229279
VII	900	0.5394824646635012
VIII	900	0.4894791190861701
IX	900	0.6432432801076637
X	900	0.6539206786179301
XI	900	0.7343839979844515
XII	900	0.6146254279213895
XIII	900	0.7018306396042538
XIV	900	0.5979450055014898
XV	900	0.5979340066031883
XVI	900	0.5630262028171035
I	905	0.5321434466462223
II	905	0.6736187627892334
III	905	0.36971219034079345
IV	905	0.6123054990002826
V	905	0.6902459770514
VI	905	0.6057647106725249
VII	905	0.5436220140429354
VIII	905	0.4894791190861701
IX	905	0.6432432801076637
X	905	0.6551342204033249
XI	905	0.7370923913043478
XII	905	0.615463880234878
XIII	905	0.7028085384414845
XIV	905	0.5990988521457086
XV	905	0.6012465969205281
XVI	905	0.5639776133729086
I	910	0.5360831907148876
II	910	0.674737820714623
III	910	0.36971219034079345
IV	910	0.6146763598669133
V	910	0.6902459770514
VI	910	0.6057647106725249
VII	910	0.5444561570755495
VIII	910	0.4910893763896467
IX	910	0.6453097152002328
X	910	0.6575733723454612
XI	910	0.7384570856128228
XII	910	0.6171509872683242
XIII	910	0.703791846011222
XIV	910	0.6002565236959302
XV	910	0.6020795553156766
XVI	910	0.5649374621598074
I	915	0.5360831907148876
II	915	0.674737820714623
III	915	0.3725649223562126
IV	915	0.6164662553780094
V	915	0.6902459770514
VI	915	0.6057647106725249
VII	915	0.5461308596256439
VIII	915	0.4910893763896467
IX	915	0.6453097152002328
X	915	0.6612434981649371
XI	915	0.7398262789135234
XII	915	0.6179996419882821
XIII	915	0.7057681968692093
XIV	915	0.6037486628766098
XV	915	0.6029152627484328
XVI	915	0.5668613788491519
I	920	0.5360831907148876
II	920	0.6769968420431293
III	920	0.3725649223562126
IV	920	0.6182633313597918
V	920	0.6902459770514
VI	920	0.6091663859698476
VII	920	0.5469714191431243
VIII	920	0.4910893763896467
IX	920	0.6453097152002328
X	920	0.663704104989467
XI	920	0.7398262789135234
XII	920	0.6188520066742288
XIII	920	0.7097392882757069
XIV	920	0.6049216340508432
XV	920	0.6037583009481431
XVI	920	0.5678317754249177
I	925	0.5360831907148876
II	925	0.6781318865103101
III	925	0.37545210009300345
IV	925	0.6182633313597918
V	925	0.6902459770514
VI	925	0.6091663859698476
VII	925	0.5495114305094689
VIII	925	0.4927316255600798
IX	925	0.6453097152002328
X	925	0.6661767801853433
XI	925	0.7412104688549764
XII	925	0.6197090088176617
XIII	925	0.7117318653312146
XIV	925	0.6072752262113159
XV	925	0.6054507917686484
XVI	925	0.5697746781342227
I	930	0.5360831907148876
II	930	0.6804167322524791
III	930	0.38127655843403485
IV	930	0.6194768309057903
V	930	0.6918568923915497
VI	930	0.6091663859698476
VII	930	0.5503639063559865
VIII	930	0.4927316255600798
IX	930	0.6453097152002328
X	930	0.6661767801853433
XI	930	0.7425991577886554
XII	930	0.6205687934355861
XIII	930	0.7117318653312146
XIV	930	0.6072752262113159
XV	930	0.6071506133561075
XVI	930	0.5717365668634884
I	935	0.5360831907148876
II	935	0.6838624468754919
III	935	0.38420131332141305
IV	935	0.6206935943021007
V	935	0.696719148714566
VI	935	0.6091663859698476
VII	935	0.5529314169431866
VIII	935	0.4943898706639912
IX	935	0.6453097152002328
X	935	0.6699246799534966
XI	935	0.7439953450427105
XII	935	0.621434143002494
XIII	935	0.7137525677957576
XIV	935	0.6084622220408934
XV	935	0.6080055640521181
XVI	935	0.572721730343668
I	940	0.5360831907148876
II	940	0.6838624468754919
III	940	0.38420131332141305
IV	940	0.6219162326289727
V	940	0.696719148714566
VI	940	0.6091663859698476
VII	940	0.5537921425559609
VIII	940	0.4943898706639912
IX	940	0.6495698905175863
X	940	0.671183813363978
XI	940	0.7439953450427105
XII	940	0.6240413216011842
XIII	940	0.7147672460140346
XIV	940	0.6096555927138091
XV	940	0.6088669291692134
XVI	940	0.572721730343668
I	945	0.5360831907148876
II	945	0.688498543994963
III	945	0.38420131332141305
IV	945	0.6237616135953726
V	945	0.7049021820264898
VI	945	0.6091663859698476
VII	945	0.5563834858012356
VIII	945	0.4943898706639912
IX	945	0.6517113447059252
X	945	0.6724496514252076
XI	945	0.7454095282656685
XII	945	0.6240413216011842
XIII	945	0.7147672460140346
XIV	945	0.6120576336836522
XV	945	0.6123279675173716
XVI	945	0.572721730343668
I	950	0.5360831907148876
II	950	0.688498543994963
III	950	0.3871761710762409
IV	950	0.6243804396145263
V	950	0.7049021820264898
VI	950	0.6091663859698476
VII	950	0.5563834858012356
VIII	950	0.496076552982975
IX	950	0.6581766267777253
X	950	0.673719512276886
XI	950	0.7482528913523371
XII	950	0.6240413216011842
XIII	950	0.7157927416973252
XIV	950	0.6120576336836522
XV	950	0.6140644429396009
XVI	950	0.5737195511704881
I	955	0.5360831907148876
II	955	0.6896704804816622
III	955	0.3871761710762409
IV	955	0.6256252721235198
V	955	0.7082142795146423
VI	955	0.6091663859698476
VII	955	0.5563834858012356
VIII	955	0.496076552982975
IX	955	0.6581766267777253
X	955	0.673719512276886
XI	955	0.7496790718878971
XII	955	0.6258072654118944
XIII	955	0.7188800462122106
XIV	955	0.6120576336836522
XV	955	0.6149395532447349
XVI	955	0.5767341092286824
I	960	0.5360831907148876
II	960	0.6896704804816622
III	960	0.3871761710762409
IV	960	0.6281253814625052
V	960	0.7098807436596247
VI	960	0.6091663859698476
VII	960	0.5572607109465232
VIII	960	0.496076552982975
IX	960	0.6603590004728477
X	960	0.673719512276886
XI	960	0.7496790718878971
XII	960	0.6258072654118944
XIII	960	0.7199185228535174
XIV	960	0.6120576336836522
XV	960	0.6149395532447349
XVI	960	0.5767341092286824
I	965	0.5360831907148876
II	965	0.6908571737761687
III	965	0.3901980002693029
IV	965	0.6287546518026572
V	965	0.7098807436596247
VI	965	0.6091663859698476
VII	965	0.5590279942068308
VIII	965	0.49949790542137734
IX	965	0.6603590004728477
X	965	0.673719512276886
XI	965	0.7525704242249736
XII	965	0.6284858608558705
XIII	965	0.7199185228535174
XIV	965	0.6157397431958109
XV	965	0.6158210779709536
XVI	965	0.5797834749901378
I	970	0.5360831907148876
II	970	0.6932379387690855
III	970	0.39322922375001174
IV	970	0.6287546518026572
V	970	0.7098807436596247
VI	970	0.6127420316033773
VII	970	0.5616899187856345
VIII	970	0.5012201342592016
IX	970	0.6625595606154294
X	970	0.6750188735918558
XI	970	0.7540220990498129
XII	970	0.6284858608558705
XIII	970	0.7220149475731558
XIV	970	0.6182080825363717
XV	970	0.6175951235738222
XVI	970	0.5828454980982337
I	975	0.5403139632869715
II	975	0.6944320104674957
III	975	0.396272972947583
IV	975	0.6312958856555737
V	975	0.7132570694533651
VI	975	0.6127420316033773
VII	975	0.5616899187856345
VIII	975	0.5064045940320949
IX	975	0.6647737605936056
X	975	0.6750188735918558
XI	975	0.7554827718591035
XII	975	0.6320965852545547
XIII	975	0.7251693203711256
XIV	975	0.6194499020186579
XV	975	0.6175951235738222
XVI	975	0.5838696883972213
I	980	0.5403139632869715
II	980	0.6980388202424052
III	980	0.396272972947583
IV	980	0.6312958856555737
V	980	0.7132570694533651
VI	980	0.6127420316033773
VII	980	0.5625845601041304
VIII	980	0.5081428188033975
IX	980	0.6647737605936056
X	980	0.6763289623480223
XI	980	0.7569494433246953
XII	980	0.6330036719388376
XIII	980	0.7251693203711256
XIV	980	0.6194499020186579
XV	980	0.6202809333165947
XVI	980	0.5849002073695291
I	985	0.5403139632869715
II	985	0.6980388202424052
III	985	0.3993449050080947
IV	985	0.6332235156498358
V	985	0.7132570694533651
VI	985	0.6163731996846324
VII	985	0.5625845601041304
VIII	985	0.5081428188033975
IX	985	0.6647737605936056
X	985	0.6763289623480223
XI	985	0.7584236131106632
XII	985	0.6330036719388376
XIII	985	0.7251693203711256
XIV	985	0.6207057461562883
XV	985	0.6211807849601985
XVI	985	0.5859391645729306
I	990	0.5403139632869715
II	990	0.6992550271525264
III	990	0.40244188850233137
IV	990	0.6364488525281458
V	990	0.7132570694533651
VI	990	0.6200376812345231
VII	990	0.5625845601041304
VIII	990	0.5116565921907853
IX	990	0.667015240242971
X	990	0.6763289623480223
XI	990	0.7584236131106632
XII	990	0.6339200335380926
XIII	990	0.7273068514578157
XIV	990	0.6244873032245233
XV	990	0.622991484397837
XVI	990	0.5859391645729306
I	995	0.5446185789121615
II	995	0.6992550271525264
III	995	0.40244188850233137
IV	995	0.6377459066421313
V	995	0.7132570694533651
VI	995	0.6200376812345231
VII	995	0.5625845601041304
VIII	995	0.5116565921907853
IX	995	0.667015240242971
X	995	0.6763289623480223
XI	995	0.7584236131106632
XII	995	0.6339200335380926
XIII	995	0.7294530365165166
XIV	995	0.6244873032245233
XV	995	0.6248140963317759
XVI	995	0.5880350102208074
I	1000	0.5446185789121615
II	1000	0.6992550271525264
III	1000	0.4086922212166855
IV	1000	0.6390494884567406
V	1000	0.7132570694533651
VI	1000	0.6200376812345231
VII	1000	0.5625845601041304
VIII	1000	0.5152041347710715
IX	1000	0.6692839995635252
X	1000	0.6763289623480223
XI	1000	0.7599202778577598
XII	1000	0.6339200335380926
XIII	1000	0.7305326195248752
XIV	1000	0.6244873032245233
XV	1000	0.6257304422010261
XVI	1000	0.589087679549736
I	1005	0.5446185789121615
II	1005	0.7004872206044388
III	1005	0.4181178231556665
IV	1005	0.6403589452019116
V	1005	0.7132570694533651
VI	1005	0.6200376812345231
VII	1005	0.5625845601041304
VIII	1005	0.5169850153649828
IX	1005	0.6692839995635252
X	1005	0.6763289623480223
XI	1005	0.7599202778577598
XII	1005	0.6348493800183087
XIII	1005	0.7305326195248752
XIV	1005	0.6257660967981712
XV	1005	0.6257304422010261
XVI	1005	0.589087679549736
I	1010	0.5446185789121615
II	1010	0.7004872206044388
III	1010	0.4181178231556665
IV	1010	0.6403589452019116
V	1010	0.7132570694533651
VI	1010	0.6274998982088459
VII	1010	0.5625845601041304
VIII	1010	0.5187765599145462
IX	1010	0.6692839995635252
X	1010	0.6763289623480223
XI	1010	0.7614349385737594
XII	1010	0.6348493800183087
XIII	1010	0.7338038209449921
XIV	1010	0.6283351586634759
XV	1010	0.6275796281651732
XVI	1010	0.590153006225305
I	1015	0.5446185789121615
II	1015	0.7017341708641587
III	1015	0.4181178231556665
IV	1015	0.6403589452019116
V	1015	0.71854114951308
VI	1015	0.6274998982088459
VII	1015	0.5635122004876528
VIII	1015	0.5187765599145462
IX	1015	0.6715845851671335
X	1015	0.6776873245895748
XI	1015	0.7629525986179095
XII	1015	0.6357870739219998
XIII	1015	0.7338038209449921
XIV	1015	0.6283351586634759
XV	1015	0.6275796281651732
XVI	1015	0.590153006225305
I	1020	0.5446185789121615
II	1020	0.7029884995277822
III	1020	0.4181178231556665
IV	1020	0.6403589452019116
V	1020	0.7220754422205635
VI	1020	0.6312606186681275
VII	1020	0.5635122004876528
VIII	1020	0.5205841003975878
IX	1020	0.673903357218201
X	1020	0.6776873245895748
XI	1020	0.7629525986179095
XII	1020	0.6386140680055316
XIII	1020	0.7360084203147665
XIV	1020	0.6296330767671384
XV	1020	0.6275796281651732
XVI	1020	0.5922994812597435
I	1025	0.5446185789121615
II	1025	0.7029884995277822
III	1025	0.4181178231556665
IV	1025	0.6410280345158699
V	1025	0.7220754422205635
VI	1025	0.6312606186681275
VII	1025	0.5663272040625515
VIII	1025	0.5224023048362816
IX	1025	0.6762289491870658
X	1025	0.679060437062773
XI	1025	0.7629525986179095
XII	1025	0.6405098606258527
XIII	1025	0.7360084203147665
XIV	1025	0.6296330767671384
XV	1025	0.6275796281651732
XVI	1025	0.5944565040830491
I	1030	0.5446185789121615
II	1030	0.7055180623327562
III	1030	0.4181178231556665
IV	1030	0.6416977765998905
V	1030	0.7256461888312185
VI	1030	0.6312606186681275
VII	1030	0.5682136506132326
VIII	1030	0.5224023048362816
IX	1030	0.6762289491870658
X	1030	0.6804389132565696
XI	1030	0.7644972526154141
XII	1030	0.6433730268777761
XIII	1030	0.7360084203147665
XIV	1030	0.6296330767671384
XV	1030	0.6285225480646317
XVI	1030	0.5966261842529951
I	1035	0.5491143177336264
II	1035	0.7067908370061389
III	1035	0.42135572096460544
IV	1035	0.6423714353042855
V	1035	0.7256461888312185
VI	1035	0.6312606186681275
VII	1035	0.5701083469301703
VIII	1035	0.5242365052084537
IX	1035	0.6762289491870658
X	1035	0.6818240941011142
XI	1035	0.7644972526154141
XII	1035	0.6433730268777761
XIII	1035	0.7360084203147665
XIV	1035	0.6296330767671384
XV	1035	0.629468217001698
XVI	1035	0.5966261842529951
I	1040	0.5491143177336264
II	1040	0.7067908370061389
III	1040	0.42459988163197565
IV	1040	0.6437278914939492
V	1040	0.7256461888312185
VI	1040	0.6312606186681275
VII	1040	0.5710607366124626
VIII	1040	0.5242365052084537
IX	1040	0.6785931873567818
X	1040	0.6818240941011142
XI	1040	0.7660524042614454
XII	1040	0.6433730268777761
XIII	1040	0.7360084203147665
XIV	1040	0.6309577692128215
XV	1040	0.6304212167057183
XVI	1040	0.5966261842529951
I	1045	0.5491143177336264
II	1045	0.7067908370061389
III	1045	0.43112891154651894
IV	1045	0.6444100362091554
V	1045	0.7256461888312185
VI	1045	0.6351286825263454
VII	1045	0.5729728491026087
VIII	1045	0.5242365052084537
IX	1045	0.6785931873567818
X	1045	0.6832213433170052
XI	1045	0.7660524042614454
XII	1045	0.6433730268777761
XIII	1045	0.7371366819156865
XIV	1045	0.6309577692128215
XV	1045	0.6313751327556079
XVI	1045	0.5988264530106554
I	1050	0.5491143177336264
II	1050	0.7080808279552967
III	1050	0.43440751793526083
IV	1050	0.6450928336944239
V	1050	0.7256461888312185
VI	1050	0.6351286825263454
VII	1050	0.5729728491026087
VIII	1050	0.5242365052084537
IX	1050	0.6785931873567818
X	1050	0.6846239562534948
XI	1050	0.7691957001631634
XII	1050	0.6443459654583616
XIII	1050	0.7382714339956146
XIV	1050	0.6336301035402055
XV	1050	0.6313751327556079
XVI	1050	0.5999308065050324
I	1055	0.5491143177336264
II	1055	0.7080808279552967
III	1055	0.43440751793526083
IV	1055	0.6457788950300046
V	1055	0.7256461888312185
VI	1055	0.6351286825263454
VII	1055	0.5749042110473537
VIII	1055	0.5242365052084537
IX	1055	0.6809847051976867
X	1055	0.6874506370088675
XI	1055	0.7691957001631634
XII	1055	0.6443459654583616
XIII	1055	0.7382714339956146
XIV	1055	0.6363190124602688
XV	1055	0.6313751327556079
XVI	1055	0.60215111606154
I	1060	0.5491143177336264
II	1060	0.7080808279552967
III	1060	0.43440751793526083
IV	1060	0.6464682202158971
V	1060	0.7256461888312185
VI	1060	0.6351286825263454
VII	1060	0.5758740169028544
VIII	1060	0.5242365052084537
IX	1060	0.683394409486051
X	1060	0.6874506370088675
XI	1060	0.7707838444188502
XII	1060	0.6472898234705433
XIII	1060	0.7382714339956146
XIV	1060	0.6363190124602688
XV	1060	0.634282698198739
XVI	1060	0.60215111606154
I	1065	0.5537316804072662
II	1065	0.7093904946481977
III	1065	0.43440751793526083
IV	1065	0.6464682202158971
V	1065	0.7293332407519919
VI	1065	0.6351286825263454
VII	1065	0.5768474893211359
VIII	1065	0.5242365052084537
IX	1065	0.683394409486051
X	1065	0.6888787276181997
XI	1065	0.7707838444188502
XII	1065	0.6472898234705433
XIII	1065	0.7394224122730632
XIV	1065	0.6363190124602688
XV	1065	0.634282698198739
XVI	1065	0.60215111606154
I	1070	0.5537316804072662
II	1070	0.7120159767039194
III	1070	0.43440751793526083
IV	1070	0.6471640731024138
V	1070	0.7293332407519919
VI	1070	0.6351286825263454
VII	1070	0.5778255449428933
VIII	1070	0.5242365052084537
IX	1070	0.683394409486051
X	1070	0.6888787276181997
XI	1070	0.7739856272195028
XII	1070	0.6482803843895761
XIII	1070	0.7417308593069682
XIV	1070	0.6363190124602688
XV	1070	0.634282698198739
XVI	1070	0.6032797294703112
I	1075	0.5537316804072662
II	1075	0.7120159767039194
III	1075	0.43440751793526083
IV	1075	0.6478658009194919
V	1075	0.73306195427639
VI	1075	0.6391003882869845
VII	1075	0.5788072671274314
VIII	1075	0.5242365052084537
IX	1075	0.683394409486051
X	1075	0.6888787276181997
XI	1075	0.7739856272195028
XII	1075	0.6502726361256084
XIII	1075	0.7417308593069682
XIV	1075	0.6363190124602688
XV	1075	0.635264104624706
XVI	1075	0.6032797294703112
I	1080	0.5584141987159996
II	1080	0.7120159767039194
III	1080	0.43440751793526083
IV	1080	0.6492731731740227
V	1080	0.73306195427639
VI	1080	0.6391003882869845
VII	1080	0.5788072671274314
VIII	1080	0.5242365052084537
IX	1080	0.683394409486051
X	1080	0.6917737958112024
XI	1080	0.7739856272195028
XII	1080	0.6512706169766189
XIII	1080	0.7417308593069682
XIV	1080	0.6376908787466548
XV	1080	0.6362519254717578
XVI	1080	0.6032797294703112
I	1085	0.5584141987159996
II	1085	0.7133465488745474
III	1085	0.4378019872049802
IV	1085	0.6499814286917248
V	1085	0.7368184422032045
VI	1085	0.6391003882869845
VII	1085	0.5797990723596165
VIII	1085	0.5242365052084537
IX	1085	0.683394409486051
X	1085	0.694679591445402
XI	1085	0.7772323999424129
XII	1085	0.6522741627766128
XIII	1085	0.7429013090214412
XIV	1085	0.6390716698137143
XV	1085	0.6362519254717578
XVI	1085	0.6032797294703112
I	1090	0.563131466696783
II	1090	0.7173628600661105
III	1090	0.4378019872049802
IV	1090	0.6499814286917248
V	1090	0.7368184422032045
VI	1090	0.6391003882869845
VII	1090	0.5807954607952774
VIII	1090	0.5300448063869985
IX	1090	0.6858723129523879
X	1090	0.6961385234481751
XI	1090	0.7772323999424129
XII	1090	0.6542942392575616
XIII	1090	0.7429013090214412
XIV	1090	0.6404601106927797
XV	1090	0.6362519254717578
XVI	1090	0.6032797294703112
I	1095	0.563131466696783
II	1095	0.7213963875334488
III	1095	0.44465042289951556
IV	1095	0.6521199034161416
V	1095	0.7387140451681219
VI	1095	0.6391003882869845
VII	1095	0.5807954607952774
VIII	1095	0.5300448063869985
IX	1095	0.6858723129523879
X	1095	0.6976028191715465
XI	1095	0.778871532776658
XII	1095	0.6553098424470194
XIII	1095	0.7429013090214412
XIV	1095	0.6418536514465157
XV	1095	0.6372544078527176
XVI	1095	0.6055854761166417
I	1100	0.563131466696783
II	1100	0.7227490949157879
III	1100	0.44465042289951556
IV	1100	0.6528359921745925
V	1100	0.7406217994340966
VI	1100	0.6391003882869845
VII	1100	0.5807954607952774
VIII	1100	0.5300448063869985
IX	1100	0.6858723129523879
X	1100	0.6976028191715465
XI	1100	0.7805181639312794
XII	1100	0.6573466137749182
XIII	1100	0.7440901484264375
XIV	1100	0.6418536514465157
XV	1100	0.6382587229254159
XVI	1100	0.6067436233342405
I	1105	0.5679138903126602
II	1105	0.7241030320321108
III	1105	0.44465042289951556
IV	1105	0.6535573030935427
V	1105	0.7406217994340966
VI	1105	0.6391003882869845
VII	1105	0.5807954607952774
VIII	1105	0.5300448063869985
IX	1105	0.6858723129523879
X	1105	0.6990818651265637
XI	1105	0.7805181639312794
XII	1105	0.6573466137749182
XIII	1105	0.7464721542224352
XIV	1105	0.6418536514465157
XV	1105	0.6402792655671127
XVI	1105	0.6079059896673861
I	1110	0.5679138903126602
II	1110	0.7254631178183535
III	1110	0.44465042289951556
IV	1110	0.6535573030935427
V	1110	0.7425486486017324
VI	1110	0.6391003882869845
VII	1110	0.5807954607952774
VIII	1110	0.5300448063869985
IX	1110	0.6858723129523879
X	1110	0.70353643508356
XI	1110	0.783841419522027
XII	1110	0.6604314504946776
XIII	1110	0.7476707293459436
XIV	1110	0.6432688666676016
XV	1110	0.6423089716675021
XVI	1110	0.6079059896673861
I	1115	0.5679138903126602
II	1115	0.7254631178183535
III	1115	0.44465042289951556
IV	1115	0.6542825306328671
V	1115	0.7444789695696703
VI	1115	0.6473251135434056
VII	1115	0.5818165985297084
VIII	1115	0.5320211928345328
IX	1115	0.6858723129523879
X	1115	0.7050288903400733
XI	1115	0.7871751727613014
XII	1115	0.6604314504946776
XIII	1115	0.7500808605509768
XIV	1115	0.64611204679645
XV	1115	0.6433288646199776
XVI	1115	0.6079059896673861
I	1120	0.5679138903126602
II	1120	0.7254631178183535
III	1120	0.44465042289951556
IV	1120	0.6542825306328671
V	1120	0.7444789695696703
VI	1120	0.6473251135434056
VII	1120	0.5818165985297084
VIII	1120	0.5320211928345328
IX	1120	0.6858723129523879
X	1120	0.7050288903400733
XI	1120	0.7905299212976293
XII	1120	0.661466531005577
XIII	1120	0.7512913348860002
XIV	1120	0.64611204679645
XV	1120	0.6433288646199776
XVI	1120	0.6090831229049455
I	1125	0.5679138903126602
II	1125	0.7254631178183535
III	1125	0.44465042289951556
IV	1125	0.6564797546628998
V	1125	0.7444789695696703
VI	1125	0.6473251135434056
VII	1125	0.5818165985297084
VIII	1125	0.5320211928345328
IX	1125	0.6858723129523879
X	1125	0.7050288903400733
XI	1125	0.7905299212976293
XII	1125	0.661466531005577
XIII	1125	0.7525039727140262
XIV	1125	0.6475463865475506
XV	1125	0.6443579210311456
XVI	1125	0.6102655300369384
I	1130	0.5679138903126602
II	1130	0.7268490280182591
III	1130	0.44465042289951556
IV	1130	0.6579504456134831
V	1130	0.7444789695696703
VI	1130	0.6473251135434056
VII	1130	0.5818165985297084
VIII	1130	0.5340277938230814
IX	1130	0.6858723129523879
X	1130	0.7050288903400733
XI	1130	0.7905299212976293
XII	1130	0.6635570968403147
XIII	1130	0.7549422293280948
XIV	1130	0.6475463865475506
XV	1130	0.64539155917166
XVI	1130	0.6114542658422515
I	1135	0.5679138903126602
II	1135	0.7296343754918936
III	1135	0.44465042289951556
IV	1135	0.6586913396343052
V	1135	0.7444789695696703
VI	1135	0.6473251135434056
VII	1135	0.5828533191559573
VIII	1135	0.5340277938230814
IX	1135	0.6858723129523879
X	1135	0.7065495051297283
XI	1135	0.7905299212976293
XII	1135	0.6667059304733823
XIII	1135	0.7549422293280948
XIV	1135	0.6489909260479924
XV	1135	0.646431611733259
XVI	1135	0.6114542658422515
I	1140	0.5679138903126602
II	1140	0.7324332500393514
III	1140	0.44465042289951556
IV	1140	0.6594341919653144
V	1140	0.7484316142135504
VI	1140	0.6515337150810072
VII	1140	0.585983647129998
VIII	1140	0.5360503907451084
IX	1140	0.6858723129523879
X	1140	0.7065495051297283
XI	1140	0.7922380386793358
XII	1140	0.6667059304733823
XIII	1140	0.7549422293280948
XIV	1140	0.65044311536044
XV	1140	0.646431611733259
XVI	1140	0.6114542658422515
I	1145	0.5679138903126602
II	1145	0.7338400657169841
III	1145	0.44465042289951556
IV	1145	0.6609244660177697
V	1145	0.7484316142135504
VI	1145	0.6515337150810072
VII	1145	0.5880818376812657
VIII	1145	0.5360503907451084
IX	1145	0.6858723129523879
X	1145	0.7080821882907298
XI	1145	0.7939506550532681
XII	1145	0.6677641982717123
XIII	1145	0.7549422293280948
XIV	1145	0.6519029544848935
XV	1145	0.6474799114076814
XVI	1145	0.6114542658422515
I	1150	0.5679138903126602
II	1150	0.7338400657169841
III	1150	0.44465042289951556
IV	1150	0.6624232260810362
V	1150	0.7504278993872272
VI	1150	0.6557756300872443
VII	1150	0.5891359744807231
VIII	1150	0.5360503907451084
IX	1150	0.6858723129523879
X	1150	0.70961889424218
XI	1150	0.7939506550532681
XII	1150	0.6677641982717123
XIII	1150	0.757421592309215
XIV	1150	0.6519029544848935
XV	1150	0.6485337091573192
XVI	1150	0.6114542658422515
I	1155	0.5679138903126602
II	1155	0.7380924858334645
III	1155	0.44465042289951556
IV	1155	0.6646811577268719
V	1155	0.7524328640616592
VI	1155	0.6557756300872443
VII	1155	0.5901910279208755
VIII	1155	0.5380996475562657
IX	1155	0.6884957079983995
X	1155	0.70961889424218
XI	1155	0.7956812673961032
XII	1155	0.6677641982717123
XIII	1155	0.7599139362483517
XIV	1155	0.6519029544848935
XV	1155	0.6485337091573192
XVI	1155	0.6126683163408455
I	1160	0.5679138903126602
II	1160	0.7409417794742641
III	1160	0.45552900799453877
IV	1160	0.6661949315015735
V	1160	0.7524328640616592
VI	1160	0.6557756300872443
VII	1160	0.5901910279208755
VIII	1160	0.5422106024601746
IX	1160	0.6884957079983995
X	1160	0.7111690094951264
XI	1160	0.7974178783952395
XII	1160	0.6677641982717123
XIII	1160	0.7599139362483517
XIV	1160	0.6519029544848935
XV	1160	0.6495939213280417
XVI	1160	0.6126683163408455
I	1165	0.5679138903126602
II	1165	0.7437984515189674
III	1165	0.45552900799453877
IV	1165	0.6669547558542052
V	1165	0.7524328640616592
VI	1165	0.6557756300872443
VII	1165	0.5901910279208755
VIII	1165	0.5463499945791559
IX	1165	0.6884957079983995
X	1165	0.7111690094951264
XI	1165	0.7974178783952395
XII	1165	0.66992154349425
XIII	1165	0.7599139362483517
XIV	1165	0.6519029544848935
XV	1165	0.6506577988822413
XVI	1165	0.6126683163408455
I	1170	0.5679138903126602
II	1170	0.7481037501967575
III	1170	0.4591927801768005
IV	1170	0.6684776684097803
V	1170	0.7524328640616592
VI	1170	0.6557756300872443
VII	1170	0.5901910279208755
VIII	1170	0.5463499945791559
IX	1170	0.6884957079983995
X	1170	0.7111690094951264
XI	1170	0.7991664867069777
XII	1170	0.66992154349425
XIII	1170	0.7611795796549445
XIV	1170	0.6519029544848935
XV	1170	0.6517280908575256
XVI	1170	0.6126683163408455
I	1175	0.5679138903126602
II	1175	0.7495474578939084
III	1175	0.4591927801768005
IV	1175	0.6700097197462291
V	1175	0.7524328640616592
VI	1175	0.6601174854993874
VII	1175	0.5901910279208755
VIII	1175	0.5484330205832117
IX	1175	0.6884957079983995
X	1175	0.7111690094951264
XI	1175	0.7991664867069777
XII	1175	0.6731853860729732
XIII	1175	0.7624463048080387
XIV	1175	0.6533959427947058
XV	1175	0.6517280908575256
XVI	1175	0.6151428276090484
I	1180	0.5679138903126602
II	1180	0.7495474578939084
III	1180	0.4591927801768005
IV	1180	0.6707773773396095
V	1180	0.7585640633950735
VI	1180	0.6644778483941057
VII	1180	0.591270830659798
VIII	1180	0.5484330205832117
IX	1180	0.6884957079983995
X	1180	0.7143295818577514
XI	1180	0.8026966959401094
XII	1180	0.6731853860729732
XIII	1180	0.7624463048080387
XIV	1180	0.6548991308538593
XV	1180	0.6538879180713485
XVI	1180	0.6151428276090484
I	1185	0.5679138903126602
II	1185	0.7524594679678892
III	1185	0.4666017417009297
IV	1185	0.6707773773396095
V	1185	0.7606141614734321
VI	1185	0.6644778483941057
VII	1185	0.5923570498835866
VIII	1185	0.5484330205832117
IX	1185	0.6911850289164515
X	1185	0.7143295818577514
XI	1185	0.8026966959401094
XII	1185	0.6764807633626019
XIII	1185	0.7637281744121519
XIV	1185	0.6548991308538593
XV	1185	0.6538879180713485
XVI	1185	0.6163906310320167
I	1190	0.5730698729030744
II	1190	0.7539179324728474
III	1190	0.4666017417009297
IV	1190	0.6707773773396095
V	1190	0.7606141614734321
VI	1190	0.6644778483941057
VII	1190	0.5923570498835866
VIII	1190	0.5526559470214684
IX	1190	0.6911850289164515
X	1190	0.7159252887357844
XI	1190	0.8026966959401094
XII	1190	0.6775826232613013
XIII	1190	0.7637281744121519
XIV	1190	0.6564150685996891
XV	1190	0.6549765369640178
XVI	1190	0.617642653570532
I	1195	0.5730698729030744
II	1195	0.7539179324728474
III	1195	0.4703344053259348
IV	1195	0.6731162524731825
V	1195	0.7606141614734321
VI	1195	0.6644778483941057
VII	1195	0.5923570498835866
VIII	1195	0.5526559470214684
IX	1195	0.6911850289164515
X	1195	0.7175250184042663
XI	1195	0.804484295517804
XII	1195	0.6786909756004812
XIII	1195	0.7637281744121519
XIV	1195	0.6609858312731964
XV	1195	0.6560679048942949
XVI	1195	0.617642653570532
I	1200	0.5730698729030744
II	1200	0.7539179324728474
III	1200	0.47409212038466475
IV	1200	0.6731162524731825
V	1200	0.7606141614734321
VI	1200	0.6644778483941057
VII	1200	0.5934551854364126
VIII	1200	0.5526559470214684
IX	1200	0.6911850289164515
X	1200	0.7191287708631969
XI	1200	0.804484295517804
XII	1200	0.6786909756004812
XIII	1200	0.7637281744121519
XIV	1200	0.6640406562008738
XV	1200	0.6560679048942949
XVI	1200	0.6201709585619567
I	1205	0.5730698729030744
II	1205	0.7553960727215489
III	1205	0.47409212038466475
IV	1205	0.6739008820881853
V	1205	0.7606141614734321
VI	1205	0.6644778483941057
VII	1205	0.5934551854364126
VIII	1205	0.5526559470214684
IX	1205	0.6911850289164515
X	1205	0.7191287708631969
XI	1205	0.8062868917362511
XII	1205	0.6786909756004812
XIII	1205	0.7663351834804328
XIV	1205	0.6640406562008738
XV	1205	0.6571711853208723
XVI	1205	0.6201709585619567
I	1210	0.5730698729030744
II	1210	0.7568840508421218
III	1210	0.47409212038466475
IV	1210	0.6739008820881853
V	1210	0.7606141614734321
VI	1210	0.6644778483941057
VII	1210	0.5934551854364126
VIII	1210	0.5526559470214684
IX	1210	0.6911850289164515
X	1210	0.7191287708631969
XI	1210	0.8062868917362511
XII	1210	0.6786909756004812
XIII	1210	0.7676397697610746
XIV	1210	0.6640406562008738
XV	1210	0.6582781311309266
XVI	1210	0.6214430218993192
I	1215	0.5730698729030744
II	1215	0.7568840508421218
III	1215	0.47409212038466475
IV	1215	0.6739008820881853
V	1215	0.7606141614734321
VI	1215	0.6644778483941057
VII	1215	0.5945661539589712
VIII	1215	0.5526559470214684
IX	1215	0.6967068890262976
X	1215	0.7191287708631969
XI	1215	0.8062868917362511
XII	1215	0.6798150952951139
XIII	1215	0.7676397697610746
XIV	1215	0.6640406562008738
XV	1215	0.6593887423244579
XVI	1215	0.6227224686888887
I	1220	0.5730698729030744
II	1220	0.7583806371005825
III	1220	0.47789993831084443
IV	1220	0.6746959560241864
V	1220	0.7606141614734321
VI	1220	0.6689862711494257
VII	1220	0.5956835389663959
VIII	1220	0.5591520733395777
IX	1220	0.6994780489579165
X	1220	0.7191287708631969
XI	1220	0.8062868917362511
XII	1220	0.6798150952951139
XIII	1220	0.7676397697610746
XIV	1220	0.6640406562008738
XV	1220	0.6593887423244579
XVI	1220	0.6252919100568948
I	1225	0.5730698729030744
II	1225	0.7583806371005825
III	1225	0.47789993831084443
IV	1225	0.6762900205165631
V	1225	0.7627389032582845
VI	1225	0.6735169028838359
VII	1225	0.5956835389663959
VIII	1225	0.5591520733395777
IX	1225	0.7050362819626814
X	1225	0.7191287708631969
XI	1225	0.8081239802284288
XII	1225	0.6798150952951139
XIII	1225	0.7676397697610746
XIV	1225	0.6671617794992688
XV	1225	0.6616282916289056
XVI	1225	0.6252919100568948
I	1230	0.5730698729030744
II	1230	0.7598882909648985
III	1230	0.47789993831084443
IV	1230	0.6778938765598757
V	1230	0.7627389032582845
VI	1230	0.6735169028838359
VII	1230	0.5968110070214677
VIII	1230	0.561331074944503
IX	1230	0.7050362819626814
X	1230	0.7191287708631969
XI	1230	0.8081239802284288
XII	1230	0.6809521998707077
XIII	1230	0.7689692362112478
XIV	1230	0.6671617794992688
XV	1230	0.6616282916289056
XVI	1230	0.6252919100568948
I	1235	0.5730698729030744
II	1235	0.7629245041712577
III	1235	0.47789993831084443
IV	1235	0.6795042603038123
V	1235	0.767017897130557
VI	1235	0.6735169028838359
VII	1235	0.5968110070214677
VIII	1235	0.561331074944503
IX	1235	0.7106468010038919
X	1235	0.7191287708631969
XI	1235	0.8081239802284288
XII	1235	0.6809521998707077
XIII	1235	0.770301947900925
XIV	1235	0.6671617794992688
XV	1235	0.6650178549992624
XVI	1235	0.6252919100568948
I	1240	0.5784430409438011
II	1240	0.7644469148433811
III	1240	0.47789993831084443
IV	1240	0.6811192134381856
V	1240	0.769170413317826
VI	1240	0.6735169028838359
VII	1240	0.5979448915614057
VIII	1240	0.561331074944503
IX	1240	0.7106468010038919
X	1240	0.7224515957739246
XI	1240	0.8081239802284288
XII	1240	0.6809521998707077
XIII	1240	0.770301947900925
XIV	1240	0.6671617794992688
XV	1240	0.6661522911853942
XVI	1240	0.6279056521381423
I	1245	0.5784430409438011
II	1245	0.7659742444514402
III	1245	0.47789993831084443
IV	1245	0.6827393887330582
V	1245	0.7756453208811429
VI	1245	0.6735169028838359
VII	1245	0.5979448915614057
VIII	1245	0.561331074944503
IX	1245	0.7106468010038919
X	1245	0.7241183719498867
XI	1245	0.8081239802284288
XII	1245	0.6832588712242981
XIII	1245	0.770301947900925
XIV	1245	0.6687452905844838
XV	1245	0.6672931417926108
XVI	1245	0.6279056521381423
I	1250	0.5784430409438011
II	1250	0.7659742444514402
III	1250	0.47789993831084443
IV	1250	0.6827393887330582
V	1250	0.7799798635582481
VI	1250	0.6735169028838359
VII	1250	0.5979448915614057
VIII	1250	0.561331074944503
IX	1250	0.7106468010038919
X	1250	0.7257905118464474
XI	1250	0.8081239802284288
XII	1250	0.6855729625098662
XIII	1250	0.770301947900925
XIV	1250	0.6703339015443696
XV	1250	0.6672931417926108
XVI	1250	0.6292209614098596
I	1255	0.5784430409438011
II	1255	0.7659742444514402
III	1255	0.47789993831084443
IV	1255	0.6843765360495531
V	1255	0.7799798635582481
VI	1255	0.6735169028838359
VII	1255	0.5990943589931619
VIII	1255	0.561331074944503
IX	1255	0.7106468010038919
X	1255	0.7257905118464474
XI	1255	0.8100015596506382
XII	1255	0.6855729625098662
XIII	1255	0.7716584580136322
XIV	1255	0.6703339015443696
XV	1255	0.6672931417926108
XVI	1255	0.6292209614098596
I	1260	0.5784430409438011
II	1260	0.7659742444514402
III	1260	0.4818455391225109
IV	1260	0.686838131954857
V	1260	0.7799798635582481
VI	1260	0.6781733854997576
VII	1260	0.601403376904321
VIII	1260	0.5635651736536311
IX	1260	0.7135020732550104
X	1260	0.7257905118464474
XI	1260	0.8137732147998848
XII	1260	0.6867378918303766
XIII	1260	0.77709964291548
XIV	1260	0.6719352621909317
XV	1260	0.6672931417926108
XVI	1260	0.6292209614098596
I	1265	0.5784430409438011
II	1265	0.7659742444514402
III	1265	0.4818455391225109
IV	1265	0.6876632333137285
V	1265	0.7799798635582481
VI	1265	0.6781733854997576
VII	1265	0.601403376904321
VIII	1265	0.5635651736536311
IX	1265	0.7135020732550104
X	1265	0.727486788485701
XI	1265	0.8137732147998848
XII	1265	0.6890788803693643
XIII	1265	0.7784648070001979
XIV	1265	0.6719352621909317
XV	1265	0.6696087478042062
XVI	1265	0.6292209614098596
I	1270	0.5784430409438011
II	1270	0.7659742444514402
III	1270	0.4818455391225109
IV	1270	0.6893166998817833
V	1270	0.7799798635582481
VI	1270	0.6781733854997576
VII	1270	0.601403376904321
VIII	1270	0.5635651736536311
IX	1270	0.7163891717891827
X	1270	0.7291857469852538
XI	1270	0.8137732147998848
XII	1270	0.6914300713148213
XIII	1270	0.7784648070001979
XIV	1270	0.6735519224615055
XV	1270	0.6707715907122848
XVI	1270	0.6305584210381978
I	1275	0.5784430409438011
II	1275	0.7659742444514402
III	1275	0.4818455391225109
IV	1275	0.6893166998817833
V	1275	0.7799798635582481
VI	1275	0.6781733854997576
VII	1275	0.6025693438685904
VIII	1275	0.5635651736536311
IX	1275	0.7192808169352198
X	1275	0.7291857469852538
XI	1275	0.8156822871676744
XII	1275	0.6937942471412394
XIII	1275	0.7798429520429323
XIV	1275	0.6735519224615055
XV	1275	0.6731055236412653
XVI	1275	0.6305584210381978
I	1280	0.5784430409438011
II	1280	0.7706878148118999
III	1280	0.4818455391225109
IV	1280	0.6901496344814035
V	1280	0.7799798635582481
VI	1280	0.6781733854997576
VII	1280	0.6037389773956404
VIII	1280	0.5658330415556578
IX	1280	0.7221861019168515
X	1280	0.7291857469852538
XI	1280	0.8195139288799309
XII	1280	0.6949795812746886
XIII	1280	0.7812275875646749
XIV	1280	0.6751787824814205
XV	1280	0.6742747809704286
XVI	1280	0.6319085380131763
I	1285	0.5784430409438011
II	1285	0.7706878148118999
III	1285	0.4858694256645676
IV	1285	0.6901496344814035
V	1285	0.78220528755186
VI	1285	0.6781733854997576
VII	1285	0.6060938273415587
VIII	1285	0.5658330415556578
IX	1285	0.7250982068162805
X	1285	0.7309061603672004
XI	1285	0.8195139288799309
XII	1285	0.6949795812746886
XIII	1285	0.7812275875646749
XIV	1285	0.6751787824814205
XV	1285	0.6766288735085325
XVI	1285	0.6319085380131763
I	1290	0.5784430409438011
II	1290	0.7706878148118999
III	1290	0.4858694256645676
IV	1290	0.6901496344814035
V	1290	0.78220528755186
VI	1290	0.6781733854997576
VII	1290	0.6084560104130383
VIII	1290	0.5749862701570978
IX	1290	0.7309474229803951
X	1290	0.7309061603672004
XI	1290	0.821443996544774
XII	1290	0.6949795812746886
XIII	1290	0.782619795311927
XIV	1290	0.6751787824814205
XV	1290	0.6766288735085325
XVI	1290	0.6319085380131763
I	1295	0.5784430409438011
II	1295	0.7706878148118999
III	1295	0.4858694256645676
IV	1295	0.6918403089430152
V	1295	0.78220528755186
VI	1295	0.6829668234867357
VII	1295	0.6084560104130383
VIII	1295	0.5749862701570978
IX	1295	0.7309474229803951
X	1295	0.7326426649109421
XI	1295	0.821443996544774
XII	1295	0.6961788277805964
XIII	1295	0.782619795311927
XIV	1295	0.6768260420000178
XV	1295	0.6766288735085325
XVI	1295	0.6319085380131763
I	1300	0.5784430409438011
II	1300	0.7706878148118999
III	1300	0.4858694256645676
IV	1300	0.6926876044840081
V	1300	0.7844619577481903
VI	1300	0.6829668234867357
VII	1300	0.6108365262984216
VIII	1300	0.5772932392298491
IX	1300	0.733898174080675
X	1300	0.7361210377190242
XI	1300	0.8253431231404166
XII	1300	0.6961788277805964
XIII	1300	0.7840217387776913
XIV	1300	0.6768260420000178
XV	1300	0.6778192067926887
XVI	1300	0.6319085380131763
I	1305	0.5784430409438011
II	1305	0.7706878148118999
III	1305	0.4858694256645676
IV	1305	0.6935381638753131
V	1305	0.7867273074452757
VI	1305	0.6829668234867357
VII	1305	0.6108365262984216
VIII	1305	0.5772932392298491
IX	1305	0.7368625650165497
X	1305	0.7361210377190242
XI	1305	0.8272941861023131
XII	1305	0.6961788277805964
XIII	1305	0.785433417961968
XIV	1305	0.6768260420000178
XV	1305	0.6778192067926887
XVI	1305	0.6319085380131763
I	1310	0.5784430409438011
II	1310	0.7706878148118999
III	1310	0.4858694256645676
IV	1310	0.6935381638753131
V	1310	0.7867273074452757
VI	1310	0.6829668234867357
VII	1310	0.6108365262984216
VIII	1310	0.5772932392298491
IX	1310	0.7368625650165497
X	1310	0.7361210377190242
XI	1310	0.8292527473845859
XII	1310	0.6986042180458311
XIII	1310	0.7882611033165265
XIV	1310	0.6784937010172974
XV	1310	0.6826144447264754
XVI	1310	0.6319085380131763
I	1315	0.5784430409438011
II	1315	0.7706878148118999
III	1315	0.4858694256645676
IV	1315	0.6943959037373044
V	1315	0.7890048084434184
VI	1315	0.6829668234867357
VII	1315	0.6120409921718885
VIII	1315	0.5772932392298491
IX	1315	0.7368625650165497
X	1315	0.7361210377190242
XI	1315	0.8292527473845859
XII	1315	0.699821086890186
XIII	1315	0.7882611033165265
XIV	1315	0.6801664599092477
XV	1315	0.6850171035956496
XVI	1315	0.6319085380131763
I	1320	0.5784430409438011
II	1320	0.7706878148118999
III	1320	0.4858694256645676
IV	1320	0.6943959037373044
V	1320	0.7890048084434184
VI	1320	0.6829668234867357
VII	1320	0.6132491246081361
VIII	1320	0.5772932392298491
IX	1320	0.7368625650165497
X	1320	0.7361210377190242
XI	1320	0.8292527473845859
XII	1320	0.699821086890186
XIII	1320	0.7882611033165265
XIV	1320	0.6801664599092477
XV	1320	0.6850171035956496
XVI	1320	0.6332966270280761
I	1325	0.5784430409438011
II	1325	0.7723159826066426
III	1325	0.4858694256645676
IV	1325	0.6943959037373044
V	1325	0.7890048084434184
VI	1325	0.6829668234867357
VII	1325	0.6132491246081361
VIII	1325	0.5772932392298491
IX	1325	0.7368625650165497
X	1325	0.7361210377190242
XI	1325	0.8292527473845859
XII	1325	0.7010481581410103
XIII	1325	0.7882611033165265
XIV	1325	0.6801664599092477
XV	1325	0.6850171035956496
XVI	1325	0.6332966270280761
I	1330	0.5842027990860836
II	1330	0.773946609869353
III	1330	0.4858694256645676
IV	1330	0.6952614768400446
V	1330	0.7890048084434184
VI	1330	0.6829668234867357
VII	1330	0.6144664234513355
VIII	1330	0.5772932392298491
IX	1330	0.7368625650165497
X	1330	0.7361210377190242
XI	1330	0.8292527473845859
XII	1330	0.7035106480661338
XIII	1330	0.7896954991773318
XIV	1330	0.6801664599092477
XV	1330	0.6862349272558832
XVI	1330	0.6332966270280761
I	1335	0.5842027990860836
II	1335	0.773946609869353
III	1335	0.4858694256645676
IV	1335	0.6961309665631591
V	1335	0.7890048084434184
VI	1335	0.6829668234867357
VII	1335	0.6144664234513355
VIII	1335	0.5772932392298491
IX	1335	0.7368625650165497
X	1335	0.7361210377190242
XI	1335	0.8292527473845859
XII	1335	0.7035106480661338
XIII	1335	0.7896954991773318
XIV	1335	0.6818634432058832
XV	1335	0.6862349272558832
XVI	1335	0.6332966270280761
I	1340	0.5900059943184286
II	1340	0.773946609869353
III	1340	0.4900624093842671
IV	1340	0.6961309665631591
V	1340	0.7913257069453365
VI	1340	0.6829668234867357
VII	1340	0.6169221038737236
VIII	1340	0.5772932392298491
IX	1340	0.7368625650165497
X	1340	0.7361210377190242
XI	1340	0.8312577982531912
XII	1340	0.7047516316894165
XIII	1340	0.7911417942496519
XIV	1340	0.6818634432058832
XV	1340	0.6862349272558832
XVI	1340	0.6332966270280761
I	1345	0.5900059943184286
II	1345	0.7755969128758067
III	1345	0.4900624093842671
IV	1345	0.6961309665631591
V	1345	0.7913257069453365
VI	1345	0.6829668234867357
VII	1345	0.6169221038737236
VIII	1345	0.5772932392298491
IX	1345	0.7368625650165497
X	1345	0.7361210377190242
XI	1345	0.8312577982531912
XII	1345	0.7047516316894165
XIII	1345	0.7925924163079776
XIV	1345	0.6818634432058832
XV	1345	0.6886989812982972
XVI	1345	0.6332966270280761
I	1350	0.5900059943184286
II	1350	0.7755969128758067
III	1350	0.49428044453769143
IV	1350	0.6978914874214472
V	1350	0.7913257069453365
VI	1350	0.6829668234867357
VII	1350	0.6181559022494363
VIII	1350	0.5796908519256438
IX	1350	0.7368625650165497
X	1350	0.7361210377190242
XI	1350	0.8312577982531912
XII	1350	0.7047516316894165
XIII	1350	0.7955088048756478
XIV	1350	0.6818634432058832
XV	1350	0.6886989812982972
XVI	1350	0.6332966270280761
I	1355	0.5900059943184286
II	1355	0.7755969128758067
III	1355	0.49428044453769143
IV	1355	0.6978914874214472
V	1355	0.7913257069453365
VI	1355	0.6829668234867357
VII	1355	0.6218747135497827
VIII	1355	0.5796908519256438
IX	1355	0.7368625650165497
X	1355	0.7361210377190242
XI	1355	0.8332883434110759
XII	1355	0.7060083826681519
XIII	1355	0.7955088048756478
XIV	1355	0.6818634432058832
XV	1355	0.6886989812982972
XVI	1355	0.6361487491377182
I	1360	0.5900059943184286
II	1360	0.7755969128758067
III	1360	0.49428044453769143
IV	1360	0.6987766436260594
V	1360	0.7913257069453365
VI	1360	0.6829668234867357
VII	1360	0.6218747135497827
VIII	1360	0.5821009059030327
IX	1360	0.7368625650165497
X	1360	0.737939339001892
XI	1360	0.8373614310394472
XII	1360	0.707267916121379
XIII	1360	0.7955088048756478
XIV	1360	0.6818634432058832
XV	1360	0.6899415462970006
XVI	1360	0.6361487491377182
I	1365	0.5900059943184286
II	1365	0.7755969128758067
III	1365	0.4985548454169968
IV	1365	0.6987766436260594
V	1365	0.7913257069453365
VI	1365	0.6880082617402216
VII	1365	0.6231250114580087
VIII	1365	0.5821009059030327
IX	1365	0.7368625650165497
X	1365	0.7397643449355079
XI	1365	0.8373614310394472
XII	1365	0.707267916121379
XIII	1365	0.7955088048756478
XIV	1365	0.6818634432058832
XV	1365	0.6899415462970006
XVI	1365	0.6361487491377182
I	1370	0.5900059943184286
II	1370	0.7772804186998269
III	1370	0.4985548454169968
IV	1370	0.6987766436260594
V	1370	0.7913257069453365
VI	1370	0.6880082617402216
VII	1370	0.625632940400022
VIII	1370	0.5821009059030327
IX	1370	0.7368625650165497
X	1370	0.7415973964500215
XI	1370	0.8373614310394472
XII	1370	0.7085367244895783
XIII	1370	0.7969886340895102
XIV	1370	0.6818634432058832
XV	1370	0.6924459195576615
XVI	1370	0.6361487491377182
I	1375	0.5900059943184286
II	1375	0.7772804186998269
III	1375	0.4985548454169968
IV	1375	0.6987766436260594
V	1375	0.7937073619525404
VI	1375	0.6880082617402216
VII	1375	0.6268933213558949
VIII	1375	0.5821009059030327
IX	1375	0.7399815407558288
X	1375	0.7415973964500215
XI	1375	0.8373614310394472
XII	1375	0.7098110978067609
XIII	1375	0.7969886340895102
XIV	1375	0.6818634432058832
XV	1375	0.6924459195576615
XVI	1375	0.6361487491377182
I	1380	0.5900059943184286
II	1380	0.7772804186998269
III	1380	0.4985548454169968
IV	1380	0.6996768135421066
V	1380	0.7937073619525404
VI	1380	0.6880082617402216
VII	1380	0.6268933213558949
VIII	1380	0.5821009059030327
IX	1380	0.7399815407558288
X	1380	0.7415973964500215
XI	1380	0.8373614310394472
XII	1380	0.7098110978067609
XIII	1380	0.7969886340895102
XIV	1380	0.6836178000925627
XV	1380	0.6924459195576615
XVI	1380	0.6376011796647069
I	1385	0.5900059943184286
II	1385	0.7789811407996222
III	1385	0.4985548454169968
IV	1385	0.6996768135421066
V	1385	0.7961063759612547
VI	1385	0.6880082617402216
VII	1385	0.6281628687187196
VIII	1385	0.5821009059030327
IX	1385	0.7399815407558288
X	1385	0.7434532437770784
XI	1385	0.8373614310394472
XII	1385	0.7098110978067609
XIII	1385	0.7969886340895102
XIV	1385	0.685383631697251
XV	1385	0.6924459195576615
XVI	1385	0.6390609936439025
I	1390	0.5900059943184286
II	1390	0.7789811407996222
III	1390	0.5029075320266922
IV	1390	0.6996768135421066
V	1390	0.7961063759612547
VI	1390	0.6880082617402216
VII	1390	0.6294333327222396
VIII	1390	0.5845713889624504
IX	1390	0.7431323427781618
X	1390	0.7434532437770784
XI	1390	0.8373614310394472
XII	1390	0.7098110978067609
XIII	1390	0.7984900982333998
XIV	1390	0.687150738270607
XV	1390	0.6924459195576615
XVI	1390	0.6390609936439025
I	1395	0.5900059943184286
II	1395	0.7789811407996222
III	1395	0.5029075320266922
IV	1395	0.7005874277791522
V	1395	0.7985227489714791
VI	1395	0.6880082617402216
VII	1395	0.6294333327222396
VIII	1395	0.5845713889624504
IX	1395	0.7431323427781618
X	1395	0.745323841335781
XI	1395	0.8373614310394472
XII	1395	0.7111021659708935
XIII	1395	0.7984900982333998
XIV	1395	0.687150738270607
XV	1395	0.6937214730076579
XVI	1395	0.6434646954958831
I	1400	0.5900059943184286
II	1400	0.7789811407996222
III	1400	0.5029075320266922
IV	1400	0.701500000326385
V	1400	0.8009460655823077
VI	1400	0.6880082617402216
VII	1400	0.6294333327222396
VIII	1400	0.5870596452812885
IX	1400	0.7431323427781618
X	1400	0.7472011435452316
XI	1400	0.8394609607447931
XII	1400	0.7123978715925122
XIII	1400	0.8000002163493003
XIV	1400	0.6889318694993071
XV	1400	0.6950043572246083
XVI	1400	0.6464159668208753
I	1405	0.5900059943184286
II	1405	0.7789811407996222
III	1405	0.5029075320266922
IV	1405	0.701500000326385
V	1405	0.8009460655823077
VI	1405	0.6880082617402216
VII	1405	0.6307175463361872
VIII	1405	0.5870596452812885
IX	1405	0.7431323427781618
X	1405	0.7490851504054302
XI	1405	0.8394609607447931
XII	1405	0.713698214671617
XIII	1405	0.801520070183713
XIV	1405	0.6907181006026777
XV	1405	0.6962881577874279
XVI	1405	0.6464159668208753
I	1410	0.5900059943184286
II	1410	0.7807138359830001
III	1410	0.5073134529330532
IV	1410	0.701500000326385
V	1410	0.8009460655823077
VI	1410	0.6880082617402216
VII	1410	0.6307175463361872
VIII	1410	0.5870596452812885
IX	1410	0.7431323427781618
X	1410	0.7490851504054302
XI	1410	0.8394609607447931
XII	1410	0.713698214671617
XIII	1410	0.801520070183713
XIV	1410	0.6907181006026777
XV	1410	0.6962881577874279
XVI	1410	0.6464159668208753
I	1415	0.5900059943184286
II	1415	0.7807138359830001
III	1415	0.5073134529330532
IV	1415	0.7024210588844291
V	1415	0.8033954206954016
VI	1415	0.6880082617402216
VII	1415	0.6307175463361872
VIII	1415	0.5870596452812885
IX	1415	0.7431323427781618
X	1415	0.7490851504054302
XI	1415	0.8394609607447931
XII	1415	0.713698214671617
XIII	1415	0.801520070183713
XIV	1415	0.6925196313300601
XV	1415	0.6962881577874279
XVI	1415	0.6464159668208753
I	1420	0.5961566862712733
II	1420	0.7807138359830001
III	1420	0.5073134529330532
IV	1420	0.7024210588844291
V	1420	0.8033954206954016
VI	1420	0.6880082617402216
VII	1420	0.6307175463361872
VIII	1420	0.5870596452812885
IX	1420	0.7431323427781618
X	1420	0.7509879302877234
XI	1420	0.8394609607447931
XII	1420	0.713698214671617
XIII	1420	0.8030550684691448
XIV	1420	0.6925196313300601
XV	1420	0.6975884525758941
XVI	1420	0.6494062649646755
I	1425	0.5961566862712733
II	1425	0.7807138359830001
III	1425	0.5117663452776482
IV	1425	0.7024210588844291
V	1425	0.8033954206954016
VI	1425	0.6880082617402216
VII	1425	0.6320210094047335
VIII	1425	0.5870596452812885
IX	1425	0.7431323427781618
X	1425	0.752896073890615
XI	1425	0.8394609607447931
XII	1425	0.7163360004897155
XIII	1425	0.8045933119940807
XIV	1425	0.6925196313300601
XV	1425	0.6975884525758941
XVI	1425	0.650905105762679
I	1430	0.5961566862712733
II	1430	0.7807138359830001
III	1430	0.5117663452776482
IV	1430	0.7024210588844291
V	1430	0.8033954206954016
VI	1430	0.6880082617402216
VII	1430	0.6320210094047335
VIII	1430	0.5870596452812885
IX	1430	0.7431323427781618
X	1430	0.756729793188343
XI	1430	0.8394609607447931
XII	1430	0.7163360004897155
XIII	1430	0.8045933119940807
XIV	1430	0.6943415615561248
XV	1430	0.698895161785445
XVI	1430	0.6524102752340027
I	1435	0.5961566862712733
II	1435	0.7807138359830001
III	1435	0.5117663452776482
IV	1435	0.7024210588844291
V	1435	0.8033954206954016
VI	1435	0.6880082617402216
VII	1435	0.6320210094047335
VIII	1435	0.5870596452812885
IX	1435	0.7431323427781618
X	1435	0.7586486642324315
XI	1435	0.8394609607447931
XII	1435	0.7189969735952446
XIII	1435	0.8045933119940807
XIV	1435	0.6943415615561248
XV	1435	0.7015186600091085
XVI	1435	0.6524102752340027
I	1440	0.5961566862712733
II	1440	0.7824821934519125
III	1440	0.5117663452776482
IV	1440	0.7024210588844291
V	1440	0.8033954206954016
VI	1440	0.6880082617402216
VII	1440	0.6320210094047335
VIII	1440	0.5870596452812885
IX	1440	0.7431323427781618
X	1440	0.7586486642324315
XI	1440	0.8394609607447931
XII	1440	0.7189969735952446
XIII	1440	0.8045933119940807
XIV	1440	0.6943415615561248
XV	1440	0.7028363653690903
XVI	1440	0.6524102752340027
I	1445	0.6024290020762929
II	1445	0.7824821934519125
III	1445	0.5117663452776482
IV	1445	0.7024210588844291
V	1445	0.8059020605134792
VI	1445	0.6880082617402216
VII	1445	0.6320210094047335
VIII	1445	0.5870596452812885
IX	1445	0.7431323427781618
X	1445	0.7605836264383152
XI	1445	0.84162647566945
XII	1445	0.7189969735952446
XIII	1445	0.8061542721955451
XIV	1445	0.6943415615561248
XV	1445	0.7041604851501571
XVI	1445	0.6524102752340027
I	1450	0.6024290020762929
II	1450	0.7824821934519125
III	1450	0.5117663452776482
IV	1450	0.7024210588844291
V	1450	0.80841390803201
VI	1450	0.6880082617402216
VII	1450	0.6333473884906594
VIII	1450	0.5870596452812885
IX	1450	0.7431323427781618
X	1450	0.7605836264383152
XI	1450	0.84162647566945
XII	1450	0.7203381263002271
XIII	1450	0.8077228046225191
XIV	1450	0.6943415615561248
XV	1450	0.705485521277093
XVI	1450	0.6539386498408338
I	1455	0.6024290020762929
II	1455	0.7860545706752715
III	1455	0.5117663452776482
IV	1455	0.7024210588844291
V	1455	0.8109326991511449
VI	1455	0.6880082617402216
VII	1455	0.6333473884906594
VIII	1455	0.5896385452231699
IX	1455	0.7431323427781618
X	1455	0.7605836264383152
XI	1455	0.84162647566945
XII	1455	0.7203381263002271
XIII	1455	0.8077228046225191
XIV	1455	0.6943415615561248
XV	1455	0.705485521277093
XVI	1455	0.6539386498408338
I	1460	0.6024290020762929
II	1460	0.7878462930898787
III	1460	0.5208944614411464
IV	1460	0.7024210588844291
V	1460	0.8109326991511449
VI	1460	0.6880082617402216
VII	1460	0.6333473884906594
VIII	1460	0.5896385452231699
IX	1460	0.7431323427781618
X	1460	0.7605836264383152
XI	1460	0.8438114862270851
XII	1460	0.7216904089031764
XIII	1460	0.8092978275285013
XIV	1460	0.6943415615561248
XV	1460	0.7068215535544599
XVI	1460	0.6539386498408338
I	1465	0.6024290020762929
II	1465	0.7878462930898787
III	1465	0.5208944614411464
IV	1465	0.7024210588844291
V	1465	0.8134688492717899
VI	1465	0.6880082617402216
VII	1465	0.6333473884906594
VIII	1465	0.5922387730763558
IX	1465	0.7431323427781618
X	1465	0.7605836264383152
XI	1465	0.8438114862270851
XII	1465	0.7244051765155443
XIII	1465	0.8108793409134917
XIV	1465	0.6943415615561248
XV	1465	0.7081640002529115
XVI	1465	0.6539386498408338
I	1470	0.6024290020762929
II	1470	0.7878462930898787
III	1470	0.5208944614411464
IV	1470	0.7024210588844291
V	1470	0.8160206224937941
VI	1470	0.6880082617402216
VII	1470	0.634692100390489
VIII	1470	0.5922387730763558
IX	1470	0.7431323427781618
X	1470	0.7605836264383152
XI	1470	0.8438114862270851
XII	1470	0.7271301465343817
XIII	1470	0.8108793409134917
XIV	1470	0.6962132155602276
XV	1470	0.710853475379161
XVI	1470	0.6539386498408338
I	1475	0.6024290020762929
II	1475	0.7878462930898787
III	1475	0.5208944614411464
IV	1475	0.7024210588844291
V	1475	0.8160206224937941
VI	1475	0.6880082617402216
VII	1475	0.634692100390489
VIII	1475	0.5922387730763558
IX	1475	0.7431323427781618
X	1475	0.7605836264383152
XI	1475	0.8460219910739994
XII	1475	0.7284944865267947
XIII	1475	0.8108793409134917
XIV	1475	0.6962132155602276
XV	1475	0.710853475379161
XVI	1475	0.6539386498408338
I	1480	0.6024290020762929
II	1480	0.7878462930898787
III	1480	0.5208944614411464
IV	1480	0.7033858530366537
V	1480	0.8160206224937941
VI	1480	0.6880082617402216
VII	1480	0.6360478119786606
VIII	1480	0.5922387730763558
IX	1480	0.7431323427781618
X	1480	0.7625655211994352
XI	1480	0.8460219910739994
XII	1480	0.7284944865267947
XIII	1480	0.8108793409134917
XIV	1480	0.6962132155602276
XV	1480	0.710853475379161
XVI	1480	0.6539386498408338
I	1485	0.6024290020762929
II	1485	0.7878462930898787
III	1485	0.5208944614411464
IV	1485	0.7033858530366537
V	1485	0.8160206224937941
VI	1485	0.6880082617402216
VII	1485	0.6360478119786606
VIII	1485	0.5948763247743241
IX	1485	0.7465013821700069
X	1485	0.7645568024716024
XI	1485	0.8460219910739994
XII	1485	0.7284944865267947
XIII	1485	0.8108793409134917
XIV	1485	0.6981065440316804
XV	1485	0.710853475379161
XVI	1485	0.6555039417086996
I	1490	0.6024290020762929
II	1490	0.7878462930898787
III	1490	0.5208944614411464
IV	1490	0.7033858530366537
V	1490	0.8160206224937941
VI	1490	0.6880082617402216
VII	1490	0.6360478119786606
VIII	1490	0.5948763247743241
IX	1490	0.7465013821700069
X	1490	0.7645568024716024
XI	1490	0.8460219910739994
XII	1490	0.7298727388916663
XIII	1490	0.8124900614540187
XIV	1490	0.6981065440316804
XV	1490	0.710853475379161
XVI	1490	0.6570734526921121
I	1495	0.6024290020762929
II	1495	0.7878462930898787
III	1495	0.5255759481184807
IV	1495	0.7033858530366537
V	1495	0.8160206224937941
VI	1495	0.6880082617402216
VII	1495	0.6360478119786606
VIII	1495	0.5948763247743241
IX	1495	0.7465013821700069
X	1495	0.7645568024716024
XI	1495	0.8460219910739994
XII	1495	0.7298727388916663
XIII	1495	0.8124900614540187
XIV	1495	0.6981065440316804
XV	1495	0.710853475379161
XVI	1495	0.6570734526921121
I	1500	0.6024290020762929
II	1500	0.7878462930898787
III	1500	0.5255759481184807
IV	1500	0.7033858530366537
V	1500	0.8160206224937941
VI	1500	0.6880082617402216
VII	1500	0.6360478119786606
VIII	1500	0.5948763247743241
IX	1500	0.7465013821700069
X	1500	0.7665668567658642
XI	1500	0.8482714871868702
XII	1500	0.7298727388916663
XIII	1500	0.8124900614540187
XIV	1500	0.6981065440316804
XV	1500	0.710853475379161
XVI	1500	0.6586535114643918
I	1505	0.6024290020762929
II	1505	0.7896958130017314
III	1505	0.5255759481184807
IV	1505	0.7043682719805631
V	1505	0.8186262086204802
VI	1505	0.6880082617402216
VII	1505	0.637427356224907
VIII	1505	0.5948763247743241
IX	1505	0.7465013821700069
X	1505	0.7706003746558838
XI	1505	0.8482714871868702
XII	1505	0.7298727388916663
XIII	1505	0.8124900614540187
XIV	1505	0.6981065440316804
XV	1505	0.713607094716258
XVI	1505	0.6586535114643918
I	1510	0.6024290020762929
II	1510	0.7896958130017314
III	1510	0.5255759481184807
IV	1510	0.7053539547747846
V	1510	0.8186262086204802
VI	1510	0.6880082617402216
VII	1510	0.637427356224907
VIII	1510	0.5948763247743241
IX	1510	0.7465013821700069
X	1510	0.7706003746558838
XI	1510	0.8505344802764181
XII	1510	0.7326672707727951
XIII	1510	0.8124900614540187
XIV	1510	0.6981065440316804
XV	1510	0.713607094716258
XVI	1510	0.6602430632466516
I	1515	0.6024290020762929
II	1515	0.7896958130017314
III	1515	0.5255759481184807
IV	1515	0.7063422486492555
V	1515	0.8186262086204802
VI	1515	0.6880082617402216
VII	1515	0.6388124003153244
VIII	1515	0.5948763247743241
IX	1515	0.7465013821700069
X	1515	0.7706003746558838
XI	1515	0.8505344802764181
XII	1515	0.7326672707727951
XIII	1515	0.8124900614540187
XIV	1515	0.6981065440316804
XV	1515	0.7149926096705645
XVI	1515	0.6602430632466516
I	1520	0.6024290020762929
II	1520	0.7896958130017314
III	1520	0.5255759481184807
IV	1520	0.7063422486492555
V	1520	0.8186262086204802
VI	1520	0.6880082617402216
VII	1520	0.6388124003153244
VIII	1520	0.5948763247743241
IX	1520	0.7499568071872841
X	1520	0.7706003746558838
XI	1520	0.8505344802764181
XII	1520	0.7326672707727951
XIII	1520	0.8124900614540187
XIV	1520	0.6981065440316804
XV	1520	0.7149926096705645
XVI	1520	0.6602430632466516
I	1525	0.6024290020762929
II	1525	0.7896958130017314
III	1525	0.5255759481184807
IV	1525	0.7063422486492555
V	1525	0.8186262086204802
VI	1525	0.6880082617402216
VII	1525	0.6388124003153244
VIII	1525	0.5948763247743241
IX	1525	0.7499568071872841
X	1525	0.7706003746558838
XI	1525	0.8505344802764181
XII	1525	0.7326672707727951
XIII	1525	0.8124900614540187
XIV	1525	0.700050871249839
XV	1525	0.7149926096705645
XVI	1525	0.6618505462699854
I	1530	0.6024290020762929
II	1530	0.7896958130017314
III	1530	0.5255759481184807
IV	1530	0.7063422486492555
V	1530	0.8186262086204802
VI	1530	0.6880082617402216
VII	1530	0.6388124003153244
VIII	1530	0.5948763247743241
IX	1530	0.7499568071872841
X	1530	0.7706003746558838
XI	1530	0.852827466647471
XII	1530	0.7326672707727951
XIII	1530	0.8124900614540187
XIV	1530	0.700050871249839
XV	1530	0.7149926096705645
XVI	1530	0.6650760601055201
I	1535	0.6024290020762929
II	1535	0.7896958130017314
III	1535	0.5255759481184807
IV	1535	0.7063422486492555
V	1535	0.8186262086204802
VI	1535	0.6880082617402216
VII	1535	0.6388124003153244
VIII	1535	0.5948763247743241
IX	1535	0.7499568071872841
X	1535	0.7706003746558838
XI	1535	0.8551234523466743
XII	1535	0.7326672707727951
XIII	1535	0.8158088597201955
XIV	1535	0.702007948154674
XV	1535	0.7178057914891628
XVI	1535	0.6650760601055201
I	1540	0.6024290020762929
II	1540	0.7896958130017314
III	1540	0.5255759481184807
IV	1540	0.7073475145453489
V	1540	0.8186262086204802
VI	1540	0.6880082617402216
VII	1540	0.6388124003153244
VIII	1540	0.5948763247743241
IX	1540	0.7534554250172771
X	1540	0.7706003746558838
XI	1540	0.8597364190421346
XII	1540	0.734092825204025
XIII	1540	0.8158088597201955
XIV	1540	0.7039713999028474
XV	1540	0.7192169641278082
XVI	1540	0.6650760601055201
I	1545	0.6024290020762929
II	1545	0.7896958130017314
III	1545	0.5255759481184807
IV	1545	0.7073475145453489
V	1545	0.8186262086204802
VI	1545	0.6880082617402216
VII	1545	0.6402267769079876
VIII	1545	0.5948763247743241
IX	1545	0.7534554250172771
X	1545	0.7706003746558838
XI	1545	0.8620534000383914
XII	1545	0.734092825204025
XIII	1545	0.8158088597201955
XIV	1545	0.7039713999028474
XV	1545	0.7192169641278082
XVI	1545	0.6650760601055201
I	1550	0.6024290020762929
II	1550	0.7896958130017314
III	1550	0.5255759481184807
IV	1550	0.7083566970618167
V	1550	0.8186262086204802
VI	1550	0.6880082617402216
VII	1550	0.6402267769079876
VIII	1550	0.5948763247743241
IX	1550	0.7534554250172771
X	1550	0.7706003746558838
XI	1550	0.8620534000383914
XII	1550	0.7355267270587297
XIII	1550	0.8174855667973056
XIV	1550	0.7039713999028474
XV	1550	0.7192169641278082
XVI	1550	0.6650760601055201
I	1555	0.6024290020762929
II	1555	0.7896958130017314
III	1555	0.5255759481184807
IV	1555	0.7083566970618167
V	1555	0.8186262086204802
VI	1555	0.6880082617402216
VII	1555	0.6402267769079876
VIII	1555	0.5976382892882343
IX	1555	0.7534554250172771
X	1555	0.7706003746558838
XI	1555	0.8620534000383914
XII	1555	0.7355267270587297
XIII	1555	0.8174855667973056
XIV	1555	0.7039713999028474
XV	1555	0.7206418819544924
XVI	1555	0.6650760601055201
I	1560	0.6024290020762929
II	1560	0.7916117385487171
III	1560	0.5255759481184807
IV	1560	0.709375018359158
V	1560	0.8186262086204802
VI	1560	0.6880082617402216
VII	1560	0.6402267769079876
VIII	1560	0.5976382892882343
IX	1560	0.7534554250172771
X	1560	0.7706003746558838
XI	1560	0.8620534000383914
XII	1560	0.7355267270587297
XIII	1560	0.8191709278464266
XIV	1560	0.7039713999028474
XV	1560	0.7234953829913378
XVI	1560	0.6650760601055201
I	1565	0.6024290020762929
II	1565	0.7916117385487171
III	1565	0.5255759481184807
IV	1565	0.7103959507367489
V	1565	0.8186262086204802
VI	1565	0.6880082617402216
VII	1565	0.6402267769079876
VIII	1565	0.6004198043875069
IX	1565	0.7534554250172771
X	1565	0.7706003746558838
XI	1565	0.8620534000383914
XII	1565	0.7355267270587297
XIII	1565	0.8191709278464266
XIV	1565	0.7039713999028474
XV	1565	0.7234953829913378
XVI	1565	0.666725734284322
I	1570	0.6024290020762929
II	1570	0.7916117385487171
III	1570	0.5255759481184807
IV	1570	0.7103959507367489
V	1570	0.8186262086204802
VI	1570	0.6880082617402216
VII	1570	0.6402267769079876
VIII	1570	0.6004198043875069
IX	1570	0.7534554250172771
X	1570	0.7706003746558838
XI	1570	0.8644033736443036
XII	1570	0.7355267270587297
XIII	1570	0.8208671063605613
XIV	1570	0.7039713999028474
XV	1570	0.7234953829913378
XVI	1570	0.666725734284322
I	1575	0.6024290020762929
II	1575	0.7916117385487171
III	1575	0.5255759481184807
IV	1575	0.7114234108149639
V	1575	0.8186262086204802
VI	1575	0.6880082617402216
VII	1575	0.6402267769079876
VIII	1575	0.6004198043875069
IX	1575	0.7534554250172771
X	1575	0.7706003746558838
XI	1575	0.8667623452346674
XII	1575	0.7355267270587297
XIII	1575	0.8208671063605613
XIV	1575	0.7039713999028474
XV	1575	0.7249367950436685
XVI	1575	0.666725734284322
I	1580	0.6024290020762929
II	1580	0.7916117385487171
III	1580	0.5255759481184807
IV	1580	0.7114234108149639
V	1580	0.8186262086204802
VI	1580	0.6880082617402216
VII	1580	0.6431224448640622
VIII	1580	0.6004198043875069
IX	1580	0.7534554250172771
X	1580	0.7706003746558838
XI	1580	0.8667623452346674
XII	1580	0.7355267270587297
XIII	1580	0.8208671063605613
XIV	1580	0.7039713999028474
XV	1580	0.7249367950436685
XVI	1580	0.666725734284322
I	1585	0.6093137808511933
II	1585	0.7916117385487171
III	1585	0.5255759481184807
IV	1585	0.7124573985938027
V	1585	0.8186262086204802
VI	1585	0.6880082617402216
VII	1585	0.6431224448640622
VIII	1585	0.6004198043875069
IX	1585	0.7534554250172771
X	1585	0.7706003746558838
XI	1585	0.8667623452346674
XII	1585	0.7355267270587297
XIII	1585	0.8225784293257149
XIV	1585	0.7039713999028474
XV	1585	0.7249367950436685
XVI	1585	0.666725734284322
I	1590	0.6093137808511933
II	1590	0.7916117385487171
III	1590	0.5255759481184807
IV	1590	0.713495302993016
V	1590	0.8186262086204802
VI	1590	0.6880082617402216
VII	1590	0.6431224448640622
VIII	1590	0.6004198043875069
IX	1590	0.7534554250172771
X	1590	0.7706003746558838
XI	1590	0.8667623452346674
XII	1590	0.7370014385393122
XIII	1590	0.8260129744675373
XIV	1590	0.7039713999028474
XV	1590	0.7263919522840379
XVI	1590	0.666725734284322
I	1595	0.6093137808511933
II	1595	0.7935694750511569
III	1595	0.5255759481184807
IV	1595	0.7145338601622917
V	1595	0.8186262086204802
VI	1595	0.6880082617402216
VII	1595	0.6431224448640622
VIII	1595	0.6032546392650402
IX	1595	0.7570768013676209
X	1595	0.7727391582445079
XI	1595	0.8691543094346866
XII	1595	0.7370014385393122
XIII	1595	0.8294605005673761
XIV	1595	0.7039713999028474
XV	1595	0.7263919522840379
XVI	1595	0.666725734284322
I	1600	0.6093137808511933
II	1600	0.7935694750511569
III	1600	0.5255759481184807
IV	1600	0.7145338601622917
V	1600	0.8186262086204802
VI	1600	0.6880082617402216
VII	1600	0.6460538618072488
VIII	1600	0.6032546392650402
IX	1600	0.7570768013676209
X	1600	0.7748792827632816
XI	1600	0.8715522722910068
XII	1600	0.7384835699518725
XIII	1600	0.8294605005673761
XIV	1600	0.7039713999028474
XV	1600	0.7278581056748383
XVI	1600	0.666725734284322
I	1605	0.6093137808511933
II	1605	0.7935694750511569
III	1605	0.5255759481184807
IV	1605	0.7145338601622917
V	1605	0.8186262086204802
VI	1605	0.6880082617402216
VII	1605	0.647524153482318
VIII	1605	0.6032546392650402
IX	1605	0.7570768013676209
X	1605	0.7748792827632816
XI	1605	0.8739577334677032
XII	1605	0.7384835699518725
XIII	1605	0.8294605005673761
XIV	1605	0.7039713999028474
XV	1605	0.7278581056748383
XVI	1605	0.666725734284322
I	1610	0.6093137808511933
II	1610	0.795544427829372
III	1610	0.5306112862971789
IV	1610	0.7145338601622917
V	1610	0.8186262086204802
VI	1610	0.6880082617402216
VII	1610	0.648998111720168
VIII	1610	0.6032546392650402
IX	1610	0.7607322773069508
X	1610	0.7748792827632816
XI	1610	0.8739577334677032
XII	1610	0.739974976279405
XIII	1610	0.8294605005673761
XIV	1610	0.7060189995830852
XV	1610	0.729332506178462
XVI	1610	0.666725734284322
I	1615	0.6093137808511933
II	1615	0.795544427829372
III	1615	0.5306112862971789
IV	1615	0.7145338601622917
V	1615	0.8214296873643828
VI	1615	0.6880082617402216
VII	1615	0.648998111720168
VIII	1615	0.6032546392650402
IX	1615	0.7643968464700105
X	1615	0.7748792827632816
XI	1615	0.8739577334677032
XII	1615	0.7414710200644236
XIII	1615	0.8294605005673761
XIV	1615	0.7080780739813319
XV	1615	0.729332506178462
XVI	1615	0.6684249830707989
I	1620	0.6093137808511933
II	1620	0.795544427829372
III	1620	0.5306112862971789
IV	1620	0.7145338601622917
V	1620	0.8214296873643828
VI	1620	0.6880082617402216
VII	1620	0.648998111720168
VIII	1620	0.6032546392650402
IX	1620	0.7680773287745972
X	1620	0.7748792827632816
XI	1620	0.8739577334677032
XII	1620	0.7414710200644236
XIII	1620	0.8294605005673761
XIV	1620	0.7080780739813319
XV	1620	0.7308169864866475
XVI	1620	0.6684249830707989
I	1625	0.6093137808511933
II	1625	0.795544427829372
III	1625	0.5306112862971789
IV	1625	0.7145338601622917
V	1625	0.8214296873643828
VI	1625	0.6880082617402216
VII	1625	0.6504849029277504
VIII	1625	0.6061427939208344
IX	1625	0.7680773287745972
X	1625	0.7748792827632816
XI	1625	0.8763916882618293
XII	1625	0.7414710200644236
XIII	1625	0.8294605005673761
XIV	1625	0.7080780739813319
XV	1625	0.7308169864866475
XVI	1625	0.6684249830707989
I	1630	0.6093137808511933
II	1630	0.7975439752872658
III	1630	0.5408040883939839
IV	1630	0.7145338601622917
V	1630	0.8242522610099468
VI	1630	0.6880082617402216
VII	1630	0.6504849029277504
VIII	1630	0.6061427939208344
IX	1630	0.7680773287745972
X	1630	0.7748792827632816
XI	1630	0.8763916882618293
XII	1630	0.7444909323793774
XIII	1630	0.8294605005673761
XIV	1630	0.7080780739813319
XV	1630	0.7338042740204034
XVI	1630	0.6684249830707989
I	1635	0.6093137808511933
II	1635	0.7975439752872658
III	1635	0.5408040883939839
IV	1635	0.7145338601622917
V	1635	0.8242522610099468
VI	1635	0.6880082617402216
VII	1635	0.6519799439015894
VIII	1635	0.6061427939208344
IX	1635	0.7680773287745972
X	1635	0.7748792827632816
XI	1635	0.8763916882618293
XII	1635	0.7444909323793774
XIII	1635	0.8294605005673761
XIV	1635	0.7080780739813319
XV	1635	0.7338042740204034
XVI	1635	0.6684249830707989
I	1640	0.6093137808511933
II	1640	0.7975439752872658
III	1640	0.5408040883939839
IV	1640	0.7145338601622917
V	1640	0.8242522610099468
VI	1640	0.6880082617402216
VII	1640	0.6534795680789044
VIII	1640	0.6061427939208344
IX	1640	0.7680773287745972
X	1640	0.7748792827632816
XI	1640	0.8763916882618293
XII	1640	0.7444909323793774
XIII	1640	0.8294605005673761
XIV	1640	0.7101664726589344
XV	1640	0.7338042740204034
XVI	1640	0.6684249830707989
I	1645	0.6093137808511933
II	1645	0.7975439752872658
III	1645	0.5408040883939839
IV	1645	0.7145338601622917
V	1645	0.8242522610099468
VI	1645	0.6880082617402216
VII	1645	0.6534795680789044
VIII	1645	0.6061427939208344
IX	1645	0.7680773287745972
X	1645	0.7748792827632816
XI	1645	0.8763916882618293
XII	1645	0.7444909323793774
XIII	1645	0.8294605005673761
XIV	1645	0.7101664726589344
XV	1645	0.7338042740204034
XVI	1645	0.6684249830707989
I	1650	0.6093137808511933
II	1650	0.7975439752872658
III	1650	0.5459646837413064
IV	1650	0.7145338601622917
V	1650	0.8242522610099468
VI	1650	0.6880082617402216
VII	1650	0.6534795680789044
VIII	1650	0.6061427939208344
IX	1650	0.771823736951224
X	1650	0.7748792827632816
XI	1650	0.8788616349937614
XII	1650	0.7444909323793774
XIII	1650	0.8294605005673761
XIV	1650	0.7101664726589344
XV	1650	0.7338042740204034
XVI	1650	0.6684249830707989
I	1655	0.6093137808511933
II	1655	0.7975439752872658
III	1655	0.5459646837413064
IV	1655	0.7145338601622917
V	1655	0.8242522610099468
VI	1655	0.6880082617402216
VII	1655	0.6534795680789044
VIII	1655	0.6090842683548894
IX	1655	0.771823736951224
X	1655	0.7748792827632816
XI	1655	0.8813420793742202
XII	1655	0.7444909323793774
XIII	1655	0.8294605005673761
XIV	1655	0.7122752708352192
XV	1655	0.735318993742274
XVI	1655	0.6701685325705172
I	1660	0.6093137808511933
II	1660	0.7975439752872658
III	1660	0.5459646837413064
IV	1660	0.7145338601622917
V	1660	0.8271286475601923
VI	1660	0.6880082617402216
VII	1660	0.6550002749922086
VIII	1660	0.6090842683548894
IX	1660	0.771823736951224
X	1660	0.7748792827632816
XI	1660	0.8813420793742202
XII	1660	0.7444909323793774
XIII	1660	0.8294605005673761
XIV	1660	0.7143917188235099
XV	1660	0.735318993742274
XVI	1660	0.6701685325705172
I	1665	0.6093137808511933
II	1665	0.7975439752872658
III	1665	0.5459646837413064
IV	1665	0.7145338601622917
V	1665	0.8300137136111931
VI	1665	0.6880082617402216
VII	1665	0.6580499385850734
VIII	1665	0.6090842683548894
IX	1665	0.771823736951224
X	1665	0.7748792827632816
XI	1665	0.8838375203954314
XII	1665	0.7444909323793774
XIII	1665	0.8312572815061373
XIV	1665	0.7143917188235099
XV	1665	0.735318993742274
XVI	1665	0.6701685325705172
I	1670	0.6093137808511933
II	1670	0.7975439752872658
III	1670	0.5459646837413064
IV	1670	0.7145338601622917
V	1670	0.8358012047147048
VI	1670	0.6880082617402216
VII	1670	0.6580499385850734
VIII	1670	0.6090842683548894
IX	1670	0.771823736951224
X	1670	0.7748792827632816
XI	1670	0.8838375203954314
XII	1670	0.7444909323793774
XIII	1670	0.8312572815061373
XIV	1670	0.7143917188235099
XV	1670	0.7368474586521835
XVI	1670	0.6736862201576683
I	1675	0.6093137808511933
II	1675	0.7975439752872658
III	1675	0.5459646837413064
IV	1675	0.7145338601622917
V	1675	0.8358012047147048
VI	1675	0.6880082617402216
VII	1675	0.6580499385850734
VIII	1675	0.6120612893077849
IX	1675	0.771823736951224
X	1675	0.7748792827632816
XI	1675	0.8863464583933199
XII	1675	0.7444909323793774
XIII	1675	0.8312572815061373
XIV	1675	0.7186590389541178
XV	1675	0.7383786725997007
XVI	1675	0.6736862201576683
I	1680	0.6093137808511933
II	1680	0.8016709625373839
III	1680	0.5459646837413064
IV	1680	0.7145338601622917
V	1680	0.8358012047147048
VI	1680	0.6880082617402216
VII	1680	0.659588061671586
VIII	1680	0.618020663191402
IX	1680	0.771823736951224
X	1680	0.7748792827632816
XI	1680	0.8863464583933199
XII	1680	0.7444909323793774
XIII	1680	0.8312572815061373
XIV	1680	0.7186590389541178
XV	1680	0.7383786725997007
XVI	1680	0.6736862201576683
I	1685	0.6093137808511933
II	1685	0.8037381453643948
III	1685	0.5512348791111751
IV	1685	0.7156318194072456
V	1685	0.8358012047147048
VI	1685	0.6880082617402216
VII	1685	0.6642161805415513
VIII	1685	0.618020663191402
IX	1685	0.771823736951224
X	1685	0.7748792827632816
XI	1685	0.8863464583933199
XII	1685	0.7460519005692016
XIII	1685	0.8312572815061373
XIV	1685	0.7186590389541178
XV	1685	0.7383786725997007
XVI	1685	0.6736862201576683
I	1690	0.6093137808511933
II	1690	0.8037381453643948
III	1690	0.5512348791111751
IV	1690	0.7156318194072456
V	1690	0.8358012047147048
VI	1690	0.6880082617402216
VII	1690	0.6642161805415513
VIII	1690	0.618020663191402
IX	1690	0.771823736951224
X	1690	0.7748792827632816
XI	1690	0.8863464583933199
XII	1690	0.7460519005692016
XIII	1690	0.8312572815061373
XIV	1690	0.7186590389541178
XV	1690	0.7383786725997007
XVI	1690	0.6736862201576683
I	1695	0.6093137808511933
II	1695	0.8037381453643948
III	1695	0.5565426516316312
IV	1695	0.7156318194072456
V	1695	0.8358012047147048
VI	1695	0.694271193843671
VII	1695	0.6642161805415513
VIII	1695	0.618020663191402
IX	1695	0.771823736951224
X	1695	0.7748792827632816
XI	1695	0.8863464583933199
XII	1695	0.7460519005692016
XIII	1695	0.8312572815061373
XIV	1695	0.7186590389541178
XV	1695	0.7414805033671129
XVI	1695	0.6754740703706282
I	1700	0.6093137808511933
II	1700	0.8037381453643948
III	1700	0.5565426516316312
IV	1700	0.7156318194072456
V	1700	0.8387504990712934
VI	1700	0.694271193843671
VII	1700	0.6642161805415513
VIII	1700	0.618020663191402
IX	1700	0.771823736951224
X	1700	0.7748792827632816
XI	1700	0.8863464583933199
XII	1700	0.747626781131484
XIII	1700	0.8312572815061373
XIV	1700	0.7186590389541178
XV	1700	0.7445914975932175
XVI	1700	0.6754740703706282
I	1705	0.6093137808511933
II	1705	0.8037381453643948
III	1705	0.5565426516316312
IV	1705	0.7156318194072456
V	1705	0.8387504990712934
VI	1705	0.694271193843671
VII	1705	0.6657763030047482
VIII	1705	0.618020663191402
IX	1705	0.7756951769541338
X	1705	0.7748792827632816
XI	1705	0.8863464583933199
XII	1705	0.7492062991512526
XIII	1705	0.8331005775444571
XIV	1705	0.7186590389541178
XV	1705	0.7445914975932175
XVI	1705	0.6754740703706282
I	1710	0.6093137808511933
II	1710	0.8037381453643948
III	1710	0.5565426516316312
IV	1710	0.7156318194072456
V	1710	0.8417154165292412
VI	1710	0.694271193843671
VII	1710	0.6657763030047482
VIII	1710	0.618020663191402
IX	1710	0.7756951769541338
X	1710	0.7748792827632816
XI	1710	0.8863464583933199
XII	1710	0.7492062991512526
XIII	1710	0.8331005775444571
XIV	1710	0.720837960407123
XV	1710	0.7445914975932175
XVI	1710	0.6772745779302285
I	1715	0.6093137808511933
II	1715	0.8037381453643948
III	1715	0.5565426516316312
IV	1715	0.7156318194072456
V	1715	0.8446872775877932
VI	1715	0.694271193843671
VII	1715	0.6657763030047482
VIII	1715	0.6210616678782105
IX	1715	0.7756951769541338
X	1715	0.7771789779698586
XI	1715	0.8863464583933199
XII	1715	0.7492062991512526
XIII	1715	0.8349557727942919
XIV	1715	0.720837960407123
XV	1715	0.7477281495036613
XVI	1715	0.6790814141631489
I	1720	0.6093137808511933
II	1720	0.8037381453643948
III	1720	0.5565426516316312
IV	1720	0.7156318194072456
V	1720	0.8476695540472512
VI	1720	0.694271193843671
VII	1720	0.6657763030047482
VIII	1720	0.6210616678782105
IX	1720	0.7756951769541338
X	1720	0.7794853778271836
XI	1720	0.8863464583933199
XII	1720	0.7492062991512526
XIII	1720	0.8368152950301321
XIV	1720	0.720837960407123
XV	1720	0.7477281495036613
XVI	1720	0.6790814141631489
I	1725	0.6093137808511933
II	1725	0.8037381453643948
III	1725	0.5565426516316312
IV	1725	0.7156318194072456
V	1725	0.8476695540472512
VI	1725	0.694271193843671
VII	1725	0.6673538416411535
VIII	1725	0.6210616678782105
IX	1725	0.7756951769541338
X	1725	0.7794853778271836
XI	1725	0.8863464583933199
XII	1725	0.7492062991512526
XIII	1725	0.8368152950301321
XIV	1725	0.720837960407123
XV	1725	0.7477281495036613
XVI	1725	0.6790814141631489
I	1730	0.6093137808511933
II	1730	0.8037381453643948
III	1730	0.5565426516316312
IV	1730	0.7167604588451323
V	1730	0.8476695540472512
VI	1730	0.694271193843671
VII	1730	0.6673538416411535
VIII	1730	0.6210616678782105
IX	1730	0.7756951769541338
X	1730	0.7818011641955559
XI	1730	0.8863464583933199
XII	1730	0.7492062991512526
XIII	1730	0.8368152950301321
XIV	1730	0.720837960407123
XV	1730	0.7477281495036613
XVI	1730	0.6790814141631489
I	1735	0.6093137808511933
II	1735	0.8037381453643948
III	1735	0.5565426516316312
IV	1735	0.71902165434128
V	1735	0.8476695540472512
VI	1735	0.694271193843671
VII	1735	0.668942379965901
VIII	1735	0.6210616678782105
IX	1735	0.7756951769541338
X	1735	0.7818011641955559
XI	1735	0.8889468758997985
XII	1735	0.7492062991512526
XIII	1735	0.838692125209994
XIV	1735	0.720837960407123
XV	1735	0.7477281495036613
XVI	1735	0.6790814141631489
I	1740	0.6093137808511933
II	1740	0.8037381453643948
III	1740	0.5674274995850856
IV	1740	0.7201568214797905
V	1740	0.8506830767094277
VI	1740	0.694271193843671
VII	1740	0.668942379965901
VIII	1740	0.6210616678782105
IX	1740	0.7756951769541338
X	1740	0.7818011641955559
XI	1740	0.8915502927344275
XII	1740	0.7492062991512526
XIII	1740	0.838692125209994
XIV	1740	0.720837960407123
XV	1740	0.7493225913161567
XVI	1740	0.6790814141631489
I	1745	0.6093137808511933
II	1745	0.8058803419644263
III	1745	0.5674274995850856
IV	1745	0.7212952524686131
V	1745	0.8506830767094277
VI	1745	0.694271193843671
VII	1745	0.668942379965901
VIII	1745	0.6210616678782105
IX	1745	0.7756951769541338
X	1745	0.7818011641955559
XI	1745	0.8915502927344275
XII	1745	0.7492062991512526
XIII	1745	0.838692125209994
XIV	1745	0.720837960407123
XV	1745	0.7493225913161567
XVI	1745	0.6790814141631489
I	1750	0.6093137808511933
II	1750	0.8058803419644263
III	1750	0.5674274995850856
IV	1750	0.7224369473077478
V	1750	0.8567465759369521
VI	1750	0.694271193843671
VII	1750	0.668942379965901
VIII	1750	0.6210616678782105
IX	1750	0.7756951769541338
X	1750	0.7818011641955559
XI	1750	0.8915502927344275
XII	1750	0.7492062991512526
XIII	1750	0.838692125209994
XIV	1750	0.720837960407123
XV	1750	0.7493225913161567
XVI	1750	0.6790814141631489
I	1755	0.6169369901571554
II	1755	0.8058803419644263
III	1755	0.5674274995850856
IV	1755	0.7235825587672567
V	1755	0.8567465759369521
VI	1755	0.694271193843671
VII	1755	0.668942379965901
VIII	1755	0.6210616678782105
IX	1755	0.7756951769541338
X	1755	0.7841504738176683
XI	1755	0.8915502927344275
XII	1755	0.7492062991512526
XIII	1755	0.838692125209994
XIV	1755	0.720837960407123
XV	1755	0.7493225913161567
XVI	1755	0.6790814141631489
I	1760	0.6169369901571554
II	1760	0.8058803419644263
III	1760	0.5729262892876938
IV	1760	0.7258776983066492
V	1760	0.8598017602027531
VI	1760	0.694271193843671
VII	1760	0.670553834308028
VIII	1760	0.6210616678782105
IX	1760	0.7756951769541338
X	1760	0.7841504738176683
XI	1760	0.8941897015068625
XII	1760	0.7508386841863627
XIII	1760	0.8405949173058888
XIV	1760	0.7253233001798981
XV	1760	0.7493225913161567
XVI	1760	0.6790814141631489
I	1765	0.6169369901571554
II	1765	0.8058803419644263
III	1765	0.5729262892876938
IV	1765	0.7258776983066492
V	1765	0.8598017602027531
VI	1765	0.694271193843671
VII	1765	0.670553834308028
VIII	1765	0.6210616678782105
IX	1765	0.7756951769541338
X	1765	0.7841504738176683
XI	1765	0.8941897015068625
XII	1765	0.7524747791874618
XIII	1765	0.8405949173058888
XIV	1765	0.7275710699409562
XV	1765	0.7509390254295142
XVI	1765	0.6790814141631489
I	1770	0.6169369901571554
II	1770	0.8080569711160082
III	1770	0.5729262892876938
IV	1770	0.727031143006907
V	1770	0.8598017602027531
VI	1770	0.694271193843671
VII	1770	0.670553834308028
VIII	1770	0.6210616678782105
IX	1770	0.7756951769541338
X	1770	0.7888920028266807
XI	1770	0.8941897015068625
XII	1770	0.7524747791874618
XIII	1770	0.8405949173058888
XIV	1770	0.7275710699409562
XV	1770	0.7509390254295142
XVI	1770	0.6790814141631489
I	1775	0.6169369901571554
II	1775	0.8080569711160082
III	1775	0.5729262892876938
IV	1775	0.727031143006907
V	1775	0.8598017602027531
VI	1775	0.694271193843671
VII	1775	0.670553834308028
VIII	1775	0.6210616678782105
IX	1775	0.7756951769541338
X	1775	0.7912708129120846
XI	1775	0.8941897015068625
XII	1775	0.7524747791874618
XIII	1775	0.8405949173058888
XIV	1775	0.7275710699409562
XV	1775	0.7509390254295142
XVI	1775	0.6790814141631489
I	1780	0.6169369901571554
II	1780	0.8080569711160082
III	1780	0.5729262892876938
IV	1780	0.7293517405787329
V	1780	0.8598017602027531
VI	1780	0.694271193843671
VII	1780	0.6721827048233633
VIII	1780	0.6210616678782105
IX	1780	0.7797393882079074
X	1780	0.793657668578386
XI	1780	0.8941897015068625
XII	1780	0.7524747791874618
XIII	1780	0.8425193443318106
XIV	1780	0.7275710699409562
XV	1780	0.7509390254295142
XVI	1780	0.6790814141631489
I	1785	0.6169369901571554
II	1785	0.8080569711160082
III	1785	0.5729262892876938
IV	1785	0.73168082416137
V	1785	0.8598017602027531
VI	1785	0.694271193843671
VII	1785	0.6721827048233633
VIII	1785	0.6210616678782105
IX	1785	0.7797393882079074
X	1785	0.793657668578386
XI	1785	0.8941897015068625
XII	1785	0.7524747791874618
XIII	1785	0.8425193443318106
XIV	1785	0.7275710699409562
XV	1785	0.7509390254295142
XVI	1785	0.6809631396970253
I	1790	0.6169369901571554
II	1790	0.8080569711160082
III	1790	0.5729262892876938
IV	1790	0.73168082416137
V	1790	0.8629055496727828
VI	1790	0.694271193843671
VII	1790	0.6738225750270409
VIII	1790	0.6210616678782105
IX	1790	0.7797393882079074
X	1790	0.7960552516858844
XI	1790	0.8941897015068625
XII	1790	0.7524747791874618
XIII	1790	0.8444556705692474
XIV	1790	0.7298481639813702
XV	1790	0.7509390254295142
XVI	1790	0.6809631396970253
I	1795	0.6169369901571554
II	1795	0.8080569711160082
III	1795	0.5729262892876938
IV	1795	0.73168082416137
V	1795	0.8629055496727828
VI	1795	0.694271193843671
VII	1795	0.6738225750270409
VIII	1795	0.6210616678782105
IX	1795	0.7797393882079074
X	1795	0.7960552516858844
XI	1795	0.8941897015068625
XII	1795	0.7541396264249748
XIII	1795	0.8463941602996871
XIV	1795	0.7298481639813702
XV	1795	0.7509390254295142
XVI	1795	0.6809631396970253
I	1800	0.6169369901571554
II	1800	0.8080569711160082
III	1800	0.5729262892876938
IV	1800	0.73168082416137
V	1800	0.8629055496727828
VI	1800	0.694271193843671
VII	1800	0.6738225750270409
VIII	1800	0.6210616678782105
IX	1800	0.7797393882079074
X	1800	0.7960552516858844
XI	1800	0.8941897015068625
XII	1800	0.7541396264249748
XIII	1800	0.8463941602996871
XIV	1800	0.7321392826771282
XV	1800	0.7509390254295142
XVI	1800	0.6828606869142022
I	1805	0.6169369901571554
II	1805	0.8080569711160082
III	1805	0.5785659933050044
IV	1805	0.7328571158138117
V	1805	0.8629055496727828
VI	1805	0.694271193843671
VII	1805	0.6738225750270409
VIII	1805	0.6210616678782105
IX	1805	0.7797393882079074
X	1805	0.7960552516858844
XI	1805	0.8941897015068625
XII	1805	0.7541396264249748
XIII	1805	0.8463941602996871
XIV	1805	0.7321392826771282
XV	1805	0.7525902806859032
XVI	1805	0.6828606869142022
I	1810	0.6169369901571554
II	1810	0.8080569711160082
III	1810	0.5785659933050044
IV	1810	0.7328571158138117
V	1810	0.8629055496727828
VI	1810	0.694271193843671
VII	1810	0.6738225750270409
VIII	1810	0.6210616678782105
IX	1810	0.7797393882079074
X	1810	0.7960552516858844
XI	1810	0.8941897015068625
XII	1810	0.7541396264249748
XIII	1810	0.8483510397206497
XIV	1810	0.7321392826771282
XV	1810	0.7525902806859032
XVI	1810	0.6847666723624727
I	1815	0.6169369901571554
II	1815	0.8102864788288997
III	1815	0.5785659933050044
IV	1815	0.7352247128301302
V	1815	0.8629055496727828
VI	1815	0.694271193843671
VII	1815	0.6738225750270409
VIII	1815	0.6210616678782105
IX	1815	0.7797393882079074
X	1815	0.7960552516858844
XI	1815	0.8969100921393608
XII	1815	0.7541396264249748
XIII	1815	0.8483510397206497
XIV	1815	0.7321392826771282
XV	1815	0.7525902806859032
XVI	1815	0.6847666723624727
I	1820	0.6169369901571554
II	1820	0.8102864788288997
III	1820	0.5785659933050044
IV	1820	0.7352247128301302
V	1820	0.8629055496727828
VI	1820	0.694271193843671
VII	1820	0.6738225750270409
VIII	1820	0.6210616678782105
IX	1820	0.7797393882079074
X	1820	0.7960552516858844
XI	1820	0.8969100921393608
XII	1820	0.7541396264249748
XIII	1820	0.8483510397206497
XIV	1820	0.7321392826771282
XV	1820	0.7525902806859032
XVI	1820	0.6847666723624727
I	1825	0.6169369901571554
II	1825	0.8102864788288997
III	1825	0.5785659933050044
IV	1825	0.7364160181940071
V	1825	0.8629055496727828
VI	1825	0.694271193843671
VII	1825	0.6738225750270409
VIII	1825	0.6210616678782105
IX	1825	0.7797393882079074
X	1825	0.7960552516858844
XI	1825	0.8969100921393608
XII	1825	0.7541396264249748
XIII	1825	0.8483510397206497
XIV	1825	0.7344622755895774
XV	1825	0.7542598628596772
XVI	1825	0.6847666723624727
I	1830	0.6169369901571554
II	1830	0.8102864788288997
III	1830	0.5785659933050044
IV	1830	0.7364160181940071
V	1830	0.8629055496727828
VI	1830	0.694271193843671
VII	1830	0.6738225750270409
VIII	1830	0.6210616678782105
IX	1830	0.7797393882079074
X	1830	0.7960552516858844
XI	1830	0.8969100921393608
XII	1830	0.7541396264249748
XIII	1830	0.8503284723251384
XIV	1830	0.7344622755895774
XV	1830	0.7542598628596772
XVI	1830	0.6847666723624727
I	1835	0.6248990087656048
II	1835	0.8125381217535023
III	1835	0.5785659933050044
IV	1835	0.7364160181940071
V	1835	0.8629055496727828
VI	1835	0.694271193843671
VII	1835	0.6738225750270409
VIII	1835	0.6210616678782105
IX	1835	0.7797393882079074
X	1835	0.7960552516858844
XI	1835	0.8969100921393608
XII	1835	0.7541396264249748
XIII	1835	0.8503284723251384
XIV	1835	0.7344622755895774
XV	1835	0.7542598628596772
XVI	1835	0.6847666723624727
I	1840	0.6328784022100792
II	1840	0.8147959133480246
III	1840	0.5785659933050044
IV	1840	0.7364160181940071
V	1840	0.8629055496727828
VI	1840	0.694271193843671
VII	1840	0.6738225750270409
VIII	1840	0.6210616678782105
IX	1840	0.7797393882079074
X	1840	0.7960552516858844
XI	1840	0.8969100921393608
XII	1840	0.7558443557968683
XIII	1840	0.8503284723251384
XIV	1840	0.7344622755895774
XV	1840	0.7542598628596772
XVI	1840	0.6847666723624727
I	1845	0.6328784022100792
II	1845	0.8170623130804344
III	1845	0.5785659933050044
IV	1845	0.7364160181940071
V	1845	0.8661082854514208
VI	1845	0.694271193843671
VII	1845	0.6738225750270409
VIII	1845	0.6243408342412506
IX	1845	0.7797393882079074
X	1845	0.798523904091312
XI	1845	0.8969100921393608
XII	1845	0.7575537226262479
XIII	1845	0.8503284723251384
XIV	1845	0.7368094929067118
XV	1845	0.7542598628596772
XVI	1845	0.6847666723624727
I	1850	0.6328784022100792
II	1850	0.8170623130804344
III	1850	0.5785659933050044
IV	1850	0.7364160181940071
V	1850	0.8661082854514208
VI	1850	0.694271193843671
VII	1850	0.6755183603131245
VIII	1850	0.6243408342412506
IX	1850	0.7797393882079074
X	1850	0.798523904091312
XI	1850	0.8969100921393608
XII	1850	0.7575537226262479
XIII	1850	0.8523253763666515
XIV	1850	0.7368094929067118
XV	1850	0.7559532700260517
XVI	1850	0.6847666723624727
I	1855	0.6328784022100792
II	1855	0.8170623130804344
III	1855	0.5843747944999578
IV	1855	0.7364160181940071
V	1855	0.8661082854514208
VI	1855	0.694271193843671
VII	1855	0.6755183603131245
VIII	1855	0.6243408342412506
IX	1855	0.7797393882079074
X	1855	0.798523904091312
XI	1855	0.8996874700067184
XII	1855	0.7575537226262479
XIII	1855	0.8523253763666515
XIV	1855	0.7368094929067118
XV	1855	0.7559532700260517
XVI	1855	0.6847666723624727
I	1860	0.6328784022100792
II	1860	0.8193471588226034
III	1860	0.5843747944999578
IV	1860	0.7364160181940071
V	1860	0.8661082854514208
VI	1860	0.7011411713755872
VII	1860	0.6755183603131245
VIII	1860	0.6243408342412506
IX	1860	0.7797393882079074
X	1860	0.798523904091312
XI	1860	0.8996874700067184
XII	1860	0.7592788568110802
XIII	1860	0.8523253763666515
XIV	1860	0.7368094929067118
XV	1860	0.7559532700260517
XVI	1860	0.6847666723624727
I	1865	0.6328784022100792
II	1865	0.8193471588226034
III	1865	0.5843747944999578
IV	1865	0.7376314760501927
V	1865	0.8661082854514208
VI	1865	0.7011411713755872
VII	1865	0.6755183603131245
VIII	1865	0.6243408342412506
IX	1865	0.7797393882079074
X	1865	0.8010207160298813
XI	1865	0.8996874700067184
XII	1865	0.762733762638231
XIII	1865	0.8523253763666515
XIV	1865	0.7368094929067118
XV	1865	0.7576585896887265
XVI	1865	0.6847666723624727
I	1870	0.6328784022100792
II	1870	0.821645531638596
III	1870	0.5902243042747141
IV	1870	0.7388515032968151
V	1870	0.8661082854514208
VI	1870	0.7011411713755872
VII	1870	0.6755183603131245
VIII	1870	0.6243408342412506
IX	1870	0.7797393882079074
X	1870	0.8010207160298813
XI	1870	0.8996874700067184
XII	1870	0.762733762638231
XIII	1870	0.8523253763666515
XIV	1870	0.7368094929067118
XV	1870	0.7593712401183552
XVI	1870	0.6847666723624727
I	1875	0.6328784022100792
II	1875	0.821645531638596
III	1875	0.5902243042747141
IV	1875	0.7388515032968151
V	1875	0.8661082854514208
VI	1875	0.7011411713755872
VII	1875	0.6755183603131245
VIII	1875	0.6243408342412506
IX	1875	0.7797393882079074
X	1875	0.8010207160298813
XI	1875	0.8996874700067184
XII	1875	0.762733762638231
XIII	1875	0.8523253763666515
XIV	1875	0.7368094929067118
XV	1875	0.7593712401183552
XVI	1875	0.6847666723624727
I	1880	0.6328784022100792
II	1880	0.821645531638596
III	1880	0.5902243042747141
IV	1880	0.7388515032968151
V	1880	0.8661082854514208
VI	1880	0.7011411713755872
VII	1880	0.6755183603131245
VIII	1880	0.6243408342412506
IX	1880	0.7840041101371258
X	1880	0.8010207160298813
XI	1880	0.8996874700067184
XII	1880	0.7644746641785162
XIII	1880	0.8523253763666515
XIV	1880	0.7368094929067118
XV	1880	0.7593712401183552
XVI	1880	0.6847666723624727
I	1885	0.6328784022100792
II	1885	0.821645531638596
III	1885	0.5902243042747141
IV	1885	0.7388515032968151
V	1885	0.8661082854514208
VI	1885	0.7011411713755872
VII	1885	0.6755183603131245
VIII	1885	0.6243408342412506
IX	1885	0.7840041101371258
X	1885	0.8010207160298813
XI	1885	0.8996874700067184
XII	1885	0.7644746641785162
XIII	1885	0.8543612232822136
XIV	1885	0.7368094929067118
XV	1885	0.7593712401183552
XVI	1885	0.6867538757850192
I	1890	0.6328784022100792
II	1890	0.8262890071619707
III	1890	0.5902243042747141
IV	1890	0.7388515032968151
V	1890	0.8661082854514208
VI	1890	0.7011411713755872
VII	1890	0.6772489779456249
VIII	1890	0.6243408342412506
IX	1890	0.788300658349398
X	1890	0.8010207160298813
XI	1890	0.8996874700067184
XII	1890	0.7662239131422762
XIII	1890	0.8543612232822136
XIV	1890	0.7368094929067118
XV	1890	0.7593712401183552
XVI	1890	0.6867538757850192
I	1895	0.6328784022100792
II	1895	0.8262890071619707
III	1895	0.5902243042747141
IV	1895	0.7413215852129303
V	1895	0.8661082854514208
VI	1895	0.7011411713755872
VII	1895	0.6772489779456249
VIII	1895	0.6243408342412506
IX	1895	0.788300658349398
X	1895	0.8010207160298813
XI	1895	0.8996874700067184
XII	1895	0.7662239131422762
XIII	1895	0.8543612232822136
XIV	1895	0.7368094929067118
XV	1895	0.7611067991947152
XVI	1895	0.6867538757850192
I	1900	0.6328784022100792
II	1900	0.8262890071619707
III	1900	0.5902243042747141
IV	1900	0.7437988475997318
V	1900	0.8661082854514208
VI	1900	0.7011411713755872
VII	1900	0.6772489779456249
VIII	1900	0.6243408342412506
IX	1900	0.788300658349398
X	1900	0.8035658014538365
XI	1900	0.902536831749688
XII	1900	0.7662239131422762
XIII	1900	0.8543612232822136
XIV	1900	0.7368094929067118
XV	1900	0.7628441909628138
XVI	1900	0.6867538757850192
I	1905	0.6328784022100792
II	1905	0.8262890071619707
III	1905	0.5902243042747141
IV	1905	0.7450410690284758
V	1905	0.8661082854514208
VI	1905	0.7011411713755872
VII	1905	0.6772489779456249
VIII	1905	0.6243408342412506
IX	1905	0.788300658349398
X	1905	0.8035658014538365
XI	1905	0.902536831749688
XII	1905	0.7662239131422762
XIII	1905	0.8543612232822136
XIV	1905	0.7368094929067118
XV	1905	0.7628441909628138
XVI	1905	0.6867538757850192
I	1910	0.6328784022100792
II	1910	0.8262890071619707
III	1910	0.5902243042747141
IV	1910	0.7450410690284758
V	1910	0.8694186470394223
VI	1910	0.7011411713755872
VII	1910	0.6772489779456249
VIII	1910	0.6243408342412506
IX	1910	0.788300658349398
X	1910	0.8035658014538365
XI	1910	0.902536831749688
XII	1910	0.7662239131422762
XIII	1910	0.8564273590998138
XIV	1910	0.7368094929067118
XV	1910	0.7645907461896048
XVI	1910	0.6867538757850192
I	1915	0.6328784022100792
II	1915	0.8262890071619707
III	1915	0.5902243042747141
IV	1915	0.7462885126177189
V	1915	0.8694186470394223
VI	1915	0.7011411713755872
VII	1915	0.6772489779456249
VIII	1915	0.6243408342412506
IX	1915	0.788300658349398
X	1915	0.8061283189697366
XI	1915	0.9054071887897112
XII	1915	0.7662239131422762
XIII	1915	0.8564273590998138
XIV	1915	0.7368094929067118
XV	1915	0.7645907461896048
XVI	1915	0.6867538757850192
I	1920	0.6328784022100792
II	1920	0.8286500964111443
III	1920	0.5902243042747141
IV	1920	0.7462885126177189
V	1920	0.8694186470394223
VI	1920	0.7011411713755872
VII	1920	0.6790052615175903
VIII	1920	0.6243408342412506
IX	1920	0.788300658349398
X	1920	0.8061283189697366
XI	1920	0.9082850441501104
XII	1920	0.768004696816942
XIII	1920	0.8564273590998138
XIV	1920	0.7368094929067118
XV	1920	0.7645907461896048
XVI	1920	0.6867538757850192
I	1925	0.6328784022100792
II	1925	0.8286500964111443
III	1925	0.5902243042747141
IV	1925	0.7462885126177189
V	1925	0.8694186470394223
VI	1925	0.7011411713755872
VII	1925	0.6790052615175903
VIII	1925	0.6243408342412506
IX	1925	0.788300658349398
X	1925	0.8061283189697366
XI	1925	0.9082850441501104
XII	1925	0.7733553952644139
XIII	1925	0.8564273590998138
XIV	1925	0.7392587077172579
XV	1925	0.7645907461896048
XVI	1925	0.6867538757850192
I	1930	0.6328784022100792
II	1930	0.8286500964111443
III	1930	0.5902243042747141
IV	1930	0.7462885126177189
V	1930	0.8694186470394223
VI	1930	0.7011411713755872
VII	1930	0.6790052615175903
VIII	1930	0.627763964005595
IX	1930	0.788300658349398
X	1930	0.8061283189697366
XI	1930	0.9082850441501104
XII	1930	0.7733553952644139
XIII	1930	0.8564273590998138
XIV	1930	0.7392587077172579
XV	1930	0.7663592937172579
XVI	1930	0.6867538757850192
I	1935	0.6328784022100792
II	1935	0.8286500964111443
III	1935	0.5902243042747141
IV	1935	0.7462885126177189
V	1935	0.8694186470394223
VI	1935	0.7011411713755872
VII	1935	0.6807771279813739
VIII	1935	0.627763964005595
IX	1935	0.7926949587167643
X	1935	0.8061283189697366
XI	1935	0.9082850441501104
XII	1935	0.7733553952644139
XIII	1935	0.8564273590998138
XIV	1935	0.7392587077172579
XV	1935	0.7663592937172579
XVI	1935	0.6867538757850192
I	1940	0.6328784022100792
II	1940	0.831032091138045
III	1940	0.5902243042747141
IV	1940	0.7462885126177189
V	1940	0.8694186470394223
VI	1940	0.7011411713755872
VII	1940	0.6807771279813739
VIII	1940	0.627763964005595
IX	1940	0.7926949587167643
X	1940	0.8061283189697366
XI	1940	0.9082850441501104
XII	1940	0.7751519462945323
XIII	1940	0.8564273590998138
XIV	1940	0.7417308719638215
XV	1940	0.7663592937172579
XVI	1940	0.6867538757850192
I	1945	0.6328784022100792
II	1945	0.831032091138045
III	1945	0.5963149340990721
IV	1945	0.7462885126177189
V	1945	0.8694186470394223
VI	1945	0.7011411713755872
VII	1945	0.6807771279813739
VIII	1945	0.627763964005595
IX	1945	0.7926949587167643
X	1945	0.8061283189697366
XI	1945	0.9082850441501104
XII	1945	0.7769549897651313
XIII	1945	0.8564273590998138
XIV	1945	0.7417308719638215
XV	1945	0.7663592937172579
XVI	1945	0.6867538757850192
I	1950	0.6328784022100792
II	1950	0.831032091138045
III	1950	0.5963149340990721
IV	1950	0.7462885126177189
V	1950	0.8694186470394223
VI	1950	0.7083590895799171
VII	1950	0.6825609107741948
VIII	1950	0.627763964005595
IX	1950	0.7926949587167643
X	1950	0.8061283189697366
XI	1950	0.9082850441501104
XII	1950	0.7769549897651313
XIII	1950	0.8564273590998138
XIV	1950	0.7417308719638215
XV	1950	0.7663592937172579
XVI	1950	0.6867538757850192
I	1955	0.6328784022100792
II	1955	0.831032091138045
III	1955	0.602424352498724
IV	1955	0.7462885126177189
V	1955	0.8694186470394223
VI	1955	0.7083590895799171
VII	1955	0.684352026692577
VIII	1955	0.6312333042444321
IX	1955	0.7926949587167643
X	1955	0.8061283189697366
XI	1955	0.9082850441501104
XII	1955	0.7769549897651313
XIII	1955	0.8564273590998138
XIV	1955	0.7442183358343969
XV	1955	0.7681498335457728
XVI	1955	0.6867538757850192
I	1960	0.6328784022100792
II	1960	0.831032091138045
III	1960	0.602424352498724
IV	1960	0.7462885126177189
V	1960	0.872821011335428
VI	1960	0.7083590895799171
VII	1960	0.684352026692577
VIII	1960	0.6347133084389213
IX	1960	0.7926949587167643
X	1960	0.8061283189697366
XI	1960	0.9082850441501104
XII	1960	0.7769549897651313
XIII	1960	0.8585432552564767
XIV	1960	0.7442183358343969
XV	1960	0.7681498335457728
XVI	1960	0.6867538757850192
I	1965	0.6328784022100792
II	1965	0.8334485184164961
III	1965	0.6085650851905318
IV	1965	0.7462885126177189
V	1965	0.872821011335428
VI	1965	0.7083590895799171
VII	1965	0.6861495590958256
VIII	1965	0.6347133084389213
IX	1965	0.7926949587167643
X	1965	0.8061283189697366
XI	1965	0.9082850441501104
XII	1965	0.7769549897651313
XIII	1965	0.8585432552564767
XIV	1965	0.7442183358343969
XV	1965	0.7681498335457728
XVI	1965	0.6867538757850192
I	1970	0.6328784022100792
II	1970	0.8334485184164961
III	1970	0.6085650851905318
IV	1970	0.7462885126177189
V	1970	0.872821011335428
VI	1970	0.7083590895799171
VII	1970	0.6879516747025501
VIII	1970	0.6347133084389213
IX	1970	0.7926949587167643
X	1970	0.8087699513644635
XI	1970	0.9082850441501104
XII	1970	0.7769549897651313
XIII	1970	0.8585432552564767
XIV	1970	0.7442183358343969
XV	1970	0.7681498335457728
XVI	1970	0.6867538757850192
I	1975	0.6328784022100792
II	1975	0.8334485184164961
III	1975	0.6085650851905318
IV	1975	0.7462885126177189
V	1975	0.872821011335428
VI	1975	0.7083590895799171
VII	1975	0.6879516747025501
VIII	1975	0.6347133084389213
IX	1975	0.7926949587167643
X	1975	0.8087699513644635
XI	1975	0.9082850441501104
XII	1975	0.7787840029976525
XIII	1975	0.8585432552564767
XIV	1975	0.7467363989529957
XV	1975	0.7681498335457728
XVI	1975	0.6867538757850192
I	1980	0.6328784022100792
II	1980	0.8358821619707225
III	1980	0.6085650851905318
IV	1980	0.7462885126177189
V	1980	0.872821011335428
VI	1980	0.7083590895799171
VII	1980	0.6879516747025501
VIII	1980	0.6347133084389213
IX	1980	0.7926949587167643
X	1980	0.8087699513644635
XI	1980	0.9082850441501104
XII	1980	0.7787840029976525
XIII	1980	0.8585432552564767
XIV	1980	0.7467363989529957
XV	1980	0.7681498335457728
XVI	1980	0.6867538757850192
I	1985	0.6328784022100792
II	1985	0.8358821619707225
III	1985	0.6085650851905318
IV	1985	0.7462885126177189
V	1985	0.872821011335428
VI	1985	0.7083590895799171
VII	1985	0.6879516747025501
VIII	1985	0.6347133084389213
IX	1985	0.7926949587167643
X	1985	0.8087699513644635
XI	1985	0.9082850441501104
XII	1985	0.7787840029976525
XIII	1985	0.8585432552564767
XIV	1985	0.7517929246888758
XV	1985	0.7681498335457728
XVI	1985	0.6867538757850192
I	1990	0.6328784022100792
II	1990	0.8383293325987722
III	1990	0.6085650851905318
IV	1990	0.7462885126177189
V	1990	0.872821011335428
VI	1990	0.7083590895799171
VII	1990	0.6879516747025501
VIII	1990	0.6347133084389213
IX	1990	0.7926949587167643
X	1990	0.8087699513644635
XI	1990	0.9082850441501104
XII	1990	0.7806297110771238
XIII	1990	0.8606926855546817
XIV	1990	0.7517929246888758
XV	1990	0.7699724454797117
XVI	1990	0.6867538757850192
I	1995	0.6328784022100792
II	1995	0.8383293325987722
III	1995	0.6085650851905318
IV	1995	0.7462885126177189
V	1995	0.872821011335428
VI	1995	0.7083590895799171
VII	1995	0.6879516747025501
VIII	1995	0.6347133084389213
IX	1995	0.8017540828574546
X	1995	0.8087699513644635
XI	1995	0.9082850441501104
XII	1995	0.7806297110771238
XIII	1995	0.8606926855546817
XIV	1995	0.7517929246888758
XV	1995	0.7699724454797117
XVI	1995	0.6867538757850192
I	2000	0.6328784022100792
II	2000	0.8383293325987722
III	2000	0.6085650851905318
IV	2000	0.7462885126177189
V	2000	0.872821011335428
VI	2000	0.7083590895799171
VII	2000	0.6879516747025501
VIII	2000	0.6347133084389213
IX	2000	0.8017540828574546
X	2000	0.8087699513644635
XI	2000	0.9082850441501104
XII	2000	0.7806297110771238
XIII	2000	0.8628561785574045
XIV	2000	0.7568864245161175
XV	2000	0.7699724454797117
XVI	2000	0.6867538757850192
I	2005	0.6328784022100792
II	2005	0.8383293325987722
III	2005	0.614831075050964
IV	2005	0.7462885126177189
V	2005	0.872821011335428
VI	2005	0.7083590895799171
VII	2005	0.6916228206867472
VIII	2005	0.6382715149748597
IX	2005	0.8017540828574546
X	2005	0.8114558344541275
XI	2005	0.9082850441501104
XII	2005	0.7806297110771238
XIII	2005	0.8628561785574045
XIV	2005	0.7568864245161175
XV	2005	0.7699724454797117
XVI	2005	0.6867538757850192
I	2010	0.6328784022100792
II	2010	0.8383293325987722
III	2010	0.614831075050964
IV	2010	0.7462885126177189
V	2010	0.872821011335428
VI	2010	0.7083590895799171
VII	2010	0.6916228206867472
VIII	2010	0.6382715149748597
IX	2010	0.8017540828574546
X	2010	0.8114558344541275
XI	2010	0.9082850441501104
XII	2010	0.7806297110771238
XIII	2010	0.8628561785574045
XIV	2010	0.7568864245161175
XV	2010	0.7699724454797117
XVI	2010	0.6867538757850192
I	2015	0.6328784022100792
II	2015	0.8383293325987722
III	2015	0.614831075050964
IV	2015	0.7462885126177189
V	2015	0.872821011335428
VI	2015	0.7083590895799171
VII	2015	0.6916228206867472
VIII	2015	0.6382715149748597
IX	2015	0.8063325210053468
X	2015	0.8141564677754372
XI	2015	0.9082850441501104
XII	2015	0.7806297110771238
XIII	2015	0.8628561785574045
XIV	2015	0.7568864245161175
XV	2015	0.7699724454797117
XVI	2015	0.6867538757850192
I	2020	0.6328784022100792
II	2020	0.8383293325987722
III	2020	0.6211502992080615
IV	2020	0.7476064553737011
V	2020	0.872821011335428
VI	2020	0.7158213065542399
VII	2020	0.6916228206867472
VIII	2020	0.6382715149748597
IX	2020	0.8063325210053468
X	2020	0.8141564677754372
XI	2020	0.9082850441501104
XII	2020	0.7806297110771238
XIII	2020	0.8628561785574045
XIV	2020	0.7568864245161175
XV	2020	0.7699724454797117
XVI	2020	0.6867538757850192
I	2025	0.6328784022100792
II	2025	0.8383293325987722
III	2025	0.6211502992080615
IV	2025	0.7489263564398704
V	2025	0.872821011335428
VI	2025	0.7158213065542399
VII	2025	0.6916228206867472
VIII	2025	0.6382715149748597
IX	2025	0.8063325210053468
X	2025	0.8141564677754372
XI	2025	0.9082850441501104
XII	2025	0.7806297110771238
XIII	2025	0.8628561785574045
XIV	2025	0.7568864245161175
XV	2025	0.7699724454797117
XVI	2025	0.6867538757850192
I	2030	0.6328784022100792
II	2030	0.8383293325987722
III	2030	0.6211502992080615
IV	2030	0.7502514796665389
V	2030	0.872821011335428
VI	2030	0.7158213065542399
VII	2030	0.6916228206867472
VIII	2030	0.6382715149748597
IX	2030	0.8063325210053468
X	2030	0.8141564677754372
XI	2030	0.9082850441501104
XII	2030	0.7806297110771238
XIII	2030	0.8628561785574045
XIV	2030	0.7568864245161175
XV	2030	0.7699724454797117
XVI	2030	0.6867538757850192
I	2035	0.6328784022100792
II	2035	0.8383293325987722
III	2035	0.6211502992080615
IV	2035	0.7502514796665389
V	2035	0.872821011335428
VI	2035	0.7158213065542399
VII	2035	0.6916228206867472
VIII	2035	0.6382715149748597
IX	2035	0.8063325210053468
X	2035	0.8141564677754372
XI	2035	0.9082850441501104
XII	2035	0.7806297110771238
XIII	2035	0.8628561785574045
XIV	2035	0.7568864245161175
XV	2035	0.7699724454797117
XVI	2035	0.6867538757850192
I	2040	0.6328784022100792
II	2040	0.8383293325987722
III	2040	0.6211502992080615
IV	2040	0.7515818250537066
V	2040	0.872821011335428
VI	2040	0.7158213065542399
VII	2040	0.6916228206867472
VIII	2040	0.6382715149748597
IX	2040	0.8063325210053468
X	2040	0.8141564677754372
XI	2040	0.9082850441501104
XII	2040	0.7806297110771238
XIII	2040	0.8628561785574045
XIV	2040	0.7568864245161175
XV	2040	0.7699724454797117
XVI	2040	0.6867538757850192
I	2045	0.6328784022100792
II	2045	0.8383293325987722
III	2045	0.6211502992080615
IV	2045	0.7515818250537066
V	2045	0.872821011335428
VI	2045	0.7158213065542399
VII	2045	0.6916228206867472
VIII	2045	0.6382715149748597
IX	2045	0.8063325210053468
X	2045	0.8141564677754372
XI	2045	0.9082850441501104
XII	2045	0.7806297110771238
XIII	2045	0.8650640231666831
XIV	2045	0.7568864245161175
XV	2045	0.7699724454797117
XVI	2045	0.6867538757850192
I	2050	0.6328784022100792
II	2050	0.8383293325987722
III	2050	0.6211502992080615
IV	2050	0.7515818250537066
V	2050	0.872821011335428
VI	2050	0.7158213065542399
VII	2050	0.6916228206867472
VIII	2050	0.6382715149748597
IX	2050	0.8063325210053468
X	2050	0.8141564677754372
XI	2050	0.9113533568480661
XII	2050	0.7806297110771238
XIII	2050	0.8650640231666831
XIV	2050	0.7568864245161175
XV	2050	0.7699724454797117
XVI	2050	0.6867538757850192
I	2055	0.6328784022100792
II	2055	0.8383293325987722
III	2055	0.6211502992080615
IV	2055	0.7515818250537066
V	2055	0.872821011335428
VI	2055	0.7158213065542399
VII	2055	0.6935037673932571
VIII	2055	0.6382715149748597
IX	2055	0.8109950714727385
X	2055	0.8169120792328807
XI	2055	0.9113533568480661
XII	2055	0.7806297110771238
XIII	2055	0.8672848487339779
XIV	2055	0.7568864245161175
XV	2055	0.7699724454797117
XVI	2055	0.6867538757850192
I	2060	0.6328784022100792
II	2060	0.8383293325987722
III	2060	0.6211502992080615
IV	2060	0.7515818250537066
V	2060	0.872821011335428
VI	2060	0.7158213065542399
VII	2060	0.6972757438539241
VIII	2060	0.6382715149748597
IX	2060	0.8109950714727385
X	2060	0.8169120792328807
XI	2060	0.9113533568480661
XII	2060	0.7806297110771238
XIII	2060	0.8672848487339779
XIV	2060	0.7595090350654633
XV	2060	0.7699724454797117
XVI	2060	0.6867538757850192
I	2065	0.6328784022100792
II	2065	0.8383293325987722
III	2065	0.6211502992080615
IV	2065	0.7529284896924343
V	2065	0.872821011335428
VI	2065	0.7158213065542399
VII	2065	0.6972757438539241
VIII	2065	0.6382715149748597
IX	2065	0.8109950714727385
X	2065	0.8169120792328807
XI	2065	0.9113533568480661
XII	2065	0.7806297110771238
XIII	2065	0.8672848487339779
XIV	2065	0.7595090350654633
XV	2065	0.7699724454797117
XVI	2065	0.6867538757850192
I	2070	0.6328784022100792
II	2070	0.8383293325987722
III	2070	0.6211502992080615
IV	2070	0.7542797237215988
V	2070	0.872821011335428
VI	2070	0.7158213065542399
VII	2070	0.6972757438539241
VIII	2070	0.6382715149748597
IX	2070	0.8109950714727385
X	2070	0.8169120792328807
XI	2070	0.9113533568480661
XII	2070	0.7806297110771238
XIII	2070	0.8672848487339779
XIV	2070	0.7595090350654633
XV	2070	0.7699724454797117
XVI	2070	0.6867538757850192
I	2075	0.6328784022100792
II	2075	0.8383293325987722
III	2075	0.6211502992080615
IV	2075	0.7542797237215988
V	2075	0.872821011335428
VI	2075	0.7158213065542399
VII	2075	0.6972757438539241
VIII	2075	0.6382715149748597
IX	2075	0.8109950714727385
X	2075	0.8169120792328807
XI	2075	0.9113533568480661
XII	2075	0.7806297110771238
XIII	2075	0.8672848487339779
XIV	2075	0.7595090350654633
XV	2075	0.7699724454797117
XVI	2075	0.6867538757850192
I	2080	0.6328784022100792
II	2080	0.8383293325987722
III	2080	0.6211502992080615
IV	2080	0.7556361799112624
V	2080	0.872821011335428
VI	2080	0.7158213065542399
VII	2080	0.6972757438539241
VIII	2080	0.6382715149748597
IX	2080	0.8109950714727385
X	2080	0.8169120792328807
XI	2080	0.9113533568480661
XII	2080	0.7806297110771238
XIII	2080	0.8672848487339779
XIV	2080	0.7595090350654633
XV	2080	0.7718756958501445
XVI	2080	0.6867538757850192
I	2085	0.6419350354881026
II	2085	0.8383293325987722
III	2085	0.6211502992080615
IV	2085	0.7556361799112624
V	2085	0.872821011335428
VI	2085	0.7158213065542399
VII	2085	0.6972757438539241
VIII	2085	0.6382715149748597
IX	2085	0.8109950714727385
X	2085	0.8169120792328807
XI	2085	0.9113533568480661
XII	2085	0.7806297110771238
XIII	2085	0.8695381266963137
XIV	2085	0.7595090350654633
XV	2085	0.7718756958501445
XVI	2085	0.6867538757850192
I	2090	0.6419350354881026
II	2090	0.8383293325987722
III	2090	0.6211502992080615
IV	2090	0.7556361799112624
V	2090	0.872821011335428
VI	2090	0.7158213065542399
VII	2090	0.7011027187563019
VIII	2090	0.6419790168899284
IX	2090	0.8157394609536973
X	2090	0.8169120792328807
XI	2090	0.9113533568480661
XII	2090	0.7806297110771238
XIII	2090	0.8695381266963137
XIV	2090	0.7621686197061707
XV	2090	0.7718756958501445
XVI	2090	0.6867538757850192
I	2095	0.6419350354881026
II	2095	0.8383293325987722
III	2095	0.6211502992080615
IV	2095	0.7556361799112624
V	2095	0.8764559862516708
VI	2095	0.7158213065542399
VII	2095	0.7011027187563019
VIII	2095	0.6419790168899284
IX	2095	0.8157394609536973
X	2095	0.819719986966159
XI	2095	0.9113533568480661
XII	2095	0.7806297110771238
XIII	2095	0.8695381266963137
XIV	2095	0.7621686197061707
XV	2095	0.7718756958501445
XVI	2095	0.6867538757850192
I	2100	0.6419350354881026
II	2100	0.8409080847631041
III	2100	0.6211502992080615
IV	2100	0.7556361799112624
V	2100	0.8764559862516708
VI	2100	0.7158213065542399
VII	2100	0.7011027187563019
VIII	2100	0.6419790168899284
IX	2100	0.8157394609536973
X	2100	0.819719986966159
XI	2100	0.9145011517420097
XII	2100	0.7806297110771238
XIII	2100	0.8718076308561699
XIV	2100	0.7621686197061707
XV	2100	0.7718756958501445
XVI	2100	0.6867538757850192
I	2105	0.6419350354881026
II	2105	0.8434966747993075
III	2105	0.6211502992080615
IV	2105	0.7556361799112624
V	2105	0.8764559862516708
VI	2105	0.7158213065542399
VII	2105	0.7011027187563019
VIII	2105	0.6457185106719536
IX	2105	0.8157394609536973
X	2105	0.819719986966159
XI	2105	0.9145011517420097
XII	2105	0.7806297110771238
XIII	2105	0.8718076308561699
XIV	2105	0.7621686197061707
XV	2105	0.7718756958501445
XVI	2105	0.6867538757850192
I	2110	0.6419350354881026
II	2110	0.8434966747993075
III	2110	0.6211502992080615
IV	2110	0.7556361799112624
V	2110	0.8764559862516708
VI	2110	0.7158213065542399
VII	2110	0.7011027187563019
VIII	2110	0.6457185106719536
IX	2110	0.8157394609536973
X	2110	0.819719986966159
XI	2110	0.9145011517420097
XII	2110	0.7806297110771238
XIII	2110	0.8718076308561699
XIV	2110	0.7621686197061707
XV	2110	0.7718756958501445
XVI	2110	0.6867538757850192
I	2115	0.6419350354881026
II	2115	0.8434966747993075
III	2115	0.6211502992080615
IV	2115	0.7556361799112624
V	2115	0.8764559862516708
VI	2115	0.7158213065542399
VII	2115	0.7011027187563019
VIII	2115	0.6457185106719536
IX	2115	0.8157394609536973
X	2115	0.8225520314421302
XI	2115	0.9145011517420097
XII	2115	0.7806297110771238
XIII	2115	0.8718076308561699
XIV	2115	0.7621686197061707
XV	2115	0.7718756958501445
XVI	2115	0.6867538757850192
I	2120	0.6419350354881026
II	2120	0.8434966747993075
III	2120	0.6211502992080615
IV	2120	0.7556361799112624
V	2120	0.8801343586716892
VI	2120	0.7158213065542399
VII	2120	0.7030432471079986
VIII	2120	0.6457185106719536
IX	2120	0.8157394609536973
X	2120	0.8225520314421302
XI	2120	0.9145011517420097
XII	2120	0.7806297110771238
XIII	2120	0.8740987699460533
XIV	2120	0.7648702783129104
XV	2120	0.7718756958501445
XVI	2120	0.6867538757850192
I	2125	0.6419350354881026
II	2125	0.8434966747993075
III	2125	0.6211502992080615
IV	2125	0.7556361799112624
V	2125	0.8801343586716892
VI	2125	0.7158213065542399
VII	2125	0.7030432471079986
VIII	2125	0.6457185106719536
IX	2125	0.8157394609536973
X	2125	0.8225520314421302
XI	2125	0.9145011517420097
XII	2125	0.7826006305087199
XIII	2125	0.8740987699460533
XIV	2125	0.7648702783129104
XV	2125	0.7718756958501445
XVI	2125	0.6867538757850192
I	2130	0.6419350354881026
II	2130	0.8461135487171415
III	2130	0.6211502992080615
IV	2130	0.7570246218339836
V	2130	0.8912076657350669
VI	2130	0.7158213065542399
VII	2130	0.7030432471079986
VIII	2130	0.6457185106719536
IX	2130	0.8157394609536973
X	2130	0.8225520314421302
XI	2130	0.9145011517420097
XII	2130	0.7826006305087199
XIII	2130	0.8740987699460533
XIV	2130	0.7648702783129104
XV	2130	0.7718756958501445
XVI	2130	0.6867538757850192
I	2135	0.6419350354881026
II	2135	0.8461135487171415
III	2135	0.6211502992080615
IV	2135	0.7570246218339836
V	2135	0.8912076657350669
VI	2135	0.7158213065542399
VII	2135	0.7030432471079986
VIII	2135	0.6457185106719536
IX	2135	0.8157394609536973
X	2135	0.8225520314421302
XI	2135	0.9145011517420097
XII	2135	0.7845771148892993
XIII	2135	0.8740987699460533
XIV	2135	0.7648702783129104
XV	2135	0.7718756958501445
XVI	2135	0.6867538757850192
I	2140	0.6419350354881026
II	2140	0.8461135487171415
III	2140	0.6211502992080615
IV	2140	0.7584189386872664
V	2140	0.8912076657350669
VI	2140	0.7158213065542399
VII	2140	0.7030432471079986
VIII	2140	0.6457185106719536
IX	2140	0.8157394609536973
X	2140	0.8225520314421302
XI	2140	0.9145011517420097
XII	2140	0.7865591642188621
XIII	2140	0.8764137074589666
XIV	2140	0.7648702783129104
XV	2140	0.7718756958501445
XVI	2140	0.6867538757850192
I	2145	0.6419350354881026
II	2145	0.8461135487171415
III	2145	0.6211502992080615
IV	2145	0.7584189386872664
V	2145	0.8912076657350669
VI	2145	0.7158213065542399
VII	2145	0.7030432471079986
VIII	2145	0.6457185106719536
IX	2145	0.8157394609536973
X	2145	0.8225520314421302
XI	2145	0.9145011517420097
XII	2145	0.7865591642188621
XIII	2145	0.8787329719578855
XIV	2145	0.7648702783129104
XV	2145	0.7738412577396863
XVI	2145	0.6867538757850192
I	2150	0.6419350354881026
II	2150	0.8461135487171415
III	2150	0.6211502992080615
IV	2150	0.7584189386872664
V	2150	0.8912076657350669
VI	2150	0.7158213065542399
VII	2150	0.7030432471079986
VIII	2150	0.6457185106719536
IX	2150	0.8157394609536973
X	2150	0.8225520314421302
XI	2150	0.9177254295037911
XII	2150	0.7865591642188621
XIII	2150	0.8787329719578855
XIV	2150	0.7648702783129104
XV	2150	0.7738412577396863
XVI	2150	0.6867538757850192
I	2155	0.6419350354881026
II	2155	0.8461135487171415
III	2155	0.6278891348800506
IV	2155	0.7584189386872664
V	2155	0.8912076657350669
VI	2155	0.7158213065542399
VII	2155	0.705017691165417
VIII	2155	0.6457185106719536
IX	2155	0.8157394609536973
X	2155	0.8225520314421302
XI	2155	0.9177254295037911
XII	2155	0.7885569809038776
XIII	2155	0.8787329719578855
XIV	2155	0.7648702783129104
XV	2155	0.7758150667420514
XVI	2155	0.6890227051703152
I	2160	0.6419350354881026
II	2160	0.8461135487171415
III	2160	0.6278891348800506
IV	2160	0.7584189386872664
V	2160	0.8912076657350669
VI	2160	0.7158213065542399
VII	2160	0.705017691165417
VIII	2160	0.6457185106719536
IX	2160	0.8157394609536973
X	2160	0.8225520314421302
XI	2160	0.9177254295037911
XII	2160	0.7885569809038776
XIII	2160	0.8787329719578855
XIV	2160	0.7676216606976883
XV	2160	0.7758150667420514
XVI	2160	0.6890227051703152
I	2165	0.6419350354881026
II	2165	0.8461135487171415
III	2165	0.6278891348800506
IV	2165	0.7598321858723587
V	2165	0.8912076657350669
VI	2165	0.7158213065542399
VII	2165	0.705017691165417
VIII	2165	0.6495646440105004
IX	2165	0.8157394609536973
X	2165	0.8225520314421302
XI	2165	0.9177254295037911
XII	2165	0.7885569809038776
XIII	2165	0.8787329719578855
XIV	2165	0.7676216606976883
XV	2165	0.7777989555489783
XVI	2165	0.6890227051703152
I	2170	0.6419350354881026
II	2170	0.8461135487171415
III	2170	0.6278891348800506
IV	2170	0.7612480441377005
V	2170	0.8912076657350669
VI	2170	0.7158213065542399
VII	2170	0.705017691165417
VIII	2170	0.6495646440105004
IX	2170	0.8157394609536973
X	2170	0.8225520314421302
XI	2170	0.9177254295037911
XII	2170	0.7885569809038776
XIII	2170	0.8787329719578855
XIV	2170	0.7676216606976883
XV	2170	0.7777989555489783
XVI	2170	0.6913084110177984
I	2175	0.6419350354881026
II	2175	0.8461135487171415
III	2175	0.6278891348800506
IV	2175	0.7612480441377005
V	2175	0.8912076657350669
VI	2175	0.7158213065542399
VII	2175	0.707010468036739
VIII	2175	0.6495646440105004
IX	2175	0.8157394609536973
X	2175	0.8225520314421302
XI	2175	0.9177254295037911
XII	2175	0.7885569809038776
XIII	2175	0.8787329719578855
XIV	2175	0.7676216606976883
XV	2175	0.7797892587769898
XVI	2175	0.6913084110177984
I	2180	0.6419350354881026
II	2180	0.8461135487171415
III	2180	0.6278891348800506
IV	2180	0.7612480441377005
V	2180	0.8912076657350669
VI	2180	0.7158213065542399
VII	2180	0.707010468036739
VIII	2180	0.6495646440105004
IX	2180	0.8157394609536973
X	2180	0.8225520314421302
XI	2180	0.9177254295037911
XII	2180	0.7885569809038776
XIII	2180	0.8787329719578855
XIV	2180	0.7676216606976883
XV	2180	0.7817841437343477
XVI	2180	0.693606774211922
I	2185	0.6419350354881026
II	2185	0.8461135487171415
III	2185	0.6278891348800506
IV	2185	0.7626717356437912
V	2185	0.8912076657350669
VI	2185	0.7158213065542399
VII	2185	0.707010468036739
VIII	2185	0.6495646440105004
IX	2185	0.8157394609536973
X	2185	0.8225520314421302
XI	2185	0.9177254295037911
XII	2185	0.7885569809038776
XIII	2185	0.8787329719578855
XIV	2185	0.7676216606976883
XV	2185	0.7817841437343477
XVI	2185	0.693606774211922
I	2190	0.6419350354881026
II	2190	0.8461135487171415
III	2190	0.6278891348800506
IV	2190	0.7626717356437912
V	2190	0.8912076657350669
VI	2190	0.7158213065542399
VII	2190	0.7090160778777934
VIII	2190	0.6495646440105004
IX	2190	0.8157394609536973
X	2190	0.8225520314421302
XI	2190	0.9210081941645072
XII	2190	0.7885569809038776
XIII	2190	0.8787329719578855
XIV	2190	0.7676216606976883
XV	2190	0.7817841437343477
XVI	2190	0.693606774211922
I	2195	0.6514521019207882
II	2195	0.8461135487171415
III	2195	0.6278891348800506
IV	2195	0.7626717356437912
V	2195	0.8912076657350669
VI	2195	0.7158213065542399
VII	2195	0.7090160778777934
VIII	2195	0.6495646440105004
IX	2195	0.8157394609536973
X	2195	0.8225520314421302
XI	2195	0.9210081941645072
XII	2195	0.7885569809038776
XIII	2195	0.8787329719578855
XIV	2195	0.7704163920171662
XV	2195	0.7817841437343477
XVI	2195	0.693606774211922
I	2200	0.6514521019207882
II	2200	0.8461135487171415
III	2200	0.6278891348800506
IV	2200	0.7626717356437912
V	2200	0.8912076657350669
VI	2200	0.7158213065542399
VII	2200	0.7090160778777934
VIII	2200	0.6495646440105004
IX	2200	0.8157394609536973
X	2200	0.8225520314421302
XI	2200	0.9210081941645072
XII	2200	0.7885569809038776
XIII	2200	0.8787329719578855
XIV	2200	0.7704163920171662
XV	2200	0.7817841437343477
XVI	2200	0.693606774211922
I	2205	0.6514521019207882
II	2205	0.8461135487171415
III	2205	0.6278891348800506
IV	2205	0.7626717356437912
V	2205	0.8912076657350669
VI	2205	0.7158213065542399
VII	2205	0.7090160778777934
VIII	2205	0.6534836477126704
IX	2205	0.8157394609536973
X	2205	0.8225520314421302
XI	2205	0.9210081941645072
XII	2205	0.7885569809038776
XIII	2205	0.8787329719578855
XIV	2205	0.7704163920171662
XV	2205	0.7817841437343477
XVI	2205	0.693606774211922
I	2210	0.6514521019207882
II	2210	0.8461135487171415
III	2210	0.6278891348800506
IV	2210	0.7626717356437912
V	2210	0.8912076657350669
VI	2210	0.7158213065542399
VII	2210	0.7090160778777934
VIII	2210	0.6534836477126704
IX	2210	0.8157394609536973
X	2210	0.8284762608430964
XI	2210	0.9210081941645072
XII	2210	0.7885569809038776
XIII	2210	0.8811236317258941
XIV	2210	0.7704163920171662
XV	2210	0.7817841437343477
XVI	2210	0.6959378355515333
I	2215	0.6514521019207882
II	2215	0.8461135487171415
III	2215	0.6278891348800506
IV	2215	0.7641156630218162
V	2215	0.8912076657350669
VI	2215	0.7158213065542399
VII	2215	0.7090160778777934
VIII	2215	0.6574133153704925
IX	2215	0.8157394609536973
X	2215	0.8284762608430964
XI	2215	0.9210081941645072
XII	2215	0.7906113745702237
XIII	2215	0.8859103599944181
XIV	2215	0.7704163920171662
XV	2215	0.7817841437343477
XVI	2215	0.6959378355515333
I	2220	0.6610777610786298
II	2220	0.8461135487171415
III	2220	0.6278891348800506
IV	2220	0.7641156630218162
V	2220	0.8912076657350669
VI	2220	0.7158213065542399
VII	2220	0.7090160778777934
VIII	2220	0.6574133153704925
IX	2220	0.8157394609536973
X	2220	0.8284762608430964
XI	2220	0.9210081941645072
XII	2220	0.7947238718689047
XIII	2220	0.8859103599944181
XIV	2220	0.7704163920171662
XV	2220	0.7817841437343477
XVI	2220	0.6959378355515333
I	2225	0.6610777610786298
II	2225	0.8461135487171415
III	2225	0.6278891348800506
IV	2225	0.7641156630218162
V	2225	0.8912076657350669
VI	2225	0.7158213065542399
VII	2225	0.7090160778777934
VIII	2225	0.6574133153704925
IX	2225	0.8157394609536973
X	2225	0.8284762608430964
XI	2225	0.9210081941645072
XII	2225	0.7947238718689047
XIII	2225	0.8859103599944181
XIV	2225	0.7704163920171662
XV	2225	0.7817841437343477
XVI	2225	0.6959378355515333
I	2230	0.6610777610786298
II	2230	0.8461135487171415
III	2230	0.6278891348800506
IV	2230	0.7641156630218162
V	2230	0.8912076657350669
VI	2230	0.7158213065542399
VII	2230	0.7090160778777934
VIII	2230	0.6574133153704925
IX	2230	0.8157394609536973
X	2230	0.8284762608430964
XI	2230	0.9210081941645072
XII	2230	0.7947238718689047
XIII	2230	0.8859103599944181
XIV	2230	0.7704163920171662
XV	2230	0.7817841437343477
XVI	2230	0.6959378355515333
I	2235	0.6610777610786298
II	2235	0.8488595447032898
III	2235	0.6278891348800506
IV	2235	0.7641156630218162
V	2235	0.8912076657350669
VI	2235	0.7158213065542399
VII	2235	0.7090160778777934
VIII	2235	0.6574133153704925
IX	2235	0.8157394609536973
X	2235	0.8284762608430964
XI	2235	0.9210081941645072
XII	2235	0.7947238718689047
XIII	2235	0.8859103599944181
XIV	2235	0.7704163920171662
XV	2235	0.7817841437343477
XVI	2235	0.6982942115844255
I	2240	0.6610777610786298
II	2240	0.8488595447032898
III	2240	0.6278891348800506
IV	2240	0.7641156630218162
V	2240	0.8912076657350669
VI	2240	0.7158213065542399
VII	2240	0.7090160778777934
VIII	2240	0.6574133153704925
IX	2240	0.8157394609536973
X	2240	0.8284762608430964
XI	2240	0.9210081941645072
XII	2240	0.7947238718689047
XIII	2240	0.8883291451714622
XIV	2240	0.7704163920171662
XV	2240	0.7817841437343477
XVI	2240	0.7006548067328646
I	2245	0.6610777610786298
II	2245	0.8488595447032898
III	2245	0.6349066677522288
IV	2245	0.7641156630218162
V	2245	0.8912076657350669
VI	2245	0.7158213065542399
VII	2245	0.7090160778777934
VIII	2245	0.6574133153704925
IX	2245	0.8157394609536973
X	2245	0.8284762608430964
XI	2245	0.9210081941645072
XII	2245	0.7947238718689047
XIII	2245	0.8907544208275144
XIV	2245	0.7732774217073616
XV	2245	0.7838385911732068
XVI	2245	0.7006548067328646
I	2250	0.6610777610786298
II	2250	0.8488595447032898
III	2250	0.6349066677522288
IV	2250	0.7641156630218162
V	2250	0.8951082333744163
VI	2250	0.7158213065542399
VII	2250	0.7090160778777934
VIII	2250	0.6574133153704925
IX	2250	0.8157394609536973
X	2250	0.8314933536797134
XI	2250	0.9210081941645072
XII	2250	0.7947238718689047
XIII	2250	0.8907544208275144
XIV	2250	0.7732774217073616
XV	2250	0.7838385911732068
XVI	2250	0.7006548067328646
I	2255	0.6610777610786298
II	2255	0.8488595447032898
III	2255	0.6349066677522288
IV	2255	0.7655850484322748
V	2255	0.8951082333744163
VI	2255	0.7158213065542399
VII	2255	0.7090160778777934
VIII	2255	0.6574133153704925
IX	2255	0.8157394609536973
X	2255	0.8314933536797134
XI	2255	0.9210081941645072
XII	2255	0.7947238718689047
XIII	2255	0.8907544208275144
XIV	2255	0.7732774217073616
XV	2255	0.7838385911732068
XVI	2255	0.7006548067328646
I	2260	0.6610777610786298
II	2260	0.8488595447032898
III	2260	0.6349066677522288
IV	2260	0.7655850484322748
V	2260	0.8951082333744163
VI	2260	0.7158213065542399
VII	2260	0.7090160778777934
VIII	2260	0.6574133153704925
IX	2260	0.8157394609536973
X	2260	0.8314933536797134
XI	2260	0.9210081941645072
XII	2260	0.7968172201781341
XIII	2260	0.8907544208275144
XIV	2260	0.7732774217073616
XV	2260	0.7838385911732068
XVI	2260	0.7006548067328646
I	2265	0.6610777610786298
II	2265	0.8488595447032898
III	2265	0.6349066677522288
IV	2265	0.7670616143134197
V	2265	0.8951082333744163
VI	2265	0.7158213065542399
VII	2265	0.7090160778777934
VIII	2265	0.6574133153704925
IX	2265	0.8157394609536973
X	2265	0.8314933536797134
XI	2265	0.9210081941645072
XII	2265	0.7968172201781341
XIII	2265	0.8907544208275144
XIV	2265	0.7732774217073616
XV	2265	0.7838385911732068
XVI	2265	0.7030396617956978
I	2270	0.6610777610786298
II	2270	0.8488595447032898
III	2270	0.6349066677522288
IV	2270	0.7685427495850015
V	2270	0.8951082333744163
VI	2270	0.7158213065542399
VII	2270	0.711093185693072
VIII	2270	0.6574133153704925
IX	2270	0.8157394609536973
X	2270	0.8314933536797134
XI	2270	0.9210081941645072
XII	2270	0.7968172201781341
XIII	2270	0.8907544208275144
XIV	2270	0.7732774217073616
XV	2270	0.7838385911732068
XVI	2270	0.7030396617956978
I	2275	0.6610777610786298
II	2275	0.8488595447032898
III	2275	0.6420275377885221
IV	2275	0.7700251903967079
V	2275	0.8951082333744163
VI	2275	0.7158213065542399
VII	2275	0.711093185693072
VIII	2275	0.6574133153704925
IX	2275	0.8157394609536973
X	2275	0.8314933536797134
XI	2275	0.9210081941645072
XII	2275	0.7968172201781341
XIII	2275	0.8907544208275144
XIV	2275	0.7732774217073616
XV	2275	0.7838385911732068
XVI	2275	0.7030396617956978
I	2280	0.6610777610786298
II	2280	0.8488595447032898
III	2280	0.6420275377885221
IV	2280	0.7700251903967079
V	2280	0.8951082333744163
VI	2280	0.7158213065542399
VII	2280	0.711093185693072
VIII	2280	0.6614585092145463
IX	2280	0.8157394609536973
X	2280	0.8314933536797134
XI	2280	0.9210081941645072
XII	2280	0.7968172201781341
XIII	2280	0.8907544208275144
XIV	2280	0.7732774217073616
XV	2280	0.7838385911732068
XVI	2280	0.7030396617956978
I	2285	0.6610777610786298
II	2285	0.8488595447032898
III	2285	0.6420275377885221
IV	2285	0.7715154644491633
V	2285	0.8951082333744163
VI	2285	0.7158213065542399
VII	2285	0.711093185693072
VIII	2285	0.6614585092145463
IX	2285	0.8157394609536973
X	2285	0.8314933536797134
XI	2285	0.9210081941645072
XII	2285	0.7968172201781341
XIII	2285	0.8907544208275144
XIV	2285	0.7732774217073616
XV	2285	0.7838385911732068
XVI	2285	0.7030396617956978
I	2290	0.6610777610786298
II	2290	0.8488595447032898
III	2290	0.6420275377885221
IV	2290	0.7715154644491633
V	2290	0.8951082333744163
VI	2290	0.7158213065542399
VII	2290	0.711093185693072
VIII	2290	0.6614585092145463
IX	2290	0.8157394609536973
X	2290	0.8314933536797134
XI	2290	0.9210081941645072
XII	2290	0.7968172201781341
XIII	2290	0.8907544208275144
XIV	2290	0.7732774217073616
XV	2290	0.7838385911732068
XVI	2290	0.7030396617956978
I	2295	0.6610777610786298
II	2295	0.8488595447032898
III	2295	0.6420275377885221
IV	2295	0.7715154644491633
V	2295	0.8990869165205617
VI	2295	0.7158213065542399
VII	2295	0.711093185693072
VIII	2295	0.6614585092145463
IX	2295	0.8157394609536973
X	2295	0.8314933536797134
XI	2295	0.9210081941645072
XII	2295	0.7989458131642578
XIII	2295	0.8907544208275144
XIV	2295	0.7732774217073616
XV	2295	0.7838385911732068
XVI	2295	0.7030396617956978
I	2300	0.6610777610786298
II	2300	0.8488595447032898
III	2300	0.6420275377885221
IV	2300	0.7715154644491633
V	2300	0.8990869165205617
VI	2300	0.7243310470423192
VII	2300	0.711093185693072
VIII	2300	0.6614585092145463
IX	2300	0.8157394609536973
X	2300	0.8314933536797134
XI	2300	0.9210081941645072
XII	2300	0.7989458131642578
XIII	2300	0.8907544208275144
XIV	2300	0.7732774217073616
XV	2300	0.7838385911732068
XVI	2300	0.7030396617956978
I	2305	0.6610777610786298
II	2305	0.8488595447032898
III	2305	0.6420275377885221
IV	2305	0.7715154644491633
V	2305	0.8990869165205617
VI	2305	0.7243310470423192
VII	2305	0.7132023759326819
VIII	2305	0.6614585092145463
IX	2305	0.8157394609536973
X	2305	0.8314933536797134
XI	2305	0.9210081941645072
XII	2305	0.7989458131642578
XIII	2305	0.8907544208275144
XIV	2305	0.7732774217073616
XV	2305	0.7838385911732068
XVI	2305	0.7030396617956978
I	2310	0.6610777610786298
II	2310	0.8488595447032898
III	2310	0.6420275377885221
IV	2310	0.7715154644491633
V	2310	0.8990869165205617
VI	2310	0.7243310470423192
VII	2310	0.7132023759326819
VIII	2310	0.6614585092145463
IX	2310	0.8157394609536973
X	2310	0.8314933536797134
XI	2310	0.9210081941645072
XII	2310	0.7989458131642578
XIII	2310	0.8932500100061551
XIV	2310	0.7732774217073616
XV	2310	0.7838385911732068
XVI	2310	0.7030396617956978
I	2315	0.6610777610786298
II	2315	0.8488595447032898
III	2315	0.6420275377885221
IV	2315	0.7715154644491633
V	2315	0.8990869165205617
VI	2315	0.7328963099781242
VII	2315	0.7132023759326819
VIII	2315	0.6614585092145463
IX	2315	0.8157394609536973
X	2315	0.834597606976055
XI	2315	0.9210081941645072
XII	2315	0.7989458131642578
XIII	2315	0.8932500100061551
XIV	2315	0.776227699204292
XV	2315	0.7838385911732068
XVI	2315	0.7030396617956978
I	2320	0.6610777610786298
II	2320	0.8488595447032898
III	2320	0.6420275377885221
IV	2320	0.7715154644491633
V	2320	0.8990869165205617
VI	2320	0.7328963099781242
VII	2320	0.7132023759326819
VIII	2320	0.6614585092145463
IX	2320	0.8157394609536973
X	2320	0.834597606976055
XI	2320	0.9210081941645072
XII	2320	0.7989458131642578
XIII	2320	0.8932500100061551
XIV	2320	0.776227699204292
XV	2320	0.7838385911732068
XVI	2320	0.7054867488128463
I	2325	0.6610777610786298
II	2325	0.8517149870140092
III	2325	0.6420275377885221
IV	2325	0.7715154644491633
V	2325	0.8990869165205617
VI	2325	0.7328963099781242
VII	2325	0.7132023759326819
VIII	2325	0.6614585092145463
IX	2325	0.8157394609536973
X	2325	0.834597606976055
XI	2325	0.9210081941645072
XII	2325	0.7989458131642578
XIII	2325	0.8932500100061551
XIV	2325	0.776227699204292
XV	2325	0.7838385911732068
XVI	2325	0.7054867488128463
I	2330	0.6610777610786298
II	2330	0.8517149870140092
III	2330	0.6420275377885221
IV	2330	0.7715154644491633
V	2330	0.8990869165205617
VI	2330	0.7328963099781242
VII	2330	0.7132023759326819
VIII	2330	0.6614585092145463
IX	2330	0.8157394609536973
X	2330	0.834597606976055
XI	2330	0.9210081941645072
XII	2330	0.7989458131642578
XIII	2330	0.8932500100061551
XIV	2330	0.776227699204292
XV	2330	0.7838385911732068
XVI	2330	0.7054867488128463
I	2335	0.6610777610786298
II	2335	0.8517149870140092
III	2335	0.6420275377885221
IV	2335	0.7715154644491633
V	2335	0.8990869165205617
VI	2335	0.7328963099781242
VII	2335	0.7132023759326819
VIII	2335	0.6614585092145463
IX	2335	0.8157394609536973
X	2335	0.834597606976055
XI	2335	0.9210081941645072
XII	2335	0.7989458131642578
XIII	2335	0.8932500100061551
XIV	2335	0.776227699204292
XV	2335	0.7859745933944292
XVI	2335	0.7054867488128463
I	2340	0.6610777610786298
II	2340	0.8545913348024555
III	2340	0.6420275377885221
IV	2340	0.7715154644491633
V	2340	0.8990869165205617
VI	2340	0.7328963099781242
VII	2340	0.7132023759326819
VIII	2340	0.6614585092145463
IX	2340	0.8157394609536973
X	2340	0.834597606976055
XI	2340	0.9210081941645072
XII	2340	0.7989458131642578
XIII	2340	0.8932500100061551
XIV	2340	0.776227699204292
XV	2340	0.7859745933944292
XVI	2340	0.7054867488128463
I	2345	0.6610777610786298
II	2345	0.8545913348024555
III	2345	0.6420275377885221
IV	2345	0.7745763032717489
V	2345	0.8990869165205617
VI	2345	0.7328963099781242
VII	2345	0.715348231800099
VIII	2345	0.6614585092145463
IX	2345	0.8157394609536973
X	2345	0.834597606976055
XI	2345	0.9210081941645072
XII	2345	0.7989458131642578
XIII	2345	0.8932500100061551
XIV	2345	0.776227699204292
XV	2345	0.7859745933944292
XVI	2345	0.7079602053021625
I	2350	0.6610777610786298
II	2350	0.8545913348024555
III	2350	0.6420275377885221
IV	2350	0.7745763032717489
V	2350	0.8990869165205617
VI	2350	0.7415874237954405
VII	2350	0.715348231800099
VIII	2350	0.6614585092145463
IX	2350	0.8157394609536973
X	2350	0.834597606976055
XI	2350	0.9210081941645072
XII	2350	0.7989458131642578
XIII	2350	0.8932500100061551
XIV	2350	0.776227699204292
XV	2350	0.7859745933944292
XVI	2350	0.7079602053021625
I	2355	0.6610777610786298
II	2355	0.8545913348024555
III	2355	0.6420275377885221
IV	2355	0.7745763032717489
V	2355	0.8990869165205617
VI	2355	0.7415874237954405
VII	2355	0.7175060039965534
VIII	2355	0.6614585092145463
IX	2355	0.8157394609536973
X	2355	0.834597606976055
XI	2355	0.9210081941645072
XII	2355	0.8011282006572205
XIII	2355	0.8932500100061551
XIV	2355	0.7792251505419254
XV	2355	0.7859745933944292
XVI	2355	0.7129229399640953
I	2360	0.6610777610786298
II	2360	0.8545913348024555
III	2360	0.6420275377885221
IV	2360	0.7745763032717489
V	2360	0.9031784331765237
VI	2360	0.7415874237954405
VII	2360	0.7175060039965534
VIII	2360	0.6614585092145463
IX	2360	0.8157394609536973
X	2360	0.834597606976055
XI	2360	0.9210081941645072
XII	2360	0.8011282006572205
XIII	2360	0.8932500100061551
XIV	2360	0.7792251505419254
XV	2360	0.7859745933944292
XVI	2360	0.7129229399640953
I	2365	0.6610777610786298
II	2365	0.8545913348024555
III	2365	0.6420275377885221
IV	2365	0.7745763032717489
V	2365	0.9031784331765237
VI	2365	0.7415874237954405
VII	2365	0.7175060039965534
VIII	2365	0.6614585092145463
IX	2365	0.8157394609536973
X	2365	0.834597606976055
XI	2365	0.9210081941645072
XII	2365	0.8011282006572205
XIII	2365	0.8932500100061551
XIV	2365	0.7792251505419254
XV	2365	0.7859745933944292
XVI	2365	0.7129229399640953
I	2370	0.6610777610786298
II	2370	0.8545913348024555
III	2370	0.6420275377885221
IV	2370	0.7745763032717489
V	2370	0.9031784331765237
VI	2370	0.7415874237954405
VII	2370	0.7175060039965534
VIII	2370	0.6614585092145463
IX	2370	0.8157394609536973
X	2370	0.837775611430625
XI	2370	0.9210081941645072
XII	2370	0.8011282006572205
XIII	2370	0.8932500100061551
XIV	2370	0.7822455513155764
XV	2370	0.7881445004128138
XVI	2370	0.7129229399640953
I	2375	0.6610777610786298
II	2375	0.8545913348024555
III	2375	0.6420275377885221
IV	2375	0.7745763032717489
V	2375	0.9031784331765237
VI	2375	0.7415874237954405
VII	2375	0.7175060039965534
VIII	2375	0.6614585092145463
IX	2375	0.8211317426253956
X	2375	0.837775611430625
XI	2375	0.9210081941645072
XII	2375	0.8011282006572205
XIII	2375	0.8932500100061551
XIV	2375	0.7822455513155764
XV	2375	0.7903180728146755
XVI	2375	0.7129229399640953
I	2380	0.6610777610786298
II	2380	0.8545913348024555
III	2380	0.6420275377885221
IV	2380	0.7745763032717489
V	2380	0.9031784331765237
VI	2380	0.7415874237954405
VII	2380	0.7196876088510825
VIII	2380	0.6614585092145463
IX	2380	0.8211317426253956
X	2380	0.837775611430625
XI	2380	0.9210081941645072
XII	2380	0.8011282006572205
XIII	2380	0.8932500100061551
XIV	2380	0.7822455513155764
XV	2380	0.7903180728146755
XVI	2380	0.7129229399640953
I	2385	0.6610777610786298
II	2385	0.8545913348024555
III	2385	0.6420275377885221
IV	2385	0.7745763032717489
V	2385	0.9031784331765237
VI	2385	0.7415874237954405
VII	2385	0.7196876088510825
VIII	2385	0.665690322282513
IX	2385	0.8211317426253956
X	2385	0.837775611430625
XI	2385	0.9210081941645072
XII	2385	0.8011282006572205
XIII	2385	0.8932500100061551
XIV	2385	0.7822455513155764
XV	2385	0.7903180728146755
XVI	2385	0.7129229399640953
I	2390	0.6610777610786298
II	2390	0.8545913348024555
III	2390	0.6420275377885221
IV	2390	0.7745763032717489
V	2390	0.9031784331765237
VI	2390	0.7415874237954405
VII	2390	0.7196876088510825
VIII	2390	0.665690322282513
IX	2390	0.8211317426253956
X	2390	0.837775611430625
XI	2390	0.9210081941645072
XII	2390	0.8011282006572205
XIII	2390	0.8932500100061551
XIV	2390	0.7822455513155764
XV	2390	0.7925072230963144
XVI	2390	0.7154417519455396
I	2395	0.6610777610786298
II	2395	0.8545913348024555
III	2395	0.6420275377885221
IV	2395	0.7745763032717489
V	2395	0.9031784331765237
VI	2395	0.7415874237954405
VII	2395	0.7196876088510825
VIII	2395	0.665690322282513
IX	2395	0.8211317426253956
X	2395	0.8409857982087855
XI	2395	0.9210081941645072
XII	2395	0.8011282006572205
XIII	2395	0.8958407928769156
XIV	2395	0.7822455513155764
XV	2395	0.7925072230963144
XVI	2395	0.7154417519455396
I	2400	0.6714852878575959
II	2400	0.8545913348024555
III	2400	0.6420275377885221
IV	2400	0.7745763032717489
V	2400	0.9031784331765237
VI	2400	0.7415874237954405
VII	2400	0.7196876088510825
VIII	2400	0.665690322282513
IX	2400	0.8211317426253956
X	2400	0.8409857982087855
XI	2400	0.9210081941645072
XII	2400	0.8011282006572205
XIII	2400	0.8958407928769156
XIV	2400	0.7883654009202724
XV	2400	0.7925072230963144
XVI	2400	0.7154417519455396
I	2405	0.6714852878575959
II	2405	0.8545913348024555
III	2405	0.6420275377885221
IV	2405	0.7761442569616295
V	2405	0.9031784331765237
VI	2405	0.7415874237954405
VII	2405	0.7196876088510825
VIII	2405	0.665690322282513
IX	2405	0.8211317426253956
X	2405	0.8409857982087855
XI	2405	0.9210081941645072
XII	2405	0.8011282006572205
XIII	2405	0.8984391479731857
XIV	2405	0.7883654009202724
XV	2405	0.7925072230963144
XVI	2405	0.7154417519455396
I	2410	0.6714852878575959
II	2410	0.8545913348024555
III	2410	0.6420275377885221
IV	2410	0.7761442569616295
V	2410	0.9031784331765237
VI	2410	0.7415874237954405
VII	2410	0.7196876088510825
VIII	2410	0.665690322282513
IX	2410	0.8211317426253956
X	2410	0.8442174398693397
XI	2410	0.9210081941645072
XII	2410	0.8011282006572205
XIII	2410	0.8984391479731857
XIV	2410	0.7883654009202724
XV	2410	0.7947128676035998
XVI	2410	0.7179837690624914
I	2415	0.6714852878575959
II	2415	0.8545913348024555
III	2415	0.6420275377885221
IV	2415	0.7761442569616295
V	2415	0.9031784331765237
VI	2415	0.7415874237954405
VII	2415	0.7241104002053275
VIII	2415	0.6699825644325087
IX	2415	0.8211317426253956
X	2415	0.8442174398693397
XI	2415	0.9210081941645072
XII	2415	0.8011282006572205
XIII	2415	0.901050484027472
XIV	2415	0.7914393503779644
XV	2415	0.7947128676035998
XVI	2415	0.7179837690624914
I	2420	0.6714852878575959
II	2420	0.8545913348024555
III	2420	0.6420275377885221
IV	2420	0.7761442569616295
V	2420	0.9031784331765237
VI	2420	0.7415874237954405
VII	2420	0.7241104002053275
VIII	2420	0.6699825644325087
IX	2420	0.8211317426253956
X	2420	0.8442174398693397
XI	2420	0.9210081941645072
XII	2420	0.8011282006572205
XIII	2420	0.901050484027472
XIV	2420	0.7914393503779644
XV	2420	0.7969267592237085
XVI	2420	0.7205331696316501
I	2425	0.6714852878575959
II	2425	0.8545913348024555
III	2425	0.6420275377885221
IV	2425	0.7761442569616295
V	2425	0.9031784331765237
VI	2425	0.7415874237954405
VII	2425	0.7241104002053275
VIII	2425	0.6699825644325087
IX	2425	0.8211317426253956
X	2425	0.8442174398693397
XI	2425	0.9210081941645072
XII	2425	0.8011282006572205
XIII	2425	0.9036704740537693
XIV	2425	0.7914393503779644
XV	2425	0.7969267592237085
XVI	2425	0.7205331696316501
I	2430	0.6714852878575959
II	2430	0.8545913348024555
III	2430	0.6420275377885221
IV	2430	0.7761442569616295
V	2430	0.9031784331765237
VI	2430	0.7415874237954405
VII	2430	0.7241104002053275
VIII	2430	0.6699825644325087
IX	2430	0.8211317426253956
X	2430	0.8442174398693397
XI	2430	0.9210081941645072
XII	2430	0.8011282006572205
XIII	2430	0.9036704740537693
XIV	2430	0.7914393503779644
XV	2430	0.7969267592237085
XVI	2430	0.7205331696316501
I	2435	0.6714852878575959
II	2435	0.8545913348024555
III	2435	0.6420275377885221
IV	2435	0.7761442569616295
V	2435	0.9031784331765237
VI	2435	0.7506005678095654
VII	2435	0.7241104002053275
VIII	2435	0.6699825644325087
IX	2435	0.8211317426253956
X	2435	0.8442174398693397
XI	2435	0.9210081941645072
XII	2435	0.8011282006572205
XIII	2435	0.9036704740537693
XIV	2435	0.7914393503779644
XV	2435	0.7969267592237085
XVI	2435	0.7205331696316501
I	2440	0.6714852878575959
II	2440	0.8545913348024555
III	2440	0.6420275377885221
IV	2440	0.7777350576036941
V	2440	0.9031784331765237
VI	2440	0.7506005678095654
VII	2440	0.7241104002053275
VIII	2440	0.6699825644325087
IX	2440	0.8211317426253956
X	2440	0.8442174398693397
XI	2440	0.9210081941645072
XII	2440	0.8011282006572205
XIII	2440	0.9036704740537693
XIV	2440	0.7914393503779644
XV	2440	0.7969267592237085
XVI	2440	0.7231026109996561
I	2445	0.6714852878575959
II	2445	0.8545913348024555
III	2445	0.6496807507914687
IV	2445	0.7809264504387594
V	2445	0.9031784331765237
VI	2445	0.7506005678095654
VII	2445	0.7241104002053275
VIII	2445	0.6699825644325087
IX	2445	0.8211317426253956
X	2445	0.8442174398693397
XI	2445	0.9210081941645072
XII	2445	0.8011282006572205
XIII	2445	0.9036704740537693
XIV	2445	0.7945540988330212
XV	2445	0.7969267592237085
XVI	2445	0.7231026109996561
I	2450	0.6714852878575959
II	2450	0.8545913348024555
III	2450	0.6496807507914687
IV	2450	0.7809264504387594
V	2450	0.9031784331765237
VI	2450	0.7596655327749009
VII	2450	0.7241104002053275
VIII	2450	0.6699825644325087
IX	2450	0.8211317426253956
X	2450	0.8442174398693397
XI	2450	0.9210081941645072
XII	2450	0.8011282006572205
XIII	2450	0.9036704740537693
XIV	2450	0.7945540988330212
XV	2450	0.7991681412198947
XVI	2450	0.7231026109996561
I	2455	0.6714852878575959
II	2455	0.8545913348024555
III	2455	0.6496807507914687
IV	2455	0.7809264504387594
V	2455	0.9031784331765237
VI	2455	0.7596655327749009
VII	2455	0.7241104002053275
VIII	2455	0.6699825644325087
IX	2455	0.8211317426253956
X	2455	0.8442174398693397
XI	2455	0.9210081941645072
XII	2455	0.8011282006572205
XIII	2455	0.9036704740537693
XIV	2455	0.7945540988330212
XV	2455	0.7991681412198947
XVI	2455	0.7256889288298494
I	2460	0.6714852878575959
II	2460	0.8545913348024555
III	2460	0.6496807507914687
IV	2460	0.7809264504387594
V	2460	0.9031784331765237
VI	2460	0.7596655327749009
VII	2460	0.7263625863933855
VIII	2460	0.6699825644325087
IX	2460	0.8211317426253956
X	2460	0.8442174398693397
XI	2460	0.9210081941645072
XII	2460	0.8011282006572205
XIII	2460	0.9036704740537693
XIV	2460	0.7945540988330212
XV	2460	0.7991681412198947
XVI	2460	0.7256889288298494
I	2465	0.6714852878575959
II	2465	0.8545913348024555
III	2465	0.6496807507914687
IV	2465	0.7809264504387594
V	2465	0.9074539552484941
VI	2465	0.7596655327749009
VII	2465	0.7286211890663098
VIII	2465	0.6699825644325087
IX	2465	0.8211317426253956
X	2465	0.8442174398693397
XI	2465	0.9210081941645072
XII	2465	0.8011282006572205
XIII	2465	0.9036704740537693
XIV	2465	0.7945540988330212
XV	2465	0.7991681412198947
XVI	2465	0.7256889288298494
I	2470	0.6714852878575959
II	2470	0.8545913348024555
III	2470	0.6496807507914687
IV	2470	0.7809264504387594
V	2470	0.9074539552484941
VI	2470	0.7596655327749009
VII	2470	0.7286211890663098
VIII	2470	0.6699825644325087
IX	2470	0.8211317426253956
X	2470	0.8442174398693397
XI	2470	0.9210081941645072
XII	2470	0.8011282006572205
XIII	2470	0.9036704740537693
XIV	2470	0.7945540988330212
XV	2470	0.7991681412198947
XVI	2470	0.7256889288298494
I	2475	0.6714852878575959
II	2475	0.8545913348024555
III	2475	0.6496807507914687
IV	2475	0.7809264504387594
V	2475	0.9074539552484941
VI	2475	0.7596655327749009
VII	2475	0.7286211890663098
VIII	2475	0.6699825644325087
IX	2475	0.8211317426253956
X	2475	0.8442174398693397
XI	2475	0.9210081941645072
XII	2475	0.8011282006572205
XIII	2475	0.9036704740537693
XIV	2475	0.8008639187691963
XV	2475	0.7991681412198947
XVI	2475	0.7256889288298494
I	2480	0.6714852878575959
II	2480	0.8545913348024555
III	2480	0.6496807507914687
IV	2480	0.7809264504387594
V	2480	0.9117520440224278
VI	2480	0.7596655327749009
VII	2480	0.7286211890663098
VIII	2480	0.6699825644325087
IX	2480	0.8267672680318626
X	2480	0.8442174398693397
XI	2480	0.9210081941645072
XII	2480	0.8034283795703303
XIII	2480	0.9036704740537693
XIV	2480	0.8071852134233801
XV	2480	0.7991681412198947
XVI	2480	0.7256889288298494
I	2485	0.6714852878575959
II	2485	0.8576447642845899
III	2485	0.6496807507914687
IV	2485	0.7809264504387594
V	2485	0.9160605481972677
VI	2485	0.7596655327749009
VII	2485	0.7286211890663098
VIII	2485	0.6699825644325087
IX	2485	0.8267672680318626
X	2485	0.8442174398693397
XI	2485	0.9210081941645072
XII	2485	0.8034283795703303
XIII	2485	0.9063586141096523
XIV	2485	0.8071852134233801
XV	2485	0.7991681412198947
XVI	2485	0.7256889288298494
I	2490	0.6714852878575959
II	2490	0.8576447642845899
III	2490	0.6496807507914687
IV	2490	0.7809264504387594
V	2490	0.9160605481972677
VI	2490	0.7596655327749009
VII	2490	0.7286211890663098
VIII	2490	0.6699825644325087
IX	2490	0.8267672680318626
X	2490	0.8442174398693397
XI	2490	0.9210081941645072
XII	2490	0.8034283795703303
XIII	2490	0.9063586141096523
XIV	2490	0.8071852134233801
XV	2490	0.7991681412198947
XVI	2490	0.7256889288298494
I	2495	0.6714852878575959
II	2495	0.8576447642845899
III	2495	0.6496807507914687
IV	2495	0.7809264504387594
V	2495	0.9160605481972677
VI	2495	0.7596655327749009
VII	2495	0.7286211890663098
VIII	2495	0.6744098833540985
IX	2495	0.8267672680318626
X	2495	0.8442174398693397
XI	2495	0.9210081941645072
XII	2495	0.8034283795703303
XIII	2495	0.9063586141096523
XIV	2495	0.8071852134233801
XV	2495	0.7991681412198947
XVI	2495	0.7256889288298494
I	2500	0.6714852878575959
II	2500	0.8607190992444514
III	2500	0.6496807507914687
IV	2500	0.7809264504387594
V	2500	0.9160605481972677
VI	2500	0.7596655327749009
VII	2500	0.7286211890663098
VIII	2500	0.6744098833540985
IX	2500	0.8267672680318626
X	2500	0.8442174398693397
XI	2500	0.9210081941645072
XII	2500	0.8034283795703303
XIII	2500	0.9063586141096523
XIV	2500	0.8071852134233801
XV	2500	0.7991681412198947
XVI	2500	0.7256889288298494
I	2505	0.6714852878575959
II	2505	0.8607190992444514
III	2505	0.6496807507914687
IV	2505	0.7809264504387594
V	2505	0.9160605481972677
VI	2505	0.7596655327749009
VII	2505	0.7286211890663098
VIII	2505	0.6744098833540985
IX	2505	0.8267672680318626
X	2505	0.8442174398693397
XI	2505	0.9210081941645072
XII	2505	0.8034283795703303
XIII	2505	0.9090640621095571
XIV	2505	0.8071852134233801
XV	2505	0.7991681412198947
XVI	2505	0.7256889288298494
I	2510	0.6714852878575959
II	2510	0.8607190992444514
III	2510	0.6496807507914687
IV	2510	0.7809264504387594
V	2510	0.9160605481972677
VI	2510	0.7596655327749009
VII	2510	0.7286211890663098
VIII	2510	0.6833249502793067
IX	2510	0.8267672680318626
X	2510	0.8442174398693397
XI	2510	0.9210081941645072
XII	2510	0.8034283795703303
XIII	2510	0.9090640621095571
XIV	2510	0.8071852134233801
XV	2510	0.7991681412198947
XVI	2510	0.7256889288298494
I	2515	0.6714852878575959
II	2515	0.8607190992444514
III	2515	0.6496807507914687
IV	2515	0.7809264504387594
V	2515	0.9160605481972677
VI	2515	0.7596655327749009
VII	2515	0.7286211890663098
VIII	2515	0.6833249502793067
IX	2515	0.8267672680318626
X	2515	0.8442174398693397
XI	2515	0.9210081941645072
XII	2515	0.8034283795703303
XIII	2515	0.9090640621095571
XIV	2515	0.8071852134233801
XV	2515	0.7991681412198947
XVI	2515	0.7256889288298494
I	2520	0.6714852878575959
II	2520	0.8607190992444514
III	2520	0.6496807507914687
IV	2520	0.7809264504387594
V	2520	0.9160605481972677
VI	2520	0.7596655327749009
VII	2520	0.7286211890663098
VIII	2520	0.6833249502793067
IX	2520	0.8267672680318626
X	2520	0.8442174398693397
XI	2520	0.9210081941645072
XII	2520	0.8034283795703303
XIII	2520	0.9117878997999851
XIV	2520	0.8071852134233801
XV	2520	0.7991681412198947
XVI	2520	0.7256889288298494
I	2525	0.6714852878575959
II	2525	0.8607190992444514
III	2525	0.6496807507914687
IV	2525	0.7809264504387594
V	2525	0.9160605481972677
VI	2525	0.7596655327749009
VII	2525	0.7286211890663098
VIII	2525	0.6833249502793067
IX	2525	0.8267672680318626
X	2525	0.8442174398693397
XI	2525	0.9210081941645072
XII	2525	0.8034283795703303
XIII	2525	0.9117878997999851
XIV	2525	0.8071852134233801
XV	2525	0.7991681412198947
XVI	2525	0.7256889288298494
I	2530	0.6714852878575959
II	2530	0.8607190992444514
III	2530	0.6575938724193109
IV	2530	0.7809264504387594
V	2530	0.9160605481972677
VI	2530	0.7596655327749009
VII	2530	0.7286211890663098
VIII	2530	0.6833249502793067
IX	2530	0.8267672680318626
X	2530	0.8442174398693397
XI	2530	0.9210081941645072
XII	2530	0.8034283795703303
XIII	2530	0.9117878997999851
XIV	2530	0.8071852134233801
XV	2530	0.7991681412198947
XVI	2530	0.7256889288298494
I	2535	0.6714852878575959
II	2535	0.8607190992444514
III	2535	0.6575938724193109
IV	2535	0.7809264504387594
V	2535	0.9160605481972677
VI	2535	0.7596655327749009
VII	2535	0.7332676407501787
VIII	2535	0.6833249502793067
IX	2535	0.8267672680318626
X	2535	0.8442174398693397
XI	2535	0.9210081941645072
XII	2535	0.8034283795703303
XIII	2535	0.9117878997999851
XIV	2535	0.8071852134233801
XV	2535	0.7991681412198947
XVI	2535	0.7256889288298494
I	2540	0.6714852878575959
II	2540	0.8607190992444514
III	2540	0.6575938724193109
IV	2540	0.7809264504387594
V	2540	0.9160605481972677
VI	2540	0.7596655327749009
VII	2540	0.7332676407501787
VIII	2540	0.6833249502793067
IX	2540	0.8267672680318626
X	2540	0.8442174398693397
XI	2540	0.9248113422593339
XII	2540	0.8034283795703303
XIII	2540	0.9117878997999851
XIV	2540	0.8071852134233801
XV	2540	0.7991681412198947
XVI	2540	0.7256889288298494
I	2545	0.6714852878575959
II	2545	0.8607190992444514
III	2545	0.6575938724193109
IV	2545	0.7809264504387594
V	2545	0.9160605481972677
VI	2545	0.7596655327749009
VII	2545	0.7332676407501787
VIII	2545	0.6833249502793067
IX	2545	0.8267672680318626
X	2545	0.8442174398693397
XI	2545	0.9248113422593339
XII	2545	0.8057851354647706
XIII	2545	0.9117878997999851
XIV	2545	0.8071852134233801
XV	2545	0.7991681412198947
XVI	2545	0.7256889288298494
I	2550	0.6714852878575959
II	2550	0.8607190992444514
III	2550	0.6575938724193109
IV	2550	0.7809264504387594
V	2550	0.9160605481972677
VI	2550	0.7596655327749009
VII	2550	0.7332676407501787
VIII	2550	0.6833249502793067
IX	2550	0.8267672680318626
X	2550	0.8442174398693397
XI	2550	0.9248113422593339
XII	2550	0.8057851354647706
XIII	2550	0.9117878997999851
XIV	2550	0.8104338335885396
XV	2550	0.7991681412198947
XVI	2550	0.7256889288298494
I	2555	0.6714852878575959
II	2555	0.8607190992444514
III	2555	0.6655852797775432
IV	2555	0.7809264504387594
V	2555	0.9160605481972677
VI	2555	0.7596655327749009
VII	2555	0.7356078244449741
VIII	2555	0.6833249502793067
IX	2555	0.8267672680318626
X	2555	0.8442174398693397
XI	2555	0.9286414843075151
XII	2555	0.8057851354647706
XIII	2555	0.9117878997999851
XIV	2555	0.8104338335885396
XV	2555	0.7991681412198947
XVI	2555	0.7256889288298494
I	2560	0.6826051829135863
II	2560	0.8607190992444514
III	2560	0.6655852797775432
IV	2560	0.7809264504387594
V	2560	0.9160605481972677
VI	2560	0.7596655327749009
VII	2560	0.7356078244449741
VIII	2560	0.6833249502793067
IX	2560	0.8267672680318626
X	2560	0.8442174398693397
XI	2560	0.9286414843075151
XII	2560	0.8057851354647706
XIII	2560	0.9117878997999851
XIV	2560	0.8104338335885396
XV	2560	0.8015103212616983
XVI	2560	0.7256889288298494
I	2565	0.6826051829135863
II	2565	0.8607190992444514
III	2565	0.6655852797775432
IV	2565	0.7809264504387594
V	2565	0.9160605481972677
VI	2565	0.7596655327749009
VII	2565	0.7356078244449741
VIII	2565	0.6833249502793067
IX	2565	0.8267672680318626
X	2565	0.8476569257030832
XI	2565	0.9286414843075151
XII	2565	0.8057851354647706
XIII	2565	0.9117878997999851
XIV	2565	0.8104338335885396
XV	2565	0.8015103212616983
XVI	2565	0.7256889288298494
I	2570	0.6826051829135863
II	2570	0.8607190992444514
III	2570	0.6655852797775432
IV	2570	0.7809264504387594
V	2570	0.9160605481972677
VI	2570	0.7596655327749009
VII	2570	0.7356078244449741
VIII	2570	0.6833249502793067
IX	2570	0.8267672680318626
X	2570	0.8510977524669763
XI	2570	0.9286414843075151
XII	2570	0.8057851354647706
XIII	2570	0.9145679883084838
XIV	2570	0.8104338335885396
XV	2570	0.8015103212616983
XVI	2570	0.7256889288298494
I	2575	0.6826051829135863
II	2575	0.8607190992444514
III	2575	0.6655852797775432
IV	2575	0.7826053750392478
V	2575	0.9160605481972677
VI	2575	0.7596655327749009
VII	2575	0.7356078244449741
VIII	2575	0.6833249502793067
IX	2575	0.8267672680318626
X	2575	0.8510977524669763
XI	2575	0.9286414843075151
XII	2575	0.8057851354647706
XIII	2575	0.9145679883084838
XIV	2575	0.8104338335885396
XV	2575	0.8015103212616983
XVI	2575	0.7256889288298494
I	2580	0.6826051829135863
II	2580	0.8607190992444514
III	2580	0.6655852797775432
IV	2580	0.7826053750392478
V	2580	0.9160605481972677
VI	2580	0.7596655327749009
VII	2580	0.7356078244449741
VIII	2580	0.6833249502793067
IX	2580	0.8267672680318626
X	2580	0.8510977524669763
XI	2580	0.9286414843075151
XII	2580	0.8057851354647706
XIII	2580	0.9145679883084838
XIV	2580	0.8104338335885396
XV	2580	0.803870828220887
XVI	2580	0.7256889288298494
I	2585	0.6826051829135863
II	2585	0.8607190992444514
III	2585	0.6736706300122439
IV	2585	0.7826053750392478
V	2585	0.9160605481972677
VI	2585	0.7596655327749009
VII	2585	0.7356078244449741
VIII	2585	0.6833249502793067
IX	2585	0.8267672680318626
X	2585	0.8510977524669763
XI	2585	0.9286414843075151
XII	2585	0.8057851354647706
XIII	2585	0.9145679883084838
XIV	2585	0.8104338335885396
XV	2585	0.803870828220887
XVI	2585	0.7256889288298494
I	2590	0.6826051829135863
II	2590	0.863904110262868
III	2590	0.6736706300122439
IV	2590	0.7826053750392478
V	2590	0.9160605481972677
VI	2590	0.7596655327749009
VII	2590	0.7356078244449741
VIII	2590	0.6833249502793067
IX	2590	0.8267672680318626
X	2590	0.8510977524669763
XI	2590	0.9286414843075151
XII	2590	0.8057851354647706
XIII	2590	0.9145679883084838
XIV	2590	0.8104338335885396
XV	2590	0.803870828220887
XVI	2590	0.7256889288298494
I	2595	0.6826051829135863
II	2595	0.863904110262868
III	2595	0.6736706300122439
IV	2595	0.7826053750392478
V	2595	0.9160605481972677
VI	2595	0.7596655327749009
VII	2595	0.7356078244449741
VIII	2595	0.6833249502793067
IX	2595	0.8267672680318626
X	2595	0.8510977524669763
XI	2595	0.9286414843075151
XII	2595	0.8057851354647706
XIII	2595	0.9145679883084838
XIV	2595	0.8104338335885396
XV	2595	0.803870828220887
XVI	2595	0.7284229157041809
I	2600	0.6826051829135863
II	2600	0.863904110262868
III	2600	0.6736706300122439
IV	2600	0.7826053750392478
V	2600	0.9160605481972677
VI	2600	0.7692746177279474
VII	2600	0.7356078244449741
VIII	2600	0.6833249502793067
IX	2600	0.8267672680318626
X	2600	0.8510977524669763
XI	2600	0.9286414843075151
XII	2600	0.8057851354647706
XIII	2600	0.9145679883084838
XIV	2600	0.8104338335885396
XV	2600	0.803870828220887
XVI	2600	0.7284229157041809
I	2605	0.6826051829135863
II	2605	0.863904110262868
III	2605	0.6736706300122439
IV	2605	0.7826053750392478
V	2605	0.9160605481972677
VI	2605	0.7692746177279474
VII	2605	0.7356078244449741
VIII	2605	0.6833249502793067
IX	2605	0.8267672680318626
X	2605	0.8510977524669763
XI	2605	0.9286414843075151
XII	2605	0.8057851354647706
XIII	2605	0.9145679883084838
XIV	2605	0.8104338335885396
XV	2605	0.803870828220887
XVI	2605	0.7284229157041809
I	2610	0.6826051829135863
II	2610	0.863904110262868
III	2610	0.6736706300122439
IV	2610	0.7826053750392478
V	2610	0.9160605481972677
VI	2610	0.7692746177279474
VII	2610	0.7356078244449741
VIII	2610	0.6833249502793067
IX	2610	0.8267672680318626
X	2610	0.8510977524669763
XI	2610	0.9286414843075151
XII	2610	0.8057851354647706
XIII	2610	0.9145679883084838
XIV	2610	0.8104338335885396
XV	2610	0.803870828220887
XVI	2610	0.7284229157041809
I	2615	0.6826051829135863
II	2615	0.8671149456949473
III	2615	0.6736706300122439
IV	2615	0.7826053750392478
V	2615	0.9160605481972677
VI	2615	0.7692746177279474
VII	2615	0.7356078244449741
VIII	2615	0.6833249502793067
IX	2615	0.8267672680318626
X	2615	0.8510977524669763
XI	2615	0.9286414843075151
XII	2615	0.8057851354647706
XIII	2615	0.9145679883084838
XIV	2615	0.8104338335885396
XV	2615	0.803870828220887
XVI	2615	0.7284229157041809
I	2620	0.6826051829135863
II	2620	0.8671149456949473
III	2620	0.6736706300122439
IV	2620	0.7826053750392478
V	2620	0.9160605481972677
VI	2620	0.7692746177279474
VII	2620	0.7356078244449741
VIII	2620	0.6833249502793067
IX	2620	0.8267672680318626
X	2620	0.8510977524669763
XI	2620	0.9286414843075151
XII	2620	0.8057851354647706
XIII	2620	0.9145679883084838
XIV	2620	0.8104338335885396
XV	2620	0.803870828220887
XVI	2620	0.7284229157041809
I	2625	0.6826051829135863
II	2625	0.8671149456949473
III	2625	0.6736706300122439
IV	2625	0.7826053750392478
V	2625	0.9160605481972677
VI	2625	0.7692746177279474
VII	2625	0.7356078244449741
VIII	2625	0.6833249502793067
IX	2625	0.8327301494925982
X	2625	0.8510977524669763
XI	2625	0.9286414843075151
XII	2625	0.8057851354647706
XIII	2625	0.9145679883084838
XIV	2625	0.8104338335885396
XV	2625	0.803870828220887
XVI	2625	0.7284229157041809
I	2630	0.6826051829135863
II	2630	0.8671149456949473
III	2630	0.6736706300122439
IV	2630	0.7843215075332929
V	2630	0.9160605481972677
VI	2630	0.7692746177279474
VII	2630	0.7356078244449741
VIII	2630	0.6833249502793067
IX	2630	0.8327301494925982
X	2630	0.8510977524669763
XI	2630	0.9286414843075151
XII	2630	0.8057851354647706
XIII	2630	0.9145679883084838
XIV	2630	0.8104338335885396
XV	2630	0.803870828220887
XVI	2630	0.7284229157041809
I	2635	0.6826051829135863
II	2635	0.8671149456949473
III	2635	0.6736706300122439
IV	2635	0.7843215075332929
V	2635	0.9160605481972677
VI	2635	0.7692746177279474
VII	2635	0.7356078244449741
VIII	2635	0.6833249502793067
IX	2635	0.8327301494925982
X	2635	0.8510977524669763
XI	2635	0.9286414843075151
XII	2635	0.8057851354647706
XIII	2635	0.9145679883084838
XIV	2635	0.8104338335885396
XV	2635	0.803870828220887
XVI	2635	0.7311990937339805
I	2640	0.6826051829135863
II	2640	0.8671149456949473
III	2640	0.6736706300122439
IV	2640	0.7843215075332929
V	2640	0.9160605481972677
VI	2640	0.7692746177279474
VII	2640	0.7356078244449741
VIII	2640	0.6880099814624904
IX	2640	0.8327301494925982
X	2640	0.8510977524669763
XI	2640	0.9286414843075151
XII	2640	0.8057851354647706
XIII	2640	0.9145679883084838
XIV	2640	0.8104338335885396
XV	2640	0.803870828220887
XVI	2640	0.7311990937339805
I	2645	0.6826051829135863
II	2645	0.8671149456949473
III	2645	0.6736706300122439
IV	2645	0.7843215075332929
V	2645	0.9160605481972677
VI	2645	0.7692746177279474
VII	2645	0.7356078244449741
VIII	2645	0.6880099814624904
IX	2645	0.8327301494925982
X	2645	0.8510977524669763
XI	2645	0.9286414843075151
XII	2645	0.8057851354647706
XIII	2645	0.9174292078045847
XIV	2645	0.8104338335885396
XV	2645	0.8062918140074462
XVI	2645	0.7311990937339805
I	2650	0.6826051829135863
II	2650	0.8703712812844325
III	2650	0.6736706300122439
IV	2650	0.7843215075332929
V	2650	0.9160605481972677
VI	2650	0.7692746177279474
VII	2650	0.7356078244449741
VIII	2650	0.6880099814624904
IX	2650	0.8327301494925982
X	2650	0.8510977524669763
XI	2650	0.9286414843075151
XII	2650	0.8057851354647706
XIII	2650	0.9174292078045847
XIV	2650	0.8104338335885396
XV	2650	0.8062918140074462
XVI	2650	0.7311990937339805
I	2655	0.6826051829135863
II	2655	0.8703712812844325
III	2655	0.6736706300122439
IV	2655	0.7843215075332929
V	2655	0.9160605481972677
VI	2655	0.7692746177279474
VII	2655	0.7356078244449741
VIII	2655	0.6880099814624904
IX	2655	0.8327301494925982
X	2655	0.8510977524669763
XI	2655	0.9286414843075151
XII	2655	0.8057851354647706
XIII	2655	0.9174292078045847
XIV	2655	0.8104338335885396
XV	2655	0.8062918140074462
XVI	2655	0.7311990937339805
I	2660	0.6826051829135863
II	2660	0.8703712812844325
III	2660	0.6736706300122439
IV	2660	0.7843215075332929
V	2660	0.9160605481972677
VI	2660	0.7692746177279474
VII	2660	0.7356078244449741
VIII	2660	0.6880099814624904
IX	2660	0.8327301494925982
X	2660	0.8510977524669763
XI	2660	0.9286414843075151
XII	2660	0.8057851354647706
XIII	2660	0.9174292078045847
XIV	2660	0.8104338335885396
XV	2660	0.8062918140074462
XVI	2660	0.7311990937339805
I	2665	0.6826051829135863
II	2665	0.8703712812844325
III	2665	0.6736706300122439
IV	2665	0.7843215075332929
V	2665	0.9160605481972677
VI	2665	0.7692746177279474
VII	2665	0.7356078244449741
VIII	2665	0.6880099814624904
IX	2665	0.8327301494925982
X	2665	0.8510977524669763
XI	2665	0.9286414843075151
XII	2665	0.8057851354647706
XIII	2665	0.9174292078045847
XIV	2665	0.8104338335885396
XV	2665	0.8062918140074462
XVI	2665	0.7311990937339805
I	2670	0.6826051829135863
II	2670	0.8703712812844325
III	2670	0.6736706300122439
IV	2670	0.7843215075332929
V	2670	0.9160605481972677
VI	2670	0.7692746177279474
VII	2670	0.7356078244449741
VIII	2670	0.6880099814624904
IX	2670	0.8327301494925982
X	2670	0.8510977524669763
XI	2670	0.9286414843075151
XII	2670	0.8057851354647706
XIII	2670	0.9174292078045847
XIV	2670	0.8104338335885396
XV	2670	0.8062918140074462
XVI	2670	0.7311990937339805
I	2675	0.6826051829135863
II	2675	0.8703712812844325
III	2675	0.6736706300122439
IV	2675	0.7843215075332929
V	2675	0.9160605481972677
VI	2675	0.7692746177279474
VII	2675	0.7356078244449741
VIII	2675	0.6880099814624904
IX	2675	0.8327301494925982
X	2675	0.8510977524669763
XI	2675	0.9286414843075151
XII	2675	0.8057851354647706
XIII	2675	0.9174292078045847
XIV	2675	0.8104338335885396
XV	2675	0.8062918140074462
XVI	2675	0.7311990937339805
I	2680	0.6826051829135863
II	2680	0.8703712812844325
III	2680	0.6736706300122439
IV	2680	0.7843215075332929
V	2680	0.9160605481972677
VI	2680	0.7692746177279474
VII	2680	0.7356078244449741
VIII	2680	0.6880099814624904
IX	2680	0.8327301494925982
X	2680	0.8510977524669763
XI	2680	0.9286414843075151
XII	2680	0.8057851354647706
XIII	2680	0.9174292078045847
XIV	2680	0.8104338335885396
XV	2680	0.8087439555535599
XVI	2680	0.7311990937339805
I	2685	0.6826051829135863
II	2685	0.8703712812844325
III	2685	0.6736706300122439
IV	2685	0.7843215075332929
V	2685	0.9160605481972677
VI	2685	0.7692746177279474
VII	2685	0.7356078244449741
VIII	2685	0.6880099814624904
IX	2685	0.8388271560033463
X	2685	0.8510977524669763
XI	2685	0.9286414843075151
XII	2685	0.8057851354647706
XIII	2685	0.9174292078045847
XIV	2685	0.8104338335885396
XV	2685	0.8087439555535599
XVI	2685	0.7311990937339805
I	2690	0.6826051829135863
II	2690	0.8703712812844325
III	2690	0.6820941746022302
IV	2690	0.7843215075332929
V	2690	0.9207249119030674
VI	2690	0.7692746177279474
VII	2690	0.7356078244449741
VIII	2690	0.6880099814624904
IX	2690	0.8388271560033463
X	2690	0.8510977524669763
XI	2690	0.9286414843075151
XII	2690	0.8057851354647706
XIII	2690	0.9174292078045847
XIV	2690	0.8104338335885396
XV	2690	0.8112070932501046
XVI	2690	0.7311990937339805
I	2695	0.6826051829135863
II	2695	0.8703712812844325
III	2695	0.6820941746022302
IV	2695	0.7843215075332929
V	2695	0.9207249119030674
VI	2695	0.7692746177279474
VII	2695	0.7356078244449741
VIII	2695	0.6880099814624904
IX	2695	0.8388271560033463
X	2695	0.8510977524669763
XI	2695	0.9286414843075151
XII	2695	0.8057851354647706
XIII	2695	0.9174292078045847
XIV	2695	0.8104338335885396
XV	2695	0.8112070932501046
XVI	2695	0.7340375037180956
I	2700	0.6826051829135863
II	2700	0.8703712812844325
III	2700	0.6820941746022302
IV	2700	0.7843215075332929
V	2700	0.9207249119030674
VI	2700	0.7692746177279474
VII	2700	0.7356078244449741
VIII	2700	0.6880099814624904
IX	2700	0.8388271560033463
X	2700	0.8510977524669763
XI	2700	0.9286414843075151
XII	2700	0.8057851354647706
XIII	2700	0.9174292078045847
XIV	2700	0.8104338335885396
XV	2700	0.8112070932501046
XVI	2700	0.7368832971544175
I	2705	0.6826051829135863
II	2705	0.8703712812844325
III	2705	0.6820941746022302
IV	2705	0.7843215075332929
V	2705	0.9207249119030674
VI	2705	0.7692746177279474
VII	2705	0.7356078244449741
VIII	2705	0.6880099814624904
IX	2705	0.8388271560033463
X	2705	0.8510977524669763
XI	2705	0.9286414843075151
XII	2705	0.8057851354647706
XIII	2705	0.9174292078045847
XIV	2705	0.8104338335885396
XV	2705	0.8112070932501046
XVI	2705	0.7368832971544175
I	2710	0.6826051829135863
II	2710	0.8703712812844325
III	2710	0.6820941746022302
IV	2710	0.7843215075332929
V	2710	0.9207249119030674
VI	2710	0.7692746177279474
VII	2710	0.7356078244449741
VIII	2710	0.6880099814624904
IX	2710	0.8388271560033463
X	2710	0.8510977524669763
XI	2710	0.9286414843075151
XII	2710	0.8057851354647706
XIII	2710	0.9174292078045847
XIV	2710	0.8104338335885396
XV	2710	0.8112070932501046
XVI	2710	0.7368832971544175
I	2715	0.6826051829135863
II	2715	0.8703712812844325
III	2715	0.6820941746022302
IV	2715	0.7860911671724546
V	2715	0.9207249119030674
VI	2715	0.7692746177279474
VII	2715	0.7356078244449741
VIII	2715	0.6880099814624904
IX	2715	0.8388271560033463
X	2715	0.8510977524669763
XI	2715	0.9286414843075151
XII	2715	0.8057851354647706
XIII	2715	0.9174292078045847
XIV	2715	0.8104338335885396
XV	2715	0.8112070932501046
XVI	2715	0.7368832971544175
I	2720	0.6826051829135863
II	2720	0.8703712812844325
III	2720	0.6820941746022302
IV	2720	0.7860911671724546
V	2720	0.9207249119030674
VI	2720	0.7692746177279474
VII	2720	0.7356078244449741
VIII	2720	0.6880099814624904
IX	2720	0.8388271560033463
X	2720	0.8510977524669763
XI	2720	0.9286414843075151
XII	2720	0.8057851354647706
XIII	2720	0.9174292078045847
XIV	2720	0.8104338335885396
XV	2720	0.8112070932501046
XVI	2720	0.7368832971544175
I	2725	0.6826051829135863
II	2725	0.8703712812844325
III	2725	0.6820941746022302
IV	2725	0.7860911671724546
V	2725	0.9207249119030674
VI	2725	0.7692746177279474
VII	2725	0.7356078244449741
VIII	2725	0.6880099814624904
IX	2725	0.8388271560033463
X	2725	0.8510977524669763
XI	2725	0.9286414843075151
XII	2725	0.8057851354647706
XIII	2725	0.9174292078045847
XIV	2725	0.8104338335885396
XV	2725	0.8112070932501046
XVI	2725	0.7368832971544175
I	2730	0.6826051829135863
II	2730	0.8703712812844325
III	2730	0.6820941746022302
IV	2730	0.7860911671724546
V	2730	0.9207249119030674
VI	2730	0.7692746177279474
VII	2730	0.7356078244449741
VIII	2730	0.6880099814624904
IX	2730	0.8388271560033463
X	2730	0.8510977524669763
XI	2730	0.9327355672329398
XII	2730	0.8057851354647706
XIII	2730	0.9174292078045847
XIV	2730	0.8104338335885396
XV	2730	0.8112070932501046
XVI	2730	0.7397586243995671
I	2735	0.6826051829135863
II	2735	0.8703712812844325
III	2735	0.6820941746022302
IV	2735	0.7860911671724546
V	2735	0.9207249119030674
VI	2735	0.7692746177279474
VII	2735	0.7356078244449741
VIII	2735	0.6880099814624904
IX	2735	0.8388271560033463
X	2735	0.8510977524669763
XI	2735	0.9327355672329398
XII	2735	0.8057851354647706
XIII	2735	0.9174292078045847
XIV	2735	0.8104338335885396
XV	2735	0.8112070932501046
XVI	2735	0.7397586243995671
I	2740	0.6826051829135863
II	2740	0.8703712812844325
III	2740	0.6820941746022302
IV	2740	0.7860911671724546
V	2740	0.9207249119030674
VI	2740	0.7692746177279474
VII	2740	0.7356078244449741
VIII	2740	0.6880099814624904
IX	2740	0.8388271560033463
X	2740	0.8510977524669763
XI	2740	0.9327355672329398
XII	2740	0.8057851354647706
XIII	2740	0.9174292078045847
XIV	2740	0.8104338335885396
XV	2740	0.8112070932501046
XVI	2740	0.7397586243995671
I	2745	0.6826051829135863
II	2745	0.8703712812844325
III	2745	0.6820941746022302
IV	2745	0.7878810626835507
V	2745	0.9207249119030674
VI	2745	0.7692746177279474
VII	2745	0.7356078244449741
VIII	2745	0.6880099814624904
IX	2745	0.8388271560033463
X	2745	0.8510977524669763
XI	2745	0.9327355672329398
XII	2745	0.8057851354647706
XIII	2745	0.9174292078045847
XIV	2745	0.8104338335885396
XV	2745	0.8112070932501046
XVI	2745	0.7397586243995671
I	2750	0.6826051829135863
II	2750	0.8703712812844325
III	2750	0.6820941746022302
IV	2750	0.7878810626835507
V	2750	0.9207249119030674
VI	2750	0.7692746177279474
VII	2750	0.7356078244449741
VIII	2750	0.6880099814624904
IX	2750	0.8388271560033463
X	2750	0.8510977524669763
XI	2750	0.9327355672329398
XII	2750	0.8057851354647706
XIII	2750	0.9203996836973231
XIV	2750	0.8104338335885396
XV	2750	0.813727044390543
XVI	2750	0.7397586243995671
I	2755	0.6826051829135863
II	2755	0.8703712812844325
III	2755	0.6820941746022302
IV	2755	0.7878810626835507
V	2755	0.9207249119030674
VI	2755	0.7692746177279474
VII	2755	0.7356078244449741
VIII	2755	0.6880099814624904
IX	2755	0.8388271560033463
X	2755	0.8510977524669763
XI	2755	0.9327355672329398
XII	2755	0.8057851354647706
XIII	2755	0.9203996836973231
XIV	2755	0.8104338335885396
XV	2755	0.813727044390543
XVI	2755	0.7397586243995671
I	2760	0.6826051829135863
II	2760	0.8737628876121517
III	2760	0.6820941746022302
IV	2760	0.7878810626835507
V	2760	0.9207249119030674
VI	2760	0.7692746177279474
VII	2760	0.7356078244449741
VIII	2760	0.6880099814624904
IX	2760	0.8388271560033463
X	2760	0.8510977524669763
XI	2760	0.9327355672329398
XII	2760	0.8057851354647706
XIII	2760	0.9203996836973231
XIV	2760	0.8104338335885396
XV	2760	0.813727044390543
XVI	2760	0.7397586243995671
I	2765	0.6826051829135863
II	2765	0.8737628876121517
III	2765	0.6820941746022302
IV	2765	0.789685971906082
V	2765	0.9207249119030674
VI	2765	0.7692746177279474
VII	2765	0.7356078244449741
VIII	2765	0.6929207330403115
IX	2765	0.8388271560033463
X	2765	0.8510977524669763
XI	2765	0.9327355672329398
XII	2765	0.8057851354647706
XIII	2765	0.9203996836973231
XIV	2765	0.8104338335885396
XV	2765	0.813727044390543
XVI	2765	0.7397586243995671
I	2770	0.6826051829135863
II	2770	0.8737628876121517
III	2770	0.6820941746022302
IV	2770	0.789685971906082
V	2770	0.9207249119030674
VI	2770	0.7692746177279474
VII	2770	0.7356078244449741
VIII	2770	0.6978421485737848
IX	2770	0.8388271560033463
X	2770	0.8510977524669763
XI	2770	0.9327355672329398
XII	2770	0.8057851354647706
XIII	2770	0.9203996836973231
XIV	2770	0.8104338335885396
XV	2770	0.813727044390543
XVI	2770	0.7397586243995671
I	2775	0.6826051829135863
II	2775	0.8737628876121517
III	2775	0.6907838906755432
IV	2775	0.789685971906082
V	2775	0.9207249119030674
VI	2775	0.7692746177279474
VII	2775	0.7381496690927091
VIII	2775	0.6978421485737848
IX	2775	0.8388271560033463
X	2775	0.8510977524669763
XI	2775	0.9327355672329398
XII	2775	0.8057851354647706
XIII	2775	0.9203996836973231
XIV	2775	0.8104338335885396
XV	2775	0.813727044390543
XVI	2775	0.7397586243995671
I	2780	0.6826051829135863
II	2780	0.8737628876121517
III	2780	0.6907838906755432
IV	2780	0.789685971906082
V	2780	0.9207249119030674
VI	2780	0.7692746177279474
VII	2780	0.7381496690927091
VIII	2780	0.6978421485737848
IX	2780	0.8388271560033463
X	2780	0.8548241973527357
XI	2780	0.9327355672329398
XII	2780	0.8057851354647706
XIII	2780	0.9203996836973231
XIV	2780	0.8104338335885396
XV	2780	0.813727044390543
XVI	2780	0.7397586243995671
I	2785	0.6826051829135863
II	2785	0.8737628876121517
III	2785	0.6907838906755432
IV	2785	0.789685971906082
V	2785	0.9207249119030674
VI	2785	0.7692746177279474
VII	2785	0.7381496690927091
VIII	2785	0.6978421485737848
IX	2785	0.8388271560033463
X	2785	0.8548241973527357
XI	2785	0.9327355672329398
XII	2785	0.8057851354647706
XIII	2785	0.9203996836973231
XIV	2785	0.8104338335885396
XV	2785	0.813727044390543
XVI	2785	0.7397586243995671
I	2790	0.6826051829135863
II	2790	0.8737628876121517
III	2790	0.6907838906755432
IV	2790	0.789685971906082
V	2790	0.9207249119030674
VI	2790	0.7795906885153667
VII	2790	0.7381496690927091
VIII	2790	0.7028008879520407
IX	2790	0.8388271560033463
X	2790	0.8548241973527357
XI	2790	0.9327355672329398
XII	2790	0.8057851354647706
XIII	2790	0.9203996836973231
XIV	2790	0.8104338335885396
XV	2790	0.813727044390543
XVI	2790	0.7397586243995671
I	2795	0.6826051829135863
II	2795	0.8737628876121517
III	2795	0.6995268410455215
IV	2795	0.789685971906082
V	2795	0.9207249119030674
VI	2795	0.7795906885153667
VII	2795	0.7381496690927091
VIII	2795	0.7028008879520407
IX	2795	0.8388271560033463
X	2795	0.8548241973527357
XI	2795	0.9327355672329398
XII	2795	0.8057851354647706
XIII	2795	0.9203996836973231
XIV	2795	0.8104338335885396
XV	2795	0.8162882310950974
XVI	2795	0.7397586243995671
I	2800	0.6826051829135863
II	2800	0.8737628876121517
III	2800	0.6995268410455215
IV	2800	0.789685971906082
V	2800	0.9207249119030674
VI	2800	0.7795906885153667
VII	2800	0.7381496690927091
VIII	2800	0.7028008879520407
IX	2800	0.8388271560033463
X	2800	0.8548241973527357
XI	2800	0.9327355672329398
XII	2800	0.8057851354647706
XIII	2800	0.9203996836973231
XIV	2800	0.8104338335885396
XV	2800	0.8162882310950974
XVI	2800	0.7397586243995671
I	2805	0.6826051829135863
II	2805	0.8737628876121517
III	2805	0.6995268410455215
IV	2805	0.789685971906082
V	2805	0.9207249119030674
VI	2805	0.7795906885153667
VII	2805	0.7381496690927091
VIII	2805	0.7028008879520407
IX	2805	0.8388271560033463
X	2805	0.8548241973527357
XI	2805	0.9327355672329398
XII	2805	0.8057851354647706
XIII	2805	0.9203996836973231
XIV	2805	0.8104338335885396
XV	2805	0.8162882310950974
XVI	2805	0.7397586243995671
I	2810	0.6826051829135863
II	2810	0.8737628876121517
III	2810	0.6995268410455215
IV	2810	0.789685971906082
V	2810	0.9207249119030674
VI	2810	0.7795906885153667
VII	2810	0.7381496690927091
VIII	2810	0.7028008879520407
IX	2810	0.8388271560033463
X	2810	0.8548241973527357
XI	2810	0.9327355672329398
XII	2810	0.8057851354647706
XIII	2810	0.9203996836973231
XIV	2810	0.8104338335885396
XV	2810	0.8162882310950974
XVI	2810	0.7397586243995671
I	2815	0.6826051829135863
II	2815	0.8737628876121517
III	2815	0.6995268410455215
IV	2815	0.789685971906082
V	2815	0.9207249119030674
VI	2815	0.7795906885153667
VII	2815	0.7407290960089464
VIII	2815	0.7028008879520407
IX	2815	0.8388271560033463
X	2815	0.8548241973527357
XI	2815	0.9327355672329398
XII	2815	0.8057851354647706
XIII	2815	0.9203996836973231
XIV	2815	0.8140228703879602
XV	2815	0.8162882310950974
XVI	2815	0.7397586243995671
I	2820	0.6826051829135863
II	2820	0.8737628876121517
III	2820	0.6995268410455215
IV	2820	0.789685971906082
V	2820	0.9207249119030674
VI	2820	0.7795906885153667
VII	2820	0.7407290960089464
VIII	2820	0.7028008879520407
IX	2820	0.8388271560033463
X	2820	0.8548241973527357
XI	2820	0.9369646199251368
XII	2820	0.8057851354647706
XIII	2820	0.9203996836973231
XIV	2820	0.8140228703879602
XV	2820	0.8188695774087755
XVI	2820	0.7397586243995671
I	2825	0.6826051829135863
II	2825	0.8737628876121517
III	2825	0.6995268410455215
IV	2825	0.7915293945622949
V	2825	0.9207249119030674
VI	2825	0.7795906885153667
VII	2825	0.7407290960089464
VIII	2825	0.7028008879520407
IX	2825	0.8388271560033463
X	2825	0.8548241973527357
XI	2825	0.9369646199251368
XII	2825	0.8057851354647706
XIII	2825	0.9203996836973231
XIV	2825	0.8140228703879602
XV	2825	0.8188695774087755
XVI	2825	0.7397586243995671
I	2830	0.6826051829135863
II	2830	0.8737628876121517
III	2830	0.6995268410455215
IV	2830	0.7915293945622949
V	2830	0.9207249119030674
VI	2830	0.7795906885153667
VII	2830	0.7407290960089464
VIII	2830	0.7028008879520407
IX	2830	0.8388271560033463
X	2830	0.8586136659555267
XI	2830	0.9369646199251368
XII	2830	0.8057851354647706
XIII	2830	0.9203996836973231
XIV	2830	0.8140228703879602
XV	2830	0.8188695774087755
XVI	2830	0.7397586243995671
I	2835	0.6826051829135863
II	2835	0.8737628876121517
III	2835	0.6995268410455215
IV	2835	0.7915293945622949
V	2835	0.9207249119030674
VI	2835	0.7795906885153667
VII	2835	0.7407290960089464
VIII	2835	0.7028008879520407
IX	2835	0.8388271560033463
X	2835	0.8586136659555267
XI	2835	0.9369646199251368
XII	2835	0.8057851354647706
XIII	2835	0.9203996836973231
XIV	2835	0.8140228703879602
XV	2835	0.8188695774087755
XVI	2835	0.7397586243995671
I	2840	0.6826051829135863
II	2840	0.8737628876121517
III	2840	0.6995268410455215
IV	2840	0.7915293945622949
V	2840	0.9207249119030674
VI	2840	0.7795906885153667
VII	2840	0.7407290960089464
VIII	2840	0.7028008879520407
IX	2840	0.8388271560033463
X	2840	0.8586136659555267
XI	2840	0.9369646199251368
XII	2840	0.8057851354647706
XIII	2840	0.9203996836973231
XIV	2840	0.8140228703879602
XV	2840	0.8188695774087755
XVI	2840	0.7397586243995671
I	2845	0.6826051829135863
II	2845	0.8737628876121517
III	2845	0.6995268410455215
IV	2845	0.7915293945622949
V	2845	0.9207249119030674
VI	2845	0.7795906885153667
VII	2845	0.7407290960089464
VIII	2845	0.7078502709533399
IX	2845	0.8388271560033463
X	2845	0.8586136659555267
XI	2845	0.9369646199251368
XII	2845	0.8057851354647706
XIII	2845	0.9203996836973231
XIV	2845	0.8140228703879602
XV	2845	0.8188695774087755
XVI	2845	0.7397586243995671
I	2850	0.6826051829135863
II	2850	0.8737628876121517
III	2850	0.6995268410455215
IV	2850	0.7915293945622949
V	2850	0.9207249119030674
VI	2850	0.7795906885153667
VII	2850	0.7407290960089464
VIII	2850	0.7078502709533399
IX	2850	0.8388271560033463
X	2850	0.8586136659555267
XI	2850	0.9369646199251368
XII	2850	0.8057851354647706
XIII	2850	0.9203996836973231
XIV	2850	0.8140228703879602
XV	2850	0.8188695774087755
XVI	2850	0.7397586243995671
I	2855	0.6826051829135863
II	2855	0.8737628876121517
III	2855	0.6995268410455215
IV	2855	0.7915293945622949
V	2855	0.9207249119030674
VI	2855	0.7795906885153667
VII	2855	0.7407290960089464
VIII	2855	0.7078502709533399
IX	2855	0.8388271560033463
X	2855	0.8586136659555267
XI	2855	0.9369646199251368
XII	2855	0.8057851354647706
XIII	2855	0.9203996836973231
XIV	2855	0.8140228703879602
XV	2855	0.8188695774087755
XVI	2855	0.7397586243995671
I	2860	0.6826051829135863
II	2860	0.8737628876121517
III	2860	0.6995268410455215
IV	2860	0.7915293945622949
V	2860	0.9207249119030674
VI	2860	0.7795906885153667
VII	2860	0.7407290960089464
VIII	2860	0.7078502709533399
IX	2860	0.8388271560033463
X	2860	0.8586136659555267
XI	2860	0.9369646199251368
XII	2860	0.8057851354647706
XIII	2860	0.9203996836973231
XIV	2860	0.8140228703879602
XV	2860	0.8241064940515408
XVI	2860	0.7427752920155348
I	2865	0.6826051829135863
II	2865	0.8737628876121517
III	2865	0.6995268410455215
IV	2865	0.7915293945622949
V	2865	0.9207249119030674
VI	2865	0.7795906885153667
VII	2865	0.7407290960089464
VIII	2865	0.7078502709533399
IX	2865	0.8388271560033463
X	2865	0.8586136659555267
XI	2865	0.9369646199251368
XII	2865	0.8057851354647706
XIII	2865	0.9203996836973231
XIV	2865	0.8140228703879602
XV	2865	0.8241064940515408
XVI	2865	0.7427752920155348
I	2870	0.6826051829135863
II	2870	0.8737628876121517
III	2870	0.6995268410455215
IV	2870	0.7915293945622949
V	2870	0.9207249119030674
VI	2870	0.7795906885153667
VII	2870	0.7407290960089464
VIII	2870	0.7078502709533399
IX	2870	0.8388271560033463
X	2870	0.8586136659555267
XI	2870	0.9369646199251368
XII	2870	0.8057851354647706
XIII	2870	0.9203996836973231
XIV	2870	0.8140228703879602
XV	2870	0.8241064940515408
XVI	2870	0.7458003978625961
I	2875	0.6826051829135863
II	2875	0.8737628876121517
III	2875	0.6995268410455215
IV	2875	0.7915293945622949
V	2875	0.9207249119030674
VI	2875	0.7795906885153667
VII	2875	0.7407290960089464
VIII	2875	0.712960083036668
IX	2875	0.8388271560033463
X	2875	0.8586136659555267
XI	2875	0.9369646199251368
XII	2875	0.8057851354647706
XIII	2875	0.9203996836973231
XIV	2875	0.8140228703879602
XV	2875	0.8241064940515408
XVI	2875	0.7458003978625961
I	2880	0.6826051829135863
II	2880	0.8737628876121517
III	2880	0.6995268410455215
IV	2880	0.7915293945622949
V	2880	0.9207249119030674
VI	2880	0.7795906885153667
VII	2880	0.7433690212110657
VIII	2880	0.712960083036668
IX	2880	0.8388271560033463
X	2880	0.8586136659555267
XI	2880	0.9369646199251368
XII	2880	0.8057851354647706
XIII	2880	0.9203996836973231
XIV	2880	0.8140228703879602
XV	2880	0.8241064940515408
XVI	2880	0.7458003978625961
I	2885	0.6826051829135863
II	2885	0.8737628876121517
III	2885	0.6995268410455215
IV	2885	0.7915293945622949
V	2885	0.9207249119030674
VI	2885	0.7795906885153667
VII	2885	0.7433690212110657
VIII	2885	0.712960083036668
IX	2885	0.8388271560033463
X	2885	0.8586136659555267
XI	2885	0.9369646199251368
XII	2885	0.8057851354647706
XIII	2885	0.9203996836973231
XIV	2885	0.8176973300881131
XV	2885	0.8241064940515408
XVI	2885	0.7458003978625961
I	2890	0.6826051829135863
II	2890	0.8737628876121517
III	2890	0.6995268410455215
IV	2890	0.7915293945622949
V	2890	0.9207249119030674
VI	2890	0.7795906885153667
VII	2890	0.7433690212110657
VIII	2890	0.712960083036668
IX	2890	0.8388271560033463
X	2890	0.8586136659555267
XI	2890	0.9369646199251368
XII	2890	0.8057851354647706
XIII	2890	0.9203996836973231
XIV	2890	0.8176973300881131
XV	2890	0.8241064940515408
XVI	2890	0.7458003978625961
I	2895	0.6826051829135863
II	2895	0.8737628876121517
III	2895	0.6995268410455215
IV	2895	0.7915293945622949
V	2895	0.9207249119030674
VI	2895	0.7795906885153667
VII	2895	0.7433690212110657
VIII	2895	0.712960083036668
IX	2895	0.8388271560033463
X	2895	0.8586136659555267
XI	2895	0.9369646199251368
XII	2895	0.8057851354647706
XIII	2895	0.9203996836973231
XIV	2895	0.8176973300881131
XV	2895	0.8241064940515408
XVI	2895	0.7458003978625961
I	2900	0.6826051829135863
II	2900	0.8737628876121517
III	2900	0.6995268410455215
IV	2900	0.7915293945622949
V	2900	0.9207249119030674
VI	2900	0.7795906885153667
VII	2900	0.7433690212110657
VIII	2900	0.712960083036668
IX	2900	0.8388271560033463
X	2900	0.8586136659555267
XI	2900	0.9369646199251368
XII	2900	0.8057851354647706
XIII	2900	0.9203996836973231
XIV	2900	0.8176973300881131
XV	2900	0.8241064940515408
XVI	2900	0.7458003978625961
I	2905	0.6826051829135863
II	2905	0.8737628876121517
III	2905	0.6995268410455215
IV	2905	0.7915293945622949
V	2905	0.9207249119030674
VI	2905	0.7795906885153667
VII	2905	0.7433690212110657
VIII	2905	0.712960083036668
IX	2905	0.8388271560033463
X	2905	0.8586136659555267
XI	2905	0.9369646199251368
XII	2905	0.8057851354647706
XIII	2905	0.9203996836973231
XIV	2905	0.8176973300881131
XV	2905	0.8241064940515408
XVI	2905	0.7458003978625961
I	2910	0.6826051829135863
II	2910	0.8737628876121517
III	2910	0.6995268410455215
IV	2910	0.7915293945622949
V	2910	0.9207249119030674
VI	2910	0.7795906885153667
VII	2910	0.7487002034942344
VIII	2910	0.718126769550141
IX	2910	0.8388271560033463
X	2910	0.8586136659555267
XI	2910	0.9369646199251368
XII	2910	0.8057851354647706
XIII	2910	0.9203996836973231
XIV	2910	0.8176973300881131
XV	2910	0.8267693951475821
XVI	2910	0.7458003978625961
I	2915	0.6826051829135863
II	2915	0.8737628876121517
III	2915	0.6995268410455215
IV	2915	0.7915293945622949
V	2915	0.9207249119030674
VI	2915	0.7795906885153667
VII	2915	0.7487002034942344
VIII	2915	0.718126769550141
IX	2915	0.8388271560033463
X	2915	0.8586136659555267
XI	2915	0.9369646199251368
XII	2915	0.8057851354647706
XIII	2915	0.9203996836973231
XIV	2915	0.821411313816963
XV	2915	0.8267693951475821
XVI	2915	0.7458003978625961
I	2920	0.6826051829135863
II	2920	0.8737628876121517
III	2920	0.6995268410455215
IV	2920	0.7934348303744354
V	2920	0.9207249119030674
VI	2920	0.7795906885153667
VII	2920	0.7487002034942344
VIII	2920	0.718126769550141
IX	2920	0.8388271560033463
X	2920	0.8586136659555267
XI	2920	0.9369646199251368
XII	2920	0.8084906281621663
XIII	2920	0.9203996836973231
XIV	2920	0.8251342223264864
XV	2920	0.8267693951475821
XVI	2920	0.7458003978625961
I	2925	0.6826051829135863
II	2925	0.8737628876121517
III	2925	0.6995268410455215
IV	2925	0.7934348303744354
V	2925	0.9207249119030674
VI	2925	0.7795906885153667
VII	2925	0.7513786276055512
VIII	2925	0.718126769550141
IX	2925	0.8388271560033463
X	2925	0.8586136659555267
XI	2925	0.9369646199251368
XII	2925	0.8084906281621663
XIII	2925	0.9203996836973231
XIV	2925	0.8251342223264864
XV	2925	0.8267693951475821
XVI	2925	0.7458003978625961
I	2930	0.6826051829135863
II	2930	0.8737628876121517
III	2930	0.6995268410455215
IV	2930	0.7934348303744354
V	2930	0.9207249119030674
VI	2930	0.7795906885153667
VII	2930	0.7513786276055512
VIII	2930	0.718126769550141
IX	2930	0.8388271560033463
X	2930	0.8586136659555267
XI	2930	0.9369646199251368
XII	2930	0.8084906281621663
XIII	2930	0.9203996836973231
XIV	2930	0.8251342223264864
XV	2930	0.8267693951475821
XVI	2930	0.7458003978625961
I	2935	0.6826051829135863
II	2935	0.8737628876121517
III	2935	0.6995268410455215
IV	2935	0.7934348303744354
V	2935	0.9207249119030674
VI	2935	0.7795906885153667
VII	2935	0.7513786276055512
VIII	2935	0.718126769550141
IX	2935	0.8388271560033463
X	2935	0.8586136659555267
XI	2935	0.9369646199251368
XII	2935	0.8084906281621663
XIII	2935	0.9203996836973231
XIV	2935	0.8288749803973567
XV	2935	0.8267693951475821
XVI	2935	0.7458003978625961
I	2940	0.6826051829135863
II	2940	0.8737628876121517
III	2940	0.6995268410455215
IV	2940	0.7934348303744354
V	2940	0.9207249119030674
VI	2940	0.7795906885153667
VII	2940	0.7540726346086861
VIII	2940	0.718126769550141
IX	2940	0.8388271560033463
X	2940	0.8586136659555267
XI	2940	0.9369646199251368
XII	2940	0.8084906281621663
XIII	2940	0.9203996836973231
XIV	2940	0.83261956337423
XV	2940	0.8267693951475821
XVI	2940	0.7458003978625961
I	2945	0.6826051829135863
II	2945	0.8737628876121517
III	2945	0.6995268410455215
IV	2945	0.7934348303744354
V	2945	0.9207249119030674
VI	2945	0.7795906885153667
VII	2945	0.7540726346086861
VIII	2945	0.718126769550141
IX	2945	0.8388271560033463
X	2945	0.8586136659555267
XI	2945	0.9369646199251368
XII	2945	0.8084906281621663
XIII	2945	0.9203996836973231
XIV	2945	0.83261956337423
XV	2945	0.8267693951475821
XVI	2945	0.7458003978625961
I	2950	0.6826051829135863
II	2950	0.8737628876121517
III	2950	0.6995268410455215
IV	2950	0.7934348303744354
V	2950	0.9207249119030674
VI	2950	0.7795906885153667
VII	2950	0.7540726346086861
VIII	2950	0.718126769550141
IX	2950	0.8388271560033463
X	2950	0.8586136659555267
XI	2950	0.9369646199251368
XII	2950	0.8084906281621663
XIII	2950	0.9203996836973231
XIV	2950	0.8363756210691122
XV	2950	0.8267693951475821
XVI	2950	0.7458003978625961
I	2955	0.6826051829135863
II	2955	0.8737628876121517
III	2955	0.6995268410455215
IV	2955	0.7934348303744354
V	2955	0.9207249119030674
VI	2955	0.7905286107173131
VII	2955	0.7540726346086861
VIII	2955	0.718126769550141
IX	2955	0.8388271560033463
X	2955	0.8586136659555267
XI	2955	0.9369646199251368
XII	2955	0.8084906281621663
XIII	2955	0.9203996836973231
XIV	2955	0.8363756210691122
XV	2955	0.8267693951475821
XVI	2955	0.7458003978625961
I	2960	0.6826051829135863
II	2960	0.8737628876121517
III	2960	0.6995268410455215
IV	2960	0.7934348303744354
V	2960	0.9207249119030674
VI	2960	0.7905286107173131
VII	2960	0.7540726346086861
VIII	2960	0.718126769550141
IX	2960	0.8388271560033463
X	2960	0.8586136659555267
XI	2960	0.9369646199251368
XII	2960	0.8084906281621663
XIII	2960	0.9203996836973231
XIV	2960	0.8363756210691122
XV	2960	0.8267693951475821
XVI	2960	0.7458003978625961
I	2965	0.6826051829135863
II	2965	0.8737628876121517
III	2965	0.6995268410455215
IV	2965	0.7934348303744354
V	2965	0.9207249119030674
VI	2965	0.7905286107173131
VII	2965	0.7540726346086861
VIII	2965	0.718126769550141
IX	2965	0.8388271560033463
X	2965	0.8586136659555267
XI	2965	0.9369646199251368
XII	2965	0.8084906281621663
XIII	2965	0.9203996836973231
XIV	2965	0.8363756210691122
XV	2965	0.8267693951475821
XVI	2965	0.7458003978625961
I	2970	0.6826051829135863
II	2970	0.8737628876121517
III	2970	0.6995268410455215
IV	2970	0.7934348303744354
V	2970	0.9207249119030674
VI	2970	0.7905286107173131
VII	2970	0.7540726346086861
VIII	2970	0.718126769550141
IX	2970	0.8388271560033463
X	2970	0.8586136659555267
XI	2970	0.9369646199251368
XII	2970	0.8084906281621663
XIII	2970	0.9203996836973231
XIV	2970	0.8363756210691122
XV	2970	0.8267693951475821
XVI	2970	0.7458003978625961
I	2975	0.6826051829135863
II	2975	0.8737628876121517
III	2975	0.6995268410455215
IV	2975	0.7934348303744354
V	2975	0.9207249119030674
VI	2975	0.7905286107173131
VII	2975	0.7540726346086861
VIII	2975	0.718126769550141
IX	2975	0.8388271560033463
X	2975	0.8586136659555267
XI	2975	0.9369646199251368
XII	2975	0.811246205400412
XIII	2975	0.9203996836973231
XIV	2975	0.8363756210691122
XV	2975	0.8267693951475821
XVI	2975	0.7458003978625961
I	2980	0.6826051829135863
II	2980	0.8737628876121517
III	2980	0.6995268410455215
IV	2980	0.7934348303744354
V	2980	0.9207249119030674
VI	2980	0.7905286107173131
VII	2980	0.7540726346086861
VIII	2980	0.718126769550141
IX	2980	0.8388271560033463
X	2980	0.8586136659555267
XI	2980	0.9369646199251368
XII	2980	0.811246205400412
XIII	2980	0.9203996836973231
XIV	2980	0.8363756210691122
XV	2980	0.8267693951475821
XVI	2980	0.7458003978625961
I	2985	0.6826051829135863
II	2985	0.8737628876121517
III	2985	0.6995268410455215
IV	2985	0.7934348303744354
V	2985	0.9207249119030674
VI	2985	0.7905286107173131
VII	2985	0.7540726346086861
VIII	2985	0.718126769550141
IX	2985	0.8388271560033463
X	2985	0.8586136659555267
XI	2985	0.9369646199251368
XII	2985	0.811246205400412
XIII	2985	0.9203996836973231
XIV	2985	0.8363756210691122
XV	2985	0.8267693951475821
XVI	2985	0.7458003978625961
I	2990	0.6826051829135863
II	2990	0.8737628876121517
III	2990	0.6995268410455215
IV	2990	0.7934348303744354
V	2990	0.9207249119030674
VI	2990	0.7905286107173131
VII	2990	0.7540726346086861
VIII	2990	0.718126769550141
IX	2990	0.8388271560033463
X	2990	0.8586136659555267
XI	2990	0.9369646199251368
XII	2990	0.811246205400412
XIII	2990	0.9203996836973231
XIV	2990	0.8363756210691122
XV	2990	0.8267693951475821
XVI	2990	0.7458003978625961
I	2995	0.6826051829135863
II	2995	0.8737628876121517
III	2995	0.7088960772586216
IV	2995	0.7934348303744354
V	2995	0.9207249119030674
VI	2995	0.7905286107173131
VII	2995	0.7540726346086861
VIII	2995	0.718126769550141
IX	2995	0.8388271560033463
X	2995	0.8586136659555267
XI	2995	0.9369646199251368
XII	2995	0.811246205400412
XIII	2995	0.9203996836973231
XIV	2995	0.8363756210691122
XV	2995	0.8267693951475821
XVI	2995	0.7458003978625961
I	3000	0.6826051829135863
II	3000	0.8737628876121517
III	3000	0.7088960772586216
IV	3000	0.7934348303744354
V	3000	0.9207249119030674
VI	3000	0.801618294276376
VII	3000	0.7540726346086861
VIII	3000	0.718126769550141
IX	3000	0.8388271560033463
X	3000	0.8586136659555267
XI	3000	0.9369646199251368
XII	3000	0.811246205400412
XIII	3000	0.9203996836973231
XIV	3000	0.8363756210691122
XV	3000	0.8267693951475821
XVI	3000	0.7458003978625961
I	3005	0.6826051829135863
II	3005	0.8737628876121517
III	3005	0.7088960772586216
IV	3005	0.7934348303744354
V	3005	0.9207249119030674
VI	3005	0.801618294276376
VII	3005	0.7540726346086861
VIII	3005	0.718126769550141
IX	3005	0.8388271560033463
X	3005	0.8586136659555267
XI	3005	0.9369646199251368
XII	3005	0.811246205400412
XIII	3005	0.9203996836973231
XIV	3005	0.8363756210691122
XV	3005	0.8267693951475821
XVI	3005	0.7458003978625961
I	3010	0.6826051829135863
II	3010	0.8737628876121517
III	3010	0.7088960772586216
IV	3010	0.7934348303744354
V	3010	0.9207249119030674
VI	3010	0.801618294276376
VII	3010	0.7568317231011789
VIII	3010	0.718126769550141
IX	3010	0.8388271560033463
X	3010	0.8586136659555267
XI	3010	0.9369646199251368
XII	3010	0.811246205400412
XIII	3010	0.9203996836973231
XIV	3010	0.8363756210691122
XV	3010	0.8267693951475821
XVI	3010	0.7489752823115691
I	3015	0.6826051829135863
II	3015	0.8737628876121517
III	3015	0.7088960772586216
IV	3015	0.7954022793425038
V	3015	0.9207249119030674
VI	3015	0.801618294276376
VII	3015	0.7568317231011789
VIII	3015	0.718126769550141
IX	3015	0.8388271560033463
X	3015	0.8586136659555267
XI	3015	0.9369646199251368
XII	3015	0.811246205400412
XIII	3015	0.9203996836973231
XIV	3015	0.8363756210691122
XV	3015	0.8267693951475821
XVI	3015	0.7489752823115691
I	3020	0.6826051829135863
II	3020	0.8737628876121517
III	3020	0.7183435992021119
IV	3020	0.7954022793425038
V	3020	0.9207249119030674
VI	3020	0.801618294276376
VII	3020	0.7568317231011789
VIII	3020	0.718126769550141
IX	3020	0.8388271560033463
X	3020	0.8586136659555267
XI	3020	0.9369646199251368
XII	3020	0.811246205400412
XIII	3020	0.9203996836973231
XIV	3020	0.8402209265707296
XV	3020	0.8267693951475821
XVI	3020	0.7489752823115691
I	3025	0.6826051829135863
II	3025	0.8737628876121517
III	3025	0.7183435992021119
IV	3025	0.7954022793425038
V	3025	0.9207249119030674
VI	3025	0.801618294276376
VII	3025	0.7568317231011789
VIII	3025	0.718126769550141
IX	3025	0.8388271560033463
X	3025	0.8586136659555267
XI	3025	0.9369646199251368
XII	3025	0.811246205400412
XIII	3025	0.9203996836973231
XIV	3025	0.8402209265707296
XV	3025	0.8267693951475821
XVI	3025	0.7489752823115691
I	3030	0.6826051829135863
II	3030	0.8737628876121517
III	3030	0.7183435992021119
IV	3030	0.7973795198615083
V	3030	0.9207249119030674
VI	3030	0.801618294276376
VII	3030	0.7568317231011789
VIII	3030	0.718126769550141
IX	3030	0.8388271560033463
X	3030	0.8586136659555267
XI	3030	0.9369646199251368
XII	3030	0.811246205400412
XIII	3030	0.9203996836973231
XIV	3030	0.8402209265707296
XV	3030	0.8267693951475821
XVI	3030	0.7489752823115691
I	3035	0.6826051829135863
II	3035	0.8737628876121517
III	3035	0.7183435992021119
IV	3035	0.7993587186907
V	3035	0.9207249119030674
VI	3035	0.801618294276376
VII	3035	0.7568317231011789
VIII	3035	0.718126769550141
IX	3035	0.8388271560033463
X	3035	0.8586136659555267
XI	3035	0.9369646199251368
XII	3035	0.811246205400412
XIII	3035	0.9203996836973231
XIV	3035	0.8402209265707296
XV	3035	0.8295468394772797
XVI	3035	0.7489752823115691
I	3040	0.6826051829135863
II	3040	0.8737628876121517
III	3040	0.7183435992021119
IV	3040	0.7993587186907
V	3040	0.9207249119030674
VI	3040	0.801618294276376
VII	3040	0.7568317231011789
VIII	3040	0.718126769550141
IX	3040	0.8388271560033463
X	3040	0.8586136659555267
XI	3040	0.9369646199251368
XII	3040	0.8140657795519659
XIII	3040	0.9203996836973231
XIV	3040	0.8402209265707296
XV	3040	0.8295468394772797
XVI	3040	0.7489752823115691
I	3045	0.6826051829135863
II	3045	0.8737628876121517
III	3045	0.7183435992021119
IV	3045	0.7993587186907
V	3045	0.9207249119030674
VI	3045	0.801618294276376
VII	3045	0.7568317231011789
VIII	3045	0.718126769550141
IX	3045	0.8388271560033463
X	3045	0.8586136659555267
XI	3045	0.9369646199251368
XII	3045	0.8168862811950172
XIII	3045	0.9203996836973231
XIV	3045	0.8441032061637085
XV	3045	0.8295468394772797
XVI	3045	0.7489752823115691
I	3050	0.6826051829135863
II	3050	0.8737628876121517
III	3050	0.7183435992021119
IV	3050	0.7993587186907
V	3050	0.9207249119030674
VI	3050	0.801618294276376
VII	3050	0.7568317231011789
VIII	3050	0.718126769550141
IX	3050	0.8388271560033463
X	3050	0.8586136659555267
XI	3050	0.9369646199251368
XII	3050	0.8168862811950172
XIII	3050	0.9203996836973231
XIV	3050	0.8441032061637085
XV	3050	0.8295468394772797
XVI	3050	0.7489752823115691
I	3055	0.6826051829135863
II	3055	0.8737628876121517
III	3055	0.7183435992021119
IV	3055	0.7993587186907
V	3055	0.9207249119030674
VI	3055	0.801618294276376
VII	3055	0.7568317231011789
VIII	3055	0.718126769550141
IX	3055	0.8388271560033463
X	3055	0.8586136659555267
XI	3055	0.9369646199251368
XII	3055	0.8168862811950172
XIII	3055	0.9203996836973231
XIV	3055	0.8479956855060287
XV	3055	0.8295468394772797
XVI	3055	0.7489752823115691
I	3060	0.6826051829135863
II	3060	0.8737628876121517
III	3060	0.7183435992021119
IV	3060	0.7993587186907
V	3060	0.9207249119030674
VI	3060	0.801618294276376
VII	3060	0.7568317231011789
VIII	3060	0.718126769550141
IX	3060	0.8388271560033463
X	3060	0.8586136659555267
XI	3060	0.9369646199251368
XII	3060	0.8168862811950172
XIII	3060	0.9203996836973231
XIV	3060	0.8479956855060287
XV	3060	0.8295468394772797
XVI	3060	0.7489752823115691
I	3065	0.6826051829135863
II	3065	0.8737628876121517
III	3065	0.7183435992021119
IV	3065	0.7993587186907
V	3065	0.9207249119030674
VI	3065	0.801618294276376
VII	3065	0.7568317231011789
VIII	3065	0.718126769550141
IX	3065	0.8457902920743462
X	3065	0.8586136659555267
XI	3065	0.9369646199251368
XII	3065	0.8168862811950172
XIII	3065	0.9203996836973231
XIV	3065	0.8479956855060287
XV	3065	0.8295468394772797
XVI	3065	0.7522081795993106
I	3070	0.6826051829135863
II	3070	0.8737628876121517
III	3070	0.7183435992021119
IV	3070	0.8013620700122003
V	3070	0.9207249119030674
VI	3070	0.801618294276376
VII	3070	0.7568317231011789
VIII	3070	0.718126769550141
IX	3070	0.8457902920743462
X	3070	0.8586136659555267
XI	3070	0.9369646199251368
XII	3070	0.8168862811950172
XIII	3070	0.9203996836973231
XIV	3070	0.8479956855060287
XV	3070	0.8295468394772797
XVI	3070	0.7522081795993106
I	3075	0.6826051829135863
II	3075	0.8737628876121517
III	3075	0.7183435992021119
IV	3075	0.8013620700122003
V	3075	0.9207249119030674
VI	3075	0.801618294276376
VII	3075	0.7568317231011789
VIII	3075	0.718126769550141
IX	3075	0.8457902920743462
X	3075	0.8586136659555267
XI	3075	0.9369646199251368
XII	3075	0.8168862811950172
XIII	3075	0.9203996836973231
XIV	3075	0.8479956855060287
XV	3075	0.8295468394772797
XVI	3075	0.7522081795993106
I	3080	0.6826051829135863
II	3080	0.8737628876121517
III	3080	0.7183435992021119
IV	3080	0.8013620700122003
V	3080	0.9207249119030674
VI	3080	0.801618294276376
VII	3080	0.7568317231011789
VIII	3080	0.718126769550141
IX	3080	0.8457902920743462
X	3080	0.8586136659555267
XI	3080	0.9369646199251368
XII	3080	0.8168862811950172
XIII	3080	0.9203996836973231
XIV	3080	0.8479956855060287
XV	3080	0.8295468394772797
XVI	3080	0.7522081795993106
I	3085	0.6826051829135863
II	3085	0.8737628876121517
III	3085	0.7183435992021119
IV	3085	0.8013620700122003
V	3085	0.9207249119030674
VI	3085	0.801618294276376
VII	3085	0.7568317231011789
VIII	3085	0.718126769550141
IX	3085	0.8457902920743462
X	3085	0.8586136659555267
XI	3085	0.9369646199251368
XII	3085	0.8168862811950172
XIII	3085	0.9203996836973231
XIV	3085	0.8479956855060287
XV	3085	0.8295468394772797
XVI	3085	0.7522081795993106
I	3090	0.6826051829135863
II	3090	0.8737628876121517
III	3090	0.7183435992021119
IV	3090	0.8013620700122003
V	3090	0.9207249119030674
VI	3090	0.801618294276376
VII	3090	0.7568317231011789
VIII	3090	0.718126769550141
IX	3090	0.8457902920743462
X	3090	0.8586136659555267
XI	3090	0.9369646199251368
XII	3090	0.8168862811950172
XIII	3090	0.9203996836973231
XIV	3090	0.8479956855060287
XV	3090	0.8295468394772797
XVI	3090	0.7522081795993106
I	3095	0.6826051829135863
II	3095	0.8737628876121517
III	3095	0.7183435992021119
IV	3095	0.8013620700122003
V	3095	0.9207249119030674
VI	3095	0.801618294276376
VII	3095	0.7596687260527618
VIII	3095	0.7236258160147732
IX	3095	0.8457902920743462
X	3095	0.8586136659555267
XI	3095	0.9369646199251368
XII	3095	0.8168862811950172
XIII	3095	0.9203996836973231
XIV	3095	0.8479956855060287
XV	3095	0.8323792645591322
XVI	3095	0.7522081795993106
I	3100	0.6826051829135863
II	3100	0.8737628876121517
III	3100	0.7183435992021119
IV	3100	0.8013620700122003
V	3100	0.9207249119030674
VI	3100	0.801618294276376
VII	3100	0.7596687260527618
VIII	3100	0.7236258160147732
IX	3100	0.8457902920743462
X	3100	0.8586136659555267
XI	3100	0.9369646199251368
XII	3100	0.8168862811950172
XIII	3100	0.9203996836973231
XIV	3100	0.8479956855060287
XV	3100	0.8323792645591322
XVI	3100	0.7522081795993106
I	3105	0.6826051829135863
II	3105	0.8737628876121517
III	3105	0.7183435992021119
IV	3105	0.8013620700122003
V	3105	0.9207249119030674
VI	3105	0.801618294276376
VII	3105	0.7596687260527618
VIII	3105	0.7236258160147732
IX	3105	0.8457902920743462
X	3105	0.8586136659555267
XI	3105	0.9369646199251368
XII	3105	0.8168862811950172
XIII	3105	0.9203996836973231
XIV	3105	0.8479956855060287
XV	3105	0.8323792645591322
XVI	3105	0.7522081795993106
I	3110	0.6826051829135863
II	3110	0.8737628876121517
III	3110	0.7183435992021119
IV	3110	0.8013620700122003
V	3110	0.9207249119030674
VI	3110	0.801618294276376
VII	3110	0.7596687260527618
VIII	3110	0.7236258160147732
IX	3110	0.8457902920743462
X	3110	0.8586136659555267
XI	3110	0.9369646199251368
XII	3110	0.8168862811950172
XIII	3110	0.9203996836973231
XIV	3110	0.8519557381877341
XV	3110	0.8323792645591322
XVI	3110	0.7522081795993106
I	3115	0.6826051829135863
II	3115	0.8737628876121517
III	3115	0.7183435992021119
IV	3115	0.8013620700122003
V	3115	0.9207249119030674
VI	3115	0.801618294276376
VII	3115	0.7596687260527618
VIII	3115	0.7236258160147732
IX	3115	0.8457902920743462
X	3115	0.8586136659555267
XI	3115	0.9369646199251368
XII	3115	0.8168862811950172
XIII	3115	0.9203996836973231
XIV	3115	0.8519557381877341
XV	3115	0.8323792645591322
XVI	3115	0.7522081795993106
I	3120	0.6826051829135863
II	3120	0.8737628876121517
III	3120	0.7183435992021119
IV	3120	0.8013620700122003
V	3120	0.9207249119030674
VI	3120	0.801618294276376
VII	3120	0.7596687260527618
VIII	3120	0.7236258160147732
IX	3120	0.8457902920743462
X	3120	0.8586136659555267
XI	3120	0.9369646199251368
XII	3120	0.8168862811950172
XIII	3120	0.9203996836973231
XIV	3120	0.8519557381877341
XV	3120	0.8323792645591322
XVI	3120	0.7522081795993106
I	3125	0.6826051829135863
II	3125	0.8737628876121517
III	3125	0.7183435992021119
IV	3125	0.8013620700122003
V	3125	0.9207249119030674
VI	3125	0.801618294276376
VII	3125	0.7596687260527618
VIII	3125	0.7236258160147732
IX	3125	0.8457902920743462
X	3125	0.8586136659555267
XI	3125	0.9369646199251368
XII	3125	0.8168862811950172
XIII	3125	0.9203996836973231
XIV	3125	0.8519557381877341
XV	3125	0.8323792645591322
XVI	3125	0.7522081795993106
I	3130	0.6826051829135863
II	3130	0.8737628876121517
III	3130	0.7183435992021119
IV	3130	0.8013620700122003
V	3130	0.9207249119030674
VI	3130	0.801618294276376
VII	3130	0.7596687260527618
VIII	3130	0.7236258160147732
IX	3130	0.8457902920743462
X	3130	0.8586136659555267
XI	3130	0.9369646199251368
XII	3130	0.8168862811950172
XIII	3130	0.9203996836973231
XIV	3130	0.8519557381877341
XV	3130	0.8323792645591322
XVI	3130	0.7522081795993106
I	3135	0.6826051829135863
II	3135	0.8737628876121517
III	3135	0.7183435992021119
IV	3135	0.8013620700122003
V	3135	0.9207249119030674
VI	3135	0.801618294276376
VII	3135	0.7596687260527618
VIII	3135	0.7236258160147732
IX	3135	0.8457902920743462
X	3135	0.8586136659555267
XI	3135	0.9369646199251368
XII	3135	0.8168862811950172
XIII	3135	0.9203996836973231
XIV	3135	0.8519557381877341
XV	3135	0.8323792645591322
XVI	3135	0.7522081795993106
I	3140	0.6826051829135863
II	3140	0.8737628876121517
III	3140	0.7183435992021119
IV	3140	0.8013620700122003
V	3140	0.9207249119030674
VI	3140	0.801618294276376
VII	3140	0.7596687260527618
VIII	3140	0.7236258160147732
IX	3140	0.8457902920743462
X	3140	0.8586136659555267
XI	3140	0.9369646199251368
XII	3140	0.8168862811950172
XIII	3140	0.9203996836973231
XIV	3140	0.8519557381877341
XV	3140	0.8323792645591322
XVI	3140	0.7522081795993106
I	3145	0.6826051829135863
II	3145	0.8737628876121517
III	3145	0.7183435992021119
IV	3145	0.8013620700122003
V	3145	0.9207249119030674
VI	3145	0.801618294276376
VII	3145	0.7596687260527618
VIII	3145	0.7236258160147732
IX	3145	0.8457902920743462
X	3145	0.8586136659555267
XI	3145	0.9369646199251368
XII	3145	0.8168862811950172
XIII	3145	0.9203996836973231
XIV	3145	0.8519557381877341
XV	3145	0.8323792645591322
XVI	3145	0.7522081795993106
I	3150	0.6826051829135863
II	3150	0.8737628876121517
III	3150	0.7183435992021119
IV	3150	0.8013620700122003
V	3150	0.9207249119030674
VI	3150	0.801618294276376
VII	3150	0.7596687260527618
VIII	3150	0.7236258160147732
IX	3150	0.8457902920743462
X	3150	0.8586136659555267
XI	3150	0.9369646199251368
XII	3150	0.8168862811950172
XIII	3150	0.9203996836973231
XIV	3150	0.8519557381877341
XV	3150	0.8323792645591322
XVI	3150	0.7522081795993106
I	3155	0.6826051829135863
II	3155	0.8737628876121517
III	3155	0.7183435992021119
IV	3155	0.8013620700122003
V	3155	0.9207249119030674
VI	3155	0.801618294276376
VII	3155	0.7596687260527618
VIII	3155	0.7236258160147732
IX	3155	0.8457902920743462
X	3155	0.8586136659555267
XI	3155	0.9369646199251368
XII	3155	0.8168862811950172
XIII	3155	0.9203996836973231
XIV	3155	0.8519557381877341
XV	3155	0.8323792645591322
XVI	3155	0.7522081795993106
I	3160	0.6963313033733244
II	3160	0.8737628876121517
III	3160	0.7183435992021119
IV	3160	0.8034228650991917
V	3160	0.9207249119030674
VI	3160	0.801618294276376
VII	3160	0.7596687260527618
VIII	3160	0.7236258160147732
IX	3160	0.8457902920743462
X	3160	0.8586136659555267
XI	3160	0.9369646199251368
XII	3160	0.8168862811950172
XIII	3160	0.9203996836973231
XIV	3160	0.8519557381877341
XV	3160	0.8323792645591322
XVI	3160	0.7522081795993106
I	3165	0.6963313033733244
II	3165	0.8737628876121517
III	3165	0.7183435992021119
IV	3165	0.8034228650991917
V	3165	0.9207249119030674
VI	3165	0.801618294276376
VII	3165	0.7596687260527618
VIII	3165	0.7236258160147732
IX	3165	0.8457902920743462
X	3165	0.8586136659555267
XI	3165	0.9369646199251368
XII	3165	0.8168862811950172
XIII	3165	0.9203996836973231
XIV	3165	0.8519557381877341
XV	3165	0.8323792645591322
XVI	3165	0.7522081795993106
I	3170	0.6963313033733244
II	3170	0.8737628876121517
III	3170	0.7183435992021119
IV	3170	0.8034228650991917
V	3170	0.9207249119030674
VI	3170	0.801618294276376
VII	3170	0.7596687260527618
VIII	3170	0.7236258160147732
IX	3170	0.8457902920743462
X	3170	0.8586136659555267
XI	3170	0.9369646199251368
XII	3170	0.8168862811950172
XIII	3170	0.9203996836973231
XIV	3170	0.8519557381877341
XV	3170	0.8323792645591322
XVI	3170	0.7522081795993106
I	3175	0.6963313033733244
II	3175	0.8737628876121517
III	3175	0.7183435992021119
IV	3175	0.8034228650991917
V	3175	0.9207249119030674
VI	3175	0.801618294276376
VII	3175	0.7596687260527618
VIII	3175	0.7236258160147732
IX	3175	0.8457902920743462
X	3175	0.8586136659555267
XI	3175	0.9369646199251368
XII	3175	0.8168862811950172
XIII	3175	0.9203996836973231
XIV	3175	0.8519557381877341
XV	3175	0.8323792645591322
XVI	3175	0.7522081795993106
I	3180	0.6963313033733244
II	3180	0.8737628876121517
III	3180	0.7183435992021119
IV	3180	0.8034228650991917
V	3180	0.9207249119030674
VI	3180	0.801618294276376
VII	3180	0.7596687260527618
VIII	3180	0.7236258160147732
IX	3180	0.8457902920743462
X	3180	0.8586136659555267
XI	3180	0.9369646199251368
XII	3180	0.8168862811950172
XIII	3180	0.9203996836973231
XIV	3180	0.8519557381877341
XV	3180	0.8323792645591322
XVI	3180	0.7522081795993106
I	3185	0.6963313033733244
II	3185	0.8737628876121517
III	3185	0.7183435992021119
IV	3185	0.8034228650991917
V	3185	0.9262520179839255
VI	3185	0.801618294276376
VII	3185	0.7596687260527618
VIII	3185	0.7236258160147732
IX	3185	0.8457902920743462
X	3185	0.8586136659555267
XI	3185	0.9369646199251368
XII	3185	0.8168862811950172
XIII	3185	0.9203996836973231
XIV	3185	0.8519557381877341
XV	3185	0.8323792645591322
XVI	3185	0.7522081795993106
I	3190	0.6963313033733244
II	3190	0.8737628876121517
III	3190	0.7183435992021119
IV	3190	0.8034228650991917
V	3190	0.9262520179839255
VI	3190	0.801618294276376
VII	3190	0.7596687260527618
VIII	3190	0.7236258160147732
IX	3190	0.8457902920743462
X	3190	0.8586136659555267
XI	3190	0.9369646199251368
XII	3190	0.8168862811950172
XIII	3190	0.9203996836973231
XIV	3190	0.8519557381877341
XV	3190	0.8323792645591322
XVI	3190	0.7522081795993106
I	3195	0.6963313033733244
II	3195	0.8737628876121517
III	3195	0.7183435992021119
IV	3195	0.8034228650991917
V	3195	0.9262520179839255
VI	3195	0.801618294276376
VII	3195	0.7596687260527618
VIII	3195	0.7236258160147732
IX	3195	0.8457902920743462
X	3195	0.8586136659555267
XI	3195	0.9369646199251368
XII	3195	0.8168862811950172
XIII	3195	0.9203996836973231
XIV	3195	0.8519557381877341
XV	3195	0.8323792645591322
XVI	3195	0.7522081795993106
I	3200	0.6963313033733244
II	3200	0.8737628876121517
III	3200	0.7183435992021119
IV	3200	0.8034228650991917
V	3200	0.9262520179839255
VI	3200	0.801618294276376
VII	3200	0.7596687260527618
VIII	3200	0.7236258160147732
IX	3200	0.8457902920743462
X	3200	0.8586136659555267
XI	3200	0.9369646199251368
XII	3200	0.8168862811950172
XIII	3200	0.9203996836973231
XIV	3200	0.8519557381877341
XV	3200	0.8323792645591322
XVI	3200	0.7522081795993106
I	3205	0.6963313033733244
II	3205	0.8777041850306941
III	3205	0.728367304121274
IV	3205	0.8034228650991917
V	3205	0.9262520179839255
VI	3205	0.801618294276376
VII	3205	0.7596687260527618
VIII	3205	0.7236258160147732
IX	3205	0.8457902920743462
X	3205	0.8586136659555267
XI	3205	0.9369646199251368
XII	3205	0.8168862811950172
XIII	3205	0.9203996836973231
XIV	3205	0.8519557381877341
XV	3205	0.8323792645591322
XVI	3205	0.7522081795993106
I	3210	0.6963313033733244
II	3210	0.8777041850306941
III	3210	0.728367304121274
IV	3210	0.8034228650991917
V	3210	0.9262520179839255
VI	3210	0.801618294276376
VII	3210	0.7596687260527618
VIII	3210	0.7293239229849123
IX	3210	0.8457902920743462
X	3210	0.8586136659555267
XI	3210	0.9369646199251368
XII	3210	0.8168862811950172
XIII	3210	0.9203996836973231
XIV	3210	0.8519557381877341
XV	3210	0.8323792645591322
XVI	3210	0.7522081795993106
I	3215	0.6963313033733244
II	3215	0.8777041850306941
III	3215	0.728367304121274
IV	3215	0.8034228650991917
V	3215	0.9262520179839255
VI	3215	0.801618294276376
VII	3215	0.7596687260527618
VIII	3215	0.7293239229849123
IX	3215	0.8457902920743462
X	3215	0.8586136659555267
XI	3215	0.9369646199251368
XII	3215	0.8168862811950172
XIII	3215	0.9203996836973231
XIV	3215	0.8519557381877341
XV	3215	0.8323792645591322
XVI	3215	0.7522081795993106
I	3220	0.6963313033733244
II	3220	0.8777041850306941
III	3220	0.728367304121274
IV	3220	0.8034228650991917
V	3220	0.9262520179839255
VI	3220	0.801618294276376
VII	3220	0.7596687260527618
VIII	3220	0.7293239229849123
IX	3220	0.8457902920743462
X	3220	0.8586136659555267
XI	3220	0.9369646199251368
XII	3220	0.8168862811950172
XIII	3220	0.9203996836973231
XIV	3220	0.8519557381877341
XV	3220	0.8323792645591322
XVI	3220	0.7522081795993106
I	3225	0.6963313033733244
II	3225	0.8777041850306941
III	3225	0.728367304121274
IV	3225	0.8055254374701766
V	3225	0.9262520179839255
VI	3225	0.801618294276376
VII	3225	0.7626248922947183
VIII	3225	0.7293239229849123
IX	3225	0.8457902920743462
X	3225	0.8586136659555267
XI	3225	0.9369646199251368
XII	3225	0.8168862811950172
XIII	3225	0.9203996836973231
XIV	3225	0.8519557381877341
XV	3225	0.8323792645591322
XVI	3225	0.7522081795993106
I	3230	0.6963313033733244
II	3230	0.8777041850306941
III	3230	0.728367304121274
IV	3230	0.8055254374701766
V	3230	0.9262520179839255
VI	3230	0.801618294276376
VII	3230	0.7626248922947183
VIII	3230	0.7293239229849123
IX	3230	0.8457902920743462
X	3230	0.8586136659555267
XI	3230	0.9418085348881851
XII	3230	0.8168862811950172
XIII	3230	0.9203996836973231
XIV	3230	0.8519557381877341
XV	3230	0.8323792645591322
XVI	3230	0.7522081795993106
I	3235	0.6963313033733244
II	3235	0.8777041850306941
III	3235	0.728367304121274
IV	3235	0.8055254374701766
V	3235	0.9262520179839255
VI	3235	0.801618294276376
VII	3235	0.7626248922947183
VIII	3235	0.7293239229849123
IX	3235	0.8457902920743462
X	3235	0.8586136659555267
XI	3235	0.9418085348881851
XII	3235	0.8168862811950172
XIII	3235	0.9203996836973231
XIV	3235	0.8519557381877341
XV	3235	0.8323792645591322
XVI	3235	0.7522081795993106
I	3240	0.6963313033733244
II	3240	0.8777041850306941
III	3240	0.728367304121274
IV	3240	0.8055254374701766
V	3240	0.9262520179839255
VI	3240	0.801618294276376
VII	3240	0.7655929748657121
VIII	3240	0.7293239229849123
IX	3240	0.8457902920743462
X	3240	0.8586136659555267
XI	3240	0.9418085348881851
XII	3240	0.8168862811950172
XIII	3240	0.9203996836973231
XIV	3240	0.8519557381877341
XV	3240	0.8323792645591322
XVI	3240	0.7522081795993106
I	3245	0.6963313033733244
II	3245	0.8777041850306941
III	3245	0.728367304121274
IV	3245	0.8055254374701766
V	3245	0.9318815421736941
VI	3245	0.801618294276376
VII	3245	0.7655929748657121
VIII	3245	0.7293239229849123
IX	3245	0.8457902920743462
X	3245	0.8586136659555267
XI	3245	0.9418085348881851
XII	3245	0.8168862811950172
XIII	3245	0.9203996836973231
XIV	3245	0.8519557381877341
XV	3245	0.8323792645591322
XVI	3245	0.7556309370866585
I	3250	0.6963313033733244
II	3250	0.8777041850306941
III	3250	0.728367304121274
IV	3250	0.8055254374701766
V	3250	0.9318815421736941
VI	3250	0.801618294276376
VII	3250	0.7655929748657121
VIII	3250	0.7293239229849123
IX	3250	0.8531717164369113
X	3250	0.8586136659555267
XI	3250	0.9418085348881851
XII	3250	0.8168862811950172
XIII	3250	0.9203996836973231
XIV	3250	0.8519557381877341
XV	3250	0.8323792645591322
XVI	3250	0.7556309370866585
I	3255	0.6963313033733244
II	3255	0.8777041850306941
III	3255	0.728367304121274
IV	3255	0.8055254374701766
V	3255	0.9318815421736941
VI	3255	0.801618294276376
VII	3255	0.7655929748657121
VIII	3255	0.7351055642743267
IX	3255	0.8531717164369113
X	3255	0.8586136659555267
XI	3255	0.9418085348881851
XII	3255	0.8168862811950172
XIII	3255	0.9203996836973231
XIV	3255	0.8519557381877341
XV	3255	0.8323792645591322
XVI	3255	0.7556309370866585
I	3260	0.6963313033733244
II	3260	0.8777041850306941
III	3260	0.728367304121274
IV	3260	0.807653467873595
V	3260	0.9318815421736941
VI	3260	0.801618294276376
VII	3260	0.7655929748657121
VIII	3260	0.7351055642743267
IX	3260	0.8531717164369113
X	3260	0.8586136659555267
XI	3260	0.9418085348881851
XII	3260	0.8168862811950172
XIII	3260	0.9203996836973231
XIV	3260	0.8519557381877341
XV	3260	0.8323792645591322
XVI	3260	0.7556309370866585
I	3265	0.6963313033733244
II	3265	0.8777041850306941
III	3265	0.728367304121274
IV	3265	0.807653467873595
V	3265	0.9318815421736941
VI	3265	0.801618294276376
VII	3265	0.7655929748657121
VIII	3265	0.7351055642743267
IX	3265	0.8531717164369113
X	3265	0.8586136659555267
XI	3265	0.9418085348881851
XII	3265	0.819914540933446
XIII	3265	0.9203996836973231
XIV	3265	0.8519557381877341
XV	3265	0.8323792645591322
XVI	3265	0.7556309370866585
I	3270	0.6963313033733244
II	3270	0.8777041850306941
III	3270	0.728367304121274
IV	3270	0.8097860676674502
V	3270	0.9318815421736941
VI	3270	0.801618294276376
VII	3270	0.7655929748657121
VIII	3270	0.7351055642743267
IX	3270	0.8531717164369113
X	3270	0.8586136659555267
XI	3270	0.9418085348881851
XII	3270	0.8229446556548693
XIII	3270	0.9203996836973231
XIV	3270	0.8519557381877341
XV	3270	0.8323792645591322
XVI	3270	0.7556309370866585
I	3275	0.6963313033733244
II	3275	0.8777041850306941
III	3275	0.7386102090855288
IV	3275	0.8097860676674502
V	3275	0.9318815421736941
VI	3275	0.801618294276376
VII	3275	0.7655929748657121
VIII	3275	0.7409191974306977
IX	3275	0.8531717164369113
X	3275	0.8586136659555267
XI	3275	0.9418085348881851
XII	3275	0.8229446556548693
XIII	3275	0.9203996836973231
XIV	3275	0.8519557381877341
XV	3275	0.8323792645591322
XVI	3275	0.7556309370866585
I	3280	0.6963313033733244
II	3280	0.8777041850306941
III	3280	0.7386102090855288
IV	3280	0.8097860676674502
V	3280	0.9318815421736941
VI	3280	0.801618294276376
VII	3280	0.7655929748657121
VIII	3280	0.7409191974306977
IX	3280	0.8531717164369113
X	3280	0.8586136659555267
XI	3280	0.9418085348881851
XII	3280	0.8229446556548693
XIII	3280	0.9203996836973231
XIV	3280	0.8519557381877341
XV	3280	0.8323792645591322
XVI	3280	0.7556309370866585
I	3285	0.6963313033733244
II	3285	0.8777041850306941
III	3285	0.7386102090855288
IV	3285	0.8097860676674502
V	3285	0.9318815421736941
VI	3285	0.801618294276376
VII	3285	0.7655929748657121
VIII	3285	0.746757713150257
IX	3285	0.8531717164369113
X	3285	0.8586136659555267
XI	3285	0.9418085348881851
XII	3285	0.8229446556548693
XIII	3285	0.9203996836973231
XIV	3285	0.8519557381877341
XV	3285	0.8323792645591322
XVI	3285	0.7556309370866585
I	3290	0.6963313033733244
II	3290	0.8777041850306941
III	3290	0.7386102090855288
IV	3290	0.8097860676674502
V	3290	0.9318815421736941
VI	3290	0.801618294276376
VII	3290	0.7655929748657121
VIII	3290	0.746757713150257
IX	3290	0.8531717164369113
X	3290	0.8586136659555267
XI	3290	0.9418085348881851
XII	3290	0.8229446556548693
XIII	3290	0.9203996836973231
XIV	3290	0.8519557381877341
XV	3290	0.8323792645591322
XVI	3290	0.7556309370866585
I	3295	0.6963313033733244
II	3295	0.8777041850306941
III	3295	0.7386102090855288
IV	3295	0.8097860676674502
V	3295	0.9318815421736941
VI	3295	0.801618294276376
VII	3295	0.7655929748657121
VIII	3295	0.746757713150257
IX	3295	0.8531717164369113
X	3295	0.8586136659555267
XI	3295	0.9418085348881851
XII	3295	0.8229446556548693
XIII	3295	0.9203996836973231
XIV	3295	0.8519557381877341
XV	3295	0.8323792645591322
XVI	3295	0.7556309370866585
I	3300	0.6963313033733244
II	3300	0.8777041850306941
III	3300	0.7386102090855288
IV	3300	0.8097860676674502
V	3300	0.9318815421736941
VI	3300	0.801618294276376
VII	3300	0.7655929748657121
VIII	3300	0.746757713150257
IX	3300	0.8531717164369113
X	3300	0.8586136659555267
XI	3300	0.9418085348881851
XII	3300	0.8229446556548693
XIII	3300	0.9203996836973231
XIV	3300	0.8519557381877341
XV	3300	0.8323792645591322
XVI	3300	0.7556309370866585
I	3305	0.6963313033733244
II	3305	0.8777041850306941
III	3305	0.7386102090855288
IV	3305	0.8097860676674502
V	3305	0.9318815421736941
VI	3305	0.801618294276376
VII	3305	0.7655929748657121
VIII	3305	0.746757713150257
IX	3305	0.8531717164369113
X	3305	0.8586136659555267
XI	3305	0.9418085348881851
XII	3305	0.8229446556548693
XIII	3305	0.9203996836973231
XIV	3305	0.8519557381877341
XV	3305	0.8323792645591322
XVI	3305	0.7556309370866585
I	3310	0.6963313033733244
II	3310	0.8777041850306941
III	3310	0.7386102090855288
IV	3310	0.8097860676674502
V	3310	0.9318815421736941
VI	3310	0.801618294276376
VII	3310	0.7686233890039782
VIII	3310	0.746757713150257
IX	3310	0.8531717164369113
X	3310	0.8586136659555267
XI	3310	0.9418085348881851
XII	3310	0.8229446556548693
XIII	3310	0.9203996836973231
XIV	3310	0.8519557381877341
XV	3310	0.8323792645591322
XVI	3310	0.7556309370866585
I	3315	0.6963313033733244
II	3315	0.8777041850306941
III	3315	0.7386102090855288
IV	3315	0.8097860676674502
V	3315	0.9318815421736941
VI	3315	0.801618294276376
VII	3315	0.7686233890039782
VIII	3315	0.746757713150257
IX	3315	0.8531717164369113
X	3315	0.8586136659555267
XI	3315	0.9418085348881851
XII	3315	0.8229446556548693
XIII	3315	0.9203996836973231
XIV	3315	0.8519557381877341
XV	3315	0.8323792645591322
XVI	3315	0.7556309370866585
I	3320	0.6963313033733244
II	3320	0.8777041850306941
III	3320	0.7386102090855288
IV	3320	0.8097860676674502
V	3320	0.9318815421736941
VI	3320	0.801618294276376
VII	3320	0.7686233890039782
VIII	3320	0.746757713150257
IX	3320	0.8531717164369113
X	3320	0.8586136659555267
XI	3320	0.9418085348881851
XII	3320	0.8229446556548693
XIII	3320	0.9203996836973231
XIV	3320	0.8519557381877341
XV	3320	0.8323792645591322
XVI	3320	0.7556309370866585
I	3325	0.6963313033733244
II	3325	0.8777041850306941
III	3325	0.7386102090855288
IV	3325	0.8097860676674502
V	3325	0.9318815421736941
VI	3325	0.801618294276376
VII	3325	0.7686233890039782
VIII	3325	0.746757713150257
IX	3325	0.8531717164369113
X	3325	0.8586136659555267
XI	3325	0.9418085348881851
XII	3325	0.8229446556548693
XIII	3325	0.9203996836973231
XIV	3325	0.8519557381877341
XV	3325	0.8323792645591322
XVI	3325	0.7556309370866585
I	3330	0.6963313033733244
II	3330	0.8777041850306941
III	3330	0.7386102090855288
IV	3330	0.8097860676674502
V	3330	0.9318815421736941
VI	3330	0.801618294276376
VII	3330	0.7686233890039782
VIII	3330	0.746757713150257
IX	3330	0.8531717164369113
X	3330	0.8586136659555267
XI	3330	0.9418085348881851
XII	3330	0.8260332023406175
XIII	3330	0.9203996836973231
XIV	3330	0.8519557381877341
XV	3330	0.8323792645591322
XVI	3330	0.7556309370866585
I	3335	0.6963313033733244
II	3335	0.8777041850306941
III	3335	0.7386102090855288
IV	3335	0.8119630558255485
V	3335	0.9318815421736941
VI	3335	0.801618294276376
VII	3335	0.7716767191596238
VIII	3335	0.746757713150257
IX	3335	0.8531717164369113
X	3335	0.8586136659555267
XI	3335	0.9418085348881851
XII	3335	0.8260332023406175
XIII	3335	0.9203996836973231
XIV	3335	0.8519557381877341
XV	3335	0.8323792645591322
XVI	3335	0.7556309370866585
I	3340	0.6963313033733244
II	3340	0.8777041850306941
III	3340	0.7386102090855288
IV	3340	0.8119630558255485
V	3340	0.9318815421736941
VI	3340	0.801618294276376
VII	3340	0.7716767191596238
VIII	3340	0.746757713150257
IX	3340	0.8531717164369113
X	3340	0.8586136659555267
XI	3340	0.9418085348881851
XII	3340	0.8260332023406175
XIII	3340	0.9203996836973231
XIV	3340	0.8519557381877341
XV	3340	0.8323792645591322
XVI	3340	0.7556309370866585
I	3345	0.6963313033733244
II	3345	0.8777041850306941
III	3345	0.7386102090855288
IV	3345	0.8119630558255485
V	3345	0.9318815421736941
VI	3345	0.801618294276376
VII	3345	0.7716767191596238
VIII	3345	0.746757713150257
IX	3345	0.8531717164369113
X	3345	0.8586136659555267
XI	3345	0.9418085348881851
XII	3345	0.8260332023406175
XIII	3345	0.9203996836973231
XIV	3345	0.8519557381877341
XV	3345	0.8323792645591322
XVI	3345	0.7556309370866585
I	3350	0.6963313033733244
II	3350	0.8777041850306941
III	3350	0.7386102090855288
IV	3350	0.8119630558255485
V	3350	0.9318815421736941
VI	3350	0.801618294276376
VII	3350	0.7716767191596238
VIII	3350	0.746757713150257
IX	3350	0.8531717164369113
X	3350	0.8586136659555267
XI	3350	0.9418085348881851
XII	3350	0.8260332023406175
XIII	3350	0.9203996836973231
XIV	3350	0.8519557381877341
XV	3350	0.8354490232211207
XVI	3350	0.7556309370866585
I	3355	0.6963313033733244
II	3355	0.8777041850306941
III	3355	0.7386102090855288
IV	3355	0.8141511410747075
V	3355	0.9318815421736941
VI	3355	0.801618294276376
VII	3355	0.7716767191596238
VIII	3355	0.746757713150257
IX	3355	0.8531717164369113
X	3355	0.8586136659555267
XI	3355	0.9418085348881851
XII	3355	0.8260332023406175
XIII	3355	0.9240289432093904
XIV	3355	0.8519557381877341
XV	3355	0.8354490232211207
XVI	3355	0.7556309370866585
I	3360	0.6963313033733244
II	3360	0.8777041850306941
III	3360	0.7386102090855288
IV	3360	0.8141511410747075
V	3360	0.9318815421736941
VI	3360	0.801618294276376
VII	3360	0.7716767191596238
VIII	3360	0.7527277509895263
IX	3360	0.8531717164369113
X	3360	0.8586136659555267
XI	3360	0.9418085348881851
XII	3360	0.8260332023406175
XIII	3360	0.9240289432093904
XIV	3360	0.8519557381877341
XV	3360	0.8354490232211207
XVI	3360	0.7556309370866585
I	3365	0.6963313033733244
II	3365	0.8777041850306941
III	3365	0.7386102090855288
IV	3365	0.8141511410747075
V	3365	0.9318815421736941
VI	3365	0.801618294276376
VII	3365	0.7716767191596238
VIII	3365	0.7527277509895263
IX	3365	0.8531717164369113
X	3365	0.8631205321883578
XI	3365	0.9418085348881851
XII	3365	0.8291514287542769
XIII	3365	0.9240289432093904
XIV	3365	0.8519557381877341
XV	3365	0.8354490232211207
XVI	3365	0.7556309370866585
I	3370	0.6963313033733244
II	3370	0.8777041850306941
III	3370	0.7386102090855288
IV	3370	0.8141511410747075
V	3370	0.9318815421736941
VI	3370	0.801618294276376
VII	3370	0.7716767191596238
VIII	3370	0.7527277509895263
IX	3370	0.8531717164369113
X	3370	0.8631205321883578
XI	3370	0.9418085348881851
XII	3370	0.8291514287542769
XIII	3370	0.9240289432093904
XIV	3370	0.8519557381877341
XV	3370	0.8354490232211207
XVI	3370	0.7556309370866585
I	3375	0.6963313033733244
II	3375	0.8777041850306941
III	3375	0.7386102090855288
IV	3375	0.8141511410747075
V	3375	0.9318815421736941
VI	3375	0.801618294276376
VII	3375	0.7747667149430766
VIII	3375	0.7527277509895263
IX	3375	0.8531717164369113
X	3375	0.8631205321883578
XI	3375	0.9418085348881851
XII	3375	0.8291514287542769
XIII	3375	0.9240289432093904
XIV	3375	0.8519557381877341
XV	3375	0.8354490232211207
XVI	3375	0.7556309370866585
I	3380	0.6963313033733244
II	3380	0.8777041850306941
III	3380	0.7386102090855288
IV	3380	0.8141511410747075
V	3380	0.9318815421736941
VI	3380	0.801618294276376
VII	3380	0.7747667149430766
VIII	3380	0.7527277509895263
IX	3380	0.8531717164369113
X	3380	0.8631205321883578
XI	3380	0.9418085348881851
XII	3380	0.8291514287542769
XIII	3380	0.9240289432093904
XIV	3380	0.8519557381877341
XV	3380	0.8385462722591865
XVI	3380	0.7556309370866585
I	3385	0.6963313033733244
II	3385	0.8777041850306941
III	3385	0.7386102090855288
IV	3385	0.8141511410747075
V	3385	0.9318815421736941
VI	3385	0.801618294276376
VII	3385	0.7747667149430766
VIII	3385	0.7527277509895263
IX	3385	0.8531717164369113
X	3385	0.8631205321883578
XI	3385	0.9418085348881851
XII	3385	0.8291514287542769
XIII	3385	0.9240289432093904
XIV	3385	0.8519557381877341
XV	3385	0.8385462722591865
XVI	3385	0.7556309370866585
I	3390	0.6963313033733244
II	3390	0.8777041850306941
III	3390	0.7386102090855288
IV	3390	0.8141511410747075
V	3390	0.9318815421736941
VI	3390	0.801618294276376
VII	3390	0.7747667149430766
VIII	3390	0.7527277509895263
IX	3390	0.8531717164369113
X	3390	0.8631205321883578
XI	3390	0.9418085348881851
XII	3390	0.8291514287542769
XIII	3390	0.9240289432093904
XIV	3390	0.8519557381877341
XV	3390	0.8385462722591865
XVI	3390	0.7556309370866585
I	3395	0.6963313033733244
II	3395	0.8777041850306941
III	3395	0.7386102090855288
IV	3395	0.816365989896425
V	3395	0.9318815421736941
VI	3395	0.801618294276376
VII	3395	0.7747667149430766
VIII	3395	0.7527277509895263
IX	3395	0.8531717164369113
X	3395	0.8631205321883578
XI	3395	0.9418085348881851
XII	3395	0.8291514287542769
XIII	3395	0.9240289432093904
XIV	3395	0.8519557381877341
XV	3395	0.8385462722591865
XVI	3395	0.7556309370866585
I	3400	0.6963313033733244
II	3400	0.8818840508421218
III	3400	0.7386102090855288
IV	3400	0.816365989896425
V	3400	0.9318815421736941
VI	3400	0.801618294276376
VII	3400	0.7747667149430766
VIII	3400	0.7527277509895263
IX	3400	0.8531717164369113
X	3400	0.8631205321883578
XI	3400	0.9418085348881851
XII	3400	0.8291514287542769
XIII	3400	0.9240289432093904
XIV	3400	0.8519557381877341
XV	3400	0.8385462722591865
XVI	3400	0.7556309370866585
I	3405	0.6963313033733244
II	3405	0.8818840508421218
III	3405	0.7386102090855288
IV	3405	0.816365989896425
V	3405	0.9318815421736941
VI	3405	0.801618294276376
VII	3405	0.7747667149430766
VIII	3405	0.7527277509895263
IX	3405	0.8531717164369113
X	3405	0.8631205321883578
XI	3405	0.9418085348881851
XII	3405	0.8291514287542769
XIII	3405	0.9240289432093904
XIV	3405	0.8519557381877341
XV	3405	0.8385462722591865
XVI	3405	0.759221404416992
I	3410	0.6963313033733244
II	3410	0.8818840508421218
III	3410	0.7386102090855288
IV	3410	0.816365989896425
V	3410	0.9318815421736941
VI	3410	0.801618294276376
VII	3410	0.7747667149430766
VIII	3410	0.7527277509895263
IX	3410	0.8531717164369113
X	3410	0.8631205321883578
XI	3410	0.9418085348881851
XII	3410	0.8291514287542769
XIII	3410	0.9240289432093904
XIV	3410	0.8519557381877341
XV	3410	0.8385462722591865
XVI	3410	0.759221404416992
I	3415	0.6963313033733244
II	3415	0.8818840508421218
III	3415	0.7386102090855288
IV	3415	0.816365989896425
V	3415	0.9318815421736941
VI	3415	0.801618294276376
VII	3415	0.7747667149430766
VIII	3415	0.7527277509895263
IX	3415	0.8531717164369113
X	3415	0.8631205321883578
XI	3415	0.9418085348881851
XII	3415	0.8291514287542769
XIII	3415	0.9240289432093904
XIV	3415	0.8519557381877341
XV	3415	0.8385462722591865
XVI	3415	0.759221404416992
I	3420	0.6963313033733244
II	3420	0.8902868231544152
III	3420	0.7386102090855288
IV	3420	0.816365989896425
V	3420	0.9318815421736941
VI	3420	0.801618294276376
VII	3420	0.7778979595578125
VIII	3420	0.7527277509895263
IX	3420	0.8531717164369113
X	3420	0.8631205321883578
XI	3420	0.9418085348881851
XII	3420	0.8291514287542769
XIII	3420	0.9240289432093904
XIV	3420	0.8519557381877341
XV	3420	0.8385462722591865
XVI	3420	0.759221404416992
I	3425	0.6963313033733244
II	3425	0.8902868231544152
III	3425	0.7386102090855288
IV	3425	0.816365989896425
V	3425	0.9318815421736941
VI	3425	0.801618294276376
VII	3425	0.7778979595578125
VIII	3425	0.7527277509895263
IX	3425	0.8531717164369113
X	3425	0.8631205321883578
XI	3425	0.9418085348881851
XII	3425	0.8291514287542769
XIII	3425	0.9240289432093904
XIV	3425	0.8519557381877341
XV	3425	0.8416838405154995
XVI	3425	0.759221404416992
I	3430	0.6963313033733244
II	3430	0.8902868231544152
III	3430	0.7386102090855288
IV	3430	0.816365989896425
V	3430	0.9318815421736941
VI	3430	0.801618294276376
VII	3430	0.7778979595578125
VIII	3430	0.7527277509895263
IX	3430	0.8531717164369113
X	3430	0.8631205321883578
XI	3430	0.9418085348881851
XII	3430	0.8291514287542769
XIII	3430	0.9240289432093904
XIV	3430	0.8519557381877341
XV	3430	0.8416838405154995
XVI	3430	0.759221404416992
I	3435	0.6963313033733244
II	3435	0.8902868231544152
III	3435	0.7386102090855288
IV	3435	0.816365989896425
V	3435	0.9318815421736941
VI	3435	0.801618294276376
VII	3435	0.7778979595578125
VIII	3435	0.7527277509895263
IX	3435	0.8531717164369113
X	3435	0.8631205321883578
XI	3435	0.9418085348881851
XII	3435	0.8291514287542769
XIII	3435	0.9240289432093904
XIV	3435	0.8519557381877341
XV	3435	0.8416838405154995
XVI	3435	0.759221404416992
I	3440	0.6963313033733244
II	3440	0.8902868231544152
III	3440	0.7386102090855288
IV	3440	0.816365989896425
V	3440	0.9318815421736941
VI	3440	0.801618294276376
VII	3440	0.7778979595578125
VIII	3440	0.7527277509895263
IX	3440	0.8531717164369113
X	3440	0.8631205321883578
XI	3440	0.9418085348881851
XII	3440	0.8291514287542769
XIII	3440	0.9240289432093904
XIV	3440	0.8519557381877341
XV	3440	0.8416838405154995
XVI	3440	0.759221404416992
I	3445	0.6963313033733244
II	3445	0.8902868231544152
III	3445	0.7386102090855288
IV	3445	0.816365989896425
V	3445	0.9318815421736941
VI	3445	0.801618294276376
VII	3445	0.7778979595578125
VIII	3445	0.7588506388598099
IX	3445	0.8531717164369113
X	3445	0.8631205321883578
XI	3445	0.9418085348881851
XII	3445	0.8291514287542769
XIII	3445	0.9240289432093904
XIV	3445	0.8519557381877341
XV	3445	0.8416838405154995
XVI	3445	0.759221404416992
I	3450	0.6963313033733244
II	3450	0.8902868231544152
III	3450	0.7494136398793774
IV	3450	0.816365989896425
V	3450	0.9318815421736941
VI	3450	0.801618294276376
VII	3450	0.7810594533154894
VIII	3450	0.7588506388598099
IX	3450	0.8531717164369113
X	3450	0.8631205321883578
XI	3450	0.9418085348881851
XII	3450	0.8323512744196918
XIII	3450	0.9240289432093904
XIV	3450	0.8519557381877341
XV	3450	0.8416838405154995
XVI	3450	0.759221404416992
I	3455	0.6963313033733244
II	3455	0.8902868231544152
III	3455	0.7494136398793774
IV	3455	0.816365989896425
V	3455	0.9318815421736941
VI	3455	0.801618294276376
VII	3455	0.7810594533154894
VIII	3455	0.7588506388598099
IX	3455	0.8531717164369113
X	3455	0.8631205321883578
XI	3455	0.9418085348881851
XII	3455	0.8323512744196918
XIII	3455	0.9240289432093904
XIV	3455	0.8519557381877341
XV	3455	0.8416838405154995
XVI	3455	0.759221404416992
I	3460	0.6963313033733244
II	3460	0.8902868231544152
III	3460	0.7494136398793774
IV	3460	0.816365989896425
V	3460	0.9318815421736941
VI	3460	0.801618294276376
VII	3460	0.7810594533154894
VIII	3460	0.7588506388598099
IX	3460	0.8531717164369113
X	3460	0.8631205321883578
XI	3460	0.9418085348881851
XII	3460	0.8355576125255871
XIII	3460	0.9240289432093904
XIV	3460	0.8519557381877341
XV	3460	0.8416838405154995
XVI	3460	0.759221404416992
I	3465	0.6963313033733244
II	3465	0.8902868231544152
III	3465	0.7602577792530288
IV	3465	0.816365989896425
V	3465	0.9318815421736941
VI	3465	0.801618294276376
VII	3465	0.7810594533154894
VIII	3465	0.7588506388598099
IX	3465	0.8531717164369113
X	3465	0.8631205321883578
XI	3465	0.9418085348881851
XII	3465	0.8355576125255871
XIII	3465	0.9240289432093904
XIV	3465	0.8519557381877341
XV	3465	0.8416838405154995
XVI	3465	0.759221404416992
I	3470	0.6963313033733244
II	3470	0.8902868231544152
III	3470	0.7602577792530288
IV	3470	0.816365989896425
V	3470	0.9318815421736941
VI	3470	0.801618294276376
VII	3470	0.7810594533154894
VIII	3470	0.7588506388598099
IX	3470	0.8531717164369113
X	3470	0.8631205321883578
XI	3470	0.9418085348881851
XII	3470	0.8355576125255871
XIII	3470	0.9240289432093904
XIV	3470	0.8519557381877341
XV	3470	0.8416838405154995
XVI	3470	0.759221404416992
I	3475	0.6963313033733244
II	3475	0.8902868231544152
III	3475	0.7602577792530288
IV	3475	0.816365989896425
V	3475	0.9318815421736941
VI	3475	0.801618294276376
VII	3475	0.7810594533154894
VIII	3475	0.7588506388598099
IX	3475	0.8531717164369113
X	3475	0.8631205321883578
XI	3475	0.9418085348881851
XII	3475	0.8355576125255871
XIII	3475	0.9240289432093904
XIV	3475	0.8519557381877341
XV	3475	0.8416838405154995
XVI	3475	0.759221404416992
I	3480	0.6963313033733244
II	3480	0.8902868231544152
III	3480	0.7602577792530288
IV	3480	0.816365989896425
V	3480	0.9318815421736941
VI	3480	0.801618294276376
VII	3480	0.7810594533154894
VIII	3480	0.7588506388598099
IX	3480	0.8531717164369113
X	3480	0.8631205321883578
XI	3480	0.9418085348881851
XII	3480	0.8355576125255871
XIII	3480	0.9240289432093904
XIV	3480	0.8519557381877341
XV	3480	0.8416838405154995
XVI	3480	0.759221404416992
I	3485	0.6963313033733244
II	3485	0.8902868231544152
III	3485	0.7602577792530288
IV	3485	0.816365989896425
V	3485	0.9318815421736941
VI	3485	0.801618294276376
VII	3485	0.7810594533154894
VIII	3485	0.7588506388598099
IX	3485	0.8531717164369113
X	3485	0.8631205321883578
XI	3485	0.9418085348881851
XII	3485	0.8355576125255871
XIII	3485	0.9240289432093904
XIV	3485	0.8519557381877341
XV	3485	0.8416838405154995
XVI	3485	0.759221404416992
I	3490	0.6963313033733244
II	3490	0.8902868231544152
III	3490	0.7602577792530288
IV	3490	0.816365989896425
V	3490	0.9318815421736941
VI	3490	0.801618294276376
VII	3490	0.7810594533154894
VIII	3490	0.7588506388598099
IX	3490	0.8531717164369113
X	3490	0.8631205321883578
XI	3490	0.9418085348881851
XII	3490	0.8355576125255871
XIII	3490	0.9240289432093904
XIV	3490	0.8519557381877341
XV	3490	0.8416838405154995
XVI	3490	0.759221404416992
I	3495	0.6963313033733244
II	3495	0.8902868231544152
III	3495	0.7602577792530288
IV	3495	0.816365989896425
V	3495	0.9318815421736941
VI	3495	0.801618294276376
VII	3495	0.7810594533154894
VIII	3495	0.7588506388598099
IX	3495	0.8531717164369113
X	3495	0.8631205321883578
XI	3495	0.9418085348881851
XII	3495	0.8355576125255871
XIII	3495	0.9240289432093904
XIV	3495	0.8519557381877341
XV	3495	0.8416838405154995
XVI	3495	0.759221404416992
I	3500	0.6963313033733244
II	3500	0.8902868231544152
III	3500	0.7602577792530288
IV	3500	0.816365989896425
V	3500	0.9318815421736941
VI	3500	0.801618294276376
VII	3500	0.7810594533154894
VIII	3500	0.7588506388598099
IX	3500	0.8531717164369113
X	3500	0.8631205321883578
XI	3500	0.9418085348881851
XII	3500	0.8355576125255871
XIII	3500	0.9240289432093904
XIV	3500	0.8564155785871562
XV	3500	0.8416838405154995
XVI	3500	0.759221404416992
I	3505	0.6963313033733244
II	3505	0.8902868231544152
III	3505	0.7602577792530288
IV	3505	0.816365989896425
V	3505	0.9318815421736941
VI	3505	0.801618294276376
VII	3505	0.7810594533154894
VIII	3505	0.7588506388598099
IX	3505	0.8531717164369113
X	3505	0.8631205321883578
XI	3505	0.9418085348881851
XII	3505	0.8355576125255871
XIII	3505	0.9240289432093904
XIV	3505	0.8564155785871562
XV	3505	0.8416838405154995
XVI	3505	0.759221404416992
I	3510	0.6963313033733244
II	3510	0.8902868231544152
III	3510	0.7602577792530288
IV	3510	0.816365989896425
V	3510	0.9318815421736941
VI	3510	0.801618294276376
VII	3510	0.7842768621555722
VIII	3510	0.7588506388598099
IX	3510	0.8531717164369113
X	3510	0.8631205321883578
XI	3510	0.9418085348881851
XII	3510	0.8355576125255871
XIII	3510	0.9240289432093904
XIV	3510	0.8564155785871562
XV	3510	0.8416838405154995
XVI	3510	0.759221404416992
I	3515	0.6963313033733244
II	3515	0.8902868231544152
III	3515	0.7602577792530288
IV	3515	0.816365989896425
V	3515	0.9318815421736941
VI	3515	0.801618294276376
VII	3515	0.7842768621555722
VIII	3515	0.7588506388598099
IX	3515	0.8611578401774997
X	3515	0.8631205321883578
XI	3515	0.9418085348881851
XII	3515	0.8355576125255871
XIII	3515	0.9240289432093904
XIV	3515	0.8564155785871562
XV	3515	0.8416838405154995
XVI	3515	0.759221404416992
I	3520	0.6963313033733244
II	3520	0.8902868231544152
III	3520	0.7602577792530288
IV	3520	0.816365989896425
V	3520	0.9318815421736941
VI	3520	0.801618294276376
VII	3520	0.7842768621555722
VIII	3520	0.7588506388598099
IX	3520	0.8611578401774997
X	3520	0.8631205321883578
XI	3520	0.9418085348881851
XII	3520	0.8355576125255871
XIII	3520	0.9240289432093904
XIV	3520	0.8564155785871562
XV	3520	0.8416838405154995
XVI	3520	0.759221404416992
I	3525	0.6963313033733244
II	3525	0.8902868231544152
III	3525	0.7602577792530288
IV	3525	0.816365989896425
V	3525	0.9318815421736941
VI	3525	0.801618294276376
VII	3525	0.7842768621555722
VIII	3525	0.7588506388598099
IX	3525	0.8611578401774997
X	3525	0.8631205321883578
XI	3525	0.9418085348881851
XII	3525	0.8355576125255871
XIII	3525	0.9240289432093904
XIV	3525	0.8609060182346019
XV	3525	0.8416838405154995
XVI	3525	0.759221404416992
I	3530	0.6963313033733244
II	3530	0.8902868231544152
III	3530	0.7602577792530288
IV	3530	0.816365989896425
V	3530	0.9318815421736941
VI	3530	0.801618294276376
VII	3530	0.7875107705281683
VIII	3530	0.7588506388598099
IX	3530	0.8611578401774997
X	3530	0.8631205321883578
XI	3530	0.9418085348881851
XII	3530	0.8355576125255871
XIII	3530	0.9240289432093904
XIV	3530	0.8609060182346019
XV	3530	0.8416838405154995
XVI	3530	0.759221404416992
I	3535	0.6963313033733244
II	3535	0.8902868231544152
III	3535	0.7602577792530288
IV	3535	0.816365989896425
V	3535	0.9318815421736941
VI	3535	0.801618294276376
VII	3535	0.7875107705281683
VIII	3535	0.7588506388598099
IX	3535	0.8611578401774997
X	3535	0.8631205321883578
XI	3535	0.9418085348881851
XII	3535	0.8355576125255871
XIII	3535	0.9240289432093904
XIV	3535	0.8609060182346019
XV	3535	0.8416838405154995
XVI	3535	0.7629500477814836
I	3540	0.6963313033733244
II	3540	0.8902868231544152
III	3540	0.7602577792530288
IV	3540	0.816365989896425
V	3540	0.9318815421736941
VI	3540	0.801618294276376
VII	3540	0.7875107705281683
VIII	3540	0.7588506388598099
IX	3540	0.8692053431782636
X	3540	0.8631205321883578
XI	3540	0.9418085348881851
XII	3540	0.8355576125255871
XIII	3540	0.9240289432093904
XIV	3540	0.8609060182346019
XV	3540	0.8416838405154995
XVI	3540	0.7629500477814836
I	3545	0.6963313033733244
II	3545	0.8902868231544152
III	3545	0.7602577792530288
IV	3545	0.816365989896425
V	3545	0.9318815421736941
VI	3545	0.801618294276376
VII	3545	0.7875107705281683
VIII	3545	0.7588506388598099
IX	3545	0.8692053431782636
X	3545	0.8631205321883578
XI	3545	0.9418085348881851
XII	3545	0.8355576125255871
XIII	3545	0.9240289432093904
XIV	3545	0.8609060182346019
XV	3545	0.8416838405154995
XVI	3545	0.7629500477814836
I	3550	0.6963313033733244
II	3550	0.8902868231544152
III	3550	0.7602577792530288
IV	3550	0.816365989896425
V	3550	0.9318815421736941
VI	3550	0.801618294276376
VII	3550	0.7875107705281683
VIII	3550	0.7588506388598099
IX	3550	0.8692053431782636
X	3550	0.8631205321883578
XI	3550	0.9418085348881851
XII	3550	0.8355576125255871
XIII	3550	0.9240289432093904
XIV	3550	0.8609060182346019
XV	3550	0.844936868351338
XVI	3550	0.7629500477814836
I	3555	0.6963313033733244
II	3555	0.8902868231544152
III	3555	0.7602577792530288
IV	3555	0.816365989896425
V	3555	0.9318815421736941
VI	3555	0.801618294276376
VII	3555	0.7875107705281683
VIII	3555	0.7651672552577745
IX	3555	0.8692053431782636
X	3555	0.8631205321883578
XI	3555	0.9418085348881851
XII	3555	0.8355576125255871
XIII	3555	0.9240289432093904
XIV	3555	0.8609060182346019
XV	3555	0.844936868351338
XVI	3555	0.7629500477814836
I	3560	0.6963313033733244
II	3560	0.8946609869353062
III	3560	0.7602577792530288
IV	3560	0.8186885457784381
V	3560	0.9318815421736941
VI	3560	0.801618294276376
VII	3560	0.7875107705281683
VIII	3560	0.7651672552577745
IX	3560	0.8692053431782636
X	3560	0.8631205321883578
XI	3560	0.9418085348881851
XII	3560	0.8355576125255871
XIII	3560	0.9240289432093904
XIV	3560	0.8609060182346019
XV	3560	0.844936868351338
XVI	3560	0.7629500477814836
I	3565	0.6963313033733244
II	3565	0.8946609869353062
III	3565	0.7602577792530288
IV	3565	0.8186885457784381
V	3565	0.9318815421736941
VI	3565	0.801618294276376
VII	3565	0.7875107705281683
VIII	3565	0.7651672552577745
IX	3565	0.8692053431782636
X	3565	0.8631205321883578
XI	3565	0.9418085348881851
XII	3565	0.8388604097471937
XIII	3565	0.9240289432093904
XIV	3565	0.8609060182346019
XV	3565	0.844936868351338
XVI	3565	0.7629500477814836
I	3570	0.6963313033733244
II	3570	0.8946609869353062
III	3570	0.7602577792530288
IV	3570	0.8186885457784381
V	3570	0.9318815421736941
VI	3570	0.801618294276376
VII	3570	0.7875107705281683
VIII	3570	0.7651672552577745
IX	3570	0.8692053431782636
X	3570	0.867903630032008
XI	3570	0.9418085348881851
XII	3570	0.8388604097471937
XIII	3570	0.9278864512332451
XIV	3570	0.8609060182346019
XV	3570	0.844936868351338
XVI	3570	0.7629500477814836
I	3575	0.6963313033733244
II	3575	0.8946609869353062
III	3575	0.7602577792530288
IV	3575	0.8186885457784381
V	3575	0.9318815421736941
VI	3575	0.801618294276376
VII	3575	0.7875107705281683
VIII	3575	0.7651672552577745
IX	3575	0.8692053431782636
X	3575	0.867903630032008
XI	3575	0.9418085348881851
XII	3575	0.8388604097471937
XIII	3575	0.9278864512332451
XIV	3575	0.8609060182346019
XV	3575	0.844936868351338
XVI	3575	0.7629500477814836
I	3580	0.6963313033733244
II	3580	0.8946609869353062
III	3580	0.7602577792530288
IV	3580	0.8186885457784381
V	3580	0.9318815421736941
VI	3580	0.801618294276376
VII	3580	0.7875107705281683
VIII	3580	0.7651672552577745
IX	3580	0.8773369584985269
X	3580	0.867903630032008
XI	3580	0.9418085348881851
XII	3580	0.8388604097471937
XIII	3580	0.9278864512332451
XIV	3580	0.8609060182346019
XV	3580	0.844936868351338
XVI	3580	0.7629500477814836
I	3585	0.6963313033733244
II	3585	0.8946609869353062
III	3585	0.7602577792530288
IV	3585	0.8186885457784381
V	3585	0.9318815421736941
VI	3585	0.801618294276376
VII	3585	0.7875107705281683
VIII	3585	0.7651672552577745
IX	3585	0.8773369584985269
X	3585	0.867903630032008
XI	3585	0.9418085348881851
XII	3585	0.8388604097471937
XIII	3585	0.9278864512332451
XIV	3585	0.8609060182346019
XV	3585	0.844936868351338
XVI	3585	0.7629500477814836
I	3590	0.6963313033733244
II	3590	0.8946609869353062
III	3590	0.7602577792530288
IV	3590	0.8186885457784381
V	3590	0.9318815421736941
VI	3590	0.801618294276376
VII	3590	0.7875107705281683
VIII	3590	0.7651672552577745
IX	3590	0.8773369584985269
X	3590	0.867903630032008
XI	3590	0.9418085348881851
XII	3590	0.8388604097471937
XIII	3590	0.9278864512332451
XIV	3590	0.8609060182346019
XV	3590	0.844936868351338
XVI	3590	0.7629500477814836
I	3595	0.6963313033733244
II	3595	0.8946609869353062
III	3595	0.7602577792530288
IV	3595	0.8186885457784381
V	3595	0.9318815421736941
VI	3595	0.801618294276376
VII	3595	0.7875107705281683
VIII	3595	0.7651672552577745
IX	3595	0.8773369584985269
X	3595	0.867903630032008
XI	3595	0.9418085348881851
XII	3595	0.8388604097471937
XIII	3595	0.9278864512332451
XIV	3595	0.8609060182346019
XV	3595	0.844936868351338
XVI	3595	0.7629500477814836
I	3600	0.6963313033733244
II	3600	0.8946609869353062
III	3600	0.7602577792530288
IV	3600	0.8186885457784381
V	3600	0.9318815421736941
VI	3600	0.801618294276376
VII	3600	0.7875107705281683
VIII	3600	0.7651672552577745
IX	3600	0.8773369584985269
X	3600	0.867903630032008
XI	3600	0.9418085348881851
XII	3600	0.8388604097471937
XIII	3600	0.9278864512332451
XIV	3600	0.8609060182346019
XV	3600	0.844936868351338
XVI	3600	0.7629500477814836
I	3605	0.6963313033733244
II	3605	0.8946609869353062
III	3605	0.7602577792530288
IV	3605	0.8186885457784381
V	3605	0.9318815421736941
VI	3605	0.801618294276376
VII	3605	0.7875107705281683
VIII	3605	0.7651672552577745
IX	3605	0.8773369584985269
X	3605	0.867903630032008
XI	3605	0.9418085348881851
XII	3605	0.8388604097471937
XIII	3605	0.9278864512332451
XIV	3605	0.8609060182346019
XV	3605	0.844936868351338
XVI	3605	0.7629500477814836
I	3610	0.6963313033733244
II	3610	0.8946609869353062
III	3610	0.7602577792530288
IV	3610	0.8186885457784381
V	3610	0.9318815421736941
VI	3610	0.801618294276376
VII	3610	0.7875107705281683
VIII	3610	0.7651672552577745
IX	3610	0.8773369584985269
X	3610	0.867903630032008
XI	3610	0.9418085348881851
XII	3610	0.8388604097471937
XIII	3610	0.9278864512332451
XIV	3610	0.8609060182346019
XV	3610	0.844936868351338
XVI	3610	0.7629500477814836
I	3615	0.6963313033733244
II	3615	0.8946609869353062
III	3615	0.7602577792530288
IV	3615	0.8186885457784381
V	3615	0.9318815421736941
VI	3615	0.801618294276376
VII	3615	0.7875107705281683
VIII	3615	0.7651672552577745
IX	3615	0.8773369584985269
X	3615	0.867903630032008
XI	3615	0.9418085348881851
XII	3615	0.8388604097471937
XIII	3615	0.9278864512332451
XIV	3615	0.8609060182346019
XV	3615	0.844936868351338
XVI	3615	0.7629500477814836
I	3620	0.7120424988489171
II	3620	0.8946609869353062
III	3620	0.7602577792530288
IV	3620	0.8186885457784381
V	3620	0.9318815421736941
VI	3620	0.801618294276376
VII	3620	0.7875107705281683
VIII	3620	0.7651672552577745
IX	3620	0.8773369584985269
X	3620	0.867903630032008
XI	3620	0.9418085348881851
XII	3620	0.8422151464926445
XIII	3620	0.9278864512332451
XIV	3620	0.8609060182346019
XV	3620	0.844936868351338
XVI	3620	0.7629500477814836
I	3625	0.7120424988489171
II	3625	0.8946609869353062
III	3625	0.7602577792530288
IV	3625	0.8186885457784381
V	3625	0.9318815421736941
VI	3625	0.801618294276376
VII	3625	0.7875107705281683
VIII	3625	0.7651672552577745
IX	3625	0.8773369584985269
X	3625	0.867903630032008
XI	3625	0.9418085348881851
XII	3625	0.8422151464926445
XIII	3625	0.9278864512332451
XIV	3625	0.8609060182346019
XV	3625	0.844936868351338
XVI	3625	0.7629500477814836
I	3630	0.7120424988489171
II	3630	0.8946609869353062
III	3630	0.7602577792530288
IV	3630	0.8210567955648191
V	3630	0.9318815421736941
VI	3630	0.801618294276376
VII	3630	0.7875107705281683
VIII	3630	0.7651672552577745
IX	3630	0.8773369584985269
X	3630	0.867903630032008
XI	3630	0.9418085348881851
XII	3630	0.8422151464926445
XIII	3630	0.9278864512332451
XIV	3630	0.8609060182346019
XV	3630	0.844936868351338
XVI	3630	0.7629500477814836
I	3635	0.7120424988489171
II	3635	0.8946609869353062
III	3635	0.7602577792530288
IV	3635	0.8234276564314497
V	3635	0.9318815421736941
VI	3635	0.801618294276376
VII	3635	0.7875107705281683
VIII	3635	0.7651672552577745
IX	3635	0.8773369584985269
X	3635	0.867903630032008
XI	3635	0.9418085348881851
XII	3635	0.8422151464926445
XIII	3635	0.9278864512332451
XIV	3635	0.8609060182346019
XV	3635	0.844936868351338
XVI	3635	0.7629500477814836
I	3640	0.7120424988489171
II	3640	0.8946609869353062
III	3640	0.7602577792530288
IV	3640	0.8234276564314497
V	3640	0.9318815421736941
VI	3640	0.801618294276376
VII	3640	0.7875107705281683
VIII	3640	0.7651672552577745
IX	3640	0.8773369584985269
X	3640	0.867903630032008
XI	3640	0.9418085348881851
XII	3640	0.8422151464926445
XIII	3640	0.9278864512332451
XIV	3640	0.8609060182346019
XV	3640	0.844936868351338
XVI	3640	0.7629500477814836
I	3645	0.7120424988489171
II	3645	0.8946609869353062
III	3645	0.7602577792530288
IV	3645	0.8234276564314497
V	3645	0.9318815421736941
VI	3645	0.801618294276376
VII	3645	0.7875107705281683
VIII	3645	0.7651672552577745
IX	3645	0.8773369584985269
X	3645	0.867903630032008
XI	3645	0.9418085348881851
XII	3645	0.8422151464926445
XIII	3645	0.9278864512332451
XIV	3645	0.8609060182346019
XV	3645	0.844936868351338
XVI	3645	0.7629500477814836
I	3650	0.7120424988489171
II	3650	0.8946609869353062
III	3650	0.7602577792530288
IV	3650	0.8234276564314497
V	3650	0.9318815421736941
VI	3650	0.801618294276376
VII	3650	0.7908565090655765
VIII	3650	0.7651672552577745
IX	3650	0.8773369584985269
X	3650	0.867903630032008
XI	3650	0.9418085348881851
XII	3650	0.8422151464926445
XIII	3650	0.9278864512332451
XIV	3650	0.8609060182346019
XV	3650	0.844936868351338
XVI	3650	0.7629500477814836
I	3655	0.7120424988489171
II	3655	0.8946609869353062
III	3655	0.7602577792530288
IV	3655	0.8234276564314497
V	3655	0.9318815421736941
VI	3655	0.801618294276376
VII	3655	0.7908565090655765
VIII	3655	0.7651672552577745
IX	3655	0.8773369584985269
X	3655	0.867903630032008
XI	3655	0.9418085348881851
XII	3655	0.8422151464926445
XIII	3655	0.9278864512332451
XIV	3655	0.8609060182346019
XV	3655	0.844936868351338
XVI	3655	0.7629500477814836
I	3660	0.7279274426847596
II	3660	0.8946609869353062
III	3660	0.7602577792530288
IV	3660	0.8234276564314497
V	3660	0.9318815421736941
VI	3660	0.801618294276376
VII	3660	0.7908565090655765
VIII	3660	0.7651672552577745
IX	3660	0.8773369584985269
X	3660	0.867903630032008
XI	3660	0.9418085348881851
XII	3660	0.8422151464926445
XIII	3660	0.9278864512332451
XIV	3660	0.8609060182346019
XV	3660	0.844936868351338
XVI	3660	0.7629500477814836
I	3665	0.7279274426847596
II	3665	0.8946609869353062
III	3665	0.7602577792530288
IV	3665	0.8234276564314497
V	3665	0.9318815421736941
VI	3665	0.801618294276376
VII	3665	0.7908565090655765
VIII	3665	0.7651672552577745
IX	3665	0.8773369584985269
X	3665	0.867903630032008
XI	3665	0.9418085348881851
XII	3665	0.8422151464926445
XIII	3665	0.9278864512332451
XIV	3665	0.8609060182346019
XV	3665	0.844936868351338
XVI	3665	0.7629500477814836
I	3670	0.7279274426847596
II	3670	0.8946609869353062
III	3670	0.7602577792530288
IV	3670	0.8234276564314497
V	3670	0.9318815421736941
VI	3670	0.801618294276376
VII	3670	0.7908565090655765
VIII	3670	0.7651672552577745
IX	3670	0.8773369584985269
X	3670	0.867903630032008
XI	3670	0.9418085348881851
XII	3670	0.8422151464926445
XIII	3670	0.9278864512332451
XIV	3670	0.8609060182346019
XV	3670	0.844936868351338
XVI	3670	0.7629500477814836
I	3675	0.7279274426847596
II	3675	0.8946609869353062
III	3675	0.7602577792530288
IV	3675	0.8234276564314497
V	3675	0.9318815421736941
VI	3675	0.801618294276376
VII	3675	0.7908565090655765
VIII	3675	0.7651672552577745
IX	3675	0.8773369584985269
X	3675	0.867903630032008
XI	3675	0.9418085348881851
XII	3675	0.8422151464926445
XIII	3675	0.9278864512332451
XIV	3675	0.8609060182346019
XV	3675	0.844936868351338
XVI	3675	0.7629500477814836
I	3680	0.7279274426847596
II	3680	0.8991851782622383
III	3680	0.7602577792530288
IV	3680	0.8234276564314497
V	3680	0.9318815421736941
VI	3680	0.801618294276376
VII	3680	0.7908565090655765
VIII	3680	0.7651672552577745
IX	3680	0.8773369584985269
X	3680	0.867903630032008
XI	3680	0.9473213000287936
XII	3680	0.8422151464926445
XIII	3680	0.9278864512332451
XIV	3680	0.8609060182346019
XV	3680	0.844936868351338
XVI	3680	0.7629500477814836
I	3685	0.7279274426847596
II	3685	0.8991851782622383
III	3685	0.7602577792530288
IV	3685	0.8234276564314497
V	3685	0.9318815421736941
VI	3685	0.801618294276376
VII	3685	0.7908565090655765
VIII	3685	0.7651672552577745
IX	3685	0.8773369584985269
X	3685	0.867903630032008
XI	3685	0.9473213000287936
XII	3685	0.8422151464926445
XIII	3685	0.9278864512332451
XIV	3685	0.8609060182346019
XV	3685	0.844936868351338
XVI	3685	0.7629500477814836
I	3690	0.7279274426847596
II	3690	0.8991851782622383
III	3690	0.7602577792530288
IV	3690	0.8234276564314497
V	3690	0.9318815421736941
VI	3690	0.801618294276376
VII	3690	0.7908565090655765
VIII	3690	0.7651672552577745
IX	3690	0.8773369584985269
X	3690	0.867903630032008
XI	3690	0.9473213000287936
XII	3690	0.8422151464926445
XIII	3690	0.9278864512332451
XIV	3690	0.8609060182346019
XV	3690	0.844936868351338
XVI	3690	0.7629500477814836
I	3695	0.7279274426847596
II	3695	0.8991851782622383
III	3695	0.7602577792530288
IV	3695	0.8234276564314497
V	3695	0.9318815421736941
VI	3695	0.801618294276376
VII	3695	0.7908565090655765
VIII	3695	0.7651672552577745
IX	3695	0.8773369584985269
X	3695	0.867903630032008
XI	3695	0.9473213000287936
XII	3695	0.8422151464926445
XIII	3695	0.9278864512332451
XIV	3695	0.8609060182346019
XV	3695	0.844936868351338
XVI	3695	0.7629500477814836
I	3700	0.7279274426847596
II	3700	0.8991851782622383
III	3700	0.7602577792530288
IV	3700	0.8234276564314497
V	3700	0.9318815421736941
VI	3700	0.801618294276376
VII	3700	0.7908565090655765
VIII	3700	0.7651672552577745
IX	3700	0.8773369584985269
X	3700	0.867903630032008
XI	3700	0.9473213000287936
XII	3700	0.8422151464926445
XIII	3700	0.9318867497952795
XIV	3700	0.8609060182346019
XV	3700	0.844936868351338
XVI	3700	0.7629500477814836
I	3705	0.7279274426847596
II	3705	0.8991851782622383
III	3705	0.7602577792530288
IV	3705	0.8234276564314497
V	3705	0.9318815421736941
VI	3705	0.801618294276376
VII	3705	0.7908565090655765
VIII	3705	0.7651672552577745
IX	3705	0.8773369584985269
X	3705	0.867903630032008
XI	3705	0.9473213000287936
XII	3705	0.8422151464926445
XIII	3705	0.9318867497952795
XIV	3705	0.8609060182346019
XV	3705	0.844936868351338
XVI	3705	0.7629500477814836
I	3710	0.7279274426847596
II	3710	0.8991851782622383
III	3710	0.7602577792530288
IV	3710	0.8234276564314497
V	3710	0.9318815421736941
VI	3710	0.801618294276376
VII	3710	0.7908565090655765
VIII	3710	0.7651672552577745
IX	3710	0.8773369584985269
X	3710	0.867903630032008
XI	3710	0.9473213000287936
XII	3710	0.8422151464926445
XIII	3710	0.9358967840758261
XIV	3710	0.8609060182346019
XV	3710	0.844936868351338
XVI	3710	0.7629500477814836
I	3715	0.7279274426847596
II	3715	0.9037536400125925
III	3715	0.7602577792530288
IV	3715	0.8234276564314497
V	3715	0.9318815421736941
VI	3715	0.801618294276376
VII	3715	0.7908565090655765
VIII	3715	0.7651672552577745
IX	3715	0.8773369584985269
X	3715	0.867903630032008
XI	3715	0.9473213000287936
XII	3715	0.8422151464926445
XIII	3715	0.9358967840758261
XIV	3715	0.8609060182346019
XV	3715	0.844936868351338
XVI	3715	0.7629500477814836
I	3720	0.7279274426847596
II	3720	0.9037536400125925
III	3720	0.7602577792530288
IV	3720	0.8234276564314497
V	3720	0.9318815421736941
VI	3720	0.801618294276376
VII	3720	0.7942627458888665
VIII	3720	0.7651672552577745
IX	3720	0.8773369584985269
X	3720	0.867903630032008
XI	3720	0.9473213000287936
XII	3720	0.8422151464926445
XIII	3720	0.9358967840758261
XIV	3720	0.8609060182346019
XV	3720	0.844936868351338
XVI	3720	0.7629500477814836
I	3725	0.7279274426847596
II	3725	0.9037536400125925
III	3725	0.7602577792530288
IV	3725	0.8234276564314497
V	3725	0.9318815421736941
VI	3725	0.801618294276376
VII	3725	0.7942627458888665
VIII	3725	0.7651672552577745
IX	3725	0.8773369584985269
X	3725	0.867903630032008
XI	3725	0.9473213000287936
XII	3725	0.8422151464926445
XIII	3725	0.9358967840758261
XIV	3725	0.8609060182346019
XV	3725	0.844936868351338
XVI	3725	0.7629500477814836
I	3730	0.7279274426847596
II	3730	0.9037536400125925
III	3730	0.7602577792530288
IV	3730	0.8234276564314497
V	3730	0.9318815421736941
VI	3730	0.801618294276376
VII	3730	0.7942627458888665
VIII	3730	0.7651672552577745
IX	3730	0.8773369584985269
X	3730	0.867903630032008
XI	3730	0.9473213000287936
XII	3730	0.8422151464926445
XIII	3730	0.9358967840758261
XIV	3730	0.8609060182346019
XV	3730	0.8483548384436416
XVI	3730	0.7629500477814836
I	3735	0.7279274426847596
II	3735	0.9037536400125925
III	3735	0.7602577792530288
IV	3735	0.8234276564314497
V	3735	0.9318815421736941
VI	3735	0.801618294276376
VII	3735	0.7942627458888665
VIII	3735	0.7651672552577745
IX	3735	0.8773369584985269
X	3735	0.867903630032008
XI	3735	0.9473213000287936
XII	3735	0.8422151464926445
XIII	3735	0.9358967840758261
XIV	3735	0.8609060182346019
XV	3735	0.8483548384436416
XVI	3735	0.7629500477814836
I	3740	0.7279274426847596
II	3740	0.9037536400125925
III	3740	0.7602577792530288
IV	3740	0.8234276564314497
V	3740	0.9318815421736941
VI	3740	0.801618294276376
VII	3740	0.7942627458888665
VIII	3740	0.7718073449771881
IX	3740	0.8773369584985269
X	3740	0.867903630032008
XI	3740	0.9473213000287936
XII	3740	0.8422151464926445
XIII	3740	0.9358967840758261
XIV	3740	0.8609060182346019
XV	3740	0.8483548384436416
XVI	3740	0.7629500477814836
I	3745	0.7279274426847596
II	3745	0.9037536400125925
III	3745	0.7602577792530288
IV	3745	0.8234276564314497
V	3745	0.9318815421736941
VI	3745	0.801618294276376
VII	3745	0.7942627458888665
VIII	3745	0.7718073449771881
IX	3745	0.8773369584985269
X	3745	0.867903630032008
XI	3745	0.9473213000287936
XII	3745	0.8422151464926445
XIII	3745	0.9358967840758261
XIV	3745	0.8609060182346019
XV	3745	0.8483548384436416
XVI	3745	0.7629500477814836
I	3750	0.7279274426847596
II	3750	0.9037536400125925
III	3750	0.7602577792530288
IV	3750	0.8234276564314497
V	3750	0.9318815421736941
VI	3750	0.801618294276376
VII	3750	0.7942627458888665
VIII	3750	0.7718073449771881
IX	3750	0.8773369584985269
X	3750	0.867903630032008
XI	3750	0.9473213000287936
XII	3750	0.8422151464926445
XIII	3750	0.9358967840758261
XIV	3750	0.8609060182346019
XV	3750	0.8517883864157223
XVI	3750	0.7629500477814836
I	3755	0.7279274426847596
II	3755	0.9037536400125925
III	3755	0.7602577792530288
IV	3755	0.8234276564314497
V	3755	0.9318815421736941
VI	3755	0.801618294276376
VII	3755	0.7942627458888665
VIII	3755	0.7718073449771881
IX	3755	0.8773369584985269
X	3755	0.867903630032008
XI	3755	0.9473213000287936
XII	3755	0.8422151464926445
XIII	3755	0.9358967840758261
XIV	3755	0.8609060182346019
XV	3755	0.8517883864157223
XVI	3755	0.7629500477814836
I	3760	0.7279274426847596
II	3760	0.9037536400125925
III	3760	0.7602577792530288
IV	3760	0.8234276564314497
V	3760	0.9318815421736941
VI	3760	0.801618294276376
VII	3760	0.7942627458888665
VIII	3760	0.7718073449771881
IX	3760	0.8773369584985269
X	3760	0.867903630032008
XI	3760	0.9473213000287936
XII	3760	0.8422151464926445
XIII	3760	0.9358967840758261
XIV	3760	0.8609060182346019
XV	3760	0.8517883864157223
XVI	3760	0.7629500477814836
I	3765	0.7279274426847596
II	3765	0.9037536400125925
III	3765	0.7602577792530288
IV	3765	0.8234276564314497
V	3765	0.9318815421736941
VI	3765	0.801618294276376
VII	3765	0.7942627458888665
VIII	3765	0.7718073449771881
IX	3765	0.8773369584985269
X	3765	0.867903630032008
XI	3765	0.9473213000287936
XII	3765	0.8422151464926445
XIII	3765	0.9358967840758261
XIV	3765	0.8609060182346019
XV	3765	0.8517883864157223
XVI	3765	0.7629500477814836
I	3770	0.7279274426847596
II	3770	0.9037536400125925
III	3770	0.7602577792530288
IV	3770	0.8234276564314497
V	3770	0.9318815421736941
VI	3770	0.801618294276376
VII	3770	0.7942627458888665
VIII	3770	0.7718073449771881
IX	3770	0.8773369584985269
X	3770	0.867903630032008
XI	3770	0.9473213000287936
XII	3770	0.8457080794711814
XIII	3770	0.9358967840758261
XIV	3770	0.8609060182346019
XV	3770	0.8517883864157223
XVI	3770	0.7629500477814836
I	3775	0.7279274426847596
II	3775	0.9037536400125925
III	3775	0.7602577792530288
IV	3775	0.8234276564314497
V	3775	0.9318815421736941
VI	3775	0.801618294276376
VII	3775	0.7942627458888665
VIII	3775	0.7718073449771881
IX	3775	0.8773369584985269
X	3775	0.867903630032008
XI	3775	0.9473213000287936
XII	3775	0.8457080794711814
XIII	3775	0.9358967840758261
XIV	3775	0.8609060182346019
XV	3775	0.8517883864157223
XVI	3775	0.7629500477814836
I	3780	0.7279274426847596
II	3780	0.908402034471903
III	3780	0.7602577792530288
IV	3780	0.8283612925630559
V	3780	0.9318815421736941
VI	3780	0.801618294276376
VII	3780	0.7942627458888665
VIII	3780	0.7718073449771881
IX	3780	0.8773369584985269
X	3780	0.867903630032008
XI	3780	0.9473213000287936
XII	3780	0.8457080794711814
XIII	3780	0.9358967840758261
XIV	3780	0.8609060182346019
XV	3780	0.8517883864157223
XVI	3780	0.7629500477814836
I	3785	0.7279274426847596
II	3785	0.908402034471903
III	3785	0.7602577792530288
IV	3785	0.8283612925630559
V	3785	0.9318815421736941
VI	3785	0.801618294276376
VII	3785	0.7942627458888665
VIII	3785	0.7718073449771881
IX	3785	0.8773369584985269
X	3785	0.867903630032008
XI	3785	0.9473213000287936
XII	3785	0.8457080794711814
XIII	3785	0.9358967840758261
XIV	3785	0.8609060182346019
XV	3785	0.8517883864157223
XVI	3785	0.7629500477814836
I	3790	0.7279274426847596
II	3790	0.908402034471903
III	3790	0.7602577792530288
IV	3790	0.8283612925630559
V	3790	0.9318815421736941
VI	3790	0.801618294276376
VII	3790	0.7942627458888665
VIII	3790	0.7718073449771881
IX	3790	0.8773369584985269
X	3790	0.867903630032008
XI	3790	0.9473213000287936
XII	3790	0.8457080794711814
XIII	3790	0.9358967840758261
XIV	3790	0.8609060182346019
XV	3790	0.8517883864157223
XVI	3790	0.7629500477814836
I	3795	0.7279274426847596
II	3795	0.908402034471903
III	3795	0.7602577792530288
IV	3795	0.8283612925630559
V	3795	0.9318815421736941
VI	3795	0.801618294276376
VII	3795	0.7942627458888665
VIII	3795	0.7718073449771881
IX	3795	0.8773369584985269
X	3795	0.867903630032008
XI	3795	0.9473213000287936
XII	3795	0.8457080794711814
XIII	3795	0.9358967840758261
XIV	3795	0.8609060182346019
XV	3795	0.8517883864157223
XVI	3795	0.7629500477814836
I	3800	0.7279274426847596
II	3800	0.908402034471903
III	3800	0.7602577792530288
IV	3800	0.8283612925630559
V	3800	0.9318815421736941
VI	3800	0.801618294276376
VII	3800	0.7942627458888665
VIII	3800	0.7718073449771881
IX	3800	0.8773369584985269
X	3800	0.867903630032008
XI	3800	0.9473213000287936
XII	3800	0.8457080794711814
XIII	3800	0.9358967840758261
XIV	3800	0.8609060182346019
XV	3800	0.8517883864157223
XVI	3800	0.7629500477814836
I	3805	0.7279274426847596
II	3805	0.908402034471903
III	3805	0.772160341701556
IV	3805	0.8283612925630559
V	3805	0.9318815421736941
VI	3805	0.801618294276376
VII	3805	0.7942627458888665
VIII	3805	0.7718073449771881
IX	3805	0.8773369584985269
X	3805	0.867903630032008
XI	3805	0.9473213000287936
XII	3805	0.8457080794711814
XIII	3805	0.9358967840758261
XIV	3805	0.8609060182346019
XV	3805	0.8517883864157223
XVI	3805	0.7629500477814836
I	3810	0.7279274426847596
II	3810	0.908402034471903
III	3810	0.772160341701556
IV	3810	0.8283612925630559
V	3810	0.9318815421736941
VI	3810	0.801618294276376
VII	3810	0.7942627458888665
VIII	3810	0.7718073449771881
IX	3810	0.8773369584985269
X	3810	0.867903630032008
XI	3810	0.9473213000287936
XII	3810	0.8457080794711814
XIII	3810	0.9358967840758261
XIV	3810	0.8609060182346019
XV	3810	0.8517883864157223
XVI	3810	0.7629500477814836
I	3815	0.7279274426847596
II	3815	0.908402034471903
III	3815	0.772160341701556
IV	3815	0.8283612925630559
V	3815	0.9318815421736941
VI	3815	0.801618294276376
VII	3815	0.7942627458888665
VIII	3815	0.7718073449771881
IX	3815	0.8773369584985269
X	3815	0.867903630032008
XI	3815	0.9473213000287936
XII	3815	0.8457080794711814
XIII	3815	0.9358967840758261
XIV	3815	0.8609060182346019
XV	3815	0.8517883864157223
XVI	3815	0.7629500477814836
I	3820	0.7279274426847596
II	3820	0.908402034471903
III	3820	0.772160341701556
IV	3820	0.8283612925630559
V	3820	0.9318815421736941
VI	3820	0.801618294276376
VII	3820	0.7942627458888665
VIII	3820	0.7718073449771881
IX	3820	0.8773369584985269
X	3820	0.867903630032008
XI	3820	0.9473213000287936
XII	3820	0.8457080794711814
XIII	3820	0.9358967840758261
XIV	3820	0.8609060182346019
XV	3820	0.8517883864157223
XVI	3820	0.7629500477814836
I	3825	0.7279274426847596
II	3825	0.908402034471903
III	3825	0.772160341701556
IV	3825	0.8283612925630559
V	3825	0.9318815421736941
VI	3825	0.801618294276376
VII	3825	0.7942627458888665
VIII	3825	0.7718073449771881
IX	3825	0.8773369584985269
X	3825	0.867903630032008
XI	3825	0.9473213000287936
XII	3825	0.8457080794711814
XIII	3825	0.9358967840758261
XIV	3825	0.8609060182346019
XV	3825	0.8517883864157223
XVI	3825	0.7629500477814836
I	3830	0.7279274426847596
II	3830	0.908402034471903
III	3830	0.772160341701556
IV	3830	0.8283612925630559
V	3830	0.9318815421736941
VI	3830	0.801618294276376
VII	3830	0.7942627458888665
VIII	3830	0.7718073449771881
IX	3830	0.8773369584985269
X	3830	0.867903630032008
XI	3830	0.9473213000287936
XII	3830	0.8457080794711814
XIII	3830	0.9358967840758261
XIV	3830	0.8609060182346019
XV	3830	0.8517883864157223
XVI	3830	0.7629500477814836
I	3835	0.7279274426847596
II	3835	0.908402034471903
III	3835	0.772160341701556
IV	3835	0.8283612925630559
V	3835	0.9318815421736941
VI	3835	0.8157987274254981
VII	3835	0.7942627458888665
VIII	3835	0.7718073449771881
IX	3835	0.8773369584985269
X	3835	0.867903630032008
XI	3835	0.9473213000287936
XII	3835	0.8457080794711814
XIII	3835	0.9358967840758261
XIV	3835	0.8609060182346019
XV	3835	0.8517883864157223
XVI	3835	0.7629500477814836
I	3840	0.7279274426847596
II	3840	0.908402034471903
III	3840	0.772160341701556
IV	3840	0.8283612925630559
V	3840	0.9318815421736941
VI	3840	0.8157987274254981
VII	3840	0.7942627458888665
VIII	3840	0.7718073449771881
IX	3840	0.8860619066671517
X	3840	0.867903630032008
XI	3840	0.9473213000287936
XII	3840	0.8457080794711814
XIII	3840	0.9358967840758261
XIV	3840	0.8609060182346019
XV	3840	0.8517883864157223
XVI	3840	0.7629500477814836
I	3845	0.7279274426847596
II	3845	0.908402034471903
III	3845	0.772160341701556
IV	3845	0.8283612925630559
V	3845	0.9318815421736941
VI	3845	0.8157987274254981
VII	3845	0.7942627458888665
VIII	3845	0.7718073449771881
IX	3845	0.8860619066671517
X	3845	0.867903630032008
XI	3845	0.9473213000287936
XII	3845	0.8457080794711814
XIII	3845	0.9358967840758261
XIV	3845	0.8609060182346019
XV	3845	0.8517883864157223
XVI	3845	0.7629500477814836
I	3850	0.7279274426847596
II	3850	0.908402034471903
III	3850	0.772160341701556
IV	3850	0.8283612925630559
V	3850	0.9318815421736941
VI	3850	0.8157987274254981
VII	3850	0.7942627458888665
VIII	3850	0.7718073449771881
IX	3850	0.8860619066671517
X	3850	0.867903630032008
XI	3850	0.9473213000287936
XII	3850	0.8457080794711814
XIII	3850	0.9358967840758261
XIV	3850	0.8609060182346019
XV	3850	0.8517883864157223
XVI	3850	0.7629500477814836
I	3855	0.7279274426847596
II	3855	0.908402034471903
III	3855	0.772160341701556
IV	3855	0.8283612925630559
V	3855	0.9318815421736941
VI	3855	0.8157987274254981
VII	3855	0.7942627458888665
VIII	3855	0.7718073449771881
IX	3855	0.8860619066671517
X	3855	0.867903630032008
XI	3855	0.9473213000287936
XII	3855	0.8457080794711814
XIII	3855	0.9400658350920729
XIV	3855	0.8609060182346019
XV	3855	0.8517883864157223
XVI	3855	0.7629500477814836
I	3860	0.7279274426847596
II	3860	0.908402034471903
III	3860	0.772160341701556
IV	3860	0.8283612925630559
V	3860	0.9318815421736941
VI	3860	0.8157987274254981
VII	3860	0.7942627458888665
VIII	3860	0.7718073449771881
IX	3860	0.8860619066671517
X	3860	0.867903630032008
XI	3860	0.9473213000287936
XII	3860	0.8457080794711814
XIII	3860	0.9400658350920729
XIV	3860	0.8609060182346019
XV	3860	0.8517883864157223
XVI	3860	0.7629500477814836
I	3865	0.7279274426847596
II	3865	0.908402034471903
III	3865	0.772160341701556
IV	3865	0.8283612925630559
V	3865	0.9318815421736941
VI	3865	0.8157987274254981
VII	3865	0.7942627458888665
VIII	3865	0.7718073449771881
IX	3865	0.8860619066671517
X	3865	0.867903630032008
XI	3865	0.9473213000287936
XII	3865	0.8457080794711814
XIII	3865	0.9400658350920729
XIV	3865	0.8609060182346019
XV	3865	0.8517883864157223
XVI	3865	0.7629500477814836
I	3870	0.7279274426847596
II	3870	0.908402034471903
III	3870	0.772160341701556
IV	3870	0.8283612925630559
V	3870	0.9318815421736941
VI	3870	0.8157987274254981
VII	3870	0.7942627458888665
VIII	3870	0.7718073449771881
IX	3870	0.8860619066671517
X	3870	0.867903630032008
XI	3870	0.9473213000287936
XII	3870	0.8457080794711814
XIII	3870	0.9400658350920729
XIV	3870	0.8609060182346019
XV	3870	0.8517883864157223
XVI	3870	0.7629500477814836
I	3875	0.7279274426847596
II	3875	0.908402034471903
III	3875	0.772160341701556
IV	3875	0.8283612925630559
V	3875	0.9318815421736941
VI	3875	0.8157987274254981
VII	3875	0.7942627458888665
VIII	3875	0.7718073449771881
IX	3875	0.8860619066671517
X	3875	0.867903630032008
XI	3875	0.9473213000287936
XII	3875	0.8457080794711814
XIII	3875	0.9400658350920729
XIV	3875	0.8609060182346019
XV	3875	0.8553383103131978
XVI	3875	0.7629500477814836
I	3880	0.7279274426847596
II	3880	0.908402034471903
III	3880	0.772160341701556
IV	3880	0.8283612925630559
V	3880	0.9318815421736941
VI	3880	0.8157987274254981
VII	3880	0.7942627458888665
VIII	3880	0.7718073449771881
IX	3880	0.8860619066671517
X	3880	0.867903630032008
XI	3880	0.9473213000287936
XII	3880	0.8457080794711814
XIII	3880	0.9400658350920729
XIV	3880	0.8609060182346019
XV	3880	0.8553383103131978
XVI	3880	0.7629500477814836
I	3885	0.7279274426847596
II	3885	0.908402034471903
III	3885	0.772160341701556
IV	3885	0.8283612925630559
V	3885	0.9318815421736941
VI	3885	0.8157987274254981
VII	3885	0.7942627458888665
VIII	3885	0.7718073449771881
IX	3885	0.8860619066671517
X	3885	0.867903630032008
XI	3885	0.9473213000287936
XII	3885	0.8457080794711814
XIII	3885	0.9400658350920729
XIV	3885	0.8609060182346019
XV	3885	0.8553383103131978
XVI	3885	0.7629500477814836
I	3890	0.7279274426847596
II	3890	0.908402034471903
III	3890	0.772160341701556
IV	3890	0.8283612925630559
V	3890	0.9318815421736941
VI	3890	0.8157987274254981
VII	3890	0.7942627458888665
VIII	3890	0.7718073449771881
IX	3890	0.8860619066671517
X	3890	0.867903630032008
XI	3890	0.9473213000287936
XII	3890	0.8457080794711814
XIII	3890	0.9400658350920729
XIV	3890	0.8609060182346019
XV	3890	0.8553383103131978
XVI	3890	0.7629500477814836
I	3895	0.7279274426847596
II	3895	0.908402034471903
III	3895	0.772160341701556
IV	3895	0.8283612925630559
V	3895	0.9318815421736941
VI	3895	0.8157987274254981
VII	3895	0.7942627458888665
VIII	3895	0.7718073449771881
IX	3895	0.8860619066671517
X	3895	0.867903630032008
XI	3895	0.9473213000287936
XII	3895	0.8457080794711814
XIII	3895	0.9400658350920729
XIV	3895	0.8609060182346019
XV	3895	0.8553383103131978
XVI	3895	0.7629500477814836
I	3900	0.7279274426847596
II	3900	0.908402034471903
III	3900	0.772160341701556
IV	3900	0.8283612925630559
V	3900	0.9318815421736941
VI	3900	0.8157987274254981
VII	3900	0.7942627458888665
VIII	3900	0.7718073449771881
IX	3900	0.8860619066671517
X	3900	0.867903630032008
XI	3900	0.9473213000287936
XII	3900	0.8457080794711814
XIII	3900	0.9400658350920729
XIV	3900	0.8609060182346019
XV	3900	0.8553383103131978
XVI	3900	0.7629500477814836
I	3905	0.7279274426847596
II	3905	0.908402034471903
III	3905	0.772160341701556
IV	3905	0.8283612925630559
V	3905	0.9318815421736941
VI	3905	0.8157987274254981
VII	3905	0.7942627458888665
VIII	3905	0.7718073449771881
IX	3905	0.8860619066671517
X	3905	0.867903630032008
XI	3905	0.9473213000287936
XII	3905	0.8457080794711814
XIII	3905	0.9400658350920729
XIV	3905	0.8609060182346019
XV	3905	0.8553383103131978
XVI	3905	0.7629500477814836
I	3910	0.7279274426847596
II	3910	0.908402034471903
III	3910	0.772160341701556
IV	3910	0.8283612925630559
V	3910	0.9318815421736941
VI	3910	0.8157987274254981
VII	3910	0.7942627458888665
VIII	3910	0.7718073449771881
IX	3910	0.8860619066671517
X	3910	0.867903630032008
XI	3910	0.9473213000287936
XII	3910	0.8457080794711814
XIII	3910	0.9400658350920729
XIV	3910	0.8609060182346019
XV	3910	0.8553383103131978
XVI	3910	0.7629500477814836
I	3915	0.7279274426847596
II	3915	0.908402034471903
III	3915	0.772160341701556
IV	3915	0.8283612925630559
V	3915	0.9318815421736941
VI	3915	0.8157987274254981
VII	3915	0.7942627458888665
VIII	3915	0.7718073449771881
IX	3915	0.8860619066671517
X	3915	0.867903630032008
XI	3915	0.9473213000287936
XII	3915	0.8457080794711814
XIII	3915	0.9400658350920729
XIV	3915	0.8609060182346019
XV	3915	0.8553383103131978
XVI	3915	0.7670763427862617
I	3920	0.7279274426847596
II	3920	0.908402034471903
III	3920	0.772160341701556
IV	3920	0.8309194984375948
V	3920	0.9318815421736941
VI	3920	0.8157987274254981
VII	3920	0.7942627458888665
VIII	3920	0.7718073449771881
IX	3920	0.8860619066671517
X	3920	0.867903630032008
XI	3920	0.9473213000287936
XII	3920	0.8457080794711814
XIII	3920	0.9400658350920729
XIV	3920	0.8609060182346019
XV	3920	0.8589267207371819
XVI	3920	0.7670763427862617
I	3925	0.7279274426847596
II	3925	0.908402034471903
III	3925	0.772160341701556
IV	3925	0.8309194984375948
V	3925	0.9318815421736941
VI	3925	0.8157987274254981
VII	3925	0.7942627458888665
VIII	3925	0.7718073449771881
IX	3925	0.8860619066671517
X	3925	0.867903630032008
XI	3925	0.9473213000287936
XII	3925	0.8457080794711814
XIII	3925	0.9400658350920729
XIV	3925	0.8609060182346019
XV	3925	0.8589267207371819
XVI	3925	0.7670763427862617
I	3930	0.7279274426847596
II	3930	0.908402034471903
III	3930	0.772160341701556
IV	3930	0.8309194984375948
V	3930	0.9318815421736941
VI	3930	0.8157987274254981
VII	3930	0.7942627458888665
VIII	3930	0.7718073449771881
IX	3930	0.8860619066671517
X	3930	0.867903630032008
XI	3930	0.9473213000287936
XII	3930	0.8457080794711814
XIII	3930	0.9400658350920729
XIV	3930	0.8609060182346019
XV	3930	0.8589267207371819
XVI	3930	0.7670763427862617
I	3935	0.7279274426847596
II	3935	0.908402034471903
III	3935	0.7844699899481122
IV	3935	0.8334868430930074
V	3935	0.9318815421736941
VI	3935	0.8157987274254981
VII	3935	0.7942627458888665
VIII	3935	0.7718073449771881
IX	3935	0.8860619066671517
X	3935	0.867903630032008
XI	3935	0.9473213000287936
XII	3935	0.8457080794711814
XIII	3935	0.9400658350920729
XIV	3935	0.8609060182346019
XV	3935	0.8589267207371819
XVI	3935	0.7670763427862617
I	3940	0.7279274426847596
II	3940	0.908402034471903
III	3940	0.7844699899481122
IV	3940	0.8334868430930074
V	3940	0.9318815421736941
VI	3940	0.8157987274254981
VII	3940	0.7942627458888665
VIII	3940	0.7718073449771881
IX	3940	0.8860619066671517
X	3940	0.867903630032008
XI	3940	0.9473213000287936
XII	3940	0.8457080794711814
XIII	3940	0.9400658350920729
XIV	3940	0.8609060182346019
XV	3940	0.8589267207371819
XVI	3940	0.7670763427862617
I	3945	0.7279274426847596
II	3945	0.908402034471903
III	3945	0.7844699899481122
IV	3945	0.8334868430930074
V	3945	0.9318815421736941
VI	3945	0.8157987274254981
VII	3945	0.7942627458888665
VIII	3945	0.7718073449771881
IX	3945	0.8860619066671517
X	3945	0.867903630032008
XI	3945	0.9473213000287936
XII	3945	0.8457080794711814
XIII	3945	0.9400658350920729
XIV	3945	0.8609060182346019
XV	3945	0.8589267207371819
XVI	3945	0.7670763427862617
I	3950	0.7279274426847596
II	3950	0.908402034471903
III	3950	0.7844699899481122
IV	3950	0.8334868430930074
V	3950	0.9318815421736941
VI	3950	0.8157987274254981
VII	3950	0.7942627458888665
VIII	3950	0.7718073449771881
IX	3950	0.8860619066671517
X	3950	0.867903630032008
XI	3950	0.9473213000287936
XII	3950	0.8457080794711814
XIII	3950	0.9400658350920729
XIV	3950	0.8609060182346019
XV	3950	0.8589267207371819
XVI	3950	0.7670763427862617
I	3955	0.7279274426847596
II	3955	0.908402034471903
III	3955	0.7844699899481122
IV	3955	0.8334868430930074
V	3955	0.9318815421736941
VI	3955	0.8157987274254981
VII	3955	0.7942627458888665
VIII	3955	0.7718073449771881
IX	3955	0.8860619066671517
X	3955	0.867903630032008
XI	3955	0.9473213000287936
XII	3955	0.8457080794711814
XIII	3955	0.9400658350920729
XIV	3955	0.8609060182346019
XV	3955	0.8625472032665897
XVI	3955	0.7670763427862617
I	3960	0.7279274426847596
II	3960	0.908402034471903
III	3960	0.7844699899481122
IV	3960	0.8334868430930074
V	3960	0.9318815421736941
VI	3960	0.8157987274254981
VII	3960	0.7942627458888665
VIII	3960	0.7718073449771881
IX	3960	0.8860619066671517
X	3960	0.867903630032008
XI	3960	0.9473213000287936
XII	3960	0.8457080794711814
XIII	3960	0.9400658350920729
XIV	3960	0.8609060182346019
XV	3960	0.8625472032665897
XVI	3960	0.7670763427862617
I	3965	0.7279274426847596
II	3965	0.908402034471903
III	3965	0.7844699899481122
IV	3965	0.8334868430930074
V	3965	0.9318815421736941
VI	3965	0.8157987274254981
VII	3965	0.7942627458888665
VIII	3965	0.7718073449771881
IX	3965	0.8860619066671517
X	3965	0.867903630032008
XI	3965	0.9473213000287936
XII	3965	0.8457080794711814
XIII	3965	0.9443549599699708
XIV	3965	0.8609060182346019
XV	3965	0.8625472032665897
XVI	3965	0.7670763427862617
I	3970	0.7279274426847596
II	3970	0.908402034471903
III	3970	0.7844699899481122
IV	3970	0.8334868430930074
V	3970	0.9318815421736941
VI	3970	0.8157987274254981
VII	3970	0.7942627458888665
VIII	3970	0.7718073449771881
IX	3970	0.8860619066671517
X	3970	0.867903630032008
XI	3970	0.9473213000287936
XII	3970	0.8457080794711814
XIII	3970	0.9443549599699708
XIV	3970	0.8609060182346019
XV	3970	0.8625472032665897
XVI	3970	0.7670763427862617
I	3975	0.7279274426847596
II	3975	0.908402034471903
III	3975	0.7844699899481122
IV	3975	0.8334868430930074
V	3975	0.9318815421736941
VI	3975	0.8157987274254981
VII	3975	0.7942627458888665
VIII	3975	0.7718073449771881
IX	3975	0.8860619066671517
X	3975	0.867903630032008
XI	3975	0.9473213000287936
XII	3975	0.8457080794711814
XIII	3975	0.9443549599699708
XIV	3975	0.8609060182346019
XV	3975	0.8625472032665897
XVI	3975	0.7670763427862617
I	3980	0.7279274426847596
II	3980	0.908402034471903
III	3980	0.7844699899481122
IV	3980	0.8334868430930074
V	3980	0.9318815421736941
VI	3980	0.8157987274254981
VII	3980	0.7942627458888665
VIII	3980	0.7718073449771881
IX	3980	0.8860619066671517
X	3980	0.867903630032008
XI	3980	0.9473213000287936
XII	3980	0.8457080794711814
XIII	3980	0.9443549599699708
XIV	3980	0.8609060182346019
XV	3980	0.8625472032665897
XVI	3980	0.7670763427862617
I	3985	0.7279274426847596
II	3985	0.908402034471903
III	3985	0.7844699899481122
IV	3985	0.8334868430930074
V	3985	0.9318815421736941
VI	3985	0.8157987274254981
VII	3985	0.7942627458888665
VIII	3985	0.7718073449771881
IX	3985	0.8860619066671517
X	3985	0.867903630032008
XI	3985	0.9473213000287936
XII	3985	0.8457080794711814
XIII	3985	0.9443549599699708
XIV	3985	0.8609060182346019
XV	3985	0.8625472032665897
XVI	3985	0.7670763427862617
I	3990	0.7279274426847596
II	3990	0.908402034471903
III	3990	0.7844699899481122
IV	3990	0.8334868430930074
V	3990	0.9318815421736941
VI	3990	0.8157987274254981
VII	3990	0.7979173923405504
VIII	3990	0.7718073449771881
IX	3990	0.8860619066671517
X	3990	0.867903630032008
XI	3990	0.9473213000287936
XII	3990	0.8457080794711814
XIII	3990	0.9443549599699708
XIV	3990	0.8609060182346019
XV	3990	0.8625472032665897
XVI	3990	0.7670763427862617
I	3995	0.7279274426847596
II	3995	0.908402034471903
III	3995	0.7969737868060361
IV	3995	0.8334868430930074
V	3995	0.9318815421736941
VI	3995	0.8157987274254981
VII	3995	0.7979173923405504
VIII	3995	0.7718073449771881
IX	3995	0.8860619066671517
X	3995	0.867903630032008
XI	3995	0.9473213000287936
XII	3995	0.8457080794711814
XIII	3995	0.9443549599699708
XIV	3995	0.8609060182346019
XV	3995	0.8625472032665897
XVI	3995	0.7670763427862617
I	4000	0.7279274426847596
II	4000	0.908402034471903
III	4000	0.7969737868060361
IV	4000	0.8334868430930074
V	4000	0.9318815421736941
VI	4000	0.8157987274254981
VII	4000	0.7979173923405504
VIII	4000	0.7718073449771881
IX	4000	0.8860619066671517
X	4000	0.867903630032008
XI	4000	0.9473213000287936
XII	4000	0.8457080794711814
XIII	4000	0.9443549599699708
XIV	4000	0.8660033429678465
XV	4000	0.8625472032665897
XVI	4000	0.7670763427862617
I	4005	0.7279274426847596
II	4005	0.908402034471903
III	4005	0.7969737868060361
IV	4005	0.8334868430930074
V	4005	0.9318815421736941
VI	4005	0.8157987274254981
VII	4005	0.7979173923405504
VIII	4005	0.7718073449771881
IX	4005	0.8860619066671517
X	4005	0.867903630032008
XI	4005	0.9473213000287936
XII	4005	0.8457080794711814
XIII	4005	0.9443549599699708
XIV	4005	0.8660033429678465
XV	4005	0.8625472032665897
XVI	4005	0.7670763427862617
I	4010	0.7279274426847596
II	4010	0.908402034471903
III	4010	0.7969737868060361
IV	4010	0.8334868430930074
V	4010	0.9318815421736941
VI	4010	0.8157987274254981
VII	4010	0.7979173923405504
VIII	4010	0.7718073449771881
IX	4010	0.8860619066671517
X	4010	0.867903630032008
XI	4010	0.9473213000287936
XII	4010	0.8457080794711814
XIII	4010	0.9443549599699708
XIV	4010	0.8660033429678465
XV	4010	0.8625472032665897
XVI	4010	0.7670763427862617
I	4015	0.7279274426847596
II	4015	0.908402034471903
III	4015	0.7969737868060361
IV	4015	0.8334868430930074
V	4015	0.9318815421736941
VI	4015	0.8157987274254981
VII	4015	0.8015958714503089
VIII	4015	0.7718073449771881
IX	4015	0.8860619066671517
X	4015	0.867903630032008
XI	4015	0.9473213000287936
XII	4015	0.8457080794711814
XIII	4015	0.9443549599699708
XIV	4015	0.8660033429678465
XV	4015	0.8625472032665897
XVI	4015	0.7670763427862617
I	4020	0.7279274426847596
II	4020	0.908402034471903
III	4020	0.7969737868060361
IV	4020	0.8361109787438484
V	4020	0.9318815421736941
VI	4020	0.8157987274254981
VII	4020	0.8015958714503089
VIII	4020	0.7718073449771881
IX	4020	0.8860619066671517
X	4020	0.867903630032008
XI	4020	0.9473213000287936
XII	4020	0.8457080794711814
XIII	4020	0.9443549599699708
XIV	4020	0.8660033429678465
XV	4020	0.8625472032665897
XVI	4020	0.7670763427862617
I	4025	0.7279274426847596
II	4025	0.908402034471903
III	4025	0.7969737868060361
IV	4025	0.8361109787438484
V	4025	0.9318815421736941
VI	4025	0.8157987274254981
VII	4025	0.8015958714503089
VIII	4025	0.7718073449771881
IX	4025	0.8860619066671517
X	4025	0.867903630032008
XI	4025	0.9473213000287936
XII	4025	0.8457080794711814
XIII	4025	0.9443549599699708
XIV	4025	0.8660033429678465
XV	4025	0.8625472032665897
XVI	4025	0.7670763427862617
I	4030	0.7279274426847596
II	4030	0.908402034471903
III	4030	0.7969737868060361
IV	4030	0.8361109787438484
V	4030	0.9318815421736941
VI	4030	0.8157987274254981
VII	4030	0.8015958714503089
VIII	4030	0.7718073449771881
IX	4030	0.8860619066671517
X	4030	0.867903630032008
XI	4030	0.9473213000287936
XII	4030	0.8457080794711814
XIII	4030	0.9443549599699708
XIV	4030	0.8660033429678465
XV	4030	0.8625472032665897
XVI	4030	0.7670763427862617
I	4035	0.7279274426847596
II	4035	0.908402034471903
III	4035	0.7969737868060361
IV	4035	0.8361109787438484
V	4035	0.9318815421736941
VI	4035	0.8157987274254981
VII	4035	0.8015958714503089
VIII	4035	0.7718073449771881
IX	4035	0.8860619066671517
X	4035	0.867903630032008
XI	4035	0.9473213000287936
XII	4035	0.8457080794711814
XIII	4035	0.9443549599699708
XIV	4035	0.8711440166357912
XV	4035	0.8625472032665897
XVI	4035	0.7670763427862617
I	4040	0.7279274426847596
II	4040	0.908402034471903
III	4040	0.7969737868060361
IV	4040	0.8361109787438484
V	4040	0.9318815421736941
VI	4040	0.8157987274254981
VII	4040	0.8015958714503089
VIII	4040	0.7718073449771881
IX	4040	0.8860619066671517
X	4040	0.867903630032008
XI	4040	0.9473213000287936
XII	4040	0.8457080794711814
XIII	4040	0.9443549599699708
XIV	4040	0.8711440166357912
XV	4040	0.8625472032665897
XVI	4040	0.7670763427862617
I	4045	0.7279274426847596
II	4045	0.908402034471903
III	4045	0.7969737868060361
IV	4045	0.8361109787438484
V	4045	0.9318815421736941
VI	4045	0.8157987274254981
VII	4045	0.8015958714503089
VIII	4045	0.7718073449771881
IX	4045	0.8860619066671517
X	4045	0.867903630032008
XI	4045	0.9473213000287936
XII	4045	0.8457080794711814
XIII	4045	0.9443549599699708
XIV	4045	0.8711440166357912
XV	4045	0.8625472032665897
XVI	4045	0.7670763427862617
I	4050	0.7279274426847596
II	4050	0.908402034471903
III	4050	0.7969737868060361
IV	4050	0.8361109787438484
V	4050	0.9318815421736941
VI	4050	0.8157987274254981
VII	4050	0.8015958714503089
VIII	4050	0.7718073449771881
IX	4050	0.8860619066671517
X	4050	0.867903630032008
XI	4050	0.9473213000287936
XII	4050	0.8457080794711814
XIII	4050	0.9443549599699708
XIV	4050	0.8711440166357912
XV	4050	0.8625472032665897
XVI	4050	0.7670763427862617
I	4055	0.7279274426847596
II	4055	0.908402034471903
III	4055	0.7969737868060361
IV	4055	0.8361109787438484
V	4055	0.9318815421736941
VI	4055	0.8157987274254981
VII	4055	0.8015958714503089
VIII	4055	0.7718073449771881
IX	4055	0.8860619066671517
X	4055	0.867903630032008
XI	4055	0.9473213000287936
XII	4055	0.8457080794711814
XIII	4055	0.9443549599699708
XIV	4055	0.8711440166357912
XV	4055	0.8625472032665897
XVI	4055	0.7670763427862617
I	4060	0.7279274426847596
II	4060	0.908402034471903
III	4060	0.7969737868060361
IV	4060	0.8361109787438484
V	4060	0.9318815421736941
VI	4060	0.8157987274254981
VII	4060	0.8015958714503089
VIII	4060	0.7718073449771881
IX	4060	0.8860619066671517
X	4060	0.867903630032008
XI	4060	0.9473213000287936
XII	4060	0.8457080794711814
XIII	4060	0.9443549599699708
XIV	4060	0.8711440166357912
XV	4060	0.8625472032665897
XVI	4060	0.7670763427862617
I	4065	0.7279274426847596
II	4065	0.908402034471903
III	4065	0.7969737868060361
IV	4065	0.8361109787438484
V	4065	0.9318815421736941
VI	4065	0.8157987274254981
VII	4065	0.8015958714503089
VIII	4065	0.7718073449771881
IX	4065	0.8860619066671517
X	4065	0.867903630032008
XI	4065	0.9473213000287936
XII	4065	0.8457080794711814
XIII	4065	0.9443549599699708
XIV	4065	0.8711440166357912
XV	4065	0.8625472032665897
XVI	4065	0.7670763427862617
I	4070	0.7279274426847596
II	4070	0.908402034471903
III	4070	0.8097061779966995
IV	4070	0.8361109787438484
V	4070	0.9318815421736941
VI	4070	0.8157987274254981
VII	4070	0.805322932516912
VIII	4070	0.7718073449771881
IX	4070	0.8860619066671517
X	4070	0.867903630032008
XI	4070	0.9473213000287936
XII	4070	0.8457080794711814
XIII	4070	0.9443549599699708
XIV	4070	0.8711440166357912
XV	4070	0.8625472032665897
XVI	4070	0.7670763427862617
I	4075	0.7279274426847596
II	4075	0.908402034471903
III	4075	0.8097061779966995
IV	4075	0.8361109787438484
V	4075	0.9318815421736941
VI	4075	0.8157987274254981
VII	4075	0.8090564100683814
VIII	4075	0.7718073449771881
IX	4075	0.8860619066671517
X	4075	0.867903630032008
XI	4075	0.9473213000287936
XII	4075	0.8457080794711814
XIII	4075	0.9443549599699708
XIV	4075	0.8711440166357912
XV	4075	0.8625472032665897
XVI	4075	0.7670763427862617
I	4080	0.7279274426847596
II	4080	0.908402034471903
III	4080	0.8097061779966995
IV	4080	0.8361109787438484
V	4080	0.9318815421736941
VI	4080	0.8157987274254981
VII	4080	0.8090564100683814
VIII	4080	0.7718073449771881
IX	4080	0.8860619066671517
X	4080	0.867903630032008
XI	4080	0.9473213000287936
XII	4080	0.8457080794711814
XIII	4080	0.9443549599699708
XIV	4080	0.8711440166357912
XV	4080	0.8625472032665897
XVI	4080	0.7670763427862617
I	4085	0.7279274426847596
II	4085	0.908402034471903
III	4085	0.8097061779966995
IV	4085	0.8361109787438484
V	4085	0.9318815421736941
VI	4085	0.8157987274254981
VII	4085	0.8090564100683814
VIII	4085	0.7718073449771881
IX	4085	0.8860619066671517
X	4085	0.867903630032008
XI	4085	0.9473213000287936
XII	4085	0.8457080794711814
XIII	4085	0.9443549599699708
XIV	4085	0.8711440166357912
XV	4085	0.8625472032665897
XVI	4085	0.7670763427862617
I	4090	0.7279274426847596
II	4090	0.908402034471903
III	4090	0.8097061779966995
IV	4090	0.8387788499888703
V	4090	0.9318815421736941
VI	4090	0.8157987274254981
VII	4090	0.8090564100683814
VIII	4090	0.7718073449771881
IX	4090	0.8860619066671517
X	4090	0.867903630032008
XI	4090	0.9473213000287936
XII	4090	0.8457080794711814
XIII	4090	0.9443549599699708
XIV	4090	0.8763548135804563
XV	4090	0.8625472032665897
XVI	4090	0.7670763427862617
I	4095	0.7279274426847596
II	4095	0.908402034471903
III	4095	0.8097061779966995
IV	4095	0.8387788499888703
V	4095	0.9318815421736941
VI	4095	0.8157987274254981
VII	4095	0.8090564100683814
VIII	4095	0.7718073449771881
IX	4095	0.8860619066671517
X	4095	0.867903630032008
XI	4095	0.9473213000287936
XII	4095	0.8457080794711814
XIII	4095	0.9443549599699708
XIV	4095	0.8763548135804563
XV	4095	0.8625472032665897
XVI	4095	0.7670763427862617
I	4100	0.7279274426847596
II	4100	0.908402034471903
III	4100	0.8097061779966995
IV	4100	0.8387788499888703
V	4100	0.9318815421736941
VI	4100	0.8157987274254981
VII	4100	0.8090564100683814
VIII	4100	0.7718073449771881
IX	4100	0.8860619066671517
X	4100	0.867903630032008
XI	4100	0.9473213000287936
XII	4100	0.8457080794711814
XIII	4100	0.9443549599699708
XIV	4100	0.8763548135804563
XV	4100	0.8625472032665897
XVI	4100	0.7670763427862617
I	4105	0.7279274426847596
II	4105	0.908402034471903
III	4105	0.8097061779966995
IV	4105	0.8387788499888703
V	4105	0.9318815421736941
VI	4105	0.8157987274254981
VII	4105	0.8090564100683814
VIII	4105	0.7718073449771881
IX	4105	0.8860619066671517
X	4105	0.867903630032008
XI	4105	0.9473213000287936
XII	4105	0.8457080794711814
XIII	4105	0.9443549599699708
XIV	4105	0.8763548135804563
XV	4105	0.8625472032665897
XVI	4105	0.7670763427862617
I	4110	0.7279274426847596
II	4110	0.908402034471903
III	4110	0.8097061779966995
IV	4110	0.8387788499888703
V	4110	0.9318815421736941
VI	4110	0.8157987274254981
VII	4110	0.8090564100683814
VIII	4110	0.7718073449771881
IX	4110	0.8860619066671517
X	4110	0.867903630032008
XI	4110	0.9473213000287936
XII	4110	0.8457080794711814
XIII	4110	0.9443549599699708
XIV	4110	0.8763548135804563
XV	4110	0.8625472032665897
XVI	4110	0.7670763427862617
I	4115	0.7279274426847596
II	4115	0.908402034471903
III	4115	0.8097061779966995
IV	4115	0.8387788499888703
V	4115	0.9318815421736941
VI	4115	0.8157987274254981
VII	4115	0.8090564100683814
VIII	4115	0.7718073449771881
IX	4115	0.8860619066671517
X	4115	0.867903630032008
XI	4115	0.9473213000287936
XII	4115	0.8457080794711814
XIII	4115	0.9443549599699708
XIV	4115	0.8763548135804563
XV	4115	0.8625472032665897
XVI	4115	0.7670763427862617
I	4120	0.7279274426847596
II	4120	0.908402034471903
III	4120	0.8097061779966995
IV	4120	0.8387788499888703
V	4120	0.9318815421736941
VI	4120	0.8157987274254981
VII	4120	0.8090564100683814
VIII	4120	0.7718073449771881
IX	4120	0.8860619066671517
X	4120	0.867903630032008
XI	4120	0.9473213000287936
XII	4120	0.8457080794711814
XIII	4120	0.9443549599699708
XIV	4120	0.8816076844911537
XV	4120	0.8625472032665897
XVI	4120	0.7670763427862617
I	4125	0.7279274426847596
II	4125	0.908402034471903
III	4125	0.8097061779966995
IV	4125	0.8387788499888703
V	4125	0.9318815421736941
VI	4125	0.8157987274254981
VII	4125	0.8090564100683814
VIII	4125	0.7718073449771881
IX	4125	0.8860619066671517
X	4125	0.867903630032008
XI	4125	0.9535074143391881
XII	4125	0.8457080794711814
XIII	4125	0.9443549599699708
XIV	4125	0.8816076844911537
XV	4125	0.8625472032665897
XVI	4125	0.7670763427862617
I	4130	0.7279274426847596
II	4130	0.908402034471903
III	4130	0.8097061779966995
IV	4130	0.8387788499888703
V	4130	0.9318815421736941
VI	4130	0.8157987274254981
VII	4130	0.8090564100683814
VIII	4130	0.7718073449771881
IX	4130	0.8860619066671517
X	4130	0.867903630032008
XI	4130	0.9535074143391881
XII	4130	0.8457080794711814
XIII	4130	0.9443549599699708
XIV	4130	0.8816076844911537
XV	4130	0.8625472032665897
XVI	4130	0.7714325795883409
I	4135	0.7279274426847596
II	4135	0.908402034471903
III	4135	0.8097061779966995
IV	4135	0.8387788499888703
V	4135	0.9318815421736941
VI	4135	0.8157987274254981
VII	4135	0.8090564100683814
VIII	4135	0.7718073449771881
IX	4135	0.8860619066671517
X	4135	0.867903630032008
XI	4135	0.9535074143391881
XII	4135	0.8457080794711814
XIII	4135	0.9443549599699708
XIV	4135	0.8816076844911537
XV	4135	0.8625472032665897
XVI	4135	0.7757940902848536
I	4140	0.7279274426847596
II	4140	0.908402034471903
III	4140	0.8097061779966995
IV	4140	0.8387788499888703
V	4140	0.9318815421736941
VI	4140	0.8157987274254981
VII	4140	0.8090564100683814
VIII	4140	0.7718073449771881
IX	4140	0.8860619066671517
X	4140	0.867903630032008
XI	4140	0.9535074143391881
XII	4140	0.8457080794711814
XIII	4140	0.9443549599699708
XIV	4140	0.8816076844911537
XV	4140	0.8625472032665897
XVI	4140	0.7757940902848536
I	4145	0.7279274426847596
II	4145	0.908402034471903
III	4145	0.8097061779966995
IV	4145	0.8387788499888703
V	4145	0.9318815421736941
VI	4145	0.8157987274254981
VII	4145	0.8090564100683814
VIII	4145	0.7718073449771881
IX	4145	0.8860619066671517
X	4145	0.867903630032008
XI	4145	0.9535074143391881
XII	4145	0.8457080794711814
XIII	4145	0.9443549599699708
XIV	4145	0.8816076844911537
XV	4145	0.8625472032665897
XVI	4145	0.7757940902848536
I	4150	0.7279274426847596
II	4150	0.908402034471903
III	4150	0.8097061779966995
IV	4150	0.8387788499888703
V	4150	0.9318815421736941
VI	4150	0.8157987274254981
VII	4150	0.8090564100683814
VIII	4150	0.7718073449771881
IX	4150	0.8860619066671517
X	4150	0.867903630032008
XI	4150	0.9535074143391881
XII	4150	0.8457080794711814
XIII	4150	0.9443549599699708
XIV	4150	0.8816076844911537
XV	4150	0.8625472032665897
XVI	4150	0.7757940902848536
I	4155	0.7279274426847596
II	4155	0.908402034471903
III	4155	0.8227141349583363
IV	4155	0.8387788499888703
V	4155	0.9318815421736941
VI	4155	0.8157987274254981
VII	4155	0.8090564100683814
VIII	4155	0.7718073449771881
IX	4155	0.8955052195104208
X	4155	0.867903630032008
XI	4155	0.9535074143391881
XII	4155	0.8457080794711814
XIII	4155	0.9443549599699708
XIV	4155	0.8816076844911537
XV	4155	0.8625472032665897
XVI	4155	0.7757940902848536
I	4160	0.7279274426847596
II	4160	0.908402034471903
III	4160	0.8227141349583363
IV	4160	0.8387788499888703
V	4160	0.9318815421736941
VI	4160	0.8157987274254981
VII	4160	0.8090564100683814
VIII	4160	0.7718073449771881
IX	4160	0.8955052195104208
X	4160	0.867903630032008
XI	4160	0.9535074143391881
XII	4160	0.8457080794711814
XIII	4160	0.9443549599699708
XIV	4160	0.8816076844911537
XV	4160	0.8625472032665897
XVI	4160	0.7757940902848536
I	4165	0.7279274426847596
II	4165	0.908402034471903
III	4165	0.8227141349583363
IV	4165	0.8387788499888703
V	4165	0.9318815421736941
VI	4165	0.8157987274254981
VII	4165	0.8090564100683814
VIII	4165	0.7718073449771881
IX	4165	0.8955052195104208
X	4165	0.867903630032008
XI	4165	0.9535074143391881
XII	4165	0.8495692265741154
XIII	4165	0.9443549599699708
XIV	4165	0.8816076844911537
XV	4165	0.8625472032665897
XVI	4165	0.7757940902848536
I	4170	0.7279274426847596
II	4170	0.908402034471903
III	4170	0.8227141349583363
IV	4170	0.8387788499888703
V	4170	0.9318815421736941
VI	4170	0.8157987274254981
VII	4170	0.8090564100683814
VIII	4170	0.7718073449771881
IX	4170	0.8955052195104208
X	4170	0.867903630032008
XI	4170	0.9535074143391881
XII	4170	0.8495692265741154
XIII	4170	0.9443549599699708
XIV	4170	0.8816076844911537
XV	4170	0.8625472032665897
XVI	4170	0.7757940902848536
I	4175	0.7279274426847596
II	4175	0.908402034471903
III	4175	0.8227141349583363
IV	4175	0.8387788499888703
V	4175	0.9318815421736941
VI	4175	0.8157987274254981
VII	4175	0.8090564100683814
VIII	4175	0.7718073449771881
IX	4175	0.8955052195104208
X	4175	0.867903630032008
XI	4175	0.9535074143391881
XII	4175	0.8495692265741154
XIII	4175	0.9443549599699708
XIV	4175	0.8816076844911537
XV	4175	0.8625472032665897
XVI	4175	0.7757940902848536
I	4180	0.7279274426847596
II	4180	0.908402034471903
III	4180	0.8227141349583363
IV	4180	0.841505470539508
V	4180	0.9318815421736941
VI	4180	0.8157987274254981
VII	4180	0.8090564100683814
VIII	4180	0.7718073449771881
IX	4180	0.8955052195104208
X	4180	0.867903630032008
XI	4180	0.9535074143391881
XII	4180	0.8495692265741154
XIII	4180	0.9443549599699708
XIV	4180	0.8816076844911537
XV	4180	0.8625472032665897
XVI	4180	0.7757940902848536
I	4185	0.7279274426847596
II	4185	0.908402034471903
III	4185	0.8227141349583363
IV	4185	0.841505470539508
V	4185	0.9318815421736941
VI	4185	0.8157987274254981
VII	4185	0.8090564100683814
VIII	4185	0.7718073449771881
IX	4185	0.8955052195104208
X	4185	0.867903630032008
XI	4185	0.9535074143391881
XII	4185	0.8495692265741154
XIII	4185	0.9443549599699708
XIV	4185	0.8816076844911537
XV	4185	0.8625472032665897
XVI	4185	0.7757940902848536
I	4190	0.7279274426847596
II	4190	0.908402034471903
III	4190	0.8227141349583363
IV	4190	0.841505470539508
V	4190	0.9318815421736941
VI	4190	0.8157987274254981
VII	4190	0.8090564100683814
VIII	4190	0.7718073449771881
IX	4190	0.8955052195104208
X	4190	0.867903630032008
XI	4190	0.9535074143391881
XII	4190	0.8495692265741154
XIII	4190	0.9443549599699708
XIV	4190	0.8816076844911537
XV	4190	0.8625472032665897
XVI	4190	0.7757940902848536
I	4195	0.7279274426847596
II	4195	0.908402034471903
III	4195	0.8227141349583363
IV	4195	0.841505470539508
V	4195	0.9318815421736941
VI	4195	0.8157987274254981
VII	4195	0.8090564100683814
VIII	4195	0.7718073449771881
IX	4195	0.8955052195104208
X	4195	0.867903630032008
XI	4195	0.9535074143391881
XII	4195	0.8495692265741154
XIII	4195	0.9443549599699708
XIV	4195	0.8816076844911537
XV	4195	0.8625472032665897
XVI	4195	0.7757940902848536
I	4200	0.7279274426847596
II	4200	0.908402034471903
III	4200	0.8227141349583363
IV	4200	0.841505470539508
V	4200	0.9318815421736941
VI	4200	0.8157987274254981
VII	4200	0.8090564100683814
VIII	4200	0.7718073449771881
IX	4200	0.8955052195104208
X	4200	0.867903630032008
XI	4200	0.9535074143391881
XII	4200	0.8495692265741154
XIII	4200	0.9443549599699708
XIV	4200	0.8816076844911537
XV	4200	0.8625472032665897
XVI	4200	0.7757940902848536
I	4205	0.7279274426847596
II	4205	0.908402034471903
III	4205	0.8227141349583363
IV	4205	0.841505470539508
V	4205	0.9318815421736941
VI	4205	0.8157987274254981
VII	4205	0.8090564100683814
VIII	4205	0.7718073449771881
IX	4205	0.8955052195104208
X	4205	0.867903630032008
XI	4205	0.9535074143391881
XII	4205	0.8495692265741154
XIII	4205	0.9443549599699708
XIV	4205	0.8816076844911537
XV	4205	0.8625472032665897
XVI	4205	0.7757940902848536
I	4210	0.7279274426847596
II	4210	0.908402034471903
III	4210	0.8227141349583363
IV	4210	0.841505470539508
V	4210	0.9318815421736941
VI	4210	0.8157987274254981
VII	4210	0.8090564100683814
VIII	4210	0.7792898871931224
IX	4210	0.8955052195104208
X	4210	0.867903630032008
XI	4210	0.9535074143391881
XII	4210	0.8495692265741154
XIII	4210	0.9443549599699708
XIV	4210	0.8816076844911537
XV	4210	0.8625472032665897
XVI	4210	0.7757940902848536
I	4215	0.7279274426847596
II	4215	0.908402034471903
III	4215	0.8227141349583363
IV	4215	0.841505470539508
V	4215	0.9318815421736941
VI	4215	0.8157987274254981
VII	4215	0.8090564100683814
VIII	4215	0.7792898871931224
IX	4215	0.8955052195104208
X	4215	0.867903630032008
XI	4215	0.9535074143391881
XII	4215	0.8495692265741154
XIII	4215	0.9443549599699708
XIV	4215	0.8816076844911537
XV	4215	0.8664059357220026
XVI	4215	0.7757940902848536
I	4220	0.7279274426847596
II	4220	0.908402034471903
III	4220	0.8227141349583363
IV	4220	0.841505470539508
V	4220	0.9318815421736941
VI	4220	0.8157987274254981
VII	4220	0.8090564100683814
VIII	4220	0.7867848706906511
IX	4220	0.8955052195104208
X	4220	0.867903630032008
XI	4220	0.9535074143391881
XII	4220	0.8495692265741154
XIII	4220	0.9443549599699708
XIV	4220	0.8816076844911537
XV	4220	0.8664059357220026
XVI	4220	0.7757940902848536
I	4225	0.7279274426847596
II	4225	0.908402034471903
III	4225	0.8227141349583363
IV	4225	0.841505470539508
V	4225	0.9318815421736941
VI	4225	0.8157987274254981
VII	4225	0.8090564100683814
VIII	4225	0.7867848706906511
IX	4225	0.8955052195104208
X	4225	0.867903630032008
XI	4225	0.9535074143391881
XII	4225	0.8495692265741154
XIII	4225	0.9443549599699708
XIV	4225	0.8816076844911537
XV	4225	0.8664059357220026
XVI	4225	0.7757940902848536
I	4230	0.7279274426847596
II	4230	0.908402034471903
III	4230	0.8227141349583363
IV	4230	0.841505470539508
V	4230	0.9318815421736941
VI	4230	0.8157987274254981
VII	4230	0.8090564100683814
VIII	4230	0.7867848706906511
IX	4230	0.8955052195104208
X	4230	0.867903630032008
XI	4230	0.9535074143391881
XII	4230	0.8495692265741154
XIII	4230	0.9443549599699708
XIV	4230	0.8816076844911537
XV	4230	0.8664059357220026
XVI	4230	0.7757940902848536
I	4235	0.7279274426847596
II	4235	0.908402034471903
III	4235	0.8227141349583363
IV	4235	0.841505470539508
V	4235	0.9318815421736941
VI	4235	0.8157987274254981
VII	4235	0.8090564100683814
VIII	4235	0.7867848706906511
IX	4235	0.8955052195104208
X	4235	0.867903630032008
XI	4235	0.9535074143391881
XII	4235	0.8495692265741154
XIII	4235	0.9443549599699708
XIV	4235	0.8816076844911537
XV	4235	0.8664059357220026
XVI	4235	0.7757940902848536
I	4240	0.7279274426847596
II	4240	0.908402034471903
III	4240	0.8227141349583363
IV	4240	0.841505470539508
V	4240	0.9318815421736941
VI	4240	0.8157987274254981
VII	4240	0.8090564100683814
VIII	4240	0.7867848706906511
IX	4240	0.8955052195104208
X	4240	0.867903630032008
XI	4240	0.9535074143391881
XII	4240	0.8495692265741154
XIII	4240	0.948941565135743
XIV	4240	0.8816076844911537
XV	4240	0.8664059357220026
XVI	4240	0.7757940902848536
I	4245	0.7279274426847596
II	4245	0.908402034471903
III	4245	0.8227141349583363
IV	4245	0.841505470539508
V	4245	0.9318815421736941
VI	4245	0.8157987274254981
VII	4245	0.8090564100683814
VIII	4245	0.7867848706906511
IX	4245	0.8955052195104208
X	4245	0.867903630032008
XI	4245	0.9535074143391881
XII	4245	0.8495692265741154
XIII	4245	0.948941565135743
XIV	4245	0.8816076844911537
XV	4245	0.8664059357220026
XVI	4245	0.7757940902848536
I	4250	0.7279274426847596
II	4250	0.908402034471903
III	4250	0.8227141349583363
IV	4250	0.841505470539508
V	4250	0.9318815421736941
VI	4250	0.8157987274254981
VII	4250	0.8090564100683814
VIII	4250	0.7867848706906511
IX	4250	0.8955052195104208
X	4250	0.867903630032008
XI	4250	0.9535074143391881
XII	4250	0.8495692265741154
XIII	4250	0.948941565135743
XIV	4250	0.8816076844911537
XV	4250	0.8664059357220026
XVI	4250	0.7757940902848536
I	4255	0.7279274426847596
II	4255	0.908402034471903
III	4255	0.8227141349583363
IV	4255	0.841505470539508
V	4255	0.9318815421736941
VI	4255	0.8157987274254981
VII	4255	0.8090564100683814
VIII	4255	0.7867848706906511
IX	4255	0.8955052195104208
X	4255	0.867903630032008
XI	4255	0.9535074143391881
XII	4255	0.8495692265741154
XIII	4255	0.948941565135743
XIV	4255	0.8816076844911537
XV	4255	0.8664059357220026
XVI	4255	0.7757940902848536
I	4260	0.7279274426847596
II	4260	0.908402034471903
III	4260	0.8227141349583363
IV	4260	0.841505470539508
V	4260	0.9318815421736941
VI	4260	0.8157987274254981
VII	4260	0.8090564100683814
VIII	4260	0.7867848706906511
IX	4260	0.8955052195104208
X	4260	0.867903630032008
XI	4260	0.9535074143391881
XII	4260	0.8495692265741154
XIII	4260	0.948941565135743
XIV	4260	0.8816076844911537
XV	4260	0.8664059357220026
XVI	4260	0.7757940902848536
I	4265	0.7279274426847596
II	4265	0.908402034471903
III	4265	0.8227141349583363
IV	4265	0.841505470539508
V	4265	0.9318815421736941
VI	4265	0.8157987274254981
VII	4265	0.8090564100683814
VIII	4265	0.7867848706906511
IX	4265	0.8955052195104208
X	4265	0.867903630032008
XI	4265	0.9535074143391881
XII	4265	0.8495692265741154
XIII	4265	0.948941565135743
XIV	4265	0.8816076844911537
XV	4265	0.8664059357220026
XVI	4265	0.7757940902848536
I	4270	0.7279274426847596
II	4270	0.908402034471903
III	4270	0.8227141349583363
IV	4270	0.841505470539508
V	4270	0.9318815421736941
VI	4270	0.8157987274254981
VII	4270	0.8090564100683814
VIII	4270	0.7867848706906511
IX	4270	0.8955052195104208
X	4270	0.867903630032008
XI	4270	0.9535074143391881
XII	4270	0.8495692265741154
XIII	4270	0.948941565135743
XIV	4270	0.8816076844911537
XV	4270	0.8664059357220026
XVI	4270	0.7757940902848536
I	4275	0.7279274426847596
II	4275	0.908402034471903
III	4275	0.8227141349583363
IV	4275	0.841505470539508
V	4275	0.9318815421736941
VI	4275	0.8157987274254981
VII	4275	0.8090564100683814
VIII	4275	0.7867848706906511
IX	4275	0.8955052195104208
X	4275	0.867903630032008
XI	4275	0.9535074143391881
XII	4275	0.8495692265741154
XIII	4275	0.948941565135743
XIV	4275	0.8816076844911537
XV	4275	0.8664059357220026
XVI	4275	0.7757940902848536
I	4280	0.7279274426847596
II	4280	0.908402034471903
III	4280	0.8227141349583363
IV	4280	0.841505470539508
V	4280	0.9318815421736941
VI	4280	0.8157987274254981
VII	4280	0.8090564100683814
VIII	4280	0.7867848706906511
IX	4280	0.8955052195104208
X	4280	0.867903630032008
XI	4280	0.9535074143391881
XII	4280	0.8495692265741154
XIII	4280	0.948941565135743
XIV	4280	0.8816076844911537
XV	4280	0.8664059357220026
XVI	4280	0.7757940902848536
I	4285	0.7279274426847596
II	4285	0.908402034471903
III	4285	0.8227141349583363
IV	4285	0.8470977516640741
V	4285	0.9318815421736941
VI	4285	0.8157987274254981
VII	4285	0.8090564100683814
VIII	4285	0.7867848706906511
IX	4285	0.8955052195104208
X	4285	0.867903630032008
XI	4285	0.9535074143391881
XII	4285	0.8495692265741154
XIII	4285	0.948941565135743
XIV	4285	0.8816076844911537
XV	4285	0.8664059357220026
XVI	4285	0.7757940902848536
I	4290	0.7279274426847596
II	4290	0.908402034471903
III	4290	0.8227141349583363
IV	4290	0.8470977516640741
V	4290	0.9318815421736941
VI	4290	0.8157987274254981
VII	4290	0.8090564100683814
VIII	4290	0.7867848706906511
IX	4290	0.8955052195104208
X	4290	0.867903630032008
XI	4290	0.9535074143391881
XII	4290	0.8495692265741154
XIII	4290	0.948941565135743
XIV	4290	0.8816076844911537
XV	4290	0.8664059357220026
XVI	4290	0.7757940902848536
I	4295	0.7279274426847596
II	4295	0.908402034471903
III	4295	0.8227141349583363
IV	4295	0.8470977516640741
V	4295	0.9318815421736941
VI	4295	0.8157987274254981
VII	4295	0.8090564100683814
VIII	4295	0.7867848706906511
IX	4295	0.8955052195104208
X	4295	0.867903630032008
XI	4295	0.9535074143391881
XII	4295	0.8495692265741154
XIII	4295	0.948941565135743
XIV	4295	0.8816076844911537
XV	4295	0.8664059357220026
XVI	4295	0.7757940902848536
I	4300	0.7279274426847596
II	4300	0.908402034471903
III	4300	0.8227141349583363
IV	4300	0.8470977516640741
V	4300	0.9318815421736941
VI	4300	0.8157987274254981
VII	4300	0.8090564100683814
VIII	4300	0.7867848706906511
IX	4300	0.8955052195104208
X	4300	0.867903630032008
XI	4300	0.9535074143391881
XII	4300	0.8495692265741154
XIII	4300	0.948941565135743
XIV	4300	0.8816076844911537
XV	4300	0.8664059357220026
XVI	4300	0.7757940902848536
I	4305	0.7279274426847596
II	4305	0.908402034471903
III	4305	0.8227141349583363
IV	4305	0.8470977516640741
V	4305	0.9318815421736941
VI	4305	0.8157987274254981
VII	4305	0.8090564100683814
VIII	4305	0.7867848706906511
IX	4305	0.8955052195104208
X	4305	0.867903630032008
XI	4305	0.9535074143391881
XII	4305	0.8495692265741154
XIII	4305	0.948941565135743
XIV	4305	0.8816076844911537
XV	4305	0.8664059357220026
XVI	4305	0.7803306942765588
I	4310	0.7279274426847596
II	4310	0.908402034471903
III	4310	0.8227141349583363
IV	4310	0.8499092323228236
V	4310	0.9318815421736941
VI	4310	0.8157987274254981
VII	4310	0.8090564100683814
VIII	4310	0.7867848706906511
IX	4310	0.8955052195104208
X	4310	0.867903630032008
XI	4310	0.9535074143391881
XII	4310	0.8495692265741154
XIII	4310	0.948941565135743
XIV	4310	0.8816076844911537
XV	4310	0.8664059357220026
XVI	4310	0.7803306942765588
I	4315	0.7279274426847596
II	4315	0.908402034471903
III	4315	0.8227141349583363
IV	4315	0.8499092323228236
V	4315	0.9318815421736941
VI	4315	0.8157987274254981
VII	4315	0.8090564100683814
VIII	4315	0.7867848706906511
IX	4315	0.8955052195104208
X	4315	0.867903630032008
XI	4315	0.9535074143391881
XII	4315	0.8495692265741154
XIII	4315	0.948941565135743
XIV	4315	0.8816076844911537
XV	4315	0.8664059357220026
XVI	4315	0.7803306942765588
I	4320	0.7279274426847596
II	4320	0.908402034471903
III	4320	0.8227141349583363
IV	4320	0.8499092323228236
V	4320	0.9318815421736941
VI	4320	0.8157987274254981
VII	4320	0.8090564100683814
VIII	4320	0.7867848706906511
IX	4320	0.8955052195104208
X	4320	0.867903630032008
XI	4320	0.9535074143391881
XII	4320	0.8495692265741154
XIII	4320	0.948941565135743
XIV	4320	0.8816076844911537
XV	4320	0.8664059357220026
XVI	4320	0.7803306942765588
I	4325	0.7279274426847596
II	4325	0.908402034471903
III	4325	0.8227141349583363
IV	4325	0.8499092323228236
V	4325	0.9318815421736941
VI	4325	0.8157987274254981
VII	4325	0.8090564100683814
VIII	4325	0.7867848706906511
IX	4325	0.8955052195104208
X	4325	0.867903630032008
XI	4325	0.9535074143391881
XII	4325	0.8495692265741154
XIII	4325	0.948941565135743
XIV	4325	0.8816076844911537
XV	4325	0.8664059357220026
XVI	4325	0.7803306942765588
I	4330	0.7279274426847596
II	4330	0.908402034471903
III	4330	0.8227141349583363
IV	4330	0.8499092323228236
V	4330	0.9318815421736941
VI	4330	0.8157987274254981
VII	4330	0.8090564100683814
VIII	4330	0.7867848706906511
IX	4330	0.8955052195104208
X	4330	0.867903630032008
XI	4330	0.9535074143391881
XII	4330	0.8495692265741154
XIII	4330	0.948941565135743
XIV	4330	0.8816076844911537
XV	4330	0.8664059357220026
XVI	4330	0.7803306942765588
I	4335	0.7279274426847596
II	4335	0.908402034471903
III	4335	0.8227141349583363
IV	4335	0.8499092323228236
V	4335	0.9318815421736941
VI	4335	0.8157987274254981
VII	4335	0.8090564100683814
VIII	4335	0.7867848706906511
IX	4335	0.8955052195104208
X	4335	0.867903630032008
XI	4335	0.9535074143391881
XII	4335	0.8495692265741154
XIII	4335	0.948941565135743
XIV	4335	0.8816076844911537
XV	4335	0.8664059357220026
XVI	4335	0.7803306942765588
I	4340	0.7279274426847596
II	4340	0.9137378502282386
III	4340	0.8227141349583363
IV	4340	0.8499092323228236
V	4340	0.9318815421736941
VI	4340	0.8157987274254981
VII	4340	0.8090564100683814
VIII	4340	0.7867848706906511
IX	4340	0.8955052195104208
X	4340	0.867903630032008
XI	4340	0.9535074143391881
XII	4340	0.8495692265741154
XIII	4340	0.948941565135743
XIV	4340	0.8816076844911537
XV	4340	0.8664059357220026
XVI	4340	0.7803306942765588
I	4345	0.7279274426847596
II	4345	0.9137378502282386
III	4345	0.8227141349583363
IV	4345	0.852743559933757
V	4345	0.9318815421736941
VI	4345	0.8157987274254981
VII	4345	0.8130373806075495
VIII	4345	0.7867848706906511
IX	4345	0.8955052195104208
X	4345	0.867903630032008
XI	4345	0.9535074143391881
XII	4345	0.8495692265741154
XIII	4345	0.948941565135743
XIV	4345	0.8816076844911537
XV	4345	0.8664059357220026
XVI	4345	0.7803306942765588
I	4350	0.7279274426847596
II	4350	0.9137378502282386
III	4350	0.8227141349583363
IV	4350	0.852743559933757
V	4350	0.9318815421736941
VI	4350	0.8157987274254981
VII	4350	0.8130373806075495
VIII	4350	0.7867848706906511
IX	4350	0.8955052195104208
X	4350	0.867903630032008
XI	4350	0.9535074143391881
XII	4350	0.8495692265741154
XIII	4350	0.948941565135743
XIV	4350	0.8816076844911537
XV	4350	0.8703902075615029
XVI	4350	0.7803306942765588
I	4355	0.7279274426847596
II	4355	0.9137378502282386
III	4355	0.8227141349583363
IV	4355	0.852743559933757
V	4355	0.9318815421736941
VI	4355	0.8157987274254981
VII	4355	0.8130373806075495
VIII	4355	0.7867848706906511
IX	4355	0.8955052195104208
X	4355	0.867903630032008
XI	4355	0.9535074143391881
XII	4355	0.8495692265741154
XIII	4355	0.948941565135743
XIV	4355	0.8816076844911537
XV	4355	0.8703902075615029
XVI	4355	0.7803306942765588
I	4360	0.7279274426847596
II	4360	0.9137378502282386
III	4360	0.8227141349583363
IV	4360	0.852743559933757
V	4360	0.9318815421736941
VI	4360	0.8157987274254981
VII	4360	0.8130373806075495
VIII	4360	0.7867848706906511
IX	4360	0.8955052195104208
X	4360	0.867903630032008
XI	4360	0.9535074143391881
XII	4360	0.8495692265741154
XIII	4360	0.948941565135743
XIV	4360	0.8816076844911537
XV	4360	0.8703902075615029
XVI	4360	0.7803306942765588
I	4365	0.7279274426847596
II	4365	0.9137378502282386
III	4365	0.8227141349583363
IV	4365	0.852743559933757
V	4365	0.9318815421736941
VI	4365	0.8157987274254981
VII	4365	0.8130373806075495
VIII	4365	0.7867848706906511
IX	4365	0.8955052195104208
X	4365	0.867903630032008
XI	4365	0.9535074143391881
XII	4365	0.8495692265741154
XIII	4365	0.948941565135743
XIV	4365	0.8816076844911537
XV	4365	0.8703902075615029
XVI	4365	0.7803306942765588
I	4370	0.7279274426847596
II	4370	0.9137378502282386
III	4370	0.8227141349583363
IV	4370	0.852743559933757
V	4370	0.9318815421736941
VI	4370	0.8157987274254981
VII	4370	0.8130373806075495
VIII	4370	0.7867848706906511
IX	4370	0.8955052195104208
X	4370	0.867903630032008
XI	4370	0.9535074143391881
XII	4370	0.8495692265741154
XIII	4370	0.948941565135743
XIV	4370	0.8816076844911537
XV	4370	0.8703902075615029
XVI	4370	0.7803306942765588
I	4375	0.7279274426847596
II	4375	0.9137378502282386
III	4375	0.8227141349583363
IV	4375	0.852743559933757
V	4375	0.9318815421736941
VI	4375	0.8319779686927424
VII	4375	0.8130373806075495
VIII	4375	0.7867848706906511
IX	4375	0.8955052195104208
X	4375	0.867903630032008
XI	4375	0.9535074143391881
XII	4375	0.8536232919084714
XIII	4375	0.948941565135743
XIV	4375	0.8816076844911537
XV	4375	0.8703902075615029
XVI	4375	0.7803306942765588
I	4380	0.7279274426847596
II	4380	0.9137378502282386
III	4380	0.8227141349583363
IV	4380	0.852743559933757
V	4380	0.9318815421736941
VI	4380	0.8319779686927424
VII	4380	0.8130373806075495
VIII	4380	0.7867848706906511
IX	4380	0.8955052195104208
X	4380	0.867903630032008
XI	4380	0.9535074143391881
XII	4380	0.8536232919084714
XIII	4380	0.948941565135743
XIV	4380	0.8816076844911537
XV	4380	0.8703902075615029
XVI	4380	0.7803306942765588
I	4385	0.7279274426847596
II	4385	0.9137378502282386
III	4385	0.8227141349583363
IV	4385	0.852743559933757
V	4385	0.9318815421736941
VI	4385	0.8319779686927424
VII	4385	0.8130373806075495
VIII	4385	0.7867848706906511
IX	4385	0.8955052195104208
X	4385	0.867903630032008
XI	4385	0.9535074143391881
XII	4385	0.8536232919084714
XIII	4385	0.948941565135743
XIV	4385	0.8816076844911537
XV	4385	0.8703902075615029
XVI	4385	0.7803306942765588
I	4390	0.7279274426847596
II	4390	0.9137378502282386
III	4390	0.8227141349583363
IV	4390	0.852743559933757
V	4390	0.9318815421736941
VI	4390	0.8319779686927424
VII	4390	0.8130373806075495
VIII	4390	0.7867848706906511
IX	4390	0.8955052195104208
X	4390	0.867903630032008
XI	4390	0.9535074143391881
XII	4390	0.8536232919084714
XIII	4390	0.948941565135743
XIV	4390	0.8816076844911537
XV	4390	0.8703902075615029
XVI	4390	0.7803306942765588
I	4395	0.7279274426847596
II	4395	0.9137378502282386
III	4395	0.8227141349583363
IV	4395	0.852743559933757
V	4395	0.9318815421736941
VI	4395	0.8319779686927424
VII	4395	0.8130373806075495
VIII	4395	0.7867848706906511
IX	4395	0.8955052195104208
X	4395	0.867903630032008
XI	4395	0.9535074143391881
XII	4395	0.8536232919084714
XIII	4395	0.948941565135743
XIV	4395	0.8816076844911537
XV	4395	0.8703902075615029
XVI	4395	0.7803306942765588
I	4400	0.7279274426847596
II	4400	0.9137378502282386
III	4400	0.8227141349583363
IV	4400	0.852743559933757
V	4400	0.9318815421736941
VI	4400	0.8319779686927424
VII	4400	0.8130373806075495
VIII	4400	0.7867848706906511
IX	4400	0.8955052195104208
X	4400	0.867903630032008
XI	4400	0.9535074143391881
XII	4400	0.8536232919084714
XIII	4400	0.948941565135743
XIV	4400	0.8816076844911537
XV	4400	0.8703902075615029
XVI	4400	0.7803306942765588
I	4405	0.7279274426847596
II	4405	0.9137378502282386
III	4405	0.8227141349583363
IV	4405	0.852743559933757
V	4405	0.9318815421736941
VI	4405	0.8319779686927424
VII	4405	0.8130373806075495
VIII	4405	0.7867848706906511
IX	4405	0.8955052195104208
X	4405	0.867903630032008
XI	4405	0.9535074143391881
XII	4405	0.8536232919084714
XIII	4405	0.948941565135743
XIV	4405	0.8872188215974592
XV	4405	0.8703902075615029
XVI	4405	0.7803306942765588
I	4410	0.7279274426847596
II	4410	0.9137378502282386
III	4410	0.8227141349583363
IV	4410	0.852743559933757
V	4410	0.9318815421736941
VI	4410	0.8319779686927424
VII	4410	0.8130373806075495
VIII	4410	0.7867848706906511
IX	4410	0.8955052195104208
X	4410	0.867903630032008
XI	4410	0.9535074143391881
XII	4410	0.8536232919084714
XIII	4410	0.948941565135743
XIV	4410	0.8872188215974592
XV	4410	0.8703902075615029
XVI	4410	0.7803306942765588
I	4415	0.7279274426847596
II	4415	0.9137378502282386
III	4415	0.8227141349583363
IV	4415	0.852743559933757
V	4415	0.9318815421736941
VI	4415	0.8319779686927424
VII	4415	0.8130373806075495
VIII	4415	0.7867848706906511
IX	4415	0.8955052195104208
X	4415	0.867903630032008
XI	4415	0.9535074143391881
XII	4415	0.8536232919084714
XIII	4415	0.948941565135743
XIV	4415	0.8872188215974592
XV	4415	0.8703902075615029
XVI	4415	0.7803306942765588
I	4420	0.7279274426847596
II	4420	0.9137378502282386
III	4420	0.8227141349583363
IV	4420	0.852743559933757
V	4420	0.9318815421736941
VI	4420	0.8319779686927424
VII	4420	0.8130373806075495
VIII	4420	0.7867848706906511
IX	4420	0.8955052195104208
X	4420	0.867903630032008
XI	4420	0.9535074143391881
XII	4420	0.8536232919084714
XIII	4420	0.948941565135743
XIV	4420	0.8872188215974592
XV	4420	0.8703902075615029
XVI	4420	0.7803306942765588
I	4425	0.7279274426847596
II	4425	0.9137378502282386
III	4425	0.8227141349583363
IV	4425	0.852743559933757
V	4425	0.9318815421736941
VI	4425	0.8319779686927424
VII	4425	0.8130373806075495
VIII	4425	0.7867848706906511
IX	4425	0.8955052195104208
X	4425	0.867903630032008
XI	4425	0.9535074143391881
XII	4425	0.8536232919084714
XIII	4425	0.948941565135743
XIV	4425	0.8872188215974592
XV	4425	0.8703902075615029
XVI	4425	0.7803306942765588
I	4430	0.7279274426847596
II	4430	0.9137378502282386
III	4430	0.8227141349583363
IV	4430	0.852743559933757
V	4430	0.9318815421736941
VI	4430	0.8319779686927424
VII	4430	0.8130373806075495
VIII	4430	0.7867848706906511
IX	4430	0.8955052195104208
X	4430	0.867903630032008
XI	4430	0.9535074143391881
XII	4430	0.8536232919084714
XIII	4430	0.948941565135743
XIV	4430	0.8872188215974592
XV	4430	0.8703902075615029
XVI	4430	0.7850002004079885
I	4435	0.7279274426847596
II	4435	0.9137378502282386
III	4435	0.8227141349583363
IV	4435	0.852743559933757
V	4435	0.9318815421736941
VI	4435	0.8319779686927424
VII	4435	0.8130373806075495
VIII	4435	0.7867848706906511
IX	4435	0.8955052195104208
X	4435	0.867903630032008
XI	4435	0.9535074143391881
XII	4435	0.8536232919084714
XIII	4435	0.948941565135743
XIV	4435	0.8872188215974592
XV	4435	0.8703902075615029
XVI	4435	0.7850002004079885
I	4440	0.7279274426847596
II	4440	0.9137378502282386
III	4440	0.8227141349583363
IV	4440	0.852743559933757
V	4440	0.9318815421736941
VI	4440	0.8319779686927424
VII	4440	0.8130373806075495
VIII	4440	0.7867848706906511
IX	4440	0.8955052195104208
X	4440	0.867903630032008
XI	4440	0.9535074143391881
XII	4440	0.8536232919084714
XIII	4440	0.948941565135743
XIV	4440	0.8872188215974592
XV	4440	0.8703902075615029
XVI	4440	0.7850002004079885
I	4445	0.7279274426847596
II	4445	0.9137378502282386
III	4445	0.8227141349583363
IV	4445	0.852743559933757
V	4445	0.9318815421736941
VI	4445	0.8319779686927424
VII	4445	0.8130373806075495
VIII	4445	0.7867848706906511
IX	4445	0.8955052195104208
X	4445	0.867903630032008
XI	4445	0.9535074143391881
XII	4445	0.8536232919084714
XIII	4445	0.948941565135743
XIV	4445	0.8872188215974592
XV	4445	0.8703902075615029
XVI	4445	0.7850002004079885
I	4450	0.7279274426847596
II	4450	0.9137378502282386
III	4450	0.8227141349583363
IV	4450	0.852743559933757
V	4450	0.9318815421736941
VI	4450	0.8319779686927424
VII	4450	0.8130373806075495
VIII	4450	0.794693971132672
IX	4450	0.8955052195104208
X	4450	0.867903630032008
XI	4450	0.9535074143391881
XII	4450	0.8536232919084714
XIII	4450	0.948941565135743
XIV	4450	0.8872188215974592
XV	4450	0.8703902075615029
XVI	4450	0.7850002004079885
I	4455	0.7279274426847596
II	4455	0.9137378502282386
III	4455	0.8227141349583363
IV	4455	0.852743559933757
V	4455	0.9318815421736941
VI	4455	0.8319779686927424
VII	4455	0.8130373806075495
VIII	4455	0.794693971132672
IX	4455	0.8955052195104208
X	4455	0.867903630032008
XI	4455	0.9535074143391881
XII	4455	0.8536232919084714
XIII	4455	0.948941565135743
XIV	4455	0.8872188215974592
XV	4455	0.8703902075615029
XVI	4455	0.7850002004079885
I	4460	0.7279274426847596
II	4460	0.9137378502282386
III	4460	0.8227141349583363
IV	4460	0.852743559933757
V	4460	0.9318815421736941
VI	4460	0.8319779686927424
VII	4460	0.8130373806075495
VIII	4460	0.794693971132672
IX	4460	0.8955052195104208
X	4460	0.867903630032008
XI	4460	0.9535074143391881
XII	4460	0.8536232919084714
XIII	4460	0.948941565135743
XIV	4460	0.8872188215974592
XV	4460	0.8703902075615029
XVI	4460	0.7850002004079885
I	4465	0.7279274426847596
II	4465	0.9137378502282386
III	4465	0.8227141349583363
IV	4465	0.852743559933757
V	4465	0.9318815421736941
VI	4465	0.8319779686927424
VII	4465	0.8130373806075495
VIII	4465	0.794693971132672
IX	4465	0.8955052195104208
X	4465	0.867903630032008
XI	4465	0.9535074143391881
XII	4465	0.8536232919084714
XIII	4465	0.948941565135743
XIV	4465	0.8872188215974592
XV	4465	0.8703902075615029
XVI	4465	0.7850002004079885
I	4470	0.7279274426847596
II	4470	0.9137378502282386
III	4470	0.8227141349583363
IV	4470	0.852743559933757
V	4470	0.9318815421736941
VI	4470	0.8319779686927424
VII	4470	0.8130373806075495
VIII	4470	0.794693971132672
IX	4470	0.8955052195104208
X	4470	0.867903630032008
XI	4470	0.9535074143391881
XII	4470	0.8536232919084714
XIII	4470	0.948941565135743
XIV	4470	0.8872188215974592
XV	4470	0.8703902075615029
XVI	4470	0.7850002004079885
I	4475	0.7279274426847596
II	4475	0.9137378502282386
III	4475	0.8227141349583363
IV	4475	0.852743559933757
V	4475	0.9318815421736941
VI	4475	0.8319779686927424
VII	4475	0.8130373806075495
VIII	4475	0.794693971132672
IX	4475	0.8955052195104208
X	4475	0.867903630032008
XI	4475	0.9535074143391881
XII	4475	0.8536232919084714
XIII	4475	0.948941565135743
XIV	4475	0.8872188215974592
XV	4475	0.8703902075615029
XVI	4475	0.7850002004079885
I	4480	0.7279274426847596
II	4480	0.9137378502282386
III	4480	0.8227141349583363
IV	4480	0.852743559933757
V	4480	0.9318815421736941
VI	4480	0.8319779686927424
VII	4480	0.8130373806075495
VIII	4480	0.794693971132672
IX	4480	0.8955052195104208
X	4480	0.867903630032008
XI	4480	0.9535074143391881
XII	4480	0.8536232919084714
XIII	4480	0.948941565135743
XIV	4480	0.8872188215974592
XV	4480	0.8703902075615029
XVI	4480	0.7850002004079885
I	4485	0.7279274426847596
II	4485	0.9137378502282386
III	4485	0.8227141349583363
IV	4485	0.852743559933757
V	4485	0.9318815421736941
VI	4485	0.8319779686927424
VII	4485	0.817147597484738
VIII	4485	0.794693971132672
IX	4485	0.8955052195104208
X	4485	0.867903630032008
XI	4485	0.9535074143391881
XII	4485	0.8536232919084714
XIII	4485	0.948941565135743
XIV	4485	0.8872188215974592
XV	4485	0.8703902075615029
XVI	4485	0.7850002004079885
I	4490	0.7279274426847596
II	4490	0.9137378502282386
III	4490	0.8227141349583363
IV	4490	0.855672539203738
V	4490	0.9318815421736941
VI	4490	0.8319779686927424
VII	4490	0.817147597484738
VIII	4490	0.794693971132672
IX	4490	0.8955052195104208
X	4490	0.867903630032008
XI	4490	0.9535074143391881
XII	4490	0.8536232919084714
XIII	4490	0.948941565135743
XIV	4490	0.8872188215974592
XV	4490	0.8703902075615029
XVI	4490	0.7850002004079885
I	4495	0.7279274426847596
II	4495	0.9137378502282386
III	4495	0.8227141349583363
IV	4495	0.855672539203738
V	4495	0.9318815421736941
VI	4495	0.8319779686927424
VII	4495	0.817147597484738
VIII	4495	0.794693971132672
IX	4495	0.8955052195104208
X	4495	0.867903630032008
XI	4495	0.9535074143391881
XII	4495	0.8536232919084714
XIII	4495	0.948941565135743
XIV	4495	0.8872188215974592
XV	4495	0.8703902075615029
XVI	4495	0.7850002004079885
I	4500	0.7279274426847596
II	4500	0.9137378502282386
III	4500	0.8227141349583363
IV	4500	0.855672539203738
V	4500	0.9318815421736941
VI	4500	0.8319779686927424
VII	4500	0.817147597484738
VIII	4500	0.794693971132672
IX	4500	0.8955052195104208
X	4500	0.867903630032008
XI	4500	0.9535074143391881
XII	4500	0.8536232919084714
XIII	4500	0.948941565135743
XIV	4500	0.8872188215974592
XV	4500	0.8703902075615029
XVI	4500	0.7850002004079885
I	4505	0.7279274426847596
II	4505	0.9137378502282386
III	4505	0.8227141349583363
IV	4505	0.855672539203738
V	4505	0.9318815421736941
VI	4505	0.8319779686927424
VII	4505	0.817147597484738
VIII	4505	0.794693971132672
IX	4505	0.8955052195104208
X	4505	0.867903630032008
XI	4505	0.9535074143391881
XII	4505	0.8536232919084714
XIII	4505	0.948941565135743
XIV	4505	0.8872188215974592
XV	4505	0.8703902075615029
XVI	4505	0.7850002004079885
I	4510	0.7279274426847596
II	4510	0.9137378502282386
III	4510	0.8227141349583363
IV	4510	0.855672539203738
V	4510	0.9318815421736941
VI	4510	0.8319779686927424
VII	4510	0.817147597484738
VIII	4510	0.8027026018274466
IX	4510	0.8955052195104208
X	4510	0.867903630032008
XI	4510	0.9535074143391881
XII	4510	0.8536232919084714
XIII	4510	0.948941565135743
XIV	4510	0.8872188215974592
XV	4510	0.8703902075615029
XVI	4510	0.7850002004079885
I	4515	0.7279274426847596
II	4515	0.9137378502282386
III	4515	0.8227141349583363
IV	4515	0.855672539203738
V	4515	0.9318815421736941
VI	4515	0.8319779686927424
VII	4515	0.817147597484738
VIII	4515	0.8027026018274466
IX	4515	0.8955052195104208
X	4515	0.867903630032008
XI	4515	0.9535074143391881
XII	4515	0.8536232919084714
XIII	4515	0.948941565135743
XIV	4515	0.8872188215974592
XV	4515	0.8745256764694294
XVI	4515	0.7850002004079885
I	4520	0.7279274426847596
II	4520	0.9137378502282386
III	4520	0.8227141349583363
IV	4520	0.855672539203738
V	4520	0.9318815421736941
VI	4520	0.8319779686927424
VII	4520	0.817147597484738
VIII	4520	0.8027026018274466
IX	4520	0.8955052195104208
X	4520	0.867903630032008
XI	4520	0.9535074143391881
XII	4520	0.8536232919084714
XIII	4520	0.948941565135743
XIV	4520	0.8872188215974592
XV	4520	0.8745256764694294
XVI	4520	0.7850002004079885
I	4525	0.7279274426847596
II	4525	0.9137378502282386
III	4525	0.8227141349583363
IV	4525	0.855672539203738
V	4525	0.9318815421736941
VI	4525	0.8319779686927424
VII	4525	0.817147597484738
VIII	4525	0.8027026018274466
IX	4525	0.8955052195104208
X	4525	0.867903630032008
XI	4525	0.9535074143391881
XII	4525	0.8536232919084714
XIII	4525	0.948941565135743
XIV	4525	0.8872188215974592
XV	4525	0.8745256764694294
XVI	4525	0.7850002004079885
I	4530	0.7279274426847596
II	4530	0.9137378502282386
III	4530	0.8227141349583363
IV	4530	0.855672539203738
V	4530	0.9318815421736941
VI	4530	0.8319779686927424
VII	4530	0.817147597484738
VIII	4530	0.8107521110188877
IX	4530	0.8955052195104208
X	4530	0.867903630032008
XI	4530	0.9535074143391881
XII	4530	0.8536232919084714
XIII	4530	0.948941565135743
XIV	4530	0.8872188215974592
XV	4530	0.8745256764694294
XVI	4530	0.7850002004079885
I	4535	0.7279274426847596
II	4535	0.9137378502282386
III	4535	0.8227141349583363
IV	4535	0.855672539203738
V	4535	0.9318815421736941
VI	4535	0.8319779686927424
VII	4535	0.817147597484738
VIII	4535	0.8107521110188877
IX	4535	0.8955052195104208
X	4535	0.867903630032008
XI	4535	0.9535074143391881
XII	4535	0.8536232919084714
XIII	4535	0.948941565135743
XIV	4535	0.8872188215974592
XV	4535	0.8745256764694294
XVI	4535	0.7850002004079885
I	4540	0.7279274426847596
II	4540	0.9137378502282386
III	4540	0.8227141349583363
IV	4540	0.855672539203738
V	4540	0.9318815421736941
VI	4540	0.8319779686927424
VII	4540	0.817147597484738
VIII	4540	0.8107521110188877
IX	4540	0.8955052195104208
X	4540	0.867903630032008
XI	4540	0.9535074143391881
XII	4540	0.8536232919084714
XIII	4540	0.948941565135743
XIV	4540	0.8872188215974592
XV	4540	0.8745256764694294
XVI	4540	0.7850002004079885
I	4545	0.7279274426847596
II	4545	0.9137378502282386
III	4545	0.8227141349583363
IV	4545	0.855672539203738
V	4545	0.9318815421736941
VI	4545	0.8319779686927424
VII	4545	0.817147597484738
VIII	4545	0.8107521110188877
IX	4545	0.8955052195104208
X	4545	0.867903630032008
XI	4545	0.9535074143391881
XII	4545	0.8536232919084714
XIII	4545	0.948941565135743
XIV	4545	0.8872188215974592
XV	4545	0.8745256764694294
XVI	4545	0.7850002004079885
I	4550	0.7279274426847596
II	4550	0.9137378502282386
III	4550	0.8227141349583363
IV	4550	0.855672539203738
V	4550	0.9318815421736941
VI	4550	0.8319779686927424
VII	4550	0.817147597484738
VIII	4550	0.8107521110188877
IX	4550	0.8955052195104208
X	4550	0.867903630032008
XI	4550	0.9535074143391881
XII	4550	0.8536232919084714
XIII	4550	0.948941565135743
XIV	4550	0.8872188215974592
XV	4550	0.8745256764694294
XVI	4550	0.7850002004079885
I	4555	0.7279274426847596
II	4555	0.9137378502282386
III	4555	0.8227141349583363
IV	4555	0.855672539203738
V	4555	0.9318815421736941
VI	4555	0.8319779686927424
VII	4555	0.817147597484738
VIII	4555	0.8107521110188877
IX	4555	0.8955052195104208
X	4555	0.867903630032008
XI	4555	0.9535074143391881
XII	4555	0.8536232919084714
XIII	4555	0.948941565135743
XIV	4555	0.8930224789725792
XV	4555	0.8786987155579951
XVI	4555	0.7850002004079885
I	4560	0.7279274426847596
II	4560	0.9137378502282386
III	4560	0.8227141349583363
IV	4560	0.855672539203738
V	4560	0.9318815421736941
VI	4560	0.8319779686927424
VII	4560	0.817147597484738
VIII	4560	0.8107521110188877
IX	4560	0.8955052195104208
X	4560	0.867903630032008
XI	4560	0.9535074143391881
XII	4560	0.8536232919084714
XIII	4560	0.948941565135743
XIV	4560	0.8930224789725792
XV	4560	0.8786987155579951
XVI	4560	0.7850002004079885
I	4565	0.7279274426847596
II	4565	0.9137378502282386
III	4565	0.8227141349583363
IV	4565	0.855672539203738
V	4565	0.9318815421736941
VI	4565	0.8319779686927424
VII	4565	0.817147597484738
VIII	4565	0.8107521110188877
IX	4565	0.8955052195104208
X	4565	0.867903630032008
XI	4565	0.9535074143391881
XII	4565	0.8536232919084714
XIII	4565	0.948941565135743
XIV	4565	0.8930224789725792
XV	4565	0.8786987155579951
XVI	4565	0.7850002004079885
I	4570	0.7279274426847596
II	4570	0.9137378502282386
III	4570	0.8227141349583363
IV	4570	0.8586530873086486
V	4570	0.9318815421736941
VI	4570	0.8319779686927424
VII	4570	0.817147597484738
VIII	4570	0.8107521110188877
IX	4570	0.8955052195104208
X	4570	0.867903630032008
XI	4570	0.9535074143391881
XII	4570	0.8536232919084714
XIII	4570	0.948941565135743
XIV	4570	0.8930224789725792
XV	4570	0.8786987155579951
XVI	4570	0.7850002004079885
I	4575	0.7279274426847596
II	4575	0.9137378502282386
III	4575	0.8227141349583363
IV	4575	0.8586530873086486
V	4575	0.9318815421736941
VI	4575	0.8319779686927424
VII	4575	0.817147597484738
VIII	4575	0.8107521110188877
IX	4575	0.8955052195104208
X	4575	0.867903630032008
XI	4575	0.9535074143391881
XII	4575	0.8536232919084714
XIII	4575	0.948941565135743
XIV	4575	0.8930224789725792
XV	4575	0.8786987155579951
XVI	4575	0.7850002004079885
I	4580	0.7279274426847596
II	4580	0.9137378502282386
III	4580	0.8227141349583363
IV	4580	0.8586530873086486
V	4580	0.9318815421736941
VI	4580	0.8319779686927424
VII	4580	0.817147597484738
VIII	4580	0.8107521110188877
IX	4580	0.8955052195104208
X	4580	0.867903630032008
XI	4580	0.9535074143391881
XII	4580	0.8536232919084714
XIII	4580	0.948941565135743
XIV	4580	0.8930224789725792
XV	4580	0.8786987155579951
XVI	4580	0.7850002004079885
I	4585	0.7279274426847596
II	4585	0.9137378502282386
III	4585	0.8227141349583363
IV	4585	0.8586530873086486
V	4585	0.9318815421736941
VI	4585	0.8319779686927424
VII	4585	0.817147597484738
VIII	4585	0.8107521110188877
IX	4585	0.8955052195104208
X	4585	0.867903630032008
XI	4585	0.9535074143391881
XII	4585	0.8536232919084714
XIII	4585	0.948941565135743
XIV	4585	0.8930224789725792
XV	4585	0.8786987155579951
XVI	4585	0.7850002004079885
I	4590	0.7279274426847596
II	4590	0.9137378502282386
III	4590	0.8227141349583363
IV	4590	0.8586530873086486
V	4590	0.9318815421736941
VI	4590	0.8319779686927424
VII	4590	0.817147597484738
VIII	4590	0.8107521110188877
IX	4590	0.8955052195104208
X	4590	0.867903630032008
XI	4590	0.9535074143391881
XII	4590	0.8536232919084714
XIII	4590	0.948941565135743
XIV	4590	0.8930224789725792
XV	4590	0.8786987155579951
XVI	4590	0.7898405807190638
I	4595	0.7279274426847596
II	4595	0.9137378502282386
III	4595	0.8227141349583363
IV	4595	0.8586530873086486
V	4595	0.9318815421736941
VI	4595	0.8319779686927424
VII	4595	0.817147597484738
VIII	4595	0.8107521110188877
IX	4595	0.8955052195104208
X	4595	0.867903630032008
XI	4595	0.9535074143391881
XII	4595	0.8536232919084714
XIII	4595	0.948941565135743
XIV	4595	0.8930224789725792
XV	4595	0.8786987155579951
XVI	4595	0.7898405807190638
I	4600	0.7279274426847596
II	4600	0.9137378502282386
III	4600	0.8227141349583363
IV	4600	0.8586530873086486
V	4600	0.9318815421736941
VI	4600	0.8319779686927424
VII	4600	0.817147597484738
VIII	4600	0.8107521110188877
IX	4600	0.8955052195104208
X	4600	0.867903630032008
XI	4600	0.9535074143391881
XII	4600	0.8536232919084714
XIII	4600	0.948941565135743
XIV	4600	0.8930224789725792
XV	4600	0.8786987155579951
XVI	4600	0.7898405807190638
I	4605	0.7279274426847596
II	4605	0.9137378502282386
III	4605	0.8227141349583363
IV	4605	0.8586530873086486
V	4605	0.9318815421736941
VI	4605	0.8319779686927424
VII	4605	0.817147597484738
VIII	4605	0.8107521110188877
IX	4605	0.8955052195104208
X	4605	0.867903630032008
XI	4605	0.9535074143391881
XII	4605	0.8536232919084714
XIII	4605	0.948941565135743
XIV	4605	0.8930224789725792
XV	4605	0.8786987155579951
XVI	4605	0.7898405807190638
I	4610	0.7279274426847596
II	4610	0.9137378502282386
III	4610	0.8227141349583363
IV	4610	0.8586530873086486
V	4610	0.9318815421736941
VI	4610	0.8319779686927424
VII	4610	0.817147597484738
VIII	4610	0.8107521110188877
IX	4610	0.8955052195104208
X	4610	0.867903630032008
XI	4610	0.9535074143391881
XII	4610	0.8536232919084714
XIII	4610	0.948941565135743
XIV	4610	0.8930224789725792
XV	4610	0.8786987155579951
XVI	4610	0.7898405807190638
I	4615	0.7279274426847596
II	4615	0.9137378502282386
III	4615	0.8227141349583363
IV	4615	0.8586530873086486
V	4615	0.9318815421736941
VI	4615	0.8319779686927424
VII	4615	0.817147597484738
VIII	4615	0.8107521110188877
IX	4615	0.8955052195104208
X	4615	0.867903630032008
XI	4615	0.9535074143391881
XII	4615	0.8536232919084714
XIII	4615	0.948941565135743
XIV	4615	0.8930224789725792
XV	4615	0.8786987155579951
XVI	4615	0.7898405807190638
I	4620	0.7279274426847596
II	4620	0.9137378502282386
III	4620	0.8227141349583363
IV	4620	0.8586530873086486
V	4620	0.9318815421736941
VI	4620	0.8319779686927424
VII	4620	0.817147597484738
VIII	4620	0.8107521110188877
IX	4620	0.8955052195104208
X	4620	0.867903630032008
XI	4620	0.9535074143391881
XII	4620	0.8536232919084714
XIII	4620	0.948941565135743
XIV	4620	0.8930224789725792
XV	4620	0.8786987155579951
XVI	4620	0.7898405807190638
I	4625	0.7279274426847596
II	4625	0.9137378502282386
III	4625	0.8227141349583363
IV	4625	0.8586530873086486
V	4625	0.9318815421736941
VI	4625	0.8319779686927424
VII	4625	0.817147597484738
VIII	4625	0.8107521110188877
IX	4625	0.8955052195104208
X	4625	0.867903630032008
XI	4625	0.9535074143391881
XII	4625	0.8536232919084714
XIII	4625	0.948941565135743
XIV	4625	0.8930224789725792
XV	4625	0.8786987155579951
XVI	4625	0.7898405807190638
I	4630	0.7279274426847596
II	4630	0.9137378502282386
III	4630	0.8372063893681715
IV	4630	0.8586530873086486
V	4630	0.9318815421736941
VI	4630	0.8319779686927424
VII	4630	0.817147597484738
VIII	4630	0.8107521110188877
IX	4630	0.8955052195104208
X	4630	0.867903630032008
XI	4630	0.9535074143391881
XII	4630	0.8536232919084714
XIII	4630	0.948941565135743
XIV	4630	0.8930224789725792
XV	4630	0.8786987155579951
XVI	4630	0.7898405807190638
I	4635	0.7279274426847596
II	4635	0.9137378502282386
III	4635	0.8372063893681715
IV	4635	0.8616773710077399
V	4635	0.9318815421736941
VI	4635	0.8319779686927424
VII	4635	0.817147597484738
VIII	4635	0.8107521110188877
IX	4635	0.8955052195104208
X	4635	0.867903630032008
XI	4635	0.9535074143391881
XII	4635	0.8536232919084714
XIII	4635	0.948941565135743
XIV	4635	0.8930224789725792
XV	4635	0.8786987155579951
XVI	4635	0.7898405807190638
I	4640	0.7279274426847596
II	4640	0.9137378502282386
III	4640	0.8372063893681715
IV	4640	0.8616773710077399
V	4640	0.9318815421736941
VI	4640	0.8319779686927424
VII	4640	0.817147597484738
VIII	4640	0.8107521110188877
IX	4640	0.8955052195104208
X	4640	0.867903630032008
XI	4640	0.9535074143391881
XII	4640	0.8536232919084714
XIII	4640	0.948941565135743
XIV	4640	0.8930224789725792
XV	4640	0.8786987155579951
XVI	4640	0.7898405807190638
I	4645	0.7279274426847596
II	4645	0.9137378502282386
III	4645	0.8372063893681715
IV	4645	0.8616773710077399
V	4645	0.9318815421736941
VI	4645	0.8319779686927424
VII	4645	0.817147597484738
VIII	4645	0.8107521110188877
IX	4645	0.8955052195104208
X	4645	0.867903630032008
XI	4645	0.9535074143391881
XII	4645	0.8536232919084714
XIII	4645	0.948941565135743
XIV	4645	0.8930224789725792
XV	4645	0.8786987155579951
XVI	4645	0.7898405807190638
I	4650	0.7279274426847596
II	4650	0.9137378502282386
III	4650	0.8372063893681715
IV	4650	0.8616773710077399
V	4650	0.9318815421736941
VI	4650	0.8319779686927424
VII	4650	0.817147597484738
VIII	4650	0.8107521110188877
IX	4650	0.8955052195104208
X	4650	0.867903630032008
XI	4650	0.9535074143391881
XII	4650	0.8536232919084714
XIII	4650	0.948941565135743
XIV	4650	0.8930224789725792
XV	4650	0.8786987155579951
XVI	4650	0.7898405807190638
I	4655	0.7279274426847596
II	4655	0.9137378502282386
III	4655	0.8372063893681715
IV	4655	0.8616773710077399
V	4655	0.9318815421736941
VI	4655	0.8319779686927424
VII	4655	0.817147597484738
VIII	4655	0.8107521110188877
IX	4655	0.8955052195104208
X	4655	0.867903630032008
XI	4655	0.9535074143391881
XII	4655	0.8536232919084714
XIII	4655	0.948941565135743
XIV	4655	0.8930224789725792
XV	4655	0.8786987155579951
XVI	4655	0.7898405807190638
I	4660	0.7279274426847596
II	4660	0.9137378502282386
III	4660	0.8372063893681715
IV	4660	0.8616773710077399
V	4660	0.9318815421736941
VI	4660	0.8319779686927424
VII	4660	0.817147597484738
VIII	4660	0.8107521110188877
IX	4660	0.8955052195104208
X	4660	0.867903630032008
XI	4660	0.9535074143391881
XII	4660	0.8536232919084714
XIII	4660	0.948941565135743
XIV	4660	0.8930224789725792
XV	4660	0.8786987155579951
XVI	4660	0.7898405807190638
I	4665	0.7279274426847596
II	4665	0.9137378502282386
III	4665	0.8518113752297686
IV	4665	0.8616773710077399
V	4665	0.9318815421736941
VI	4665	0.8319779686927424
VII	4665	0.817147597484738
VIII	4665	0.8107521110188877
IX	4665	0.8955052195104208
X	4665	0.867903630032008
XI	4665	0.9535074143391881
XII	4665	0.8536232919084714
XIII	4665	0.948941565135743
XIV	4665	0.8930224789725792
XV	4665	0.8786987155579951
XVI	4665	0.7898405807190638
I	4670	0.7279274426847596
II	4670	0.9137378502282386
III	4670	0.8518113752297686
IV	4670	0.8616773710077399
V	4670	0.9318815421736941
VI	4670	0.8319779686927424
VII	4670	0.817147597484738
VIII	4670	0.8107521110188877
IX	4670	0.8955052195104208
X	4670	0.867903630032008
XI	4670	0.9535074143391881
XII	4670	0.8536232919084714
XIII	4670	0.948941565135743
XIV	4670	0.8930224789725792
XV	4670	0.8786987155579951
XVI	4670	0.7898405807190638
I	4675	0.7279274426847596
II	4675	0.9137378502282386
III	4675	0.8518113752297686
IV	4675	0.8616773710077399
V	4675	0.9318815421736941
VI	4675	0.8319779686927424
VII	4675	0.817147597484738
VIII	4675	0.8107521110188877
IX	4675	0.8955052195104208
X	4675	0.867903630032008
XI	4675	0.9535074143391881
XII	4675	0.8536232919084714
XIII	4675	0.948941565135743
XIV	4675	0.8930224789725792
XV	4675	0.8786987155579951
XVI	4675	0.7898405807190638
I	4680	0.7279274426847596
II	4680	0.9137378502282386
III	4680	0.8518113752297686
IV	4680	0.8616773710077399
V	4680	0.9318815421736941
VI	4680	0.8319779686927424
VII	4680	0.817147597484738
VIII	4680	0.8107521110188877
IX	4680	0.8955052195104208
X	4680	0.867903630032008
XI	4680	0.9535074143391881
XII	4680	0.8536232919084714
XIII	4680	0.948941565135743
XIV	4680	0.8930224789725792
XV	4680	0.8786987155579951
XVI	4680	0.7898405807190638
I	4685	0.7279274426847596
II	4685	0.9137378502282386
III	4685	0.8518113752297686
IV	4685	0.8616773710077399
V	4685	0.9318815421736941
VI	4685	0.8319779686927424
VII	4685	0.8214420591416577
VIII	4685	0.8107521110188877
IX	4685	0.8955052195104208
X	4685	0.867903630032008
XI	4685	0.9535074143391881
XII	4685	0.8536232919084714
XIII	4685	0.948941565135743
XIV	4685	0.8930224789725792
XV	4685	0.8786987155579951
XVI	4685	0.7898405807190638
I	4690	0.7279274426847596
II	4690	0.9137378502282386
III	4690	0.8518113752297686
IV	4690	0.8616773710077399
V	4690	0.9318815421736941
VI	4690	0.8319779686927424
VII	4690	0.8214420591416577
VIII	4690	0.8107521110188877
IX	4690	0.8955052195104208
X	4690	0.867903630032008
XI	4690	0.9535074143391881
XII	4690	0.8536232919084714
XIII	4690	0.948941565135743
XIV	4690	0.8930224789725792
XV	4690	0.8786987155579951
XVI	4690	0.7898405807190638
I	4695	0.7279274426847596
II	4695	0.9137378502282386
III	4695	0.8518113752297686
IV	4695	0.8616773710077399
V	4695	0.9318815421736941
VI	4695	0.8319779686927424
VII	4695	0.8214420591416577
VIII	4695	0.8107521110188877
IX	4695	0.8955052195104208
X	4695	0.867903630032008
XI	4695	0.9535074143391881
XII	4695	0.8536232919084714
XIII	4695	0.948941565135743
XIV	4695	0.8930224789725792
XV	4695	0.8786987155579951
XVI	4695	0.7898405807190638
I	4700	0.7279274426847596
II	4700	0.9137378502282386
III	4700	0.8518113752297686
IV	4700	0.8616773710077399
V	4700	0.9318815421736941
VI	4700	0.8319779686927424
VII	4700	0.8214420591416577
VIII	4700	0.8107521110188877
IX	4700	0.8955052195104208
X	4700	0.867903630032008
XI	4700	0.9535074143391881
XII	4700	0.8536232919084714
XIII	4700	0.948941565135743
XIV	4700	0.8930224789725792
XV	4700	0.8786987155579951
XVI	4700	0.7898405807190638
I	4705	0.7279274426847596
II	4705	0.9137378502282386
III	4705	0.8518113752297686
IV	4705	0.8616773710077399
V	4705	0.9318815421736941
VI	4705	0.8319779686927424
VII	4705	0.8214420591416577
VIII	4705	0.8107521110188877
IX	4705	0.8955052195104208
X	4705	0.867903630032008
XI	4705	0.9535074143391881
XII	4705	0.8536232919084714
XIII	4705	0.948941565135743
XIV	4705	0.8930224789725792
XV	4705	0.8786987155579951
XVI	4705	0.7898405807190638
I	4710	0.7279274426847596
II	4710	0.9137378502282386
III	4710	0.8518113752297686
IV	4710	0.8616773710077399
V	4710	0.9318815421736941
VI	4710	0.8319779686927424
VII	4710	0.8214420591416577
VIII	4710	0.8107521110188877
IX	4710	0.8955052195104208
X	4710	0.867903630032008
XI	4710	0.9535074143391881
XII	4710	0.8536232919084714
XIII	4710	0.948941565135743
XIV	4710	0.8930224789725792
XV	4710	0.8786987155579951
XVI	4710	0.7898405807190638
I	4715	0.7279274426847596
II	4715	0.9137378502282386
III	4715	0.8518113752297686
IV	4715	0.8616773710077399
V	4715	0.9318815421736941
VI	4715	0.8319779686927424
VII	4715	0.8214420591416577
VIII	4715	0.8107521110188877
IX	4715	0.8955052195104208
X	4715	0.867903630032008
XI	4715	0.9535074143391881
XII	4715	0.8536232919084714
XIII	4715	0.948941565135743
XIV	4715	0.8930224789725792
XV	4715	0.8786987155579951
XVI	4715	0.7898405807190638
I	4720	0.7279274426847596
II	4720	0.9137378502282386
III	4720	0.8518113752297686
IV	4720	0.8616773710077399
V	4720	0.9318815421736941
VI	4720	0.8319779686927424
VII	4720	0.8214420591416577
VIII	4720	0.8107521110188877
IX	4720	0.8955052195104208
X	4720	0.867903630032008
XI	4720	0.9535074143391881
XII	4720	0.8536232919084714
XIII	4720	0.948941565135743
XIV	4720	0.8930224789725792
XV	4720	0.8786987155579951
XVI	4720	0.7898405807190638
I	4725	0.7279274426847596
II	4725	0.9137378502282386
III	4725	0.8518113752297686
IV	4725	0.8616773710077399
V	4725	0.9318815421736941
VI	4725	0.8319779686927424
VII	4725	0.8214420591416577
VIII	4725	0.8107521110188877
IX	4725	0.8955052195104208
X	4725	0.867903630032008
XI	4725	0.9535074143391881
XII	4725	0.8536232919084714
XIII	4725	0.948941565135743
XIV	4725	0.8930224789725792
XV	4725	0.8786987155579951
XVI	4725	0.7898405807190638
I	4730	0.7279274426847596
II	4730	0.9137378502282386
III	4730	0.8518113752297686
IV	4730	0.8616773710077399
V	4730	0.9318815421736941
VI	4730	0.8319779686927424
VII	4730	0.8214420591416577
VIII	4730	0.8107521110188877
IX	4730	0.8955052195104208
X	4730	0.867903630032008
XI	4730	0.9535074143391881
XII	4730	0.8536232919084714
XIII	4730	0.948941565135743
XIV	4730	0.8930224789725792
XV	4730	0.8786987155579951
XVI	4730	0.7898405807190638
I	4735	0.7279274426847596
II	4735	0.9137378502282386
III	4735	0.8518113752297686
IV	4735	0.8616773710077399
V	4735	0.9318815421736941
VI	4735	0.8319779686927424
VII	4735	0.8214420591416577
VIII	4735	0.8107521110188877
IX	4735	0.8955052195104208
X	4735	0.867903630032008
XI	4735	0.9535074143391881
XII	4735	0.8536232919084714
XIII	4735	0.948941565135743
XIV	4735	0.8930224789725792
XV	4735	0.8786987155579951
XVI	4735	0.7898405807190638
I	4740	0.7279274426847596
II	4740	0.9137378502282386
III	4740	0.8518113752297686
IV	4740	0.8616773710077399
V	4740	0.9318815421736941
VI	4740	0.8319779686927424
VII	4740	0.8214420591416577
VIII	4740	0.8107521110188877
IX	4740	0.8955052195104208
X	4740	0.867903630032008
XI	4740	0.9535074143391881
XII	4740	0.8536232919084714
XIII	4740	0.948941565135743
XIV	4740	0.8930224789725792
XV	4740	0.8786987155579951
XVI	4740	0.7898405807190638
I	4745	0.7279274426847596
II	4745	0.9137378502282386
III	4745	0.8518113752297686
IV	4745	0.8616773710077399
V	4745	0.9318815421736941
VI	4745	0.8319779686927424
VII	4745	0.8214420591416577
VIII	4745	0.8107521110188877
IX	4745	0.8955052195104208
X	4745	0.867903630032008
XI	4745	0.9535074143391881
XII	4745	0.8536232919084714
XIII	4745	0.948941565135743
XIV	4745	0.8930224789725792
XV	4745	0.8786987155579951
XVI	4745	0.7898405807190638
I	4750	0.7279274426847596
II	4750	0.9137378502282386
III	4750	0.8518113752297686
IV	4750	0.8616773710077399
V	4750	0.9318815421736941
VI	4750	0.8319779686927424
VII	4750	0.8214420591416577
VIII	4750	0.8107521110188877
IX	4750	0.8955052195104208
X	4750	0.867903630032008
XI	4750	0.9535074143391881
XII	4750	0.8536232919084714
XIII	4750	0.948941565135743
XIV	4750	0.8930224789725792
XV	4750	0.8786987155579951
XVI	4750	0.7898405807190638
I	4755	0.7279274426847596
II	4755	0.9137378502282386
III	4755	0.8518113752297686
IV	4755	0.8616773710077399
V	4755	0.9318815421736941
VI	4755	0.8319779686927424
VII	4755	0.8214420591416577
VIII	4755	0.8107521110188877
IX	4755	0.8955052195104208
X	4755	0.867903630032008
XI	4755	0.9535074143391881
XII	4755	0.8536232919084714
XIII	4755	0.948941565135743
XIV	4755	0.8930224789725792
XV	4755	0.8786987155579951
XVI	4755	0.7898405807190638
I	4760	0.7279274426847596
II	4760	0.9137378502282386
III	4760	0.8518113752297686
IV	4760	0.8616773710077399
V	4760	0.9318815421736941
VI	4760	0.8319779686927424
VII	4760	0.8214420591416577
VIII	4760	0.8107521110188877
IX	4760	0.8955052195104208
X	4760	0.867903630032008
XI	4760	0.9535074143391881
XII	4760	0.8536232919084714
XIII	4760	0.948941565135743
XIV	4760	0.8930224789725792
XV	4760	0.8786987155579951
XVI	4760	0.7898405807190638
I	4765	0.7279274426847596
II	4765	0.9137378502282386
III	4765	0.8667201097252797
IV	4765	0.8616773710077399
V	4765	0.9318815421736941
VI	4765	0.8319779686927424
VII	4765	0.8214420591416577
VIII	4765	0.8107521110188877
IX	4765	0.8955052195104208
X	4765	0.867903630032008
XI	4765	0.9535074143391881
XII	4765	0.8536232919084714
XIII	4765	0.948941565135743
XIV	4765	0.8930224789725792
XV	4765	0.8786987155579951
XVI	4765	0.7898405807190638
I	4770	0.7279274426847596
II	4770	0.9137378502282386
III	4770	0.8667201097252797
IV	4770	0.8647904314353173
V	4770	0.9318815421736941
VI	4770	0.8319779686927424
VII	4770	0.8214420591416577
VIII	4770	0.8107521110188877
IX	4770	0.8955052195104208
X	4770	0.867903630032008
XI	4770	0.9535074143391881
XII	4770	0.8536232919084714
XIII	4770	0.948941565135743
XIV	4770	0.8930224789725792
XV	4770	0.8786987155579951
XVI	4770	0.7948687116719722
I	4775	0.7279274426847596
II	4775	0.9137378502282386
III	4775	0.8667201097252797
IV	4775	0.8647904314353173
V	4775	0.9318815421736941
VI	4775	0.8319779686927424
VII	4775	0.8214420591416577
VIII	4775	0.8107521110188877
IX	4775	0.8955052195104208
X	4775	0.867903630032008
XI	4775	0.9535074143391881
XII	4775	0.8536232919084714
XIII	4775	0.948941565135743
XIV	4775	0.8930224789725792
XV	4775	0.8786987155579951
XVI	4775	0.7948687116719722
I	4780	0.7279274426847596
II	4780	0.9137378502282386
III	4780	0.8667201097252797
IV	4780	0.8647904314353173
V	4780	0.9318815421736941
VI	4780	0.8319779686927424
VII	4780	0.8214420591416577
VIII	4780	0.8107521110188877
IX	4780	0.8955052195104208
X	4780	0.867903630032008
XI	4780	0.9535074143391881
XII	4780	0.8536232919084714
XIII	4780	0.948941565135743
XIV	4780	0.8930224789725792
XV	4780	0.8786987155579951
XVI	4780	0.7948687116719722
I	4785	0.7279274426847596
II	4785	0.9137378502282386
III	4785	0.8667201097252797
IV	4785	0.8647904314353173
V	4785	0.9318815421736941
VI	4785	0.8319779686927424
VII	4785	0.8214420591416577
VIII	4785	0.8107521110188877
IX	4785	0.8955052195104208
X	4785	0.867903630032008
XI	4785	0.9535074143391881
XII	4785	0.8536232919084714
XIII	4785	0.948941565135743
XIV	4785	0.8930224789725792
XV	4785	0.8786987155579951
XVI	4785	0.7948687116719722
I	4790	0.7279274426847596
II	4790	0.9137378502282386
III	4790	0.8667201097252797
IV	4790	0.8647904314353173
V	4790	0.9318815421736941
VI	4790	0.8319779686927424
VII	4790	0.8214420591416577
VIII	4790	0.8107521110188877
IX	4790	0.8955052195104208
X	4790	0.867903630032008
XI	4790	0.9535074143391881
XII	4790	0.8580622662141745
XIII	4790	0.948941565135743
XIV	4790	0.8930224789725792
XV	4790	0.8786987155579951
XVI	4790	0.7948687116719722
I	4795	0.7279274426847596
II	4795	0.9137378502282386
III	4795	0.8667201097252797
IV	4795	0.8647904314353173
V	4795	0.9318815421736941
VI	4795	0.8319779686927424
VII	4795	0.8214420591416577
VIII	4795	0.8107521110188877
IX	4795	0.8955052195104208
X	4795	0.867903630032008
XI	4795	0.9535074143391881
XII	4795	0.8580622662141745
XIII	4795	0.948941565135743
XIV	4795	0.8930224789725792
XV	4795	0.8786987155579951
XVI	4795	0.7948687116719722
I	4800	0.7279274426847596
II	4800	0.9137378502282386
III	4800	0.8667201097252797
IV	4800	0.8647904314353173
V	4800	0.9318815421736941
VI	4800	0.8319779686927424
VII	4800	0.8214420591416577
VIII	4800	0.8107521110188877
IX	4800	0.8955052195104208
X	4800	0.867903630032008
XI	4800	0.9535074143391881
XII	4800	0.8580622662141745
XIII	4800	0.948941565135743
XIV	4800	0.8930224789725792
XV	4800	0.8786987155579951
XVI	4800	0.7948687116719722
I	4805	0.7279274426847596
II	4805	0.9137378502282386
III	4805	0.8667201097252797
IV	4805	0.8647904314353173
V	4805	0.9318815421736941
VI	4805	0.8319779686927424
VII	4805	0.8214420591416577
VIII	4805	0.8107521110188877
IX	4805	0.8955052195104208
X	4805	0.867903630032008
XI	4805	0.9535074143391881
XII	4805	0.8580622662141745
XIII	4805	0.948941565135743
XIV	4805	0.8930224789725792
XV	4805	0.8786987155579951
XVI	4805	0.7948687116719722
I	4810	0.7279274426847596
II	4810	0.9137378502282386
III	4810	0.8667201097252797
IV	4810	0.8647904314353173
V	4810	0.9318815421736941
VI	4810	0.8319779686927424
VII	4810	0.8214420591416577
VIII	4810	0.8107521110188877
IX	4810	0.8955052195104208
X	4810	0.867903630032008
XI	4810	0.9535074143391881
XII	4810	0.8580622662141745
XIII	4810	0.948941565135743
XIV	4810	0.8930224789725792
XV	4810	0.8786987155579951
XVI	4810	0.7948687116719722
I	4815	0.7279274426847596
II	4815	0.9137378502282386
III	4815	0.8667201097252797
IV	4815	0.8647904314353173
V	4815	0.9318815421736941
VI	4815	0.8319779686927424
VII	4815	0.8214420591416577
VIII	4815	0.8107521110188877
IX	4815	0.8955052195104208
X	4815	0.867903630032008
XI	4815	0.9535074143391881
XII	4815	0.8580622662141745
XIII	4815	0.948941565135743
XIV	4815	0.8930224789725792
XV	4815	0.8786987155579951
XVI	4815	0.7948687116719722
I	4820	0.7279274426847596
II	4820	0.9137378502282386
III	4820	0.8667201097252797
IV	4820	0.8647904314353173
V	4820	0.9318815421736941
VI	4820	0.8319779686927424
VII	4820	0.8214420591416577
VIII	4820	0.8107521110188877
IX	4820	0.8955052195104208
X	4820	0.867903630032008
XI	4820	0.9535074143391881
XII	4820	0.8580622662141745
XIII	4820	0.948941565135743
XIV	4820	0.8930224789725792
XV	4820	0.8786987155579951
XVI	4820	0.7948687116719722
I	4825	0.7279274426847596
II	4825	0.9137378502282386
III	4825	0.8667201097252797
IV	4825	0.8647904314353173
V	4825	0.9318815421736941
VI	4825	0.8319779686927424
VII	4825	0.8214420591416577
VIII	4825	0.8107521110188877
IX	4825	0.8955052195104208
X	4825	0.867903630032008
XI	4825	0.9535074143391881
XII	4825	0.8625355577052748
XIII	4825	0.948941565135743
XIV	4825	0.8930224789725792
XV	4825	0.8786987155579951
XVI	4825	0.7948687116719722
I	4830	0.7279274426847596
II	4830	0.9137378502282386
III	4830	0.8667201097252797
IV	4830	0.8647904314353173
V	4830	0.9318815421736941
VI	4830	0.8319779686927424
VII	4830	0.8214420591416577
VIII	4830	0.8107521110188877
IX	4830	0.8955052195104208
X	4830	0.867903630032008
XI	4830	0.9535074143391881
XII	4830	0.8625355577052748
XIII	4830	0.948941565135743
XIV	4830	0.8930224789725792
XV	4830	0.8786987155579951
XVI	4830	0.7948687116719722
I	4835	0.7279274426847596
II	4835	0.9137378502282386
III	4835	0.8667201097252797
IV	4835	0.8647904314353173
V	4835	0.9318815421736941
VI	4835	0.8319779686927424
VII	4835	0.8214420591416577
VIII	4835	0.8107521110188877
IX	4835	0.8955052195104208
X	4835	0.867903630032008
XI	4835	0.9535074143391881
XII	4835	0.8625355577052748
XIII	4835	0.948941565135743
XIV	4835	0.8930224789725792
XV	4835	0.8786987155579951
XVI	4835	0.7948687116719722
I	4840	0.7279274426847596
II	4840	0.9137378502282386
III	4840	0.8667201097252797
IV	4840	0.8647904314353173
V	4840	0.9318815421736941
VI	4840	0.8319779686927424
VII	4840	0.8214420591416577
VIII	4840	0.8107521110188877
IX	4840	0.8955052195104208
X	4840	0.867903630032008
XI	4840	0.9535074143391881
XII	4840	0.8625355577052748
XIII	4840	0.948941565135743
XIV	4840	0.8930224789725792
XV	4840	0.8786987155579951
XVI	4840	0.7948687116719722
I	4845	0.7279274426847596
II	4845	0.9137378502282386
III	4845	0.8667201097252797
IV	4845	0.8647904314353173
V	4845	0.9318815421736941
VI	4845	0.8319779686927424
VII	4845	0.8214420591416577
VIII	4845	0.8107521110188877
IX	4845	0.8955052195104208
X	4845	0.867903630032008
XI	4845	0.9535074143391881
XII	4845	0.8625355577052748
XIII	4845	0.948941565135743
XIV	4845	0.8930224789725792
XV	4845	0.8786987155579951
XVI	4845	0.7948687116719722
I	4850	0.7279274426847596
II	4850	0.9137378502282386
III	4850	0.8667201097252797
IV	4850	0.8647904314353173
V	4850	0.9318815421736941
VI	4850	0.8319779686927424
VII	4850	0.8214420591416577
VIII	4850	0.8107521110188877
IX	4850	0.8955052195104208
X	4850	0.867903630032008
XI	4850	0.9535074143391881
XII	4850	0.8625355577052748
XIII	4850	0.948941565135743
XIV	4850	0.8930224789725792
XV	4850	0.8786987155579951
XVI	4850	0.7948687116719722
I	4855	0.7279274426847596
II	4855	0.9137378502282386
III	4855	0.8667201097252797
IV	4855	0.8647904314353173
V	4855	0.9318815421736941
VI	4855	0.8319779686927424
VII	4855	0.8214420591416577
VIII	4855	0.8107521110188877
IX	4855	0.8955052195104208
X	4855	0.867903630032008
XI	4855	0.9535074143391881
XII	4855	0.8625355577052748
XIII	4855	0.948941565135743
XIV	4855	0.8930224789725792
XV	4855	0.8786987155579951
XVI	4855	0.7948687116719722
I	4860	0.7279274426847596
II	4860	0.9137378502282386
III	4860	0.8667201097252797
IV	4860	0.8647904314353173
V	4860	0.9318815421736941
VI	4860	0.8319779686927424
VII	4860	0.8214420591416577
VIII	4860	0.8107521110188877
IX	4860	0.8955052195104208
X	4860	0.867903630032008
XI	4860	0.9535074143391881
XII	4860	0.8625355577052748
XIII	4860	0.948941565135743
XIV	4860	0.8930224789725792
XV	4860	0.8786987155579951
XVI	4860	0.7948687116719722
I	4865	0.7279274426847596
II	4865	0.9137378502282386
III	4865	0.8667201097252797
IV	4865	0.8647904314353173
V	4865	0.9318815421736941
VI	4865	0.8319779686927424
VII	4865	0.8214420591416577
VIII	4865	0.8107521110188877
IX	4865	0.8955052195104208
X	4865	0.867903630032008
XI	4865	0.9535074143391881
XII	4865	0.8625355577052748
XIII	4865	0.948941565135743
XIV	4865	0.8930224789725792
XV	4865	0.8786987155579951
XVI	4865	0.7948687116719722
I	4870	0.7279274426847596
II	4870	0.9137378502282386
III	4870	0.8667201097252797
IV	4870	0.8647904314353173
V	4870	0.9318815421736941
VI	4870	0.8319779686927424
VII	4870	0.8214420591416577
VIII	4870	0.8107521110188877
IX	4870	0.8955052195104208
X	4870	0.867903630032008
XI	4870	0.9535074143391881
XII	4870	0.8625355577052748
XIII	4870	0.948941565135743
XIV	4870	0.8930224789725792
XV	4870	0.8786987155579951
XVI	4870	0.7948687116719722
I	4875	0.7279274426847596
II	4875	0.9137378502282386
III	4875	0.8667201097252797
IV	4875	0.8647904314353173
V	4875	0.9318815421736941
VI	4875	0.8319779686927424
VII	4875	0.8214420591416577
VIII	4875	0.8107521110188877
IX	4875	0.8955052195104208
X	4875	0.867903630032008
XI	4875	0.9535074143391881
XII	4875	0.8625355577052748
XIII	4875	0.948941565135743
XIV	4875	0.8930224789725792
XV	4875	0.8786987155579951
XVI	4875	0.7948687116719722
I	4880	0.7279274426847596
II	4880	0.9137378502282386
III	4880	0.8667201097252797
IV	4880	0.8647904314353173
V	4880	0.9318815421736941
VI	4880	0.8319779686927424
VII	4880	0.8214420591416577
VIII	4880	0.8107521110188877
IX	4880	0.8955052195104208
X	4880	0.867903630032008
XI	4880	0.9535074143391881
XII	4880	0.8625355577052748
XIII	4880	0.948941565135743
XIV	4880	0.8930224789725792
XV	4880	0.8786987155579951
XVI	4880	0.7948687116719722
I	4885	0.7279274426847596
II	4885	0.9137378502282386
III	4885	0.8667201097252797
IV	4885	0.8647904314353173
V	4885	0.9318815421736941
VI	4885	0.8319779686927424
VII	4885	0.8214420591416577
VIII	4885	0.8107521110188877
IX	4885	0.8955052195104208
X	4885	0.867903630032008
XI	4885	0.9535074143391881
XII	4885	0.8625355577052748
XIII	4885	0.948941565135743
XIV	4885	0.8930224789725792
XV	4885	0.8786987155579951
XVI	4885	0.7948687116719722
I	4890	0.7279274426847596
II	4890	0.9137378502282386
III	4890	0.8667201097252797
IV	4890	0.8647904314353173
V	4890	0.9318815421736941
VI	4890	0.8319779686927424
VII	4890	0.8214420591416577
VIII	4890	0.8107521110188877
IX	4890	0.8955052195104208
X	4890	0.867903630032008
XI	4890	0.9535074143391881
XII	4890	0.8625355577052748
XIII	4890	0.948941565135743
XIV	4890	0.8930224789725792
XV	4890	0.8786987155579951
XVI	4890	0.7948687116719722
I	4895	0.7279274426847596
II	4895	0.9137378502282386
III	4895	0.8667201097252797
IV	4895	0.8647904314353173
V	4895	0.9318815421736941
VI	4895	0.8319779686927424
VII	4895	0.8214420591416577
VIII	4895	0.8107521110188877
IX	4895	0.8955052195104208
X	4895	0.867903630032008
XI	4895	0.9535074143391881
XII	4895	0.8625355577052748
XIII	4895	0.948941565135743
XIV	4895	0.8930224789725792
XV	4895	0.8786987155579951
XVI	4895	0.7948687116719722
I	4900	0.7279274426847596
II	4900	0.9137378502282386
III	4900	0.8667201097252797
IV	4900	0.8647904314353173
V	4900	0.9318815421736941
VI	4900	0.8319779686927424
VII	4900	0.8214420591416577
VIII	4900	0.8107521110188877
IX	4900	0.8955052195104208
X	4900	0.867903630032008
XI	4900	0.9535074143391881
XII	4900	0.8625355577052748
XIII	4900	0.948941565135743
XIV	4900	0.8930224789725792
XV	4900	0.8786987155579951
XVI	4900	0.7948687116719722
I	4905	0.7279274426847596
II	4905	0.9137378502282386
III	4905	0.8667201097252797
IV	4905	0.8647904314353173
V	4905	0.9318815421736941
VI	4905	0.8319779686927424
VII	4905	0.8259345151887363
VIII	4905	0.8107521110188877
IX	4905	0.8955052195104208
X	4905	0.867903630032008
XI	4905	0.9535074143391881
XII	4905	0.8625355577052748
XIII	4905	0.948941565135743
XIV	4905	0.8930224789725792
XV	4905	0.8831906430090599
XVI	4905	0.7948687116719722
I	4910	0.7279274426847596
II	4910	0.9137378502282386
III	4910	0.8667201097252797
IV	4910	0.8647904314353173
V	4910	0.9318815421736941
VI	4910	0.8319779686927424
VII	4910	0.8259345151887363
VIII	4910	0.8107521110188877
IX	4910	0.8955052195104208
X	4910	0.867903630032008
XI	4910	0.9535074143391881
XII	4910	0.8625355577052748
XIII	4910	0.948941565135743
XIV	4910	0.8930224789725792
XV	4910	0.8831906430090599
XVI	4910	0.7948687116719722
I	4915	0.7279274426847596
II	4915	0.9137378502282386
III	4915	0.8667201097252797
IV	4915	0.8647904314353173
V	4915	0.9318815421736941
VI	4915	0.8319779686927424
VII	4915	0.8259345151887363
VIII	4915	0.8107521110188877
IX	4915	0.8955052195104208
X	4915	0.867903630032008
XI	4915	0.9535074143391881
XII	4915	0.8625355577052748
XIII	4915	0.948941565135743
XIV	4915	0.8930224789725792
XV	4915	0.8831906430090599
XVI	4915	0.7948687116719722
I	4920	0.7279274426847596
II	4920	0.9137378502282386
III	4920	0.8667201097252797
IV	4920	0.8647904314353173
V	4920	0.9318815421736941
VI	4920	0.8319779686927424
VII	4920	0.8259345151887363
VIII	4920	0.8107521110188877
IX	4920	0.8955052195104208
X	4920	0.867903630032008
XI	4920	0.9535074143391881
XII	4920	0.8625355577052748
XIII	4920	0.948941565135743
XIV	4920	0.8930224789725792
XV	4920	0.8831906430090599
XVI	4920	0.7948687116719722
I	4925	0.7279274426847596
II	4925	0.9137378502282386
III	4925	0.8667201097252797
IV	4925	0.8647904314353173
V	4925	0.9318815421736941
VI	4925	0.8501967345397744
VII	4925	0.8259345151887363
VIII	4925	0.8107521110188877
IX	4925	0.8955052195104208
X	4925	0.867903630032008
XI	4925	0.9535074143391881
XII	4925	0.8625355577052748
XIII	4925	0.948941565135743
XIV	4925	0.8930224789725792
XV	4925	0.8831906430090599
XVI	4925	0.7948687116719722
I	4930	0.7279274426847596
II	4930	0.9137378502282386
III	4930	0.8667201097252797
IV	4930	0.8647904314353173
V	4930	0.9318815421736941
VI	4930	0.8501967345397744
VII	4930	0.8259345151887363
VIII	4930	0.8107521110188877
IX	4930	0.8955052195104208
X	4930	0.867903630032008
XI	4930	0.9535074143391881
XII	4930	0.8625355577052748
XIII	4930	0.948941565135743
XIV	4930	0.8930224789725792
XV	4930	0.8831906430090599
XVI	4930	0.7948687116719722
I	4935	0.7279274426847596
II	4935	0.9137378502282386
III	4935	0.8667201097252797
IV	4935	0.8647904314353173
V	4935	0.9318815421736941
VI	4935	0.8501967345397744
VII	4935	0.8259345151887363
VIII	4935	0.8107521110188877
IX	4935	0.8955052195104208
X	4935	0.867903630032008
XI	4935	0.9535074143391881
XII	4935	0.8625355577052748
XIII	4935	0.948941565135743
XIV	4935	0.8930224789725792
XV	4935	0.8831906430090599
XVI	4935	0.7948687116719722
I	4940	0.7279274426847596
II	4940	0.9137378502282386
III	4940	0.8667201097252797
IV	4940	0.8647904314353173
V	4940	0.9318815421736941
VI	4940	0.8501967345397744
VII	4940	0.8259345151887363
VIII	4940	0.8107521110188877
IX	4940	0.8955052195104208
X	4940	0.867903630032008
XI	4940	0.9535074143391881
XII	4940	0.8625355577052748
XIII	4940	0.948941565135743
XIV	4940	0.8930224789725792
XV	4940	0.8831906430090599
XVI	4940	0.7948687116719722
I	4945	0.7279274426847596
II	4945	0.9137378502282386
III	4945	0.8667201097252797
IV	4945	0.8647904314353173
V	4945	0.9318815421736941
VI	4945	0.8501967345397744
VII	4945	0.8259345151887363
VIII	4945	0.8107521110188877
IX	4945	0.8955052195104208
X	4945	0.867903630032008
XI	4945	0.9535074143391881
XII	4945	0.8671182931930471
XIII	4945	0.948941565135743
XIV	4945	0.8930224789725792
XV	4945	0.8831906430090599
XVI	4945	0.7948687116719722
I	4950	0.7279274426847596
II	4950	0.9137378502282386
III	4950	0.8667201097252797
IV	4950	0.8647904314353173
V	4950	0.9318815421736941
VI	4950	0.8501967345397744
VII	4950	0.8259345151887363
VIII	4950	0.8107521110188877
IX	4950	0.8955052195104208
X	4950	0.867903630032008
XI	4950	0.9535074143391881
XII	4950	0.8671182931930471
XIII	4950	0.948941565135743
XIV	4950	0.8930224789725792
XV	4950	0.8831906430090599
XVI	4950	0.7948687116719722
I	4955	0.7279274426847596
II	4955	0.9137378502282386
III	4955	0.8667201097252797
IV	4955	0.8647904314353173
V	4955	0.9318815421736941
VI	4955	0.8501967345397744
VII	4955	0.8259345151887363
VIII	4955	0.8107521110188877
IX	4955	0.8955052195104208
X	4955	0.867903630032008
XI	4955	0.9535074143391881
XII	4955	0.8671182931930471
XIII	4955	0.948941565135743
XIV	4955	0.8930224789725792
XV	4955	0.8831906430090599
XVI	4955	0.7948687116719722
I	4960	0.7279274426847596
II	4960	0.9137378502282386
III	4960	0.8667201097252797
IV	4960	0.8647904314353173
V	4960	0.9318815421736941
VI	4960	0.8501967345397744
VII	4960	0.8259345151887363
VIII	4960	0.8107521110188877
IX	4960	0.8955052195104208
X	4960	0.867903630032008
XI	4960	0.9535074143391881
XII	4960	0.8671182931930471
XIII	4960	0.948941565135743
XIV	4960	0.8930224789725792
XV	4960	0.8831906430090599
XVI	4960	0.7948687116719722
I	4965	0.7279274426847596
II	4965	0.9137378502282386
III	4965	0.8667201097252797
IV	4965	0.8647904314353173
V	4965	0.9318815421736941
VI	4965	0.8501967345397744
VII	4965	0.8259345151887363
VIII	4965	0.8107521110188877
IX	4965	0.8955052195104208
X	4965	0.867903630032008
XI	4965	0.9535074143391881
XII	4965	0.8671182931930471
XIII	4965	0.948941565135743
XIV	4965	0.8930224789725792
XV	4965	0.8831906430090599
XVI	4965	0.7948687116719722
I	4970	0.7279274426847596
II	4970	0.9137378502282386
III	4970	0.8667201097252797
IV	4970	0.8647904314353173
V	4970	0.9318815421736941
VI	4970	0.8501967345397744
VII	4970	0.8259345151887363
VIII	4970	0.8107521110188877
IX	4970	0.8955052195104208
X	4970	0.867903630032008
XI	4970	0.9535074143391881
XII	4970	0.8671182931930471
XIII	4970	0.948941565135743
XIV	4970	0.8930224789725792
XV	4970	0.8831906430090599
XVI	4970	0.7948687116719722
I	4975	0.7279274426847596
II	4975	0.9137378502282386
III	4975	0.8667201097252797
IV	4975	0.8647904314353173
V	4975	0.9318815421736941
VI	4975	0.8501967345397744
VII	4975	0.8259345151887363
VIII	4975	0.8107521110188877
IX	4975	0.8955052195104208
X	4975	0.867903630032008
XI	4975	0.9535074143391881
XII	4975	0.8671182931930471
XIII	4975	0.948941565135743
XIV	4975	0.8930224789725792
XV	4975	0.8831906430090599
XVI	4975	0.7948687116719722
I	4980	0.7279274426847596
II	4980	0.9137378502282386
III	4980	0.8667201097252797
IV	4980	0.8647904314353173
V	4980	0.9318815421736941
VI	4980	0.8501967345397744
VII	4980	0.8259345151887363
VIII	4980	0.8107521110188877
IX	4980	0.8955052195104208
X	4980	0.867903630032008
XI	4980	0.9535074143391881
XII	4980	0.8671182931930471
XIII	4980	0.948941565135743
XIV	4980	0.8930224789725792
XV	4980	0.8831906430090599
XVI	4980	0.800118346191088
I	4985	0.7279274426847596
II	4985	0.9137378502282386
III	4985	0.8667201097252797
IV	4985	0.8647904314353173
V	4985	0.9318815421736941
VI	4985	0.8501967345397744
VII	4985	0.8259345151887363
VIII	4985	0.8107521110188877
IX	4985	0.8955052195104208
X	4985	0.867903630032008
XI	4985	0.9535074143391881
XII	4985	0.8671182931930471
XIII	4985	0.948941565135743
XIV	4985	0.8930224789725792
XV	4985	0.8831906430090599
XVI	4985	0.800118346191088
I	4990	0.7279274426847596
II	4990	0.9137378502282386
III	4990	0.8667201097252797
IV	4990	0.8647904314353173
V	4990	0.9318815421736941
VI	4990	0.8501967345397744
VII	4990	0.8259345151887363
VIII	4990	0.8107521110188877
IX	4990	0.8955052195104208
X	4990	0.867903630032008
XI	4990	0.9535074143391881
XII	4990	0.8671182931930471
XIII	4990	0.948941565135743
XIV	4990	0.8930224789725792
XV	4990	0.8831906430090599
XVI	4990	0.800118346191088
I	4995	0.7279274426847596
II	4995	0.9137378502282386
III	4995	0.8667201097252797
IV	4995	0.8647904314353173
V	4995	0.9318815421736941
VI	4995	0.8501967345397744
VII	4995	0.8259345151887363
VIII	4995	0.8107521110188877
IX	4995	0.8955052195104208
X	4995	0.867903630032008
XI	4995	0.9535074143391881
XII	4995	0.8671182931930471
XIII	4995	0.948941565135743
XIV	4995	0.8930224789725792
XV	4995	0.8831906430090599
XVI	4995	0.800118346191088
