chr	max_distance	density
I	0	1.0
II	0	1.0
III	0	1.0
IV	0	1.0
V	0	1.0
VI	0	1.0
VII	0	1.0
VIII	0	1.0
IX	0	1.0
X	0	1.0
XI	0	1.0
XII	0	1.0
XIII	0	1.0
XIV	0	1.0
XV	0	1.0
XVI	0	1.0
I	5	0.9986230442450199
II	5	0.9994638359830001
III	5	0.9996430170694206
IV	5	0.9995189084640125
V	5	0.9990851806204107
VI	5	0.9989857899548787
VII	5	0.9993730177644967
VIII	5	0.9995894377073917
IX	5	0.9991247772160187
X	5	0.9993845130613301
XI	5	0.9993761397446972
XII	5	0.9994592724571197
XIII	5	0.9994082846637553
XIV	5	0.9994300890055627
XV	5	0.999260508883515
XVI	5	0.9994272550645208
I	10	0.9955607293956164
II	10	0.9981517098221313
III	10	0.9987599540306191
IV	10	0.9980919531076098
V	10	0.9968979464301213
VI	10	0.9969906833332717
VII	10	0.997981557189213
VIII	10	0.9985265967940594
IX	10	0.9972947659404212
X	10	0.9979886047755886
XI	10	0.9975555475573471
XII	10	0.9980198056534316
XIII	10	0.9979414364079093
XIV	10	0.9981206961838913
XV	10	0.9975295315365013
XVI	10	0.9980592068484684
I	15	0.9922681979688817
II	15	0.9963575279395561
III	15	0.9974604109061417
IV	15	0.9961218930592918
V	15	0.9942263960976965
VI	15	0.9944810686960738
VII	15	0.9960107796945753
VIII	15	0.9967634894595685
IX	15	0.994180336813007
X	15	0.9955306798113579
XI	15	0.9954440205393992
XII	15	0.9958967776162913
XIII	15	0.9960386443120146
XIV	15	0.9964683367906234
XV	15	0.9954393466087413
XVI	15	0.9959749637683453
I	20	0.9888540426899721
II	20	0.9936963835983
III	20	0.9959792448871589
IV	20	0.9936302697311175
V	20	0.9914593712569653
VI	20	0.9905870943622507
VII	20	0.9937329275670522
VIII	20	0.994763997774788
IX	20	0.9918592914560069
X	20	0.9932430529761275
XI	20	0.9926261517420097
XII	20	0.9932701216961594
XIII	20	0.9938805600417987
XIV	20	0.9941759431261977
XV	20	0.9929835396791507
XVI	20	0.9939518978636508
I	25	0.9848100496051568
II	25	0.9909516173461357
III	25	0.9939657359015228
IV	25	0.9906066388020887
V	25	0.9873991008037217
VI	25	0.987103986141597
VII	25	0.9908161768749886
VIII	25	0.9922153123739209
IX	25	0.989158604008293
X	25	0.9899269327161478
XI	25	0.9891094394855552
XII	25	0.9903420310394304
XIII	25	0.9903519029543578
XIV	25	0.991355712433367
XV	25	0.9901786049733756
XVI	25	0.9910575845985407
I	30	0.9800493445343109
II	30	0.9871800232173776
III	30	0.9921839526778417
IV	30	0.9871495685516273
V	30	0.9828059090041141
VI	30	0.9837504302989699
VII	30	0.987849927585385
VIII	30	0.9900842985694304
IX	30	0.9842982759247808
X	30	0.9863546947975933
XI	30	0.9848743881370573
XII	30	0.9874603149575626
XIII	30	0.9869303387705518
XIV	30	0.9882945126623514
XV	30	0.9865287993761517
XVI	30	0.9881748739011841
I	35	0.9761790998097456
II	35	0.9828316838501495
III	35	0.9898009350447637
IV	35	0.9844340450920503
V	35	0.9771868002152516
VI	35	0.9803265460225569
VII	35	0.9847975140704347
VIII	35	0.987510730605375
IX	35	0.9805291346888299
X	35	0.983041256397913
XI	35	0.9812991889816681
XII	35	0.9842001823448283
XIII	35	0.9840096232168761
XIV	35	0.984963019533795
XV	35	0.98323087059272
XVI	35	0.9849303740456888
I	40	0.9717094232423181
II	40	0.9786050881473319
III	40	0.9875494374387415
IV	40	0.9800774576956042
V	40	0.9726578367212318
VI	40	0.9749704805652926
VII	40	0.9807028800850642
VIII	40	0.9843310944950884
IX	40	0.976321245407922
X	40	0.9793764942990355
XI	40	0.9771826110951147
XII	40	0.9802694733796028
XIII	40	0.9803900994233209
XIV	40	0.9815563032538476
XV	40	0.9787444412168707
XVI	40	0.9809992131349505
I	45	0.9668705314093599
II	45	0.9743600464347553
III	45	0.9856517913340828
IV	45	0.9756627737636046
V	45	0.9673355668581943
VI	45	0.9690702951203172
VII	45	0.9771545639540213
VIII	45	0.9809168513604541
IX	45	0.9714245444294911
X	45	0.9754650010526301
XI	45	0.9731215207793454
XII	45	0.9755355567777833
XIII	45	0.9767694938832644
XIV	45	0.9780004156397857
XV	45	0.9740197619150163
XVI	45	0.977132393736301
I	50	0.9622618561537325
II	50	0.9698665984574217
III	50	0.9844399282276424
IV	50	0.9707944146382381
V	50	0.9626069748468068
VI	50	0.964099185300617
VII	50	0.9735961647753314
VIII	50	0.9780855711348049
IX	50	0.9675053650020005
X	50	0.9716835780307368
XI	50	0.9683195964104041
XII	50	0.9718506330593214
XIII	50	0.9725485190349523
XIV	50	0.9740072137727215
XV	50	0.970463423596456
XVI	50	0.9729955509426559
I	55	0.9559243847136193
II	55	0.9659154631670077
III	55	0.9819880191518211
IV	55	0.9664809100659102
V	55	0.9583679066780079
VI	55	0.9589689111307702
VII	55	0.9700441820815077
VIII	55	0.9747904088382865
IX	55	0.9614947441166842
X	55	0.967342987136457
XI	55	0.962548889048853
XII	55	0.9671927707602741
XIII	55	0.9675010898596001
XIV	55	0.9706961201428475
XV	55	0.9663563614104762
XVI	55	0.9684251940265762
I	60	0.9501429080263055
II	60	0.9603287816779474
III	60	0.9796425786693305
IV	60	0.961886714366751
V	60	0.9525456975714757
VI	60	0.953176069084731
VII	60	0.9658459676975819
VIII	60	0.9709549394553918
IX	60	0.9559728840068381
X	60	0.9634502669121463
XI	60	0.9564662515596506
XII	60	0.9622510960630768
XIII	60	0.9607347654935847
XIV	60	0.9655018977908618
XV	60	0.9621530829082252
XVI	60	0.964525676482439
I	65	0.945212798304216
II	65	0.9559287934833937
III	65	0.9766896409190119
IV	65	0.9571985197786065
V	65	0.9477372541531411
VI	65	0.9485084819792642
VII	65	0.9619429116175042
VIII	65	0.9672563241700333
IX	65	0.9507897464809224
X	65	0.9586524188368504
XI	65	0.9510914555139649
XII	65	0.958406643807093
XIII	65	0.9562368635409241
XIV	65	0.9601062303893881
XV	65	0.9575979275921821
XVI	65	0.9601989734891875
I	70	0.9416943940091566
II	70	0.9504909098063907
III	70	0.9747982576727844
IV	70	0.9524443954141597
V	70	0.9433575780721093
VI	70	0.9399395175469443
VII	70	0.9565668139402717
VIII	70	0.9628023453593131
IX	70	0.9449018841159568
X	70	0.9530084438371521
XI	70	0.9455996856704099
XII	70	0.9528565346877182
XIII	70	0.9508984445567057
XIV	70	0.955448769846481
XV	70	0.9520650312336489
XVI	70	0.9536445774872213
I	75	0.9363038511324049
II	75	0.9443901995120415
III	75	0.9706679025373971
IV	75	0.9478351860035654
V	75	0.937901643897443
VI	75	0.9334322866735021
VII	75	0.9521412726639412
VIII	75	0.9586540666106217
IX	75	0.9384456952678863
X	75	0.9478029529963755
XI	75	0.9400044390056628
XII	75	0.947638467524349
XIII	75	0.9460057051310482
XIV	75	0.9502596473691659
XV	75	0.9462489840015175
XVI	75	0.9483706830537114
I	80	0.9329157581075329
II	80	0.9385440441523689
III	80	0.9670166560719978
IV	80	0.9438115113389424
V	80	0.932322460812054
VI	80	0.9268214138976388
VII	80	0.9483463801858948
VIII	80	0.9554637665446829
IX	80	0.9327897101080275
X	80	0.9428924667885126
XI	80	0.9341797437374029
XII	80	0.9429602004123627
XIII	80	0.9406034631032495
XIV	80	0.944570737174134
XV	80	0.941179758652825
XVI	80	0.9443361538120764
I	85	0.9282202086717807
II	85	0.9336546218322053
III	85	0.964927992785187
IV	85	0.9382838544505536
V	85	0.9275747738990053
VI	85	0.9212876766076524
VII	85	0.9441756650228244
VIII	85	0.9513243744257015
IX	85	0.925997071981959
X	85	0.9369803057588927
XI	85	0.9275857207985412
XII	85	0.9382040240146099
XIII	85	0.9336251164229672
XIV	85	0.9393918144461599
XV	85	0.9366969946604526
XVI	85	0.938051781205106
I	90	0.9216872703263863
II	90	0.9268382063592003
III	90	0.9624385065587785
IV	90	0.9331674427014759
V	90	0.9216327876820525
VI	90	0.9141215793545331
VII	90	0.939308302931417
VIII	90	0.9453561139123743
IX	90	0.9187906921761902
X	90	0.9304861810443432
XI	90	0.9208417314521548
XII	90	0.933151050337746
XIII	90	0.927628995565921
XIV	90	0.9336531804730899
XV	90	0.9300058371231871
XVI	90	0.932187210595043
I	95	0.9144549948309862
II	95	0.9221455414764678
III	95	0.9589281744080816
IV	95	0.9284191932675907
V	95	0.9145416355651222
VI	95	0.9082917223433434
VII	95	0.9347269327369058
VIII	95	0.942395088892957
IX	95	0.9132870185138036
X	95	0.9247630911658181
XI	95	0.9145641376331701
XII	95	0.9281481612017322
XIII	95	0.9225891386160784
XIV	95	0.9283072368496544
XV	95	0.9249796800303494
XVI	95	0.9279638759326883
I	100	0.9097637891042404
II	100	0.9162465075554856
III	100	0.9558687680644323
IV	100	0.9228745643575796
V	100	0.9080910306039197
VI	100	0.902484074311244
VII	100	0.929618494142666
VIII	100	0.9385862793991927
IX	100	0.9072627577928928
X	100	0.9195254180014509
XI	100	0.9088249232171993
XII	100	0.9236043803568431
XIII	100	0.9169683837950047
XIV	100	0.9233195594218272
XV	100	0.9186000800886289
XVI	100	0.9220887575337582
I	105	0.9017235837336786
II	105	0.9104360144813474
III	105	0.9523239901923637
IV	105	0.9161014221901349
V	105	0.9021681392886282
VI	105	0.8948737974763197
VII	105	0.9250820393422187
VIII	105	0.9332791841362996
IX	105	0.9028320845306078
X	105	0.9146806373709188
XI	105	0.9031037047701315
XII	105	0.9187369049794236
XIII	105	0.9098321021255237
XIV	105	0.9192460345287015
XV	105	0.9121838263121386
XVI	105	0.9167610693770265
I	110	0.8993736371612993
II	110	0.904474264127184
III	110	0.94926771527793
IV	110	0.9108139846847088
V	110	0.8972902598642526
VI	110	0.8872820281239705
VII	110	0.9203494234330027
VIII	110	0.9292517635516659
IX	110	0.896482741061361
X	110	0.9099055851081661
XI	110	0.8985747192628851
XII	110	0.9131357838277018
XIII	110	0.904456903760259
XIV	110	0.914427927933671
XV	110	0.9065583790208112
XVI	110	0.9122297392797548
I	115	0.8939657194485227
II	115	0.8967011156146703
III	115	0.9453784801921445
IV	115	0.904702751360536
V	115	0.8914072942524346
VI	115	0.8826810679557745
VII	115	0.9164335343831925
VIII	115	0.9234221344618169
IX	115	0.8908335758192995
X	115	0.9058170890820126
XI	115	0.8921621556771283
XII	115	0.9077878678547214
XIII	115	0.897733849254298
XIV	115	0.9073799011389295
XV	115	0.900249337711023
XVI	115	0.9071066782270433
I	120	0.887780277823628
II	120	0.8913148807649929
III	120	0.9409381135644119
IV	120	0.8989309584688103
V	120	0.8858680368705192
VI	120	0.8778950329618265
VII	120	0.9121280730379306
VIII	120	0.9181825775847207
IX	120	0.8835726366711527
X	120	0.8997922899198257
XI	120	0.8861500023994625
XII	120	0.9025262085909828
XIII	120	0.8913309917127401
XIV	120	0.9023807489930935
XV	120	0.896785550325257
XVI	120	0.9012389432803202
I	125	0.8818902084111582
II	125	0.8844960058240201
III	125	0.939394318961117
IV	125	0.8922609539712246
V	125	0.8820247539361535
VI	125	0.8737826703336159
VII	125	0.907605367847911
VIII	125	0.914471521017768
IX	125	0.8785168042774525
X	125	0.8935221005402607
XI	125	0.880607243977349
XII	125	0.8968286283235498
XIII	125	0.8865399364582105
XIV	125	0.8973662972232458
XV	125	0.8919417460604
XVI	125	0.895010473954345
I	130	0.87246870357661
II	130	0.8783534845742169
III	130	0.9349664780502469
IV	130	0.8864121342121359
V	130	0.8747096706997414
VI	130	0.868111977672573
VII	130	0.9019900269492365
VIII	130	0.9092301868147298
IX	130	0.8698054959444222
X	130	0.8868482911856639
XI	130	0.8746625755830694
XII	130	0.8904391393991895
XIII	130	0.8808640125655673
XIV	130	0.8918303832683312
XV	130	0.8858617912179244
XVI	130	0.8893515852271888
I	135	0.8631775100122493
II	135	0.8713169467180859
III	135	0.9320354603044375
IV	135	0.8798093650309772
V	135	0.8703282587185585
VI	135	0.8627300017397034
VII	135	0.8973655746420518
VIII	135	0.9049752685095167
IX	135	0.8628173535081657
X	135	0.8789971451597115
XI	135	0.8672977253095306
XII	135	0.8839021793267711
XIII	135	0.8763985630079476
XIV	135	0.8848805290609983
XV	135	0.8801364622268487
XVI	135	0.8847242702512272
I	140	0.855376208637031
II	140	0.8669095801196285
III	140	0.929865379858021
IV	140	0.8755807205667611
V	140	0.8655389102018852
VI	140	0.8581179370819623
VII	140	0.8925733770876492
VIII	140	0.9020426807051718
IX	140	0.8559292365329356
X	140	0.8752814277151489
XI	140	0.8621268835780785
XII	140	0.879551316713304
XIII	140	0.871338152874579
XIV	140	0.8794313129754836
XV	140	0.8740555910385039
XVI	140	0.8804977712522124
I	145	0.8467235402965885
II	145	0.8612896958130017
III	145	0.9258383618867487
IV	145	0.8707319445432666
V	145	0.8566024962244172
VI	145	0.8528433045480288
VII	145	0.8883705795002474
VIII	145	0.896954196533148
IX	145	0.8461926672243844
X	145	0.8693411071523873
XI	145	0.8544321072079855
XII	145	0.8734586250680547
XIII	145	0.8654610241326827
XIV	145	0.8735881315716666
XV	145	0.8672370614254127
XVI	145	0.8752196577031557
I	150	0.8364072314067535
II	150	0.8547389028805289
III	150	0.9230451270264262
IV	150	0.8650267341979055
V	150	0.8517211449997396
VI	150	0.846276849730346
VII	150	0.8829376500999139
VIII	150	0.8930067556159057
IX	150	0.8391158658567636
X	150	0.8625801373380659
XI	150	0.8444458441309147
XII	150	0.8696132453205735
XIII	150	0.8580597145703681
XIV	150	0.866601303272972
XV	150	0.8618003813831507
XVI	150	0.868816095081988
I	155	0.8304129129781338
II	155	0.8496441149850464
III	155	0.9211318237756895
IV	155	0.8590414854957756
V	155	0.8448348291006301
VI	155	0.8406246645518783
VII	155	0.8790144279245421
VIII	155	0.8894609903615615
IX	155	0.8338872622121994
X	155	0.8564306316719655
XI	155	0.8405362198867453
XII	155	0.8659218291616312
XIII	155	0.8507730701371979
XIV	155	0.8605477520389937
XV	155	0.858289860358053
XVI	155	0.8622068505779134
I	160	0.8269813828631992
II	160	0.8407125570596569
III	160	0.9186673889830057
IV	160	0.8531711243246278
V	160	0.8366431162879511
VI	160	0.8353759424935502
VII	160	0.8740966505948998
VIII	160	0.8841201259057697
IX	160	0.8278084421489106
X	160	0.8501054641562666
XI	160	0.8343770995297053
XII	160	0.8587634497860741
XIII	160	0.8466851501085533
XIV	160	0.8553050808776375
XV	160	0.8540847491640635
XVI	160	0.8568802172000684
I	165	0.8184850880469815
II	165	0.8328877597198174
III	165	0.9151069539648591
IV	165	0.8466643123426416
V	165	0.8304129706459284
VI	165	0.8263035745351845
VII	165	0.8699204355876583
VIII	165	0.8792004876982384
IX	165	0.8192926381260685
X	165	0.8437534780375755
XI	165	0.8277755782704674
XII	165	0.8537689080735352
XIII	165	0.8421050354217892
XIV	165	0.8492732041110089
XV	165	0.8482485423228084
XVI	165	0.8513647784015037
I	170	0.8162784838718085
II	170	0.8269051038879269
III	170	0.9124577648484545
IV	170	0.8422705170526388
V	170	0.8242869790129672
VI	170	0.8225761675445382
VII	170	0.8656122243203109
VIII	170	0.8765096162220093
IX	170	0.8139549157967483
X	170	0.83789495421394
XI	170	0.8212340435742393
XII	170	0.8494096980365933
XIII	170	0.8348508433836598
XIV	170	0.8451831046252039
XV	170	0.842234564382919
XVI	170	0.8478196665632983
I	175	0.8087986169630524
II	175	0.8211745435227452
III	175	0.9092104727518687
IV	175	0.8372996730274758
V	175	0.8176749353377194
VI	175	0.8187377156584407
VII	175	0.8594184831429776
VIII	175	0.8706515499170877
IX	175	0.8112110355363183
X	175	0.8314102160104379
XI	175	0.813980168442269
XII	175	0.8449243491560291
XIII	175	0.8296151903170708
XIV	175	0.8376786390474454
XV	175	0.8371653390342264
XVI	175	0.8425447173509018
I	180	0.8010407526778967
II	180	0.8137235853140249
III	180	0.9069746322919243
IV	180	0.8314854500816942
V	180	0.8108858298470673
VI	180	0.8102168706808163
VII	180	0.8540405521843548
VIII	180	0.8646459655589779
IX	180	0.8055300440112029
X	180	0.8240096225147536
XI	180	0.8075871004894903
XII	180	0.8401273631323984
XIII	180	0.8205717895656895
XIV	180	0.8315307401320613
XV	180	0.8306327093323412
XVI	180	0.8370925652855392
I	185	0.7922881790303103
II	185	0.8078663623484967
III	185	0.9052492147941242
IV	185	0.8261124996980939
V	185	0.8048639922231673
VI	185	0.8014184134645638
VII	185	0.8495150970722496
VIII	185	0.8600942338214462
IX	185	0.7976121194485869
X	185	0.8176281359327712
XI	185	0.8012810130530761
XII	185	0.8345290244551683
XIII	185	0.8162253321232196
XIV	185	0.8257041333209236
XV	185	0.8260949645878138
XVI	185	0.8322574588688973
I	190	0.7841610994796236
II	190	0.802558830473792
III	190	0.903483088716521
IV	190	0.820845298064602
V	190	0.7989949138125575
VI	190	0.7937711216644889
VII	190	0.8458971162483729
VIII	190	0.8574424635159418
IX	190	0.7929041028625469
X	190	0.8093103462147553
XI	190	0.794235591227565
XII	190	0.8287767221893994
XIII	190	0.8078991293022411
XIV	190	0.8185069351920676
XV	190	0.821782640927122
XVI	190	0.8267072123670715
I	195	0.7791137096143655
II	195	0.7959084290886196
III	195	0.8992650535630967
IV	195	0.8150441305200684
V	195	0.7926258961584529
VI	195	0.7859054415700267
VII	195	0.8409390067281427
VIII	195	0.8495440270295729
IX	195	0.7867616302331503
X	195	0.8056965394615629
XI	195	0.7872801492465688
XII	195	0.8226812480696584
XIII	195	0.8028798255359243
XIV	195	0.8118643484336372
XV	195	0.8159464340858671
XVI	195	0.822620998959988
I	200	0.7739490396059387
II	200	0.7924922280812214
III	200	0.8949280240994792
IV	200	0.810259325962689
V	200	0.7864374121200548
VI	200	0.7844359474535555
VII	200	0.8365858800667314
VIII	200	0.8453317645469685
IX	200	0.7827060524497145
X	200	0.8001102244582977
XI	200	0.7807641088396199
XII	200	0.8180892376669137
XIII	200	0.7968945221438918
XIV	200	0.8078188728511997
XV	200	0.8112318345885744
XVI	200	0.8178238645832674
I	205	0.7660174269605331
II	205	0.7870002361089249
III	205	0.8911108118856528
IV	205	0.8042988825229301
V	205	0.7804346693978162
VI	205	0.7776511043414852
VII	205	0.8324903294406658
VIII	205	0.8420863673768268
IX	205	0.7780957880187684
X	205	0.7944032257415679
XI	205	0.7710327886553412
XII	205	0.812639297629239
XIII	205	0.7905327709693855
XIV	205	0.8029076935434312
XV	205	0.8062230880672524
XVI	205	0.8114002611632524
I	210	0.7578425666107776
II	210	0.779319317645207
III	210	0.8878384683553421
IV	210	0.7995512858591074
V	210	0.7743052059645529
VI	210	0.7738015479658426
VII	210	0.8281060369956185
VIII	210	0.8380020723620484
IX	210	0.7719305823300476
X	210	0.7893787604709883
XI	210	0.7651061162299645
XII	210	0.8076169311717835
XIII	210	0.7855740450071449
XIV	210	0.7984019542719738
XV	210	0.8003080754812419
XVI	210	0.8074511690114401
I	215	0.7522782753737761
II	215	0.7756608590429718
III	215	0.885824959369706
IV	215	0.7952456145275283
V	215	0.7702310483101013
VI	215	0.7682900196549465
VII	215	0.8228335197169414
VIII	215	0.8346002705090084
IX	215	0.7670907139999272
X	215	0.7825158799652967
XI	215	0.7580726917170554
XII	215	0.8022820000797642
XIII	215	0.7809636414183427
XIV	215	0.7921597076751838
XV	215	0.7960241585424969
XVI	215	0.8036318146626923
I	220	0.7465706417395686
II	220	0.7689600385644577
III	220	0.882402307237046
IV	220	0.7889999105705015
V	220	0.7653149790824032
VI	220	0.7642516869570367
VII	220	0.816426201257631
VIII	220	0.831500614066113
IX	220	0.7626418542901829
X	220	0.7752158562308331
XI	220	0.7518640824455322
XII	220	0.7964276737493009
XIII	220	0.7736510350691398
XIV	220	0.7860666324125085
XV	220	0.7888363415440978
XVI	220	0.7983631941236159
I	225	0.7397683934357869
II	225	0.7637422772705809
III	225	0.8817071299511811
IV	225	0.7821627969369418
V	225	0.7595240161785894
VI	225	0.7617790872849893
VII	225	0.8102957082882651
VIII	225	0.8279157476410441
IX	225	0.7570654348379587
X	225	0.7674317567123611
XI	225	0.7471776322103849
XII	225	0.7924988197670698
XIII	225	0.7693089046126752
XIV	225	0.7800997790479299
XV	225	0.7843379996719482
XVI	225	0.7913046138138062
I	230	0.7358286493671216
II	230	0.7561744943333858
III	230	0.8788575293649775
IV	230	0.7768087768851509
V	230	0.755175586300276
VI	230	0.7575704857473877
VII	230	0.8063184043118778
VIII	230	0.823463546156266
IX	230	0.7529211981231586
X	230	0.7643784587617046
XI	230	0.7437598977828966
XII	230	0.7867947470591563
XIII	230	0.7638925998803588
XIV	230	0.7751643753354761
XV	230	0.7789168975094636
XVI	230	0.7855444663135267
I	235	0.7307856032108697
II	235	0.7515875865732725
III	235	0.8781216434993095
IV	235	0.7719495565406581
V	235	0.749511344107487
VI	235	0.7515259419383257
VII	235	0.8026875905182687
VIII	235	0.8180711392481556
IX	235	0.7492111628414505
X	235	0.7587693479458961
XI	235	0.7392099169785968
XII	235	0.780530469486921
XIII	235	0.7573253168705939
XIV	235	0.7707019849987187
XV	235	0.774660470946796
XVI	235	0.7818537949889565
I	240	0.7256079020754241
II	240	0.7442657504328664
III	240	0.8736405682917741
IV	240	0.7655791735017132
V	240	0.7416633395247105
VI	240	0.7435899334100777
VII	240	0.7974618219150458
VIII	240	0.8151065595768543
IX	240	0.7432596479103772
X	240	0.7527043208792211
XI	240	0.7349238770515405
XII	240	0.7736818722714359
XIII	240	0.7529474887795844
XIV	240	0.7643309665664967
XV	240	0.7709428557552477
XVI	240	0.7770830300844034
I	245	0.72034767046886
II	245	0.7406896840075555
III	245	0.8698421446532412
IV	245	0.7609869361127413
V	245	0.7365893033832694
VI	245	0.7372936878379929
VII	245	0.7932351916695694
VIII	245	0.8125134410274366
IX	245	0.7393950278252646
X	245	0.7461699682601833
XI	245	0.7272710912755542
XII	245	0.7689451731951248
XIII	245	0.7482289105406461
XIV	245	0.7603046155140737
XV	245	0.7682717075463832
XVI	245	0.7727225741667774
I	250	0.7192660869263047
II	250	0.7351989217692428
III	250	0.8644185092518076
IV	250	0.7545284291153725
V	250	0.7305657298592185
VI	250	0.7354614470630476
VII	250	0.7893825508277266
VIII	250	0.8085446721988899
IX	250	0.7354417488087877
X	250	0.7401786923517367
XI	250	0.7190844250887801
XII	250	0.7618368783604176
XIII	250	0.7428699383729018
XIV	250	0.754288038371457
XV	250	0.7637266320349018
XVI	250	0.7677577299470711
I	255	0.71597355549957
II	255	0.7295987132063592
III	255	0.8604572512940631
IV	255	0.7494022258153588
V	255	0.7217733955942854
VI	255	0.7317118310933111
VII	255	0.7856637395273801
VIII	255	0.8044870370732419
IX	255	0.7319840504855781
X	255	0.7354250949713779
XI	255	0.7145284456281793
XII	255	0.7578486649223644
XIII	255	0.7362810204331096
XIV	255	0.7452408607058482
XV	255	0.7588654171985291
XVI	255	0.7605462066986898
I	260	0.7137278579433407
II	260	0.7235693274830789
III	260	0.858036656510398
IV	260	0.7440162200305105
V	260	0.7177582585449684
VI	260	0.7288468727906693
VII	260	0.782363833024731
VIII	260	0.8012789637478828
IX	260	0.7243548357763795
X	260	0.731962813325091
XI	260	0.7060148526730012
XII	260	0.753542321900764
XIII	260	0.7306970449930822
XIV	260	0.7393224561506401
XV	260	0.7541398215508054
XVI	260	0.7559072891549744
I	265	0.708020224309133
II	265	0.716462694789863
III	265	0.8563926561722035
IV	265	0.7398913660062156
V	265	0.709082229590154
VI	265	0.7249380924707859
VII	265	0.7794745815535227
VIII	265	0.799402107553102
IX	265	0.7136066453279016
X	265	0.7280835024022764
XI	265	0.700103176888377
XII	265	0.7474589051704869
XIII	265	0.7258713738505091
XIV	265	0.7329680123110974
XV	265	0.7514851675675874
XVI	265	0.7511839893003229
I	270	0.7033594245454309
II	270	0.7128312903352747
III	270	0.8521965410232885
IV	270	0.7348186898513186
V	270	0.7025656604232124
VI	270	0.7179829805190239
VII	270	0.7757933525216786
VIII	270	0.7946388740284692
IX	270	0.7099398028589096
X	270	0.7212541451503249
XI	270	0.6932557107207985
XII	270	0.74373224433465
XIII	270	0.722096078560758
XIV	270	0.729547271375806
XV	270	0.7490321096756044
XVI	270	0.7466632069919182
I	275	0.7021735919867256
II	275	0.7077992188729734
III	275	0.8513385294182118
IV	275	0.7307232104798317
V	275	0.6983040255524502
VI	275	0.7119199292273867
VII	275	0.771535556492566
VIII	275	0.7922199334213702
IX	275	0.7024924526243044
X	275	0.714679564626799
XI	275	0.6895725357519915
XII	275	0.7389111435320916
XIII	275	0.7173666828568059
XIV	275	0.7267627398056693
XV	275	0.7450240128435037
XVI	275	0.7434883225429453
I	280	0.698563969802535
II	280	0.7009705060601291
III	280	0.8478438544135929
IV	280	0.7280018120896932
V	280	0.6925130626486364
VI	280	0.7088439856233876
VII	280	0.7689808788750986
VIII	280	0.790243546973836
IX	280	0.6968091877932565
X	280	0.7087231529022422
XI	280	0.6841572487762742
XII	280	0.7342616286565193
XIII	280	0.7119644408290072
XIV	280	0.7239272094888268
XV	280	0.740184790307993
XVI	280	0.7388093234015354
I	285	0.692408934140684
II	285	0.696089691877853
III	285	0.8460620711899118
IV	285	0.7241197885286106
V	285	0.6871126772788029
VI	285	0.7036063680546045
VII	285	0.7637853594148166
VIII	285	0.786710223001086
IX	285	0.6897414796493653
X	285	0.7045394508354665
XI	285	0.6778046717535272
XII	285	0.7274250888304982
XIII	285	0.7067471774529414
XIV	285	0.7181426766437214
XV	285	0.7362958184388948
XVI	285	0.733731617840952
I	290	0.6899113014620925
II	290	0.690073833228396
III	290	0.8424452704458842
IV	290	0.719608494627376
V	290	0.679599701425174
VI	290	0.7036063680546045
VII	290	0.7608814416924854
VIII	290	0.7826348146160176
IX	290	0.6851744080311352
X	290	0.6999092190288716
XI	290	0.6708867213744122
XII	290	0.7239581256138834
XIII	290	0.7014487830892733
XIV	290	0.714111225716628
XV	290	0.7315463977985707
XVI	290	0.7288743610676894
I	295	0.687361544275426
II	295	0.682151886903825
III	295	0.8387971554097006
IV	295	0.7138680346986455
V	295	0.674017046539483
VI	295	0.6992719156354914
VII	295	0.7565924798797368
VIII	295	0.7810689904610917
IX	295	0.6791819735932783
X	295	0.6924482836764551
XI	295	0.6660503047317401
XII	295	0.7185258079146559
XIII	295	0.6979482514108679
XIV	295	0.7111150493476622
XV	295	0.7269756646027503
XVI	295	0.723000297447646
I	300	0.6860584315735521
II	300	0.6766672733354321
III	300	0.8369276921679824
IV	300	0.7078318699316485
V	300	0.6683406530456368
VI	300	0.6959405687719545
VII	300	0.7516756191907896
VIII	300	0.777882245047037
IX	300	0.6710480849670826
X	300	0.6868499003018433
XI	300	0.6611254079086285
XII	300	0.7124386812183899
XIII	300	0.6953726129911264
XIV	300	0.7061834705412114
XV	300	0.7228713514543783
XVI	300	0.7192273533699131
I	305	0.6807895125489754
II	305	0.6699492365811428
III	305	0.8340749601525632
IV	305	0.7038832638242012
V	305	0.6636190046348533
VI	305	0.6937011633803547
VII	305	0.7461235265000825
VIII	305	0.7768034082002264
IX	305	0.6662354963081512
X	305	0.6811576518167592
XI	305	0.6574992201746809
XII	305	0.7065407627875572
XIII	305	0.6914426279516805
XIV	305	0.7019441997212919
XV	305	0.7162159314060136
XVI	305	0.7166737336852076
I	310	0.6767542068821726
II	310	0.6642764737132063
III	310	0.8321397368973174
IV	310	0.6988543232634847
V	310	0.6582654885690975
VI	310	0.6914358475131496
VII	310	0.7390736429134508
VIII	310	0.7718677740592169
IX	310	0.6599407121812825
X	310	0.6778482362075278
XI	310	0.6501043766196372
XII	310	0.7019737946552375
XIII	310	0.686777055291309
XIV	310	0.6972306405570083
XV	310	0.711702927999956
XVI	310	0.7108302586528786
I	315	0.6740350450442624
II	315	0.6584942645206989
III	315	0.8292024562930768
IV	315	0.693734647664095
V	315	0.6560938774801673
VI	315	0.6879749482715862
VII	315	0.7350486736209141
VIII	315	0.7696407846538569
IX	315	0.6570945331538938
X	315	0.6715512282249705
XI	315	0.6430619541222766
XII	315	0.6955778132903967
XIII	315	0.6827129336856942
XIV	315	0.6940419439192281
XV	315	0.707400684143826
XVI	315	0.7062145462446707
I	320	0.6712681024072835
II	320	0.6522398374783567
III	320	0.8282097932317289
IV	320	0.6899975390568648
V	320	0.64892287395629
VI	320	0.684440019099722
VII	320	0.7327176563330705
VIII	320	0.7656862344328464
IX	320	0.6520227876186666
X	320	0.6664302159836192
XI	320	0.6363809506670506
XII	320	0.6914532586022518
XIII	320	0.6789246574379266
XIV	320	0.6899913684621201
XV	320	0.7030278816557637
XVI	320	0.7038697727795322
I	325	0.668470753807261
II	325	0.6450877046277349
III	325	0.8261837585292303
IV	325	0.6864190535747974
V	325	0.6461193952123874
VI	325	0.6820599568405507
VII	325	0.7294626652244853
VIII	325	0.761671255129807
IX	325	0.6498222274760849
X	325	0.6621191255526309
XI	325	0.6300763628947116
XII	325	0.6881560263296286
XIII	325	0.6740319180122691
XIV	325	0.6862939593259496
XV	325	0.6985909349568539
XVI	325	0.6997803950357886
I	330	0.6641922004361084
II	330	0.6406594325515504
III	330	0.8251535183172952
IV	330	0.6802033770406408
V	330	0.6398597392677973
VI	330	0.6735687238350465
VII	330	0.7261535923148844
VIII	330	0.7575976240706807
IX	330	0.646835103480886
X	330	0.6559629152357824
XI	330	0.6271250239946252
XII	330	0.6811581029830909
XIII	330	0.6701311401283601
XIV	330	0.6821158870020769
XV	330	0.6937792027974207
XVI	330	0.6963186107296327
I	335	0.6612906028199359
II	335	0.6365570399811112
III	335	0.8199334258148762
IV	335	0.6760765647061588
V	335	0.6329248181644592
VI	335	0.668653136463072
VII	335	0.7227986873705246
VIII	335	0.7546365990512635
IX	335	0.6430455024915434
X	335	0.650148642107084
XI	335	0.6236338060274499
XII	335	0.6762201382518825
XIII	335	0.6665310877718293
XIV	335	0.678721920408806
XV	335	0.6876781719999524
XVI	335	0.6931532192906401
I	340	0.655417908243491
II	340	0.6286461612623957
III	340	0.8167581565902493
IV	340	0.6729935317014517
V	340	0.6317496137622164
VI	340	0.6624087118421979
VII	340	0.7175280033732377
VIII	340	0.750424336568659
IX	340	0.6399697195649802
X	340	0.6456095935506624
XI	340	0.6175421705537959
XII	340	0.6712098291838909
XIII	340	0.65994433332504
XIV	340	0.6752693052568233
XV	340	0.68334202334666
XVI	340	0.6874563585235627
I	345	0.6539280160543485
II	345	0.6248524319219266
III	345	0.8146037332899109
IV	345	0.668290323401872
V	345	0.6269880396479595
VI	345	0.6611316955445087
VII	345	0.7150099913835775
VIII	345	0.7479911773540238
IX	345	0.6360573600552868
X	345	0.6414674603185245
XI	345	0.6118899366541894
XII	345	0.6661179008641438
XIII	345	0.6525322062977118
XIV	345	0.6708808631027893
XV	345	0.6789389814449125
XVI	345	0.6845557165851323
I	350	0.6524120616111685
II	350	0.6214313119785928
III	350	0.812427389985063
IV	350	0.6637503076178919
V	350	0.623971045185481
VI	350	0.6572710346793208
VII	350	0.7099052193521184
VIII	350	0.7467541584983729
IX	350	0.6320949878150802
X	350	0.6358690769439129
XI	350	0.6087631370572991
XII	350	0.6635404019933647
XIII	350	0.6476373033790516
XIV	350	0.668209803744073
XV	350	0.6744818751368792
XVI	350	0.6830906287115032
I	355	0.64781641748256
II	355	0.6162184696206516
III	355	0.8091049435873027
IV	355	0.6573042032517088
V	355	0.6196868436127554
VI	355	0.652059327586143
VII	355	0.7050580233560049
VIII	355	0.7411111486324365
IX	355	0.6312970574328011
X	355	0.6316062599983104
XI	355	0.6034798205202034
XII	355	0.6606039639131608
XIII	355	0.6422956391553291
XIV	355	0.6659607590143473
XV	355	0.668981967229639
XVI	355	0.6778831853478555
I	360	0.6446976344160752
II	360	0.6113794663938297
III	360	0.8068597088397116
IV	360	0.6521564585396359
V	360	0.6159477146874511
VI	360	0.6507267888407283
VII	360	0.7017773663079546
VIII	360	0.7372881205311361
IX	360	0.6304877605208599
X	360	0.6292086768908121
XI	360	0.5981035248104425
XII	360	0.6582843076786093
XIII	360	0.633384211477114
XIV	360	0.6618489850611922
XV	360	0.6660267518013069
XVI	360	0.6744773043226948
I	365	0.6352370362004709
II	365	0.6082596312765622
III	365	0.8034527138531297
IV	365	0.6481321311049504
V	365	0.6109083965490305
VI	365	0.644015975658959
VII	365	0.6987817845161054
VIII	365	0.7347056659373706
IX	365	0.6247044702287855
X	365	0.6262867900948171
XI	365	0.593755998656301
XII	365	0.6528974370627457
XIII	365	0.6267130808032184
XIV	365	0.6572246737036437
XV	365	0.664698050290894
XVI	365	0.6698774135977875
I	370	0.6352370362004709
II	370	0.6023802730993232
III	370	0.7999924845698826
IV	370	0.642845999139649
V	370	0.6070651136146649
VI	370	0.6412842712308586
VII	370	0.6937283443635763
VIII	370	0.7307848849092586
IX	370	0.6222061070090569
X	370	0.6223444554549709
XI	370	0.5882477325079182
XII	370	0.6491494439224729
XIII	370	0.6207407583692023
XIV	370	0.6534686160087616
XV	370	0.6596361557091555
XVI	370	0.6663839859250306
I	375	0.6303894569495
II	375	0.5968673756492996
III	375	0.7988275929016763
IV	375	0.6391930978704682
V	375	0.6038224521325534
VI	375	0.6357505339408723
VII	375	0.6906530148312464
VIII	375	0.7268018974731757
IX	375	0.6205124940894046
X	375	0.6188392640438967
XI	375	0.5826539855072463
XII	375	0.6470765004261824
XIII	375	0.6175236442741535
XIV	375	0.6496653844731766
XV	375	0.6548528302716691
XVI	375	0.6608769853575595
I	380	0.6287388475271265
II	380	0.5917553714780419
III	380	0.7976407812289608
IV	380	0.6367288908849147
V	380	0.6005468085475724
VI	380	0.6301575727066453
VII	380	0.687880176728326
VIII	380	0.7247793005511488
IX	380	0.6144791401447641
X	380	0.6163075879214376
XI	380	0.5786798757078414
XII	380	0.6439193193696396
XIII	380	0.6126081881719674
XIV	380	0.6458124291595534
XV	380	0.6510463295308034
XVI	380	0.6556927471294193
I	385	0.6287388475271265
II	385	0.586581880607587
III	385	0.7940427690602267
IV	385	0.6317247555865694
V	385	0.5972208238582116
VI	385	0.6273259278726389
VII	385	0.685418996461767
VIII	385	0.7220617691857892
IX	385	0.6083684937984214
X	385	0.6127071904697412
XI	385	0.5735105336404646
XII	385	0.6360940736075802
XIII	385	0.6039131097940247
XIV	385	0.6409229243191349
XV	385	0.646841218336814
XVI	385	0.6532720295844382
I	390	0.6236958013708745
II	390	0.5813247678262238
III	390	0.7940427690602267
IV	390	0.6253928859813059
V	390	0.5898241533147014
VI	390	0.6258823442317729
VII	390	0.6822125873100262
VIII	390	0.7186261981398506
IX	390	0.6030807841996144
X	390	0.6085462842155089
XI	390	0.5700148166810635
XII	390	0.6317682532645382
XIII	390	0.6001280787857611
XIV	390	0.6344958072655364
XV	390	0.6425765446613232
XVI	390	0.6479559439954602
I	395	0.621993067440426
II	395	0.5793867070675272
III	395	0.792818380236924
IV	395	0.6215363204526568
V	395	0.588459735795997
VI	395	0.6200746961996735
VII	395	0.6778869598694703
VIII	395	0.7172309972753593
IX	395	0.5977066889753756
X	395	0.6064356601600266
XI	395	0.5676498464343986
XII	395	0.6292130141896924
XIII	395	0.5988526996606561
XIV	395	0.6299989927747526
XV	395	0.6393354293217849
XVI	395	0.6454666658228435
I	400	0.621993067440426
II	400	0.5725432374468755
III	400	0.7915689399798962
IV	400	0.6189428649947485
V	400	0.5863888069158262
VI	400	0.6156403033746544
VII	400	0.6756980218893798
VIII	400	0.7143997170497101
IX	400	0.5931896300876587
X	400	0.6021741841445737
XI	400	0.562281049045014
XII	400	0.6262608087540358
XIII	400	0.5932557432626123
XIV	400	0.627461805126139
XV	400	0.6349607941419841
XVI	400	0.6421124689631312
I	405	0.621993067440426
II	405	0.567583720289627
III	405	0.7903038425767904
IV	405	0.615521697097719
V	405	0.5801013765688198
VI	405	0.6126531956870163
VII	405	0.6716382202504262
VIII	405	0.7115328903052202
IX	405	0.5904366566034991
X	405	0.5978389569708924
XI	405	0.559259225933391
XII	405	0.6214026082915884
XIII	405	0.5902041363822719
XIV	405	0.6238600186400419
XV	405	0.6305320945558975
XVI	405	0.6378606552708356
I	410	0.6184616320183478
II	410	0.5630619884306627
III	410	0.7890324823152535
IV	410	0.6125933705978003
V	410	0.5751575329387054
VI	410	0.608118862456091
VII	410	0.6690166278622106
VIII	410	0.7086376263456579
IX	410	0.5839531880842396
X	410	0.5918289080403513
XI	410	0.5513080070064306
XII	410	0.6179922220563043
XIII	410	0.5875571026934406
XIV	410	0.6202263579372537
XV	410	0.6264186179488331
XVI	410	0.6357110158997369
I	415	0.6148911032152135
II	415	0.5579758086730678
III	415	0.7838718869679311
IV	415	0.6096258778941377
V	415	0.5687138715781068
VI	415	0.608118862456091
VII	415	0.6671219315452729
VIII	415	0.7064372968294282
IX	415	0.5801976866838832
X	415	0.5885047421994741
XI	415	0.5457262573183607
XII	415	0.6141663196302648
XIII	415	0.5830894896428181
XIV	415	0.6181213846669719
XV	415	0.6241442475013539
XVI	415	0.632228136015847
I	420	0.6058084076831525
II	420	0.5548904061073509
III	420	0.7799482061607739
IV	420	0.6060832947655022
V	420	0.5650875761626192
VI	420	0.6050244113695167
VII	420	0.6640530184978092
VIII	420	0.7004974735311734
IX	420	0.5773560542683592
X	420	0.5812208096268058
XI	420	0.5419740978020924
XII	420	0.6110666430465499
XIII	420	0.5785645440276235
XIV	420	0.6122654535764783
XV	420	0.6206987870329729
XVI	420	0.6264922484299617
I	425	0.6039666750645041
II	425	0.551249163780891
III	425	0.7799482061607739
IV	425	0.6013911835569833
V	425	0.5650875761626192
VI	425	0.5972142537227801
VII	425	0.6621152400681981
VIII	425	0.69974921930958
IX	425	0.5754396573673298
X	425	0.5755513569542648
XI	425	0.5375290934830598
XII	425	0.6083166307572875
XIII	425	0.5758266436326779
XIV	425	0.6090283081293277
XV	425	0.6164386950868284
XVI	425	0.624710726890322
I	430	0.6002528038641636
II	430	0.5459908212655439
III	430	0.7745934622020837
IV	430	0.59468919332634
V	430	0.5636051174336452
VI	430	0.5972142537227801
VII	430	0.6585843401103635
VIII	430	0.6966993279930613
IX	430	0.5725207325501037
X	430	0.5726857892245535
XI	430	0.5336854544582014
XII	430	0.6051408998708004
XIII	430	0.5711924416208457
XIV	430	0.6057541885908154
XV	430	0.6140846025487244
XVI	430	0.6211054926555746
I	435	0.5964868081557481
II	435	0.5417470092869511
III	435	0.7732406847809409
IV	435	0.5927099944971483
V	435	0.5575902234103495
VI	435	0.5940161607337847
VII	435	0.6546097860560618
VIII	435	0.6936281087652384
IX	435	0.566605590513949
X	435	0.5680408071863129
XI	435	0.5284981164219215
XII	435	0.6007186204120474
XIII	435	0.5660400830348614
XIV	435	0.6029926064566963
XV	435	0.6089292406883223
XVI	435	0.6174496290342656
I	440	0.5888766299768046
II	440	0.5395962045490319
III	440	0.7704912899296368
IV	440	0.5895656011065759
V	440	0.5545471904456055
VI	440	0.5875237358464027
VII	440	0.6514015436229307
VIII	440	0.6912944798033567
IX	440	0.5626250318262831
X	440	0.5627588833270086
XI	440	0.5258737042902389
XII	440	0.5982830277403431
XIII	440	0.563203743708292
XIV	440	0.6024316202429325
XV	440	0.6061151425238548
XVI	440	0.6137557933730352
I	445	0.58696105430505
II	445	0.5336000216433181
III	445	0.7704912899296368
IV	445	0.5837794472734774
V	445	0.550710851111844
VI	445	0.5826007454813982
VII	445	0.6481529689992117
VIII	445	0.6897215463446627
IX	445	0.5606131560760921
X	445	0.5586006589330755
XI	445	0.5225519483635666
XII	445	0.5949987803486811
XIII	445	0.5584061979747542
XIV	445	0.6007371868836323
XV	445	0.6028648637256241
XVI	445	0.6109595745443882
I	450	0.58696105430505
II	450	0.5319484889028805
III	450	0.7704912899296368
IV	450	0.5805658602562905
V	450	0.5460412797055914
VI	450	0.5759787682159897
VII	450	0.6452793004198214
VIII	450	0.6857438908864057
IX	450	0.5555391372349325
X	450	0.5549841703195839
XI	450	0.5185208513293023
XII	450	0.5920883120303995
XIII	450	0.5545303002603764
XIV	450	0.5978787071307723
XV	450	0.6008104162867649
XVI	450	0.6085968698381758
I	455	0.5830256539453909
II	455	0.5308343499134267
III	455	0.7676542150602956
IV	455	0.5784959263884256
V	455	0.5436873991008038
VI	455	0.5726141078838174
VII	455	0.6407070966322621
VIII	455	0.6833231729533648
IX	455	0.5514221801913214
X	455	0.5489137795323104
XI	455	0.5130845690565313
XII	455	0.5895711001069398
XIII	455	0.5525690938534082
XIV	455	0.5955659139676642
XV	455	0.5970790559071778
XVI	455	0.6052479468728971
I	460	0.5810405789295363
II	460	0.525191100661105
III	460	0.7676542150602956
IV	460	0.5758025971109703
V	460	0.540502022323676
VI	460	0.5709151209834136
VII	460	0.6365079656076411
VIII	460	0.6825091576719163
IX	460	0.5472552104171972
X	460	0.5440073161148963
XI	460	0.5089604928496017
XII	460	0.5848974704524397
XIII	460	0.5505916612489196
XIV	460	0.5932301713685386
XV	460	0.593726146371591
XVI	460	0.6004149500140286
I	465	0.5749941359928415
II	465	0.5223405772863214
III	465	0.7662074947626847
IV	465	0.5709629598683493
V	465	0.5372801916433767
VI	465	0.5709151209834136
VII	465	0.6335371331145617
VIII	465	0.679219327353224
IX	465	0.5462049430764194
X	465	0.5409017218884051
XI	465	0.5061801156540935
XII	465	0.5797480376598647
XIII	465	0.5470868025845087
XIV	465	0.5861451704824354
XV	465	0.5911823702385524
XVI	465	0.5969953568633407
I	470	0.5749941359928415
II	470	0.520618949708799
III	470	0.7662074947626847
IV	470	0.568212186825403
V	470	0.5332181852899821
VI	470	0.5709151209834136
VII	470	0.632252002859919
VIII	470	0.6775557502714865
IX	470	0.5430177681591678
X	470	0.5365101756484403
XI	470	0.5033742441693061
XII	470	0.5767095755149665
XIII	470	0.5440438496761791
XIV	470	0.5849492498721844
XV	470	0.58775065495821
XVI	470	0.5950187012296613
I	475	0.5729352179238808
II	475	0.5188764166535496
III	475	0.7632326370078567
IV	475	0.5638928073225135
V	475	0.5282864929609249
VI	475	0.5674172067766998
VII	475	0.6296524098483877
VIII	475	0.6775557502714865
IX	475	0.5397874004292001
X	475	0.5320716968532392
XI	475	0.4991226965159804
XII	475	0.5731962377234907
XIII	475	0.5399494391685263
XIV	475	0.5825319092783295
XV	475	0.5864457784403977
XVI	475	0.5935219699894311
I	480	0.5687782884049032
II	480	0.5141726841649614
III	480	0.7587546932295369
IV	480	0.5595212062146321
V	480	0.5208134428107696
VI	480	0.5674172067766998
VII	480	0.6261453425486277
VIII	480	0.6767061884711976
IX	480	0.5354453860982795
X	480	0.5295051565468903
XI	480	0.49482016028409637
XII	480	0.570984170502617
XIII	480	0.532707146341912
XIV	480	0.5806972293655883
XV	480	0.5820564817266889
XVI	480	0.591508397094717
I	485	0.5666846206638925
II	485	0.5117956083739965
III	485	0.7572422129183981
IV	485	0.5573083157031019
V	485	0.5149495721006128
VI	485	0.565629383959935
VII	485	0.6234916677360808
VIII	485	0.6749910689371413
IX	485	0.531044265813116
X	485	0.5275661715505577
XI	485	0.4904696348018044
XII	485	0.5651576689170702
XIII	485	0.5285240326211474
XIV	485	0.5770061950727561
XV	485	0.5793981623599938
XVI	485	0.5894673999489487
I	490	0.5666846206638925
II	490	0.5093902487014009
III	490	0.7541922008623956
IV	490	0.5541312838094095
V	490	0.5098616487579635
VI	490	0.5638230536605949
VII	490	0.6208104937026784
VIII	490	0.6732581761436648
IX	490	0.5243993925726549
X	490	0.5262601055848399
XI	490	0.4860756190613303
XII	490	0.5597290611838316
XIII	490	0.52535559711866
XIV	490	0.5732730868138916
XV	490	0.5735839478196009
XVI	490	0.5874105811198799
I	495	0.5645344847058006
II	495	0.5057502361089249
III	495	0.7541922008623956
IV	495	0.5502649267298243
V	495	0.5064332459596924
VI	495	0.5619908128856497
VII	495	0.6194556987552019
VIII	495	0.665359739657296
IX	495	0.5199164332739242
X	495	0.52427821082372
XI	495	0.4809077766580286
XII	495	0.5560654697698059
XIII	495	0.5210891889172907
XIV	495	0.5701277391108114
XV	495	0.569963465290193
XVI	495	0.5858516179253344
I	500	0.5645344847058006
II	500	0.5008571245868094
III	500	0.7510701659344341
IV	500	0.5479913286024911
V	500	0.5029735969587029
VI	500	0.5601437661246442
VII	500	0.6162621225731938
VIII	500	0.6627008600480233
IX	500	0.5165246608227548
X	500	0.5222762021103559
XI	500	0.47493161531816874
XII	500	0.5523721986278691
XIII	500	0.5173117301345368
XIV	500	0.5625200010709737
XV	500	0.5672309219080887
XVI	500	0.5837483888252506
I	505	0.5623495990756587
II	505	0.4983841295450968
III	505	0.7510701659344341
IV	505	0.5456948835229739
V	505	0.5003575954311108
VI	505	0.5601437661246442
VII	505	0.6139586045062057
VIII	505	0.6591373215342589
IX	505	0.5142331684428764
X	505	0.5189051037142424
XI	505	0.47191579086284674
XII	505	0.5500386300208593
XIII	505	0.5129609457060613
XIV	505	0.5586772455066916
XV	505	0.5630862895414697
XVI	505	0.580037676701833
I	510	0.5601343074824732
II	510	0.49587916141980165
III	510	0.7494856627513363
IV	510	0.5433697165607112
V	510	0.4950648358706407
VI	510	0.5563756426723324
VII	510	0.6120950739729041
VIII	510	0.658230885303825
IX	510	0.5119303095333357
X	510	0.5161870383009879
XI	510	0.4665874844034936
XII	510	0.5472023610223553
XIII	510	0.510208982606598
XIV	510	0.554143456924546
XV	510	0.5602923509861256
XVI	510	0.5784312484573859
I	515	0.555668974624052
II	515	0.493985371084527
III	515	0.7494856627513363
IV	515	0.540688137144379
V	515	0.4906087801829639
VI	515	0.5487653658374081
VII	515	0.6092745705538343
VIII	515	0.6527567214023813
IX	515	0.5095978976466737
X	515	0.5127475524672445
XI	515	0.46197601737210864
XII	515	0.5438596816663683
XIII	515	0.5068804486219091
XIV	515	0.5502178283968672
XV	515	0.5598231819010695
XVI	515	0.5778912016673945
I	520	0.555668974624052
II	520	0.492076823941445
III	520	0.7446131588918499
IV	520	0.5369673477887088
V	520	0.48521533841373443
VI	520	0.5468405876495868
VII	520	0.6064274845546043
VIII	520	0.6481516698865888
IX	520	0.5072427527006874
X	520	0.5078880216050665
XI	520	0.456535236107112
XII	520	0.5419416292501138
XIII	520	0.5029591175544741
XIV	520	0.5455858672273128
XV	520	0.5569733462477011
XVI	520	0.5762520752774596
I	525	0.553392871104779
II	525	0.48821791869982684
III	525	0.7429754214120867
IV	525	0.5342348523075096
V	525	0.47886888746159323
VI	525	0.5448973019791902
VII	525	0.6045107888609823
VIII	525	0.6435021852222457
IX	525	0.5048580547775797
X	525	0.5015735815305645
XI	525	0.45261961320664174
XII	525	0.5390283784573405
XIII	525	0.500130350453414
XIV	525	0.5422569240360918
XV	525	0.5521799410056529
XVI	525	0.5740423135098189
I	530	0.5488189455212017
II	530	0.48626879033527465
III	530	0.7413251582154611
IV	530	0.530098901192154
V	530	0.4751974586421789
VI	530	0.5448973019791902
VII	530	0.604026802573927
VIII	530	0.6425637571248554
IX	530	0.5012571381806278
X	530	0.4994522300338853
XI	530	0.44787167674440925
XII	530	0.5351143643390649
XIII	530	0.49898802614797644
XIV	530	0.5422569240360918
XV	530	0.5497589552190937
XVI	530	0.5707039383334072
I	535	0.5465124360388849
II	535	0.4836408488115851
III	535	0.7396498435851107
IV	535	0.5273128785658381
V	535	0.4724234902008436
VI	535	0.5429318073297034
VII	535	0.6030487469521697
VIII	535	0.6416199970496389
IX	535	0.5012571381806278
X	535	0.4951652763455899
XI	535	0.4414756094634802
XII	535	0.5291895486548127
XIII	535	0.49438303129168104
XIV	535	0.5402169741678599
XV	535	0.5468266484374928
XVI	535	0.5678940073792331
I	540	0.5441755205935244
II	540	0.4790059814260979
III	540	0.7362741628906849
IV	540	0.52415608254408
V	540	0.47148610411929104
VI	540	0.5409329992115812
VII	540	0.5995975947348159
VIII	540	0.6397093716619597
IX	540	0.5000386462008511
X	540	0.4930036969444225
XI	540	0.4382483323735483
XII	540	0.5256984706592702
XIII	540	0.4926381741849851
XIV	540	0.5374770665010907
XV	540	0.5453449171669151
XVI	540	0.565052433058458
I	545	0.5418212303121389
II	545	0.47700151503226823
III	545	0.7362741628906849
IV	545	0.5230927201124331
V	545	0.4677122571909664
VI	545	0.5348921568990342
VII	545	0.5956102077107815
VIII	545	0.638744283675439
IX	545	0.49632633761321066
X	545	0.49082066266086133
XI	545	0.43580837892312124
XII	545	0.5236839591273047
XIII	545	0.48793582214356723
XIV	545	0.5347078345549658
XV	545	0.5438540224376449
XVI	545	0.5639048336297262
I	550	0.539440877776716
II	550	0.4716066720447033
III	550	0.732851510758025
IV	550	0.5195194567908649
V	550	0.46199420209349557
VI	550	0.5308427197115794
VII	550	0.593095862283902
VIII	550	0.6358188051748622
IX	550	0.49508511257410975
X	550	0.4886161734949065
XI	550	0.4308744841155581
XII	550	0.5196169089119875
XIII	550	0.4814085637543527
XIV	550	0.531913103235488
XV	550	0.5398385948385902
XVI	550	0.5627498507487876
I	555	0.5370431504052681
II	555	0.46888404100424996
III	555	0.732851510758025
IV	555	0.5180774877230271
V	555	0.4581578627597341
VI	555	0.5267562675589741
VII	555	0.5900562817386841
VIII	555	0.6328702214370391
IX	555	0.4938257010875496
X	555	0.48638888851640827
XI	555	0.4292143559842595
XII	555	0.5175671527031276
XIII	555	0.47781608362333156
XIV	555	0.5290954224799925
XV	555	0.536296918053938
XVI	555	0.5592490396238237
I	560	0.5346150170707764
II	560	0.46682423658114275
III	560	0.7311010418265
IV	560	0.5155297261694866
V	560	0.457185758675161
VI	560	0.5205710668823406
VII	560	0.5875034374026069
VIII	560	0.63188025088733
IX	560	0.49255492307132726
X	560	0.4856406494929273
XI	560	0.42419048133218157
XII	560	0.5165311447007309
XIII	560	0.4772124690755719
XIV	560	0.5269611249303549
XV	560	0.5332326574671651
XVI	560	0.5563072613088118
I	565	0.5346150170707764
II	565	0.46336007594837086
III	565	0.7293411786073282
IV	565	0.5144239336837838
V	565	0.45426423872098876
VI	565	0.5101550556890151
VII	565	0.5854391625570609
VIII	565	0.6298789818766074
IX	565	0.4887266758811334
X	565	0.4788474973550153
XI	565	0.42165754870908917
XII	565	0.5128777556931747
XIII	565	0.4735572476474718
XIV	565	0.5255242352419189
XV	565	0.5322017683642585
XVI	565	0.5545289041058323
I	570	0.5321521340642348
II	570	0.46056857980481664
III	570	0.7293411786073282
IV	570	0.511079139884055
V	570	0.44933948999253565
VI	570	0.5080600086615018
VII	570	0.582313417786496
VIII	570	0.6258355653584955
IX	570	0.48743089149965446
X	570	0.47656121144993435
XI	570	0.4182548109223534
XII	570	0.5107751324689731
XIII	570	0.46987065557083224
XIV	570	0.5211753171165818
XV	570	0.5275219900099973
XVI	570	0.5509416011121588
I	575	0.5321521340642348
II	575	0.45845712655438375
III	575	0.7257588235846723
IV	575	0.5103284543122969
V	575	0.4443713437603069
VI	575	0.5059427526548984
VII	575	0.5791638403578565
VIII	575	0.6217548249956011
IX	575	0.48743089149965446
X	575	0.47425481159260935
XI	575	0.4156783880410788
XII	575	0.5097112997216598
XIII	575	0.4649162565945971
XIV	575	0.5175289067271172
XV	575	0.5227936453246659
XVI	575	0.5485219383460646
I	580	0.5321521340642348
II	580	0.4549056548087518
III	580	0.7221420228406447
IV	580	0.5073067816934552
V	580	0.442366379085875
VI	580	0.5059427526548984
VII	580	0.5759812638641905
VIII	580	0.6196949042287916
IX	580	0.48479612992398063
X	580	0.47115860387716546
XI	580	0.41134735819176504
XII	580	0.5075687943630777
XIII	580	0.46178784571266
XIV	580	0.5167906998685508
XV	580	0.5206695555997438
XVI	580	0.5460822347811228
I	585	0.5321521340642348
II	585	0.4527499311348969
III	585	0.7221420228406447
IV	585	0.5054026514214395
V	585	0.4403405836096308
VI	585	0.5037884816831445
VII	585	0.5733129228005206
VIII	585	0.6155519574579262
IX	585	0.48346624595351545
X	585	0.470374159739645
XI	585	0.41047605336404647
XII	585	0.503248538969019
XIII	585	0.45799956946489245
XIV	585	0.5115875527358915
XV	585	0.5174614287114986
XVI	585	0.5442384812871678
I	590	0.5321521340642348
II	590	0.4491369726900677
III	590	0.720300742461867
IV	590	0.5038679890047411
V	590	0.4372749839429236
VI	590	0.4994503277675164
VII	590	0.5700799310686198
VIII	590	0.6113734641682204
IX	590	0.4794629542065253
X	590	0.4688012486741553
XI	590	0.40606404165466936
XII	590	0.5010698614420452
XIII	590	0.45609245038299234
XIV	590	0.5108378711593162
XV	590	0.5153089322646297
XVI	590	0.5429980613164063
I	595	0.5295719709145245
II	595	0.44694927593263023
III	595	0.71658373598294
IV	595	0.5015486969730399
V	595	0.435217942263961
VI	595	0.49506035290067774
VII	595	0.5673630080481054
VIII	595	0.6082169332951801
IX	595	0.4781171570945332
X	595	0.4672122464468703
XI	595	0.3998434350705442
XII	595	0.49886892411913814
XIII	595	0.45096929895254484
XIV	595	0.5047881448313408
XV	595	0.5147655391641642
XVI	595	0.5423715226577053
I	600	0.5243682075250414
II	600	0.4432723713206359
III	600	0.7128479409287193
IV	600	0.49959495617628186
V	600	0.43106914090301524
VI	600	0.4928468579846832
VII	600	0.5668139402716923
VIII	600	0.6071558697077899
IX	600	0.47539146328156257
X	600	0.46320018343924446
XI	600	0.3953549404933295
XII	600	0.4966494369662866
XIII	600	0.44967553013691663
XIV	600	0.5002148322204982
XV	600	0.5131216146747293
XVI	600	0.5398495463396008
I	605	0.5243682075250414
II	605	0.4425333011962852
III	605	0.7128479409287193
IV	605	0.4976294655184006
V	605	0.4258284583470759
VI	605	0.4883791516910287
VII	605	0.5634993675179203
VIII	605	0.6060841421647475
IX	605	0.47402065980431385
X	605	0.4623929434891807
XI	605	0.39173925040790863
XII	605	0.49329933767832185
XIII	605	0.44902323699659574
XIV	605	0.4979058639633931
XV	605	0.5120128361729365
XVI	605	0.536670442775081
I	610	0.5243682075250414
II	610	0.4387998288210294
III	610	0.7109377691071982
IV	610	0.49723258132046244
V	610	0.42266044057145835
VI	610	0.48612123881685365
VII	610	0.561271013987937
VIII	610	0.605005305317937
IX	610	0.46987187647764883
X	610	0.46075834963680906
XI	610	0.3899156588924081
XII	610	0.4910418233740842
XIII	610	0.44639134775878353
XIV	610	0.49635677703220443
XV	610	0.5097806176354428
XVI	610	0.5341031109648484
I	615	0.5243682075250414
II	615	0.4365371182905714
III	615	0.7032532418120955
IV	615	0.4944321977527738
V	615	0.4205304910861527
VI	615	0.48158690558592837
VII	615	0.5579041927145397
VIII	615	0.605005305317937
IX	615	0.46848288655294074
X	615	0.45664839872826185
XI	615	0.38623698291582687
XII	615	0.4893343115276991
XIII	615	0.4417539005074473
XIV	615	0.49401465958974056
XV	615	0.5075328212181719
XVI	615	0.5315157383557685
I	620	0.5216837953591813
II	620	0.43501593735243194
III	620	0.6993702695847411
IV	620	0.49120163871396466
V	620	0.41838839029978997
VI	620	0.479295679243118
VII	620	0.5562047408656755
VIII	620	0.6039104725376482
IX	620	0.46848288655294074
X	620	0.4508448530407603
XI	620	0.3843803987906709
XII	620	0.48646929029278124
XIII	620	0.4384091403252379
XIV	620	0.4924362483791961
XV	620	0.5058329996307126
XVI	620	0.5308628302249
I	625	0.5216837953591813
II	625	0.4327212537383913
III	625	0.6993702695847411
IV	625	0.4883594778622825
V	625	0.4140677348238929
VI	625	0.47238128375302135
VII	625	0.553914972409115
VIII	625	0.6028031984757652
IX	625	0.46707116356890843
X	625	0.44667187841518147
XI	625	0.37970594586812556
XII	625	0.4812669904848647
XIII	625	0.4363862743676921
XIV	625	0.49005333193936756
XV	625	0.5035549637997564
XVI	625	0.528891448485654
I	630	0.5135176224274384
II	630	0.43040074571068787
III	630	0.6993702695847411
IV	630	0.4834428137522986
V	630	0.410793827139063
VI	630	0.47238128375302135
VII	630	0.5527645883366638
VIII	630	0.6028031984757652
IX	630	0.4642067980940603
X	630	0.44667187841518147
XI	630	0.37500449899222577
XII	630	0.4783509572175997
XIII	630	0.43299067209991876
XIV	630	0.4884557961988084
XV	630	0.5012521866303304
XVI	630	0.526243953480032
I	635	0.5135176224274384
II	635	0.42728337006138833
III	635	0.6993702695847411
IV	635	0.48096163474512266
V	635	0.4085944416477164
VI	635	0.47238128375302135
VII	635	0.5521852714173099
VIII	635	0.6016799284804041
IX	635	0.4584553340850398
X	635	0.4441254520610767
XI	635	0.37500449899222577
XII	635	0.4759988387806455
XIII	635	0.4295658626766086
XIV	635	0.48684423580290515
XV	635	0.5000948417974674
XVI	635	0.526243953480032
I	640	0.5107463360814533
II	640	0.4241426294663938
III	640	0.6973755491743987
IV	640	0.47971288561575476
V	640	0.40416442446230494
VI	640	0.47238128375302135
VII	640	0.5498487542852952
VIII	640	0.5994173925562035
IX	640	0.4555568690212054
X	640	0.44155354803412933
XI	640	0.3692712832325559
XII	640	0.47363559044572456
XIII	640	0.42680632735163576
XIV	640	0.48522120068899305
XV	640	0.49717078212868976
XVI	640	0.524899110399487
I	645	0.5107463360814533
II	645	0.42176801314339685
III	645	0.6933547940615576
IV	645	0.47719058209464776
V	645	0.40193205686808897
VI	645	0.4699938185008199
VII	645	0.5469035877316809
VIII	645	0.5971335287206986
IX	645	0.4526265776743171
X	645	0.4389642119152371
XI	645	0.3654096482387945
XII	645	0.47184645934758396
XIII	645	0.4240251570966357
XIV	645	0.48275796122310294
XV	645	0.49422106477557315
XVI	645	0.5221872738817762
I	650	0.5107463360814533
II	650	0.42017796710215644
III	650	0.6933547940615576
IV	650	0.47676758709421363
V	650	0.3996858020726648
VI	650	0.4699938185008199
VII	650	0.5433415219902102
VIII	650	0.5959818215102649
IX	650	0.44819590441203216
X	650	0.4354925437579031
XI	650	0.3624988002687398
XII	650	0.4712472998403787
XIII	650	0.42262537712387405
XIV	650	0.4794494175305642
XV	650	0.4906601447276666
XVI	650	0.5201336193893674
I	655	0.5107463360814533
II	655	0.4169720506060129
III	655	0.6913068393545498
IV	655	0.47378965006955265
V	655	0.39401635217942266
VI	655	0.4651633655486913
VII	655	0.5415458228683521
VIII	655	0.5936588565040354
IX	655	0.44078038046048085
X	655	0.4328683434551211
XI	655	0.3585831773682695
XII	655	0.4688274745241273
XIII	655	0.4176828773591539
XIV	655	0.47778558341928745
XV	655	0.48767010815630296
XVI	655	0.5166897663242854
I	660	0.5107463360814533
II	660	0.413730471824335
III	660	0.6851379237998014
IV	660	0.4707836439322085
V	660	0.38944399118162726
VI	660	0.46272778084179433
VII	660	0.538520908574257
VIII	660	0.5924929306860656
IX	660	0.43928454515694904
X	660	0.4319833295563801
XI	660	0.3575963984067569
XII	660	0.4657741725152735
XIII	660	0.41483031183506397
XIV	660	0.47275200711942506
XV	660	0.4852555367908285
XVI	660	0.514603413686389
I	665	0.5107463360814533
II	665	0.4112820714623013
III	665	0.6851379237998014
IV	665	0.46948463150803593
V	665	0.3848386480809624
VI	665	0.4602810916453522
VII	665	0.5366967935908482
VIII	665	0.5889613840392576
IX	665	0.43324891790637615
X	665	0.4266464275609419
XI	665	0.35460606824071406
XII	665	0.4651601731441127
XIII	665	0.41196043836695223
XIV	665	0.4719092528301117
XV	665	0.4822187665801331
XVI	665	0.5132058316615088
I	670	0.5078360510472683
II	670	0.40881276562254054
III	670	0.6851379237998014
IV	670	0.4664322786962615
V	670	0.3848386480809624
VI	670	0.4602810916453522
VII	670	0.5360844776064678
VIII	670	0.5865797672769412
IX	670	0.43172807623758774
X	670	0.4230674849916393
XI	670	0.35259801804395813
XII	670	0.46330240767517766
XIII	670	0.4097980271107308
XIV	670	0.4693542156201511
XV	670	0.4791609204144449
XVI	670	0.5132058316615088
I	675	0.5049083911770582
II	675	0.4063262435070046
III	675	0.6851379237998014
IV	675	0.46467567445834773
V	675	0.3813338656760463
VI	675	0.4577899844907296
VII	675	0.531764350010083
VIII	675	0.5865797672769412
IX	675	0.43019359473320484
X	675	0.4221650390009534
XI	675	0.3515872444572416
XII	675	0.46330240767517766
XIII	675	0.40542777124523083
XIV	675	0.4667800538801759
XV	675	0.4773071527209516
XVI	675	0.50965861026553
I	680	0.5049083911770582
II	680	0.4046587242247757
III	680	0.6830085519331879
IV	680	0.46290470927906113
V	680	0.3813338656760463
VI	680	0.4577899844907296
VII	680	0.5298971529140007
VIII	680	0.5865797672769412
IX	680	0.42710417197104716
X	680	0.41943490521635235
XI	680	0.3475156564929456
XII	680	0.462044729204945
XIII	680	0.4024994834660456
XIV	680	0.463324888790858
XV	680	0.47606092233877123
XVI	680	0.5075152995677517
I	685	0.5049083911770582
II	685	0.40297767786872346
III	685	0.6808666543497117
IV	685	0.4593399319683041
V	685	0.37896436196989947
VI	685	0.44766639152209237
VII	685	0.5286450217243844
VIII	685	0.5853640763325946
IX	685	0.4239988360673626
X	685	0.4148583106157417
XI	685	0.34342457289567135
XII	685	0.4595098949430381
XIII	685	0.4017628140986185
XIV	685	0.4615845565595226
XV	685	0.47418516234441593
XVI	685	0.5046357532070552
I	690	0.5049083911770582
II	690	0.40043704745789394
III	690	0.6808666543497117
IV	690	0.45664921377109835
V	690	0.37777006266599544
VI	690	0.4451123589267141
VII	690	0.5248620455753754
VIII	690	0.5829202531623072
IX	690	0.4224325282799258
X	690	0.4130131907298817
XI	690	0.34135653613590555
XII	690	0.4550486608414017
XIII	690	0.39729628279449736
XIV	690	0.45895302122950327
XV	690	0.4710301835165872
XVI	690	0.5024544704693555
I	695	0.5049083911770582
II	695	0.3995823823390524
III	695	0.6786934424740796
IV	695	0.45664921377109835
V	695	0.3717569045428507
VI	695	0.4451123589267141
VII	695	0.5204099217188847
VIII	695	0.5804568794066575
IX	695	0.4145487033062962
X	695	0.4130131907298817
XI	695	0.3403142696036088
XII	695	0.45376130264325804
XIII	695	0.3943009267322277
XIV	695	0.4580694679428253
XV	695	0.46912418410854667
XVI	695	0.5002636947216755
I	700	0.5049083911770582
II	700	0.39700731937667244
III	700	0.676507704881585
IV	700	0.4552842715706235
V	700	0.36933185203187113
VI	700	0.4451123589267141
VII	700	0.5191293746677178
VIII	700	0.5792180832250645
IX	700	0.41296420907139997
X	700	0.4102012602061546
XI	700	0.33717097370189075
XII	700	0.45311576856119173
XIII	700	0.39203358606537425
XIV	700	0.45362365219874723
XV	700	0.4684854910376792
XVI	700	0.49952851383764424
I	705	0.5018634511636797
II	705	0.39700731937667244
III	705	0.6743063101430123
IV	705	0.4543658240928291
V	705	0.3681132501258528
VI	705	0.4451123589267141
VII	705	0.5178387445689039
VIII	705	0.5779721777397036
IX	705	0.41137062161277416
X	705	0.4102012602061546
XI	705	0.33506394567616854
XII	705	0.4492045369174078
XIII	705	0.38975218269400314
XIV	705	0.45362365219874723
XV	705	0.465266367999003
XVI	705	0.49804549472294124
I	710	0.5018634511636797
II	710	0.39700731937667244
III	710	0.6743063101430123
IV	710	0.4525158737359924
V	710	0.3668877046192303
VI	710	0.4424842964010349
VII	710	0.5165426146259189
VIII	710	0.5741971374388378
IX	710	0.40976566762448624
X	710	0.40830250311431027
XI	710	0.33081389768691816
XII	710	0.44854787293737486
XIII	710	0.3889852244245379
XIV	710	0.45362365219874723
XV	710	0.4633227984103232
XVI	710	0.4972987112711562
I	715	0.5018634511636797
II	715	0.39350011805446244
III	715	0.6743063101430123
IV	715	0.4506561318282196
V	715	0.36565347961185274
VI	715	0.4424842964010349
VII	715	0.5145828368196235
VIII	715	0.5729334586940564
IX	715	0.40976566762448624
X	715	0.40830250311431027
XI	715	0.32866937805931473
XII	715	0.446561186150326
XIII	715	0.3859011651491566
XIV	715	0.4518093717846884
XV	715	0.4613636509418661
XVI	715	0.4950404296747273
I	720	0.4987403243881886
II	720	0.39173299031953407
III	720	0.6743063101430123
IV	720	0.44737465672454346
V	720	0.36316072699498325
VI	720	0.4424842964010349
VII	720	0.512608392762205
VIII	720	0.5729334586940564
IX	720	0.4064966536936675
X	720	0.40830250311431027
XI	720	0.3254406013053076
XII	720	0.4445652244483049
XIII	720	0.38279438919724673
XIV	720	0.4481489367398796
XV	720	0.46004686192775346
XVI	720	0.49352787675119664
I	725	0.4987403243881886
II	725	0.3899523355107823
III	725	0.6743063101430123
IV	725	0.4464307512143155
V	725	0.3593955595674137
VI	725	0.43980441292414524
VII	725	0.5106192824536638
VIII	725	0.5716448973860867
IX	725	0.404850780198596
X	725	0.4073316696859944
XI	725	0.3254406013053076
XII	725	0.4432240717433223
XIII	725	0.3804480810357939
XIV	725	0.4481489367398796
XV	725	0.45938526021015474
XVI	725	0.492004776038799
I	730	0.4987403243881886
II	730	0.3890583189044546
III	730	0.6674672687361238
IV	730	0.4426303239110327
V	730	0.3593955595674137
VI	730	0.43980441292414524
VII	730	0.5106192824536638
VIII	730	0.5677614402027573
IX	730	0.404850780198596
X	730	0.4044111238201491
XI	730	0.3243518451866782
XII	730	0.4425488579333449
XIII	730	0.3796605695828028
XIV	730	0.4481489367398796
XV	730	0.45938526021015474
XVI	730	0.492004776038799
I	735	0.4987403243881886
II	735	0.38815815362820716
III	735	0.665171931121083
IV	735	0.4402385744024053
V	735	0.3593955595674137
VI	735	0.43709121597862016
VII	735	0.5079335252167855
VIII	735	0.5651576576976876
IX	735	0.40318672025606517
X	735	0.40146241842116204
XI	735	0.3243518451866782
XII	735	0.4398303803549881
XIII	735	0.37727964553330645
XIV	735	0.4462747327984415
XV	735	0.4560332670204373
XVI	735	0.49123267789373315
I	740	0.4987403243881886
II	740	0.38725306941602394
III	740	0.665171931121083
IV	740	0.4392763913304302
V	740	0.35811272935580746
VI	740	0.43709121597862016
VII	740	0.5059049993583515
VIII	740	0.5638442138265294
IX	740	0.40318672025606517
X	740	0.40047549383105085
XI	740	0.31881058642863996
XII	740	0.4384623303965861
XIII	740	0.376479153122299
XIV	740	0.44345322713694313
XV	740	0.4519747711655278
XVI	740	0.49123267789373315
I	745	0.49550426117853513
II	745	0.3854269144498662
III	745	0.665171931121083
IV	745	0.4373350531648577
V	745	0.3568229555435971
VI	745	0.4343410040679447
VII	745	0.5031816598529708
VIII	745	0.5638442138265294
IX	745	0.40318672025606517
X	745	0.40047549383105085
XI	745	0.31881058642863996
XII	745	0.4370859330147091
XIII	745	0.37246371010924556
XIV	745	0.44155862369682264
XV	745	0.4519747711655278
XVI	745	0.49123267789373315
I	750	0.49550426117853513
II	750	0.3826637021879427
III	750	0.6628296220678079
IV	750	0.4358689316047112
V	750	0.3555279740309337
VI	750	0.4343410040679447
VII	750	0.500437237611601
VIII	750	0.5611853342172568
IX	750	0.4014885607245481
X	750	0.3984721441875371
XI	750	0.31656708897207025
XII	750	0.4343127334380162
XIII	750	0.3700351892136893
XIV	750	0.44060367216475654
XV	750	0.4512893444553286
XVI	750	0.4896568382370004
I	755	0.4922334482968317
II	755	0.3826637021879427
III	755	0.6557557234697489
IV	755	0.43390148263664274
V	755	0.3529119725033416
VI	755	0.4315500756956037
VII	755	0.4990558600839643
VIII	755	0.5585086813485638
IX	755	0.3963531626232132
X	755	0.3984721441875371
XI	755	0.31430409588252234
XII	755	0.4315209840313789
XIII	755	0.3659537596640528
XIV	755	0.44060367216475654
XV	755	0.4464501219198179
XVI	755	0.4880651768969671
I	760	0.4922334482968317
II	760	0.3789326892806548
III	760	0.6557557234697489
IV	760	0.4309307260826681
V	760	0.3529119725033416
VI	760	0.4315500756956037
VII	760	0.49627843877756794
VIII	760	0.554459932852626
IX	760	0.3929045575237333
X	760	0.397454378203985
XI	760	0.31430409588252234
XII	760	0.42941743331568005
XIII	760	0.36267498601842646
XIV	760	0.43674051710179224
XV	760	0.4457555317509262
XVI	760	0.4864629677680668
I	765	0.48892354203407207
II	765	0.3761190579253896
III	765	0.653363311549024
IV	765	0.42894043016241573
V	765	0.3489332893571962
VI	765	0.4315500756956037
VII	765	0.49417933158560506
VIII	765	0.5517441788132084
IX	765	0.3911722984032299
X	765	0.3943836481613836
XI	765	0.3131583525290335
XII	765	0.4272906953125507
XIII	765	0.3610274860968531
XIV	765	0.4357651660710438
XV	765	0.4436589324020816
XVI	765	0.4824400410941854
I	770	0.48892354203407207
II	770	0.37422895679206675
III	770	0.653363311549024
IV	770	0.42743775347877483
V	770	0.34759664624090825
VI	770	0.4315500756956037
VII	770	0.4913652446514015
VIII	770	0.5503791924897316
IX	770	0.3911722984032299
X	770	0.3943836481613836
XI	770	0.3108533688453786
XII	770	0.4265802368256789
XIII	770	0.35604387996508124
XIV	770	0.4328263632921221
XV	770	0.4422505088010439
XVI	770	0.4816289161303116
I	775	0.48557019868124995
II	775	0.37137597394931526
III	775	0.6509364539069277
IV	775	0.4259233269340108
V	775	0.34759664624090825
VI	775	0.4315500756956037
VII	775	0.48924230480136394
VIII	775	0.5503791924897316
IX	775	0.3911722984032299
X	775	0.3933484500858866
XI	775	0.3108533688453786
XII	775	0.4265802368256789
XIII	775	0.35604387996508124
XIV	775	0.43184336244936783
XV	775	0.440123670038514
XVI	775	0.48081146249311757
I	780	0.48557019868124995
II	780	0.36850700456477253
III	780	0.6509364539069277
IV	780	0.42439910883831083
V	780	0.34759664624090825
VI	780	0.42578684562168484
VII	780	0.4878160118796634
VIII	780	0.5476136733239372
IX	780	0.3894036663878078
X	780	0.3933484500858866
XI	780	0.3108533688453786
XII	780	0.42513891503899637
XIII	780	0.3543596006624616
XIV	780	0.4298620611398475
XV	780	0.4379858351255531
XVI	780	0.47670520828718677
I	785	0.48557019868124995
II	785	0.36562204863843856
III	785	0.6484814134018908
IV	785	0.42388668433932813
V	785	0.34759664624090825
VI	785	0.42578684562168484
VII	785	0.4856674060901608
VIII	785	0.5448339355506067
IX	785	0.3876236678427236
X	785	0.39229581991844464
XI	785	0.30850639456761686
XII	785	0.4236864633543472
XIII	785	0.35266774913433235
XIV	785	0.4298620611398475
XV	785	0.4358351713704227
XVI	785	0.47340164081403613
I	790	0.48557019868124995
II	790	0.3627149575003935
III	790	0.6484814134018908
IV	790	0.4223435359118186
V	790	0.34349471418404015
VI	790	0.42578684562168484
VII	790	0.4849441765816635
VIII	790	0.5434351800342313
IX	790	0.3876236678427236
X	790	0.39123648510025466
XI	790	0.3049641880218831
XII	790	0.42222288177173134
XIII	790	0.3501126638981168
XIV	790	0.42785271051963897
XV	790	0.4336707624272536
XVI	790	0.47173825450970713
I	795	0.48557019868124995
II	795	0.3617410081851094
III	795	0.6484814134018908
IV	795	0.4207866793129987
V	795	0.34349471418404015
VI	795	0.42578684562168484
VII	795	0.4827662382899151
VIII	795	0.5420222059103197
IX	795	0.3876236678427236
X	795	0.3880450713441886
XI	795	0.3037764540742874
XII	795	0.421489235997429
XIII	795	0.34839809569345903
XIV	795	0.4258357100874246
XV	795	0.4322165215327534
XVI	795	0.4692278807593564
I	800	0.48209523147625294
II	800	0.35879456555957817
III	800	0.6434805209445643
IV	800	0.41870499558401053
V	800	0.34210946586352353
VI	800	0.42578684562168484
VII	800	0.4813032797404074
VIII	800	0.5391873710327864
IX	800	0.38581411632051793
X	800	0.3880450713441886
XI	800	0.3013799908820424
XII	800	0.4207509527656405
XIII	800	0.3458127215552053
XIV	800	0.4258357100874246
XV	800	0.43075403352542996
XVI	800	0.46670484966236525
I	805	0.48209523147625294
II	805	0.35583459586022353
III	805	0.6434805209445643
IV	805	0.4160860820936686
V	805	0.34210946586352353
VI	805	0.42281084242359185
VII	805	0.4798293215025574
VIII	805	0.5363276535920646
IX	805	0.3821677336049176
X	805	0.3880450713441886
XI	805	0.300175760629619
XII	805	0.41851384327434177
XIII	805	0.34320787597992714
XIV	805	0.42481318521597333
XV	805	0.42855022170988305
XVI	805	0.4650077104336618
I	810	0.47858551459920595
II	810	0.35484343026916415
III	810	0.6409471947091372
IV	810	0.4139743709418101
V	810	0.34071033034179876
VI	810	0.41981263024640864
VII	810	0.47834803013914606
VIII	810	0.5334590495216327
IX	810	0.37849179791219584
X	810	0.3858794691525724
XI	810	0.2977568024762453
XII	810	0.4155180457383157
XIII	810	0.33971167128752716
XIV	810	0.42481318521597333
XV	810	0.4278116469392673
XVI	810	0.463301078194978
I	815	0.47858551459920595
II	815	0.3508406461514245
III	815	0.6409471947091372
IV	815	0.4123822647596207
V	815	0.3392990435190168
VI	815	0.41681071657271035
VII	815	0.47760463453535484
VIII	815	0.5334590495216327
IX	815	0.37849179791219584
X	815	0.38369777579916087
XI	815	0.2953198483539687
XII	815	0.41249998840635627
XIII	815	0.337071128077704
XIV	815	0.4227375362250473
XV	815	0.42632258490173564
XVI	815	0.462444597738976
I	820	0.47858551459920595
II	820	0.34983718322052576
III	820	0.6383794227523384
IV	820	0.4102477066555783
V	820	0.3378808130956307
VI	820	0.41681071657271035
VII	820	0.4761031770766495
VIII	820	0.5334590495216327
IX	820	0.37849179791219584
X	820	0.37821337148726586
XI	820	0.2940946228044918
XII	820	0.41249998840635627
XIII	820	0.3353046360409809
XIV	820	0.4196036632399759
XV	820	0.4240738721385955
XVI	820	0.46071581514367144
I	825	0.46785655335377774
II	825	0.3478142708169369
III	825	0.6383794227523384
IV	825	0.4086353646014545
V	825	0.3364504313711875
VI	825	0.41681071657271035
VII	825	0.4745943864923827
VIII	825	0.5319963102713443
IX	825	0.37849179791219584
X	825	0.37600083674041335
XI	825	0.2928633985987139
XII	825	0.4086815059122946
XIII	825	0.331748935291006
XIV	825	0.4185556389951717
XV	825	0.4233188031423333
XVI	825	0.459846677341029
I	830	0.46785655335377774
II	830	0.34679605107823075
III	830	0.6383794227523384
IV	830	0.4070151893065819
V	830	0.3321367194958946
VI	830	0.41374587745825636
VII	830	0.47383540799677343
VIII	830	0.5305282390432299
IX	830	0.37849179791219584
X	830	0.373777574552364
XI	830	0.2928633985987139
XII	830	0.4063794720161903
XIII	830	0.32995539959174885
XIV	830	0.41750251487569695
XV	830	0.4218013343828548
XVI	830	0.459846677341029
I	835	0.46785655335377774
II	835	0.34679605107823075
III	835	0.6383794227523384
IV	835	0.4053865280008982
V	835	0.3292499175447428
VI	835	0.41374587745825636
VII	835	0.47383540799677343
VIII	835	0.5305282390432299
IX	835	0.37660268068235553
X	835	0.37043061289894347
XI	835	0.289114238410596
XII	835	0.4063794720161903
XIII	835	0.32815212817397943
XIV	835	0.41750251487569695
XV	835	0.42103710192790006
XVI	835	0.45896699174951955
I	840	0.46785655335377774
II	840	0.3447325574531717
III	840	0.6383794227523384
IV	840	0.4048382011484836
V	840	0.32488933636537226
VI	840	0.41064772487516704
VII	840	0.47076374502722423
VIII	840	0.5275476634384503
IX	840	0.37660268068235553
X	840	0.3659411787580573
XI	840	0.289114238410596
XII	840	0.4048268512498412
XIII	840	0.3245326043804243
XIV	840	0.41750251487569695
XV	840	0.4179645942283039
XVI	840	0.4580830870424633
I	845	0.46785655335377774
II	845	0.34369589170470644
III	845	0.6383794227523384
IV	845	0.40373697805321773
V	845	0.32488933636537226
VI	845	0.41064772487516704
VII	845	0.4676746658844666
VIII	845	0.5260458230174373
IX	845	0.37660268068235553
X	845	0.3659411787580573
XI	845	0.289114238410596
XII	845	0.40169378497222624
XIII	845	0.3227055345396249
XIV	845	0.41750251487569695
XV	845	0.41641780240100945
XVI	845	0.45630894895503055
I	850	0.46785655335377774
II	850	0.34265061781835354
III	850	0.6330653873734511
IV	850	0.40318277627024157
V	850	0.32488933636537226
VI	850	0.41064772487516704
VII	850	0.46689827121564886
VIII	850	0.5245368732926563
IX	850	0.37660268068235553
X	850	0.36253253431775484
XI	850	0.2865708081389769
XII	850	0.40169378497222624
XIII	850	0.3199557349331643
XIV	850	0.41426026955387574
XV	850	0.41641780240100945
XVI	850	0.45630894895503055
I	855	0.46785655335377774
II	855	0.3416016547300488
III	855	0.6330653873734511
IV	855	0.4015123376805644
V	855	0.32044196017845056
VI	855	0.41064772487516704
VII	855	0.4653372321117568
VIII	855	0.5230208142641071
IX	855	0.37466582402793436
X	855	0.36253253431775484
XI	855	0.2827286687781937
XII	855	0.4009044897080906
XIII	855	0.3171853821431778
XIV	855	0.4131727212803745
XV	855	0.41485176731046075
XVI	855	0.4536087150050735
I	860	0.46785655335377774
II	860	0.3416016547300488
III	860	0.6330653873734511
IV	860	0.4003941425636761
V	860	0.3189490860485705
VI	860	0.41064772487516704
VII	860	0.4653372321117568
VIII	860	0.5199691456216464
IX	860	0.3727198741497836
X	860	0.3590863438332634
XI	860	0.2814449563297821
XII	860	0.4009044897080906
XIII	860	0.31533343213284715
XIV	860	0.4131727212803745
XV	860	0.41249400938887976
XVI	860	0.4517997692143796
I	865	0.46785655335377774
II	865	0.33947421493782465
III	865	0.6330653873734511
IV	865	0.39926615589585185
V	865	0.31744926831808634
VI	865	0.40745333338268663
VII	865	0.4645470878325114
VIII	865	0.5199691456216464
IX	865	0.36880069472229293
X	865	0.35793180297445126
XI	865	0.2801492465687686
XII	865	0.39850321422178364
XIII	865	0.31346741941799877
XIV	865	0.40987437733717696
XV	865	0.41012525531686783
XVI	865	0.44907105623448157
I	870	0.46785655335377774
II	870	0.3384080355737447
III	870	0.6330653873734511
IV	870	0.39926615589585185
V	870	0.31744926831808634
VI	870	0.40745333338268663
VII	870	0.4637523603497901
VIII	870	0.5199691456216464
IX	870	0.36682973847888556
X	870	0.3567678756045919
XI	870	0.2801492465687686
XII	870	0.39769629661920075
XIII	870	0.3115862622521313
XIV	870	0.4087689795023287
XV	870	0.4085353952337186
XVI	870	0.44632230245573623
I	875	0.46785655335377774
II	875	0.3384080355737447
III	875	0.6330653873734511
IV	875	0.3964174673435457
V	875	0.315935563386394
VI	875	0.40745333338268663
VII	875	0.4621519056960053
VIII	875	0.5184175400742567
IX	875	0.36682973847888556
X	875	0.35325463861262
XI	875	0.2749094202898551
XII	875	0.3960750414820572
XIII	875	0.30875316816506587
XIV	875	0.40654288420862056
XV	875	0.4077354252898631
XVI	875	0.44540042570875865
I	880	0.46785655335377774
II	880	0.336248622697938
III	880	0.6330653873734511
IV	880	0.3952692448037871
V	880	0.31441317895394655
VI	880	0.40421082243551065
VII	880	0.4621519056960053
VIII	880	0.5184175400742567
IX	880	0.36483832248208636
X	880	0.35325463861262
XI	880	0.27095480612342837
XII	880	0.39281490886932297
XIII	880	0.3068514578156726
XIV	880	0.4031858917067113
XV	880	0.4045181349429254
XVI	880	0.44540042570875865
I	885	0.46785655335377774
II	885	0.33190643200062964
III	885	0.6330653873734511
IV	885	0.3941164528735917
V	885	0.31441317895394655
VI	885	0.40421082243551065
VII	885	0.4621519056960053
VIII	885	0.5137005170241166
IX	885	0.36283099334376023
X	885	0.3520679154302173
XI	885	0.2696321024090604
XII	885	0.39199778886027065
XIII	885	0.30398699308006766
XIV	885	0.4031858917067113
XV	885	0.4045181349429254
XVI	885	0.44167494668092727
I	890	0.46785655335377774
II	890	0.33190643200062964
III	890	0.6302878096592066
IV	890	0.3917971608418906
V	890	0.31287343551998886
VI	890	0.40421082243551065
VII	890	0.4613379287586852
VIII	890	0.5137005170241166
IX	890	0.360812297675772
X	890	0.350879851317665
XI	890	0.26830190037431617
XII	890	0.38952324154568313
XIII	890	0.30398699308006766
XIV	890	0.4020549944985102
XV	890	0.40370350346516193
XVI	890	0.4398016593781446
I	895	0.46785655335377774
II	895	0.32971381630725644
III	895	0.6302878096592066
IV	895	0.39004838984472556
V	895	0.31287343551998886
VI	895	0.4009090875440941
VII	895	0.4605175353364988
VIII	895	0.5121169196097703
IX	895	0.3567567198923362
X	895	0.3484876319307651
XI	895	0.26696120069104523
XII	895	0.38703756433312897
XIII	895	0.3010857489634164
XIV	895	0.4020549944985102
XV	895	0.40206599339681165
XVI	895	0.4379188790653815
I	900	0.46785655335377774
II	900	0.32971381630725644
III	900	0.6302878096592066
IV	900	0.38946285509875433
V	900	0.311318068984672
VI	900	0.3975814421770722
VII	900	0.4605175353364988
VIII	900	0.5105208809138299
IX	900	0.3567567198923362
X	900	0.34607932138206987
XI	900	0.2656160020155485
XII	900	0.3853745720786105
XIII	900	0.29816936039574615
XIV	900	0.4020549944985102
XV	900	0.40206599339681165
XVI	900	0.43697379718289653
I	905	0.46785655335377774
II	905	0.32638123721076656
III	905	0.6302878096592066
IV	905	0.38769450099971736
V	905	0.3097540229486
VI	905	0.3942352893274751
VII	905	0.4563779859570645
VIII	905	0.5105208809138299
IX	905	0.3567567198923362
X	905	0.344865779596675
XI	905	0.26290760869565216
XII	905	0.38453611976512203
XIII	905	0.29719146155851545
XIV	905	0.4009011478542915
XV	905	0.39875340307947194
XVI	905	0.43602238662709136
I	910	0.46391680928511236
II	910	0.325262179285377
III	910	0.6302878096592066
IV	910	0.3853236401330868
V	910	0.3097540229486
VI	910	0.3942352893274751
VII	910	0.4555438429244505
VIII	910	0.5089106236103533
IX	910	0.3546902847997672
X	910	0.34242662765453885
XI	910	0.26154291438717725
XII	910	0.38284901273167576
XIII	910	0.296208153988778
XIV	910	0.3997434763040698
XV	910	0.3979204446843234
XVI	910	0.43506253784019255
I	915	0.46391680928511236
II	915	0.325262179285377
III	915	0.6274350776437874
IV	915	0.38353374462199064
V	915	0.3097540229486
VI	915	0.3942352893274751
VII	915	0.45386914037435605
VIII	915	0.5089106236103533
IX	915	0.3546902847997672
X	915	0.3387565018350629
XI	915	0.26017372108647663
XII	915	0.38200035801171794
XIII	915	0.2942318031307907
XIV	915	0.39625133712339017
XV	915	0.3970847372515672
XVI	915	0.43313862115084817
I	920	0.46391680928511236
II	920	0.3230031579568708
III	920	0.6274350776437874
IV	920	0.38173666864020817
V	920	0.3097540229486
VI	920	0.3908336140301524
VII	920	0.4530285808568757
VIII	920	0.5089106236103533
IX	920	0.3546902847997672
X	920	0.33629589501053303
XI	920	0.26017372108647663
XII	920	0.3811479933257712
XIII	920	0.29026071172429313
XIV	920	0.3950783659491568
XV	920	0.3962416990518569
XVI	920	0.4321682245750823
I	925	0.46391680928511236
II	925	0.3218681134896899
III	925	0.6245478999069966
IV	925	0.38173666864020817
V	925	0.3097540229486
VI	925	0.3908336140301524
VII	925	0.4504885694905311
VIII	925	0.5072683744399201
IX	925	0.3546902847997672
X	925	0.3338232198146566
XI	925	0.2587895311450235
XII	925	0.38029099118233833
XIII	925	0.2882681346687854
XIV	925	0.39272477378868414
XV	925	0.3945492082313517
XVI	925	0.4302253218657773
I	930	0.46391680928511236
II	930	0.3195832677475209
III	930	0.6187234415659651
IV	930	0.38052316909420975
V	930	0.3081431076084504
VI	930	0.3908336140301524
VII	930	0.4496360936440134
VIII	930	0.5072683744399201
IX	930	0.3546902847997672
X	930	0.3338232198146566
XI	930	0.2574008422113447
XII	930	0.3794312065644138
XIII	930	0.2882681346687854
XIV	930	0.39272477378868414
XV	930	0.3928493866438924
XVI	930	0.4282634331365116
I	935	0.46391680928511236
II	935	0.3161375531245081
III	935	0.615798686678587
IV	935	0.3793064056978993
V	935	0.3032808512854341
VI	935	0.3908336140301524
VII	935	0.4470685830568134
VIII	935	0.5056101293360088
IX	935	0.3546902847997672
X	935	0.3300753200465035
XI	935	0.2560046549572896
XII	935	0.378565856997506
XIII	935	0.28624743220424237
XIV	935	0.39153777795910666
XV	935	0.3919944359478819
XVI	935	0.4272782696563319
I	940	0.46391680928511236
II	940	0.3161375531245081
III	940	0.615798686678587
IV	940	0.37808376737102734
V	940	0.3032808512854341
VI	940	0.3908336140301524
VII	940	0.44620785744403907
VIII	940	0.5056101293360088
IX	940	0.3504301094824137
X	940	0.32881618663602197
XI	940	0.2560046549572896
XII	940	0.3759586783988158
XIII	940	0.2852327539859654
XIV	940	0.39034440728619096
XV	940	0.39113307083078663
XVI	940	0.4272782696563319
I	945	0.46391680928511236
II	945	0.311501456005037
III	945	0.615798686678587
IV	945	0.37623838640462737
V	945	0.29509781797351015
VI	945	0.3908336140301524
VII	945	0.44361651419876436
VIII	945	0.5056101293360088
IX	945	0.3482886552940749
X	945	0.32755034857479237
XI	945	0.2545904717343315
XII	945	0.3759586783988158
XIII	945	0.2852327539859654
XIV	945	0.38794236631634776
XV	945	0.3876720324826284
XVI	945	0.4272782696563319
I	950	0.46391680928511236
II	950	0.311501456005037
III	950	0.6128238289237591
IV	950	0.3756195603854738
V	950	0.29509781797351015
VI	950	0.3908336140301524
VII	950	0.44361651419876436
VIII	950	0.503923447017025
IX	950	0.34182337322227474
X	950	0.326280487723114
XI	950	0.2517471086476629
XII	950	0.3759586783988158
XIII	950	0.28420725830267485
XIV	950	0.38794236631634776
XV	950	0.3859355570603991
XVI	950	0.4262804488295119
I	955	0.46391680928511236
II	955	0.3103295195183378
III	955	0.6128238289237591
IV	955	0.37437472787648024
V	955	0.29178572048535767
VI	955	0.3908336140301524
VII	955	0.44361651419876436
VIII	955	0.503923447017025
IX	955	0.34182337322227474
X	955	0.326280487723114
XI	955	0.2503209281121029
XII	955	0.37419273458810565
XIII	955	0.2811199537877895
XIV	955	0.38794236631634776
XV	955	0.3850604467552651
XVI	955	0.4232658907713176
I	960	0.46391680928511236
II	960	0.3103295195183378
III	960	0.6128238289237591
IV	960	0.37187461853749476
V	960	0.2901192563403753
VI	960	0.3908336140301524
VII	960	0.4427392890534768
VIII	960	0.503923447017025
IX	960	0.3396409995271524
X	960	0.326280487723114
XI	960	0.2503209281121029
XII	960	0.37419273458810565
XIII	960	0.2800814771464825
XIV	960	0.38794236631634776
XV	960	0.3850604467552651
XVI	960	0.4232658907713176
I	965	0.46391680928511236
II	965	0.30914282622383127
III	965	0.609801999730697
IV	965	0.37124534819734284
V	965	0.2901192563403753
VI	965	0.3908336140301524
VII	965	0.4409720057931692
VIII	965	0.5005020945786227
IX	965	0.3396409995271524
X	965	0.326280487723114
XI	965	0.2474295757750264
XII	965	0.3715141391441294
XIII	965	0.2800814771464825
XIV	965	0.384260256804189
XV	965	0.38417892202904635
XVI	965	0.4202165250098622
I	970	0.46391680928511236
II	970	0.30676206123091454
III	970	0.6067707762499882
IV	970	0.37124534819734284
V	970	0.2901192563403753
VI	970	0.38725796839662274
VII	970	0.4383100812143656
VIII	970	0.49877986574079836
IX	970	0.33744043938457063
X	970	0.32498112640814425
XI	970	0.24597790095018715
XII	970	0.3715141391441294
XIII	970	0.2779850524268442
XIV	970	0.38179191746362834
XV	970	0.3824048764261778
XVI	970	0.41715450190176634
I	975	0.45968603671302855
II	975	0.3055679895325043
III	975	0.603727027052417
IV	975	0.3687041143444263
V	975	0.28674293054663497
VI	975	0.38725796839662274
VII	975	0.4383100812143656
VIII	975	0.493595405967905
IX	975	0.33522623940639434
X	975	0.32498112640814425
XI	975	0.24451722814089644
XII	975	0.3679034147454453
XIII	975	0.2748306796288744
XIV	975	0.3805500979813421
XV	975	0.3824048764261778
XVI	975	0.4161303116027787
I	980	0.45968603671302855
II	980	0.30196117975759484
III	980	0.603727027052417
IV	980	0.3687041143444263
V	980	0.28674293054663497
VI	980	0.38725796839662274
VII	980	0.4374154398958696
VIII	980	0.4918571811966025
IX	980	0.33522623940639434
X	980	0.3236710376519777
XI	980	0.24305055667530473
XII	980	0.3669963280611625
XIII	980	0.2748306796288744
XIV	980	0.3805500979813421
XV	980	0.37971906668340527
XVI	980	0.41509979263047087
I	985	0.45968603671302855
II	985	0.30196117975759484
III	985	0.6006550949919053
IV	985	0.36677648435016413
V	985	0.28674293054663497
VI	985	0.3836268003153675
VII	985	0.4374154398958696
VIII	985	0.4918571811966025
IX	985	0.33522623940639434
X	985	0.3236710376519777
XI	985	0.24157638688933677
XII	985	0.3669963280611625
XIII	985	0.2748306796288744
XIV	985	0.3792942538437118
XV	985	0.3788192150398015
XVI	985	0.4140608354270694
I	990	0.45968603671302855
II	990	0.30074497284747365
III	990	0.5975581114976687
IV	990	0.3635511474718542
V	990	0.28674293054663497
VI	990	0.37996231876547687
VII	990	0.4374154398958696
VIII	990	0.4883434078092147
IX	990	0.33298475975702907
X	990	0.3236710376519777
XI	990	0.24157638688933677
XII	990	0.36607996646190744
XIII	990	0.27269314854218435
XIV	990	0.3755126967754767
XV	990	0.3770085156021629
XVI	990	0.4140608354270694
I	995	0.45538142108783847
II	995	0.30074497284747365
III	995	0.5975581114976687
IV	995	0.3622540933578688
V	995	0.28674293054663497
VI	995	0.37996231876547687
VII	995	0.4374154398958696
VIII	995	0.4883434078092147
IX	995	0.33298475975702907
X	995	0.3236710376519777
XI	995	0.24157638688933677
XII	995	0.36607996646190744
XIII	995	0.27054696348348334
XIV	995	0.3755126967754767
XV	995	0.37518590366822413
XVI	995	0.4119649897791926
I	1000	0.45538142108783847
II	1000	0.30074497284747365
III	1000	0.5913077787833145
IV	1000	0.3609505115432594
V	1000	0.28674293054663497
VI	1000	0.37996231876547687
VII	1000	0.4374154398958696
VIII	1000	0.4847958652289285
IX	1000	0.33071600043647476
X	1000	0.3236710376519777
XI	1000	0.24007972214224013
XII	1000	0.36607996646190744
XIII	1000	0.2694673804751247
XIV	1000	0.3755126967754767
XV	1000	0.37426955779897386
XVI	1000	0.410912320450264
I	1005	0.45538142108783847
II	1005	0.29951277939556115
III	1005	0.5818821768443335
IV	1005	0.35964105479808844
V	1005	0.28674293054663497
VI	1005	0.37996231876547687
VII	1005	0.4374154398958696
VIII	1005	0.48301498463501724
IX	1005	0.33071600043647476
X	1005	0.3236710376519777
XI	1005	0.24007972214224013
XII	1005	0.3651506199816913
XIII	1005	0.2694673804751247
XIV	1005	0.3742339032018288
XV	1005	0.37426955779897386
XVI	1005	0.410912320450264
I	1010	0.45538142108783847
II	1010	0.29951277939556115
III	1010	0.5818821768443335
IV	1010	0.35964105479808844
V	1010	0.28674293054663497
VI	1010	0.37250010179115417
VII	1010	0.4374154398958696
VIII	1010	0.4812234400854538
IX	1010	0.33071600043647476
X	1010	0.3236710376519777
XI	1010	0.2385650614262405
XII	1010	0.3651506199816913
XIII	1010	0.26619617905500786
XIV	1010	0.37166484133652417
XV	1010	0.37242037183482685
XVI	1010	0.409846993774695
I	1015	0.45538142108783847
II	1015	0.2982658291358413
III	1015	0.5818821768443335
IV	1015	0.35964105479808844
V	1015	0.28145885048692
VI	1015	0.37250010179115417
VII	1015	0.4364877995123472
VIII	1015	0.4812234400854538
IX	1015	0.32841541483286657
X	1015	0.3223126754104252
XI	1015	0.2370474013820904
XII	1015	0.36421292607800015
XIII	1015	0.26619617905500786
XIV	1015	0.37166484133652417
XV	1015	0.37242037183482685
XVI	1015	0.409846993774695
I	1020	0.45538142108783847
II	1020	0.29701150047221786
III	1020	0.5818821768443335
IV	1020	0.35964105479808844
V	1020	0.27792455777943653
VI	1020	0.36873938133187245
VII	1020	0.4364877995123472
VIII	1020	0.4794158996024122
IX	1020	0.326096642781799
X	1020	0.3223126754104252
XI	1020	0.2370474013820904
XII	1020	0.36138593199446845
XIII	1020	0.2639915796852334
XIV	1020	0.3703669232328616
XV	1020	0.37242037183482685
XVI	1020	0.4077005187402565
I	1025	0.45538142108783847
II	1025	0.29701150047221786
III	1025	0.5818821768443335
IV	1025	0.3589719654841302
V	1025	0.27792455777943653
VI	1025	0.36873938133187245
VII	1025	0.43367279593744845
VIII	1025	0.47759769516371836
IX	1025	0.3237710508129342
X	1025	0.32093956293722703
XI	1025	0.2370474013820904
XII	1025	0.3594901393741473
XIII	1025	0.2639915796852334
XIV	1025	0.3703669232328616
XV	1025	0.37242037183482685
XVI	1025	0.40554349591695094
I	1030	0.45538142108783847
II	1030	0.29448193766724384
III	1030	0.5818821768443335
IV	1030	0.35830222340010953
V	1030	0.27435381116878155
VI	1030	0.36873938133187245
VII	1030	0.43178634938676735
VIII	1030	0.47759769516371836
IX	1030	0.3237710508129342
X	1030	0.3195610867434304
XI	1030	0.23550274738458585
XII	1030	0.3566269731222239
XIII	1030	0.2639915796852334
XIV	1030	0.3703669232328616
XV	1030	0.3714774519353683
XVI	1030	0.403373815747005
I	1035	0.4508856822663736
II	1035	0.2932091629938612
III	1035	0.5786442790353945
IV	1035	0.3576285646957145
V	1035	0.27435381116878155
VI	1035	0.36873938133187245
VII	1035	0.4298916530698297
VIII	1035	0.47576349479154634
IX	1035	0.3237710508129342
X	1035	0.31817590589888584
XI	1035	0.23550274738458585
XII	1035	0.3566269731222239
XIII	1035	0.2639915796852334
XIV	1035	0.3703669232328616
XV	1035	0.37053178299830203
XVI	1035	0.403373815747005
I	1040	0.4508856822663736
II	1040	0.2932091629938612
III	1040	0.5754001183680244
IV	1040	0.35627210850605084
V	1040	0.27435381116878155
VI	1040	0.36873938133187245
VII	1040	0.42893926338753735
VIII	1040	0.47576349479154634
IX	1040	0.3214068126432183
X	1040	0.31817590589888584
XI	1040	0.23394759573855456
XII	1040	0.3566269731222239
XIII	1040	0.2639915796852334
XIV	1040	0.3690422307871784
XV	1040	0.36957878329428173
XVI	1040	0.403373815747005
I	1045	0.4508856822663736
II	1045	0.2932091629938612
III	1045	0.568871088453481
IV	1045	0.3555899637908446
V	1045	0.27435381116878155
VI	1045	0.3648713174736546
VII	1045	0.42702715089739124
VIII	1045	0.47576349479154634
IX	1045	0.3214068126432183
X	1045	0.3167786566829947
XI	1045	0.23394759573855456
XII	1045	0.3566269731222239
XIII	1045	0.2628633180843135
XIV	1045	0.3690422307871784
XV	1045	0.3686248672443922
XVI	1045	0.4011735469893446
I	1050	0.4508856822663736
II	1050	0.2919191720447033
III	1050	0.5655924820647392
IV	1050	0.354907166305576
V	1050	0.27435381116878155
VI	1050	0.3648713174736546
VII	1050	0.42702715089739124
VIII	1050	0.47576349479154634
IX	1050	0.3214068126432183
X	1050	0.3153760437465052
XI	1050	0.23080429983683654
XII	1050	0.35565403454163835
XIII	1050	0.2617285660043854
XIV	1050	0.3663698964597945
XV	1050	0.3686248672443922
XVI	1050	0.40006919349496767
I	1055	0.4508856822663736
II	1055	0.2919191720447033
III	1055	0.5655924820647392
IV	1055	0.3542211049699954
V	1055	0.27435381116878155
VI	1055	0.3648713174736546
VII	1055	0.4250957889526463
VIII	1055	0.47576349479154634
IX	1055	0.31901529480231333
X	1055	0.31254936299113245
XI	1055	0.23080429983683654
XII	1055	0.35565403454163835
XIII	1055	0.2617285660043854
XIV	1055	0.3636809875397312
XV	1055	0.3686248672443922
XVI	1055	0.39784888393845996
I	1060	0.4508856822663736
II	1060	0.2919191720447033
III	1060	0.5655924820647392
IV	1060	0.35353177978410283
V	1060	0.27435381116878155
VI	1060	0.3648713174736546
VII	1060	0.42412598309714555
VIII	1060	0.47576349479154634
IX	1060	0.316605590513949
X	1060	0.31254936299113245
XI	1060	0.22921615558114983
XII	1060	0.3527101765294567
XIII	1060	0.2617285660043854
XIV	1060	0.3636809875397312
XV	1060	0.36571730180126105
XVI	1060	0.39784888393845996
I	1065	0.44626831959273383
II	1065	0.2906095053518023
III	1065	0.5655924820647392
IV	1065	0.35353177978410283
V	1065	0.27066675924800804
VI	1065	0.3648713174736546
VII	1065	0.4231525106788641
VIII	1065	0.47576349479154634
IX	1065	0.316605590513949
X	1065	0.3111212723818004
XI	1065	0.22921615558114983
XII	1065	0.3527101765294567
XIII	1065	0.2605775877269369
XIV	1065	0.3636809875397312
XV	1065	0.36571730180126105
XVI	1065	0.39784888393845996
I	1070	0.44626831959273383
II	1070	0.2879840232960806
III	1070	0.5655924820647392
IV	1070	0.35283592689758625
V	1070	0.27066675924800804
VI	1070	0.3648713174736546
VII	1070	0.4221744550571067
VIII	1070	0.47576349479154634
IX	1070	0.316605590513949
X	1070	0.3111212723818004
XI	1070	0.22601437278049716
XII	1070	0.3517196156104239
XIII	1070	0.2582691406930317
XIV	1070	0.3636809875397312
XV	1070	0.36571730180126105
XVI	1070	0.39672027052968883
I	1075	0.44626831959273383
II	1075	0.2879840232960806
III	1075	0.5655924820647392
IV	1075	0.3521341990805081
V	1075	0.26693804572360996
VI	1075	0.36089961171301554
VII	1075	0.4211927328725686
VIII	1075	0.47576349479154634
IX	1075	0.316605590513949
X	1075	0.3111212723818004
XI	1075	0.22601437278049716
XII	1075	0.3497273638743917
XIII	1075	0.2582691406930317
XIV	1075	0.3636809875397312
XV	1075	0.36473589537529405
XVI	1075	0.39672027052968883
I	1080	0.4415858012840004
II	1080	0.2879840232960806
III	1080	0.5655924820647392
IV	1080	0.3507268268259774
V	1080	0.26693804572360996
VI	1080	0.36089961171301554
VII	1080	0.4211927328725686
VIII	1080	0.47576349479154634
IX	1080	0.316605590513949
X	1080	0.3082262041887976
XI	1080	0.22601437278049716
XII	1080	0.34872938302338113
XIII	1080	0.2582691406930317
XIV	1080	0.3623091212533452
XV	1080	0.36374807452824226
XVI	1080	0.39672027052968883
I	1085	0.4415858012840004
II	1085	0.28665345112545254
III	1085	0.5621980127950198
IV	1085	0.35001857130827524
V	1085	0.26318155779679553
VI	1085	0.36089961171301554
VII	1085	0.4202009276403835
VIII	1085	0.47576349479154634
IX	1085	0.316605590513949
X	1085	0.30532040855459797
XI	1085	0.2227676000575871
XII	1085	0.34772583722338724
XIII	1085	0.2570986909785587
XIV	1085	0.3609283301862857
XV	1085	0.36374807452824226
XVI	1085	0.39672027052968883
I	1090	0.43686853330321695
II	1090	0.2826371399338895
III	1090	0.5621980127950198
IV	1090	0.35001857130827524
V	1090	0.26318155779679553
VI	1090	0.36089961171301554
VII	1090	0.41920453920472256
VIII	1090	0.4699551936130015
IX	1090	0.3141276870476121
X	1090	0.30386147655182494
XI	1090	0.2227676000575871
XII	1090	0.3457057607424384
XIII	1090	0.2570986909785587
XIV	1090	0.35953988930722025
XV	1090	0.36374807452824226
XVI	1090	0.39672027052968883
I	1095	0.43686853330321695
II	1095	0.27860361246655124
III	1095	0.5553495771004844
IV	1095	0.34788009658385843
V	1095	0.26128595483187805
VI	1095	0.36089961171301554
VII	1095	0.41920453920472256
VIII	1095	0.4699551936130015
IX	1095	0.3141276870476121
X	1095	0.30239718082845346
XI	1095	0.22112846722334198
XII	1095	0.34469015755298066
XIII	1095	0.2570986909785587
XIV	1095	0.3581463485534843
XV	1095	0.3627455921472824
XVI	1095	0.39441452388335835
I	1100	0.43686853330321695
II	1100	0.2772509050842122
III	1100	0.5553495771004844
IV	1100	0.3471640078254075
V	1100	0.25937820056590344
VI	1100	0.36089961171301554
VII	1100	0.41920453920472256
VIII	1100	0.4699551936130015
IX	1100	0.3141276870476121
X	1100	0.30239718082845346
XI	1100	0.2194818360687206
XII	1100	0.3426533862250818
XIII	1100	0.25590985157356255
XIV	1100	0.3581463485534843
XV	1100	0.36174127707458414
XVI	1100	0.3932563766657596
I	1105	0.43208610968733985
II	1105	0.2758969679678892
III	1105	0.5553495771004844
IV	1105	0.3464426969064574
V	1105	0.25937820056590344
VI	1105	0.36089961171301554
VII	1105	0.41920453920472256
VIII	1105	0.4699551936130015
IX	1105	0.3141276870476121
X	1105	0.3009181348734363
XI	1105	0.2194818360687206
XII	1105	0.3426533862250818
XIII	1105	0.2535278457775648
XIV	1105	0.3581463485534843
XV	1105	0.35972073443288727
XVI	1105	0.392094010332614
I	1110	0.43208610968733985
II	1110	0.27453688218164646
III	1110	0.5553495771004844
IV	1110	0.3464426969064574
V	1110	0.2574513513982676
VI	1110	0.36089961171301554
VII	1110	0.41920453920472256
VIII	1110	0.4699551936130015
IX	1110	0.3141276870476121
X	1110	0.29646356491643994
XI	1110	0.21615858047797293
XII	1110	0.3395685495053224
XIII	1110	0.2523292706540564
XIV	1110	0.35673113333239836
XV	1110	0.35769102833249794
XVI	1110	0.392094010332614
I	1115	0.43208610968733985
II	1115	0.27453688218164646
III	1115	0.5553495771004844
IV	1115	0.3457174693671329
V	1115	0.25552103043032964
VI	1115	0.3526748864565944
VII	1115	0.41818340147029165
VIII	1115	0.46797880716546725
IX	1115	0.3141276870476121
X	1115	0.2949711096599267
XI	1115	0.21282482723869853
XII	1115	0.3395685495053224
XIII	1115	0.24991913944902325
XIV	1115	0.35388795320355004
XV	1115	0.3566711353800224
XVI	1115	0.392094010332614
I	1120	0.43208610968733985
II	1120	0.27453688218164646
III	1120	0.5553495771004844
IV	1120	0.3457174693671329
V	1120	0.25552103043032964
VI	1120	0.3526748864565944
VII	1120	0.41818340147029165
VIII	1120	0.46797880716546725
IX	1120	0.3141276870476121
X	1120	0.2949711096599267
XI	1120	0.20947007870237067
XII	1120	0.338533468994423
XIII	1120	0.24870866511399986
XIV	1120	0.35388795320355004
XV	1120	0.3566711353800224
XVI	1120	0.39091687709505457
I	1125	0.43208610968733985
II	1125	0.27453688218164646
III	1125	0.5553495771004844
IV	1125	0.34352024533710024
V	1125	0.25552103043032964
VI	1125	0.3526748864565944
VII	1125	0.41818340147029165
VIII	1125	0.46797880716546725
IX	1125	0.3141276870476121
X	1125	0.2949711096599267
XI	1125	0.20947007870237067
XII	1125	0.338533468994423
XIII	1125	0.24749602728597375
XIV	1125	0.3524536134524494
XV	1125	0.3556420789688543
XVI	1125	0.38973446996306166
I	1130	0.43208610968733985
II	1130	0.27315097198174093
III	1130	0.5553495771004844
IV	1130	0.3420495543865169
V	1130	0.25552103043032964
VI	1130	0.3526748864565944
VII	1130	0.41818340147029165
VIII	1130	0.4659722061769186
IX	1130	0.3141276870476121
X	1130	0.2949711096599267
XI	1130	0.20947007870237067
XII	1130	0.3364429031596853
XIII	1130	0.2450577706719052
XIV	1130	0.3524536134524494
XV	1130	0.35460844082834003
XVI	1130	0.3885457341577485
I	1135	0.43208610968733985
II	1135	0.2703656245081064
III	1135	0.5553495771004844
IV	1135	0.34130866036569485
V	1135	0.25552103043032964
VI	1135	0.3526748864565944
VII	1135	0.41714668084404277
VIII	1135	0.4659722061769186
IX	1135	0.3141276870476121
X	1135	0.2934504948702717
XI	1135	0.20947007870237067
XII	1135	0.3332940695266176
XIII	1135	0.2450577706719052
XIV	1135	0.35100907395200764
XV	1135	0.353568388266741
XVI	1135	0.3885457341577485
I	1140	0.43208610968733985
II	1140	0.2675667499606485
III	1140	0.5553495771004844
IV	1140	0.3405658080346856
V	1140	0.2515683857864496
VI	1140	0.34846628491899273
VII	1140	0.414016352870002
VIII	1140	0.46394960925489165
IX	1140	0.3141276870476121
X	1140	0.2934504948702717
XI	1140	0.20776196132066418
XII	1140	0.3332940695266176
XIII	1140	0.2450577706719052
XIV	1140	0.34955688463956
XV	1140	0.353568388266741
XVI	1140	0.3885457341577485
I	1145	0.43208610968733985
II	1145	0.2661599342830159
III	1145	0.5553495771004844
IV	1145	0.3390755339822303
V	1145	0.2515683857864496
VI	1145	0.34846628491899273
VII	1145	0.4119181623187343
VIII	1145	0.46394960925489165
IX	1145	0.3141276870476121
X	1145	0.2919178117092702
XI	1145	0.20604934494673194
XII	1145	0.33223580172828765
XIII	1145	0.2450577706719052
XIV	1145	0.34809704551510645
XV	1145	0.35252008859231865
XVI	1145	0.3885457341577485
I	1150	0.43208610968733985
II	1150	0.2661599342830159
III	1150	0.5553495771004844
IV	1150	0.33757677391896385
V	1150	0.24957210061277274
VI	1150	0.34422436991275573
VII	1150	0.410864025519277
VIII	1150	0.46394960925489165
IX	1150	0.3141276870476121
X	1150	0.29038110575781995
XI	1150	0.20604934494673194
XII	1150	0.33223580172828765
XIII	1150	0.24257840769078493
XIV	1150	0.34809704551510645
XV	1150	0.35146629084268083
XVI	1150	0.3885457341577485
I	1155	0.43208610968733985
II	1155	0.2619075141665355
III	1155	0.5553495771004844
IV	1155	0.33531884227312814
V	1155	0.24756713593834082
VI	1155	0.34422436991275573
VII	1155	0.4098089720791244
VIII	1155	0.4619003524437343
IX	1155	0.3115042920016004
X	1155	0.29038110575781995
XI	1155	0.2043187326038967
XII	1155	0.33223580172828765
XIII	1155	0.24008606375164832
XIV	1155	0.34809704551510645
XV	1155	0.35146629084268083
XVI	1155	0.38733168365915455
I	1160	0.43208610968733985
II	1160	0.25905822052573585
III	1160	0.5444709920054612
IV	1160	0.3338050684984265
V	1160	0.24756713593834082
VI	1160	0.34422436991275573
VII	1160	0.4098089720791244
VIII	1160	0.45778939753982545
IX	1160	0.3115042920016004
X	1160	0.2888309905048736
XI	1160	0.20258212160476052
XII	1160	0.33223580172828765
XIII	1160	0.24008606375164832
XIV	1160	0.34809704551510645
XV	1160	0.3504060786719583
XVI	1160	0.38733168365915455
I	1165	0.43208610968733985
II	1165	0.2562015484810326
III	1165	0.5444709920054612
IV	1165	0.3330452441457949
V	1165	0.24756713593834082
VI	1165	0.34422436991275573
VII	1165	0.4098089720791244
VIII	1165	0.4536500054208441
IX	1165	0.3115042920016004
X	1165	0.2888309905048736
XI	1165	0.20258212160476052
XII	1165	0.33007845650574996
XIII	1165	0.24008606375164832
XIV	1165	0.34809704551510645
XV	1165	0.3493422011177587
XVI	1165	0.38733168365915455
I	1170	0.43208610968733985
II	1170	0.25189624980324254
III	1170	0.5408072198231995
IV	1170	0.33152233159021965
V	1170	0.24756713593834082
VI	1170	0.34422436991275573
VII	1170	0.4098089720791244
VIII	1170	0.4536500054208441
IX	1170	0.3115042920016004
X	1170	0.2888309905048736
XI	1170	0.20083351329302238
XII	1170	0.33007845650574996
XIII	1170	0.2388204203450555
XIV	1170	0.34809704551510645
XV	1170	0.34827190914247436
XVI	1170	0.38733168365915455
I	1175	0.43208610968733985
II	1175	0.25045254210609164
III	1175	0.5408072198231995
IV	1175	0.32999028025377086
V	1175	0.24756713593834082
VI	1175	0.3398825145006126
VII	1175	0.4098089720791244
VIII	1175	0.45156697941678825
IX	1175	0.3115042920016004
X	1175	0.2888309905048736
XI	1175	0.20083351329302238
XII	1175	0.3268146139270268
XIII	1175	0.23755369519196132
XIV	1175	0.3466040572052942
XV	1175	0.34827190914247436
XVI	1175	0.3848571723909517
I	1180	0.43208610968733985
II	1180	0.25045254210609164
III	1180	0.5408072198231995
IV	1180	0.3292226226603905
V	1180	0.2414359366049265
VI	1180	0.33552215160589427
VII	1180	0.40872916934020204
VIII	1180	0.45156697941678825
IX	1180	0.3115042920016004
X	1180	0.28567041814224853
XI	1180	0.19730330405989058
XII	1180	0.3268146139270268
XIII	1180	0.23755369519196132
XIV	1180	0.34510086914614074
XV	1180	0.3461120819286515
XVI	1180	0.3848571723909517
I	1185	0.43208610968733985
II	1185	0.24754053203211082
III	1185	0.5333982582990703
IV	1185	0.3292226226603905
V	1185	0.23938583852656795
VI	1185	0.33552215160589427
VII	1185	0.4076429501164134
VIII	1185	0.45156697941678825
IX	1185	0.30881497108354855
X	1185	0.28567041814224853
XI	1185	0.19730330405989058
XII	1185	0.3235192366373981
XIII	1185	0.2362718255878481
XIV	1185	0.34510086914614074
XV	1185	0.3461120819286515
XVI	1185	0.38360936896798326
I	1190	0.4269301270969255
II	1190	0.24608206752715253
III	1190	0.5333982582990703
IV	1190	0.3292226226603905
V	1190	0.23938583852656795
VI	1190	0.33552215160589427
VII	1190	0.4076429501164134
VIII	1190	0.4473440529785317
IX	1190	0.30881497108354855
X	1190	0.2840747112642155
XI	1190	0.19730330405989058
XII	1190	0.32241737673869875
XIII	1190	0.2362718255878481
XIV	1190	0.3435849314003108
XV	1190	0.34502346303598214
XVI	1190	0.382357346429468
I	1195	0.4269301270969255
II	1195	0.24608206752715253
III	1195	0.5296655946740652
IV	1195	0.3268837475268174
V	1195	0.23938583852656795
VI	1195	0.33552215160589427
VII	1195	0.4076429501164134
VIII	1195	0.4473440529785317
IX	1195	0.30881497108354855
X	1195	0.2824749815957337
XI	1195	0.195515704482196
XII	1195	0.3213090243995188
XIII	1195	0.2362718255878481
XIV	1195	0.33901416872680357
XV	1195	0.3439320951057051
XVI	1195	0.382357346429468
I	1200	0.4269301270969255
II	1200	0.24608206752715253
III	1200	0.5259078796153352
IV	1200	0.3268837475268174
V	1200	0.23938583852656795
VI	1200	0.33552215160589427
VII	1200	0.4065448145635874
VIII	1200	0.4473440529785317
IX	1200	0.30881497108354855
X	1200	0.280871229136803
XI	1200	0.195515704482196
XII	1200	0.3213090243995188
XIII	1200	0.2362718255878481
XIV	1200	0.3359593437991261
XV	1200	0.3439320951057051
XVI	1200	0.37982904143804336
I	1205	0.4269301270969255
II	1205	0.24460392727845112
III	1205	0.5259078796153352
IV	1205	0.3260991179118147
V	1205	0.23938583852656795
VI	1205	0.33552215160589427
VII	1205	0.4065448145635874
VIII	1205	0.4473440529785317
IX	1205	0.30881497108354855
X	1205	0.280871229136803
XI	1205	0.1937131082637489
XII	1205	0.3213090243995188
XIII	1205	0.23366481651956716
XIV	1205	0.3359593437991261
XV	1205	0.34282881467912774
XVI	1205	0.37982904143804336
I	1210	0.4269301270969255
II	1210	0.24311594915787818
III	1210	0.5259078796153352
IV	1210	0.3260991179118147
V	1210	0.23938583852656795
VI	1210	0.33552215160589427
VII	1210	0.4065448145635874
VIII	1210	0.4473440529785317
IX	1210	0.30881497108354855
X	1210	0.280871229136803
XI	1210	0.1937131082637489
XII	1210	0.3213090243995188
XIII	1210	0.23236023023892535
XIV	1210	0.3359593437991261
XV	1210	0.3417218688690734
XVI	1210	0.37855697810068073
I	1215	0.4269301270969255
II	1215	0.24311594915787818
III	1215	0.5259078796153352
IV	1215	0.3260991179118147
V	1215	0.23938583852656795
VI	1215	0.33552215160589427
VII	1215	0.40543384604102883
VIII	1215	0.4473440529785317
IX	1215	0.3032931109737024
X	1215	0.280871229136803
XI	1215	0.1937131082637489
XII	1215	0.32018490470488614
XIII	1215	0.23236023023892535
XIV	1215	0.3359593437991261
XV	1215	0.34061125767554207
XVI	1215	0.37727753131111125
I	1220	0.4269301270969255
II	1220	0.2416193628994176
III	1220	0.5221000616891556
IV	1220	0.3253040439758136
V	1220	0.23938583852656795
VI	1220	0.3310137288505743
VII	1220	0.404316461033604
VIII	1220	0.44084792666042233
IX	1220	0.30052195104208346
X	1220	0.280871229136803
XI	1220	0.1937131082637489
XII	1220	0.32018490470488614
XIII	1220	0.23236023023892535
XIV	1220	0.3359593437991261
XV	1220	0.34061125767554207
XVI	1220	0.3747080899431052
I	1225	0.4269301270969255
II	1225	0.2416193628994176
III	1225	0.5221000616891556
IV	1225	0.32370997948343694
V	1225	0.23726109674171542
VI	1225	0.3264830971161641
VII	1225	0.404316461033604
VIII	1225	0.44084792666042233
IX	1225	0.2949637180373186
X	1225	0.280871229136803
XI	1225	0.19187601977157118
XII	1225	0.32018490470488614
XIII	1225	0.23236023023892535
XIV	1225	0.3328382205007312
XV	1225	0.3383717083710944
XVI	1225	0.3747080899431052
I	1230	0.4269301270969255
II	1230	0.24011170903510154
III	1230	0.5221000616891556
IV	1230	0.32210612344012435
V	1230	0.23726109674171542
VI	1230	0.3264830971161641
VII	1230	0.4031889929785323
VIII	1230	0.438668925055497
IX	1230	0.2949637180373186
X	1230	0.280871229136803
XI	1230	0.19187601977157118
XII	1230	0.3190478001292923
XIII	1230	0.2310307637887522
XIV	1230	0.3328382205007312
XV	1230	0.3383717083710944
XVI	1230	0.3747080899431052
I	1235	0.4269301270969255
II	1235	0.23707549582874232
III	1235	0.5221000616891556
IV	1235	0.3204957396961878
V	1235	0.23298210286944296
VI	1235	0.3264830971161641
VII	1235	0.4031889929785323
VIII	1235	0.438668925055497
IX	1235	0.2893531989961081
X	1235	0.280871229136803
XI	1235	0.19187601977157118
XII	1235	0.3190478001292923
XIII	1235	0.229698052099075
XIV	1235	0.3328382205007312
XV	1235	0.33498214500073764
XVI	1235	0.3747080899431052
I	1240	0.4215569590561989
II	1240	0.2355530851566189
III	1240	0.5221000616891556
IV	1240	0.3188807865618144
V	1240	0.23082958668217404
VI	1240	0.3264830971161641
VII	1240	0.40205510843859427
VIII	1240	0.438668925055497
IX	1240	0.2893531989961081
X	1240	0.27754840422607546
XI	1240	0.19187601977157118
XII	1240	0.3190478001292923
XIII	1240	0.229698052099075
XIV	1240	0.3328382205007312
XV	1240	0.3338477088146058
XVI	1240	0.37209434786185774
I	1245	0.4215569590561989
II	1245	0.23402575554855973
III	1245	0.5221000616891556
IV	1245	0.3172606112669418
V	1245	0.2243546791188571
VI	1245	0.3264830971161641
VII	1245	0.40205510843859427
VIII	1245	0.438668925055497
IX	1245	0.2893531989961081
X	1245	0.27588162805011324
XI	1245	0.19187601977157118
XII	1245	0.31674112877570193
XIII	1245	0.229698052099075
XIV	1245	0.3312547094155161
XV	1245	0.3327068582073892
XVI	1245	0.37209434786185774
I	1250	0.4215569590561989
II	1250	0.23402575554855973
III	1250	0.5221000616891556
IV	1250	0.3172606112669418
V	1250	0.22002013644175186
VI	1250	0.3264830971161641
VII	1250	0.40205510843859427
VIII	1250	0.438668925055497
IX	1250	0.2893531989961081
X	1250	0.2742094881535526
XI	1250	0.19187601977157118
XII	1250	0.3144270374901338
XIII	1250	0.229698052099075
XIV	1250	0.32966609845563044
XV	1250	0.3327068582073892
XVI	1250	0.37077903859014033
I	1255	0.4215569590561989
II	1255	0.23402575554855973
III	1255	0.5221000616891556
IV	1255	0.31562346395044694
V	1255	0.22002013644175186
VI	1255	0.3264830971161641
VII	1255	0.4009056410068381
VIII	1255	0.438668925055497
IX	1255	0.2893531989961081
X	1255	0.2742094881535526
XI	1255	0.18999844034936175
XII	1255	0.3144270374901338
XIII	1255	0.22834154198636783
XIV	1255	0.32966609845563044
XV	1255	0.3327068582073892
XVI	1255	0.37077903859014033
I	1260	0.4215569590561989
II	1260	0.23402575554855973
III	1260	0.5181544608774891
IV	1260	0.31316186804514295
V	1260	0.22002013644175186
VI	1260	0.32182661450024247
VII	1260	0.39859662309567895
VIII	1260	0.4364348263463688
IX	1260	0.28649792674498964
X	1260	0.2742094881535526
XI	1260	0.18622678520011518
XII	1260	0.31326210816962335
XIII	1260	0.2229003570845201
XIV	1260	0.32806473780906836
XV	1260	0.3327068582073892
XVI	1260	0.37077903859014033
I	1265	0.4215569590561989
II	1265	0.23402575554855973
III	1265	0.5181544608774891
IV	1265	0.3123367666862715
V	1265	0.22002013644175186
VI	1265	0.32182661450024247
VII	1265	0.39859662309567895
VIII	1265	0.4364348263463688
IX	1265	0.28649792674498964
X	1265	0.272513211514299
XI	1265	0.18622678520011518
XII	1265	0.3109211196306358
XIII	1265	0.22153519299980204
XIV	1265	0.32806473780906836
XV	1265	0.3303912521957938
XVI	1265	0.37077903859014033
I	1270	0.4215569590561989
II	1270	0.23402575554855973
III	1270	0.5181544608774891
IV	1270	0.31068330011821665
V	1270	0.22002013644175186
VI	1270	0.32182661450024247
VII	1270	0.39859662309567895
VIII	1270	0.4364348263463688
IX	1270	0.2836108282108173
X	1270	0.2708142530147462
XI	1270	0.18622678520011518
XII	1270	0.3085699286851788
XIII	1270	0.22153519299980204
XIV	1270	0.3264480775384945
XV	1270	0.3292284092877152
XVI	1270	0.36944157896180224
I	1275	0.4215569590561989
II	1275	0.23402575554855973
III	1275	0.5181544608774891
IV	1275	0.31068330011821665
V	1275	0.22002013644175186
VI	1275	0.32182661450024247
VII	1275	0.3974306561314096
VIII	1275	0.4364348263463688
IX	1275	0.2807191830647801
X	1275	0.2708142530147462
XI	1275	0.18431771283232556
XII	1275	0.30620575285876067
XIII	1275	0.22015704795706764
XIV	1275	0.3264480775384945
XV	1275	0.32689447635873475
XVI	1275	0.36944157896180224
I	1280	0.4215569590561989
II	1280	0.22931218518810012
III	1280	0.5181544608774891
IV	1280	0.30985036551859646
V	1280	0.22002013644175186
VI	1280	0.32182661450024247
VII	1280	0.3962610226043595
VIII	1280	0.43416695844434217
IX	1280	0.27781389808314844
X	1280	0.2708142530147462
XI	1280	0.1804860711200691
XII	1280	0.3050204187253113
XIII	1280	0.21877241243532508
XIV	1280	0.3248212175185795
XV	1280	0.3257252190295714
XVI	1280	0.3680914619868237
I	1285	0.4215569590561989
II	1285	0.22931218518810012
III	1285	0.5141305743354324
IV	1285	0.30985036551859646
V	1285	0.21779471244813997
VI	1285	0.32182661450024247
VII	1285	0.39390617265844136
VIII	1285	0.43416695844434217
IX	1285	0.2749017931837195
X	1285	0.2690938396327997
XI	1285	0.1804860711200691
XII	1285	0.3050204187253113
XIII	1285	0.21877241243532508
XIV	1285	0.3248212175185795
XV	1285	0.32337112649146743
XVI	1285	0.3680914619868237
I	1290	0.4215569590561989
II	1290	0.22931218518810012
III	1290	0.5141305743354324
IV	1290	0.30985036551859646
V	1290	0.21779471244813997
VI	1290	0.32182661450024247
VII	1290	0.3915439895869617
VIII	1290	0.42501372984290214
IX	1290	0.269052577019605
X	1290	0.2690938396327997
XI	1290	0.17855600345522604
XII	1290	0.3050204187253113
XIII	1290	0.21738020468807298
XIV	1290	0.3248212175185795
XV	1290	0.32337112649146743
XVI	1290	0.3680914619868237
I	1295	0.4215569590561989
II	1295	0.22931218518810012
III	1295	0.5141305743354324
IV	1295	0.3081596910569849
V	1295	0.21779471244813997
VI	1295	0.3170331765132643
VII	1295	0.3915439895869617
VIII	1295	0.42501372984290214
IX	1295	0.269052577019605
X	1295	0.2673573350890579
XI	1295	0.17855600345522604
XII	1295	0.3038211722194037
XIII	1295	0.21738020468807298
XIV	1295	0.32317395799998216
XV	1295	0.32337112649146743
XVI	1295	0.3680914619868237
I	1300	0.4215569590561989
II	1300	0.22931218518810012
III	1300	0.5141305743354324
IV	1300	0.3073123955159919
V	1300	0.21553804225180967
VI	1300	0.3170331765132643
VII	1300	0.38916347370157844
VIII	1300	0.4227067607701509
IX	1300	0.2661018259193249
X	1300	0.26387896228097585
XI	1300	0.17465687685958345
XII	1300	0.3038211722194037
XIII	1300	0.21597826122230865
XIV	1300	0.32317395799998216
XV	1300	0.32218079320731136
XVI	1300	0.3680914619868237
I	1305	0.4215569590561989
II	1305	0.22931218518810012
III	1305	0.5141305743354324
IV	1305	0.3064618361246869
V	1305	0.21327269255472425
VI	1305	0.3170331765132643
VII	1305	0.38916347370157844
VIII	1305	0.4227067607701509
IX	1305	0.2631374349834503
X	1305	0.26387896228097585
XI	1305	0.1727058138976869
XII	1305	0.3038211722194037
XIII	1305	0.21456658203803206
XIV	1305	0.32317395799998216
XV	1305	0.32218079320731136
XVI	1305	0.3680914619868237
I	1310	0.4215569590561989
II	1310	0.22931218518810012
III	1310	0.5141305743354324
IV	1310	0.3064618361246869
V	1310	0.21327269255472425
VI	1310	0.3170331765132643
VII	1310	0.38916347370157844
VIII	1310	0.4227067607701509
IX	1310	0.2631374349834503
X	1310	0.26387896228097585
XI	1310	0.17074725261541415
XII	1310	0.30139578195416894
XIII	1310	0.2117388966834734
XIV	1310	0.3215062989827025
XV	1310	0.31738555527352463
XVI	1310	0.3680914619868237
I	1315	0.4215569590561989
II	1315	0.22931218518810012
III	1315	0.5141305743354324
IV	1315	0.3056040962626956
V	1315	0.21099519155658167
VI	1315	0.3170331765132643
VII	1315	0.38795900782811155
VIII	1315	0.4227067607701509
IX	1315	0.2631374349834503
X	1315	0.26387896228097585
XI	1315	0.17074725261541415
XII	1315	0.30017891310981404
XIII	1315	0.2117388966834734
XIV	1315	0.31983354009075227
XV	1315	0.31498289640435045
XVI	1315	0.3680914619868237
I	1320	0.4215569590561989
II	1320	0.22931218518810012
III	1320	0.5141305743354324
IV	1320	0.3056040962626956
V	1320	0.21099519155658167
VI	1320	0.3170331765132643
VII	1320	0.3867508753918639
VIII	1320	0.4227067607701509
IX	1320	0.2631374349834503
X	1320	0.26387896228097585
XI	1320	0.17074725261541415
XII	1320	0.30017891310981404
XIII	1320	0.2117388966834734
XIV	1320	0.31983354009075227
XV	1320	0.31498289640435045
XVI	1320	0.3667033729719239
I	1325	0.4215569590561989
II	1325	0.22768401739335747
III	1325	0.5141305743354324
IV	1325	0.3056040962626956
V	1325	0.21099519155658167
VI	1325	0.3170331765132643
VII	1325	0.3867508753918639
VIII	1325	0.4227067607701509
IX	1325	0.2631374349834503
X	1325	0.26387896228097585
XI	1325	0.17074725261541415
XII	1325	0.29895184185898976
XIII	1325	0.2117388966834734
XIV	1325	0.31983354009075227
XV	1325	0.31498289640435045
XVI	1325	0.3667033729719239
I	1330	0.41579720091391636
II	1330	0.22605339013064693
III	1330	0.5141305743354324
IV	1330	0.3047385231599554
V	1330	0.21099519155658167
VI	1330	0.3170331765132643
VII	1330	0.38553357654866444
VIII	1330	0.4227067607701509
IX	1330	0.2631374349834503
X	1330	0.26387896228097585
XI	1330	0.17074725261541415
XII	1330	0.29648935193386616
XIII	1330	0.21030450082266822
XIV	1330	0.31983354009075227
XV	1330	0.31376507274411686
XVI	1330	0.3667033729719239
I	1335	0.41579720091391636
II	1335	0.22605339013064693
III	1335	0.5141305743354324
IV	1335	0.3038690334368409
V	1335	0.21099519155658167
VI	1335	0.3170331765132643
VII	1335	0.38553357654866444
VIII	1335	0.4227067607701509
IX	1335	0.2631374349834503
X	1335	0.26387896228097585
XI	1335	0.17074725261541415
XII	1335	0.29648935193386616
XIII	1335	0.21030450082266822
XIV	1335	0.3181365567941168
XV	1335	0.31376507274411686
XVI	1335	0.3667033729719239
I	1340	0.4099940056815714
II	1340	0.22605339013064693
III	1340	0.509937590615733
IV	1340	0.3038690334368409
V	1340	0.2086742930546635
VI	1340	0.3170331765132643
VII	1340	0.3830778961262764
VIII	1340	0.4227067607701509
IX	1340	0.2631374349834503
X	1340	0.26387896228097585
XI	1340	0.1687422017468087
XII	1340	0.2952483683105835
XIII	1340	0.20885820575034805
XIV	1340	0.3181365567941168
XV	1340	0.31376507274411686
XVI	1340	0.3667033729719239
I	1345	0.4099940056815714
II	1345	0.2244030871241933
III	1345	0.509937590615733
IV	1345	0.3038690334368409
V	1345	0.2086742930546635
VI	1345	0.3170331765132643
VII	1345	0.3830778961262764
VIII	1345	0.4227067607701509
IX	1345	0.2631374349834503
X	1345	0.26387896228097585
XI	1345	0.1687422017468087
XII	1345	0.2952483683105835
XIII	1345	0.20740758369202245
XIV	1345	0.3181365567941168
XV	1345	0.31130101870170285
XVI	1345	0.3667033729719239
I	1350	0.4099940056815714
II	1350	0.2244030871241933
III	1350	0.5057195554623085
IV	1350	0.3021085125785527
V	1350	0.2086742930546635
VI	1350	0.3170331765132643
VII	1350	0.3818440977505637
VIII	1350	0.4203091480743562
IX	1350	0.2631374349834503
X	1350	0.26387896228097585
XI	1350	0.1687422017468087
XII	1350	0.2952483683105835
XIII	1350	0.20449119512435218
XIV	1350	0.3181365567941168
XV	1350	0.31130101870170285
XVI	1350	0.3667033729719239
I	1355	0.4099940056815714
II	1355	0.2244030871241933
III	1355	0.5057195554623085
IV	1355	0.3021085125785527
V	1355	0.2086742930546635
VI	1355	0.3170331765132643
VII	1355	0.37812528645021726
VIII	1355	0.4203091480743562
IX	1355	0.2631374349834503
X	1355	0.26387896228097585
XI	1355	0.1667116565889241
XII	1355	0.2939916173318481
XIII	1355	0.20449119512435218
XIV	1355	0.3181365567941168
XV	1355	0.31130101870170285
XVI	1355	0.36385125086228176
I	1360	0.4099940056815714
II	1360	0.2244030871241933
III	1360	0.5057195554623085
IV	1360	0.30122335637394065
V	1360	0.2086742930546635
VI	1360	0.3170331765132643
VII	1360	0.37812528645021726
VIII	1360	0.41789909409696735
IX	1360	0.2631374349834503
X	1360	0.26206066099810793
XI	1360	0.16263856896055284
XII	1360	0.29273208387862104
XIII	1360	0.20449119512435218
XIV	1360	0.3181365567941168
XV	1360	0.31005845370299945
XVI	1360	0.36385125086228176
I	1365	0.4099940056815714
II	1365	0.2244030871241933
III	1365	0.5014451545830032
IV	1365	0.30122335637394065
V	1365	0.2086742930546635
VI	1365	0.31199173825977844
VII	1365	0.3768749885419913
VIII	1365	0.41789909409696735
IX	1365	0.2631374349834503
X	1365	0.26023565506449203
XI	1365	0.16263856896055284
XII	1365	0.29273208387862104
XIII	1365	0.20449119512435218
XIV	1365	0.3181365567941168
XV	1365	0.31005845370299945
XVI	1365	0.36385125086228176
I	1370	0.4099940056815714
II	1370	0.22271958130017314
III	1370	0.5014451545830032
IV	1370	0.30122335637394065
V	1370	0.2086742930546635
VI	1370	0.31199173825977844
VII	1370	0.374367059599978
VIII	1370	0.41789909409696735
IX	1370	0.2631374349834503
X	1370	0.25840260354997846
XI	1370	0.16263856896055284
XII	1370	0.2914632755104218
XIII	1370	0.2030113659104898
XIV	1370	0.3181365567941168
XV	1370	0.30755408044233845
XVI	1370	0.36385125086228176
I	1375	0.4099940056815714
II	1375	0.22271958130017314
III	1375	0.5014451545830032
IV	1375	0.30122335637394065
V	1375	0.2062926380474595
VI	1375	0.31199173825977844
VII	1375	0.37310667864410507
VIII	1375	0.41789909409696735
IX	1375	0.2600184592441712
X	1375	0.25840260354997846
XI	1375	0.16263856896055284
XII	1375	0.2901889021932391
XIII	1375	0.2030113659104898
XIV	1375	0.3181365567941168
XV	1375	0.30755408044233845
XVI	1375	0.36385125086228176
I	1380	0.4099940056815714
II	1380	0.22271958130017314
III	1380	0.5014451545830032
IV	1380	0.3003231864578934
V	1380	0.2062926380474595
VI	1380	0.31199173825977844
VII	1380	0.37310667864410507
VIII	1380	0.41789909409696735
IX	1380	0.2600184592441712
X	1380	0.25840260354997846
XI	1380	0.16263856896055284
XII	1380	0.2901889021932391
XIII	1380	0.2030113659104898
XIV	1380	0.31638219990743727
XV	1380	0.30755408044233845
XVI	1380	0.36239882033529314
I	1385	0.4099940056815714
II	1385	0.22101885920037778
III	1385	0.5014451545830032
IV	1385	0.3003231864578934
V	1385	0.20389362403874528
VI	1385	0.31199173825977844
VII	1385	0.3718371312812804
VIII	1385	0.41789909409696735
IX	1385	0.2600184592441712
X	1385	0.2565467562229216
XI	1385	0.16263856896055284
XII	1385	0.2901889021932391
XIII	1385	0.2030113659104898
XIV	1385	0.31461636830274897
XV	1385	0.30755408044233845
XVI	1385	0.36093900635609755
I	1390	0.4099940056815714
II	1390	0.22101885920037778
III	1390	0.4970924679733077
IV	1390	0.3003231864578934
V	1390	0.20389362403874528
VI	1390	0.31199173825977844
VII	1390	0.37056666727776044
VIII	1390	0.4154286110375496
IX	1390	0.2568676572218383
X	1390	0.2565467562229216
XI	1390	0.16263856896055284
XII	1390	0.2901889021932391
XIII	1390	0.20150990176660022
XIV	1390	0.312849261729393
XV	1390	0.30755408044233845
XVI	1390	0.36093900635609755
I	1395	0.4099940056815714
II	1395	0.22101885920037778
III	1395	0.4970924679733077
IV	1395	0.2994125722208478
V	1395	0.20147725102852085
VI	1395	0.31199173825977844
VII	1395	0.37056666727776044
VIII	1395	0.4154286110375496
IX	1395	0.2568676572218383
X	1395	0.254676158664219
XI	1395	0.16263856896055284
XII	1395	0.2888978340291065
XIII	1395	0.20150990176660022
XIV	1395	0.312849261729393
XV	1395	0.3062785269923421
XVI	1395	0.3565353045041168
I	1400	0.4099940056815714
II	1400	0.22101885920037778
III	1400	0.4970924679733077
IV	1400	0.29849999967361496
V	1400	0.19905393441769229
VI	1400	0.31199173825977844
VII	1400	0.37056666727776044
VIII	1400	0.4129403547187115
IX	1400	0.2568676572218383
X	1400	0.2527988564547684
XI	1400	0.16053903925520682
XII	1400	0.28760212840748783
XIII	1400	0.19999978365069973
XIV	1400	0.31106813050069293
XV	1400	0.3049956427753917
XVI	1400	0.3535840331791247
I	1405	0.4099940056815714
II	1405	0.22101885920037778
III	1405	0.4970924679733077
IV	1405	0.29849999967361496
V	1405	0.19905393441769229
VI	1405	0.31199173825977844
VII	1405	0.36928245366381285
VIII	1405	0.4129403547187115
IX	1405	0.2568676572218383
X	1405	0.2509148495945698
XI	1405	0.16053903925520682
XII	1405	0.286301785328383
XIII	1405	0.19847992981628698
XIV	1405	0.3092818993973223
XV	1405	0.3037118422125721
XVI	1405	0.3535840331791247
I	1410	0.4099940056815714
II	1410	0.21928616401699985
III	1410	0.4926865470669468
IV	1410	0.29849999967361496
V	1410	0.19905393441769229
VI	1410	0.31199173825977844
VII	1410	0.36928245366381285
VIII	1410	0.4129403547187115
IX	1410	0.2568676572218383
X	1410	0.2509148495945698
XI	1410	0.16053903925520682
XII	1410	0.286301785328383
XIII	1410	0.19847992981628698
XIV	1410	0.3092818993973223
XV	1410	0.3037118422125721
XVI	1410	0.3535840331791247
I	1415	0.4099940056815714
II	1415	0.21928616401699985
III	1415	0.4926865470669468
IV	1415	0.297578941115571
V	1415	0.1966045793045984
VI	1415	0.31199173825977844
VII	1415	0.36928245366381285
VIII	1415	0.4129403547187115
IX	1415	0.2568676572218383
X	1415	0.2509148495945698
XI	1415	0.16053903925520682
XII	1415	0.286301785328383
XIII	1415	0.19847992981628698
XIV	1415	0.30748036866993994
XV	1415	0.3037118422125721
XVI	1415	0.3535840331791247
I	1420	0.40384331372872667
II	1420	0.21928616401699985
III	1420	0.4926865470669468
IV	1420	0.297578941115571
V	1420	0.1966045793045984
VI	1420	0.31199173825977844
VII	1420	0.36928245366381285
VIII	1420	0.4129403547187115
IX	1420	0.2568676572218383
X	1420	0.24901206971227663
XI	1420	0.16053903925520682
XII	1420	0.286301785328383
XIII	1420	0.19694493153085518
XIV	1420	0.30748036866993994
XV	1420	0.3024115474241059
XVI	1420	0.35059373503532454
I	1425	0.40384331372872667
II	1425	0.21928616401699985
III	1425	0.4882336547223518
IV	1425	0.297578941115571
V	1425	0.1966045793045984
VI	1425	0.31199173825977844
VII	1425	0.36797899059526645
VIII	1425	0.4129403547187115
IX	1425	0.2568676572218383
X	1425	0.24710392610938503
XI	1425	0.16053903925520682
XII	1425	0.2836639995102845
XIII	1425	0.19540668800591932
XIV	1425	0.30748036866993994
XV	1425	0.3024115474241059
XVI	1425	0.34909489423732104
I	1430	0.40384331372872667
II	1430	0.21928616401699985
III	1430	0.4882336547223518
IV	1430	0.297578941115571
V	1430	0.1966045793045984
VI	1430	0.31199173825977844
VII	1430	0.36797899059526645
VIII	1430	0.4129403547187115
IX	1430	0.2568676572218383
X	1430	0.24327020681165698
XI	1430	0.16053903925520682
XII	1430	0.2836639995102845
XIII	1430	0.19540668800591932
XIV	1430	0.30565843844387525
XV	1430	0.3011048382145551
XVI	1430	0.3475897247659973
I	1435	0.40384331372872667
II	1435	0.21928616401699985
III	1435	0.4882336547223518
IV	1435	0.297578941115571
V	1435	0.1966045793045984
VI	1435	0.31199173825977844
VII	1435	0.36797899059526645
VIII	1435	0.4129403547187115
IX	1435	0.2568676572218383
X	1435	0.24135133576756854
XI	1435	0.16053903925520682
XII	1435	0.28100302640475544
XIII	1435	0.19540668800591932
XIV	1435	0.30565843844387525
XV	1435	0.29848133999089155
XVI	1435	0.3475897247659973
I	1440	0.40384331372872667
II	1440	0.21751780654808753
III	1440	0.4882336547223518
IV	1440	0.297578941115571
V	1440	0.1966045793045984
VI	1440	0.31199173825977844
VII	1440	0.36797899059526645
VIII	1440	0.4129403547187115
IX	1440	0.2568676572218383
X	1440	0.24135133576756854
XI	1440	0.16053903925520682
XII	1440	0.28100302640475544
XIII	1440	0.19540668800591932
XIV	1440	0.30565843844387525
XV	1440	0.2971636346309096
XVI	1440	0.3475897247659973
I	1445	0.3975709979237071
II	1445	0.21751780654808753
III	1445	0.4882336547223518
IV	1445	0.297578941115571
V	1445	0.19409793948652074
VI	1445	0.31199173825977844
VII	1445	0.36797899059526645
VIII	1445	0.4129403547187115
IX	1445	0.2568676572218383
X	1445	0.2394163735616848
XI	1445	0.15837352433054996
XII	1445	0.28100302640475544
XIII	1445	0.19384572780445486
XIV	1445	0.30565843844387525
XV	1445	0.295839514849843
XVI	1445	0.3475897247659973
I	1450	0.3975709979237071
II	1450	0.21751780654808753
III	1450	0.4882336547223518
IV	1450	0.297578941115571
V	1450	0.19158609196799
VI	1450	0.31199173825977844
VII	1450	0.3666526115093406
VIII	1450	0.4129403547187115
IX	1450	0.2568676572218383
X	1450	0.2394163735616848
XI	1450	0.15837352433054996
XII	1450	0.27966187369977286
XIII	1450	0.19227719537748086
XIV	1450	0.30565843844387525
XV	1450	0.2945144787229071
XVI	1450	0.3460613501591661
I	1455	0.3975709979237071
II	1455	0.2139454293247285
III	1455	0.4882336547223518
IV	1455	0.297578941115571
V	1455	0.18906730084885517
VI	1455	0.31199173825977844
VII	1455	0.3666526115093406
VIII	1455	0.41036145477683006
IX	1455	0.2568676572218383
X	1455	0.2394163735616848
XI	1455	0.15837352433054996
XII	1455	0.27966187369977286
XIII	1455	0.19227719537748086
XIV	1455	0.30565843844387525
XV	1455	0.2945144787229071
XVI	1455	0.3460613501591661
I	1460	0.3975709979237071
II	1460	0.2121537069101212
III	1460	0.4791055385588536
IV	1460	0.297578941115571
V	1460	0.18906730084885517
VI	1460	0.31199173825977844
VII	1460	0.3666526115093406
VIII	1460	0.41036145477683006
IX	1460	0.2568676572218383
X	1460	0.2394163735616848
XI	1460	0.15618851377291487
XII	1460	0.2783095910968236
XIII	1460	0.19070217247149868
XIV	1460	0.30565843844387525
XV	1460	0.2931784464455402
XVI	1460	0.3460613501591661
I	1465	0.3975709979237071
II	1465	0.2121537069101212
III	1465	0.4791055385588536
IV	1465	0.297578941115571
V	1465	0.1865311507282101
VI	1465	0.31199173825977844
VII	1465	0.3666526115093406
VIII	1465	0.4077612269236443
IX	1465	0.2568676572218383
X	1465	0.2394163735616848
XI	1465	0.15618851377291487
XII	1465	0.2755948234844557
XIII	1465	0.18912065908650835
XIV	1465	0.30565843844387525
XV	1465	0.2918359997470885
XVI	1465	0.3460613501591661
I	1470	0.3975709979237071
II	1470	0.2121537069101212
III	1470	0.4791055385588536
IV	1470	0.297578941115571
V	1470	0.18397937750620585
VI	1470	0.31199173825977844
VII	1470	0.36530789960951104
VIII	1470	0.4077612269236443
IX	1470	0.2568676572218383
X	1470	0.2394163735616848
XI	1470	0.15618851377291487
XII	1470	0.2728698534656184
XIII	1470	0.18912065908650835
XIV	1470	0.3037867844397724
XV	1470	0.289146524620839
XVI	1470	0.3460613501591661
I	1475	0.3975709979237071
II	1475	0.2121537069101212
III	1475	0.4791055385588536
IV	1475	0.297578941115571
V	1475	0.18397937750620585
VI	1475	0.31199173825977844
VII	1475	0.36530789960951104
VIII	1475	0.4077612269236443
IX	1475	0.2568676572218383
X	1475	0.2394163735616848
XI	1475	0.15397800892600058
XII	1475	0.27150551347320523
XIII	1475	0.18912065908650835
XIV	1475	0.3037867844397724
XV	1475	0.289146524620839
XVI	1475	0.3460613501591661
I	1480	0.3975709979237071
II	1480	0.2121537069101212
III	1480	0.4791055385588536
IV	1480	0.2966141469633463
V	1480	0.18397937750620585
VI	1480	0.31199173825977844
VII	1480	0.3639521880213394
VIII	1480	0.4077612269236443
IX	1480	0.2568676572218383
X	1480	0.2374344788005648
XI	1480	0.15397800892600058
XII	1480	0.27150551347320523
XIII	1480	0.18912065908650835
XIV	1480	0.3037867844397724
XV	1480	0.289146524620839
XVI	1480	0.3460613501591661
I	1485	0.3975709979237071
II	1485	0.2121537069101212
III	1485	0.4791055385588536
IV	1485	0.2966141469633463
V	1485	0.18397937750620585
VI	1485	0.31199173825977844
VII	1485	0.3639521880213394
VIII	1485	0.40512367522567594
IX	1485	0.2534986178299931
X	1485	0.23544319752839754
XI	1485	0.15397800892600058
XII	1485	0.27150551347320523
XIII	1485	0.18912065908650835
XIV	1485	0.30189345596831957
XV	1485	0.289146524620839
XVI	1485	0.3444960582913004
I	1490	0.3975709979237071
II	1490	0.2121537069101212
III	1490	0.4791055385588536
IV	1490	0.2966141469633463
V	1490	0.18397937750620585
VI	1490	0.31199173825977844
VII	1490	0.3639521880213394
VIII	1490	0.40512367522567594
IX	1490	0.2534986178299931
X	1490	0.23544319752839754
XI	1490	0.15397800892600058
XII	1490	0.2701272611083338
XIII	1490	0.18750993854598125
XIV	1490	0.30189345596831957
XV	1490	0.289146524620839
XVI	1490	0.34292654730788785
I	1495	0.3975709979237071
II	1495	0.2121537069101212
III	1495	0.47442405188151926
IV	1495	0.2966141469633463
V	1495	0.18397937750620585
VI	1495	0.31199173825977844
VII	1495	0.3639521880213394
VIII	1495	0.40512367522567594
IX	1495	0.2534986178299931
X	1495	0.23544319752839754
XI	1495	0.15397800892600058
XII	1495	0.2701272611083338
XIII	1495	0.18750993854598125
XIV	1495	0.30189345596831957
XV	1495	0.289146524620839
XVI	1495	0.34292654730788785
I	1500	0.3975709979237071
II	1500	0.2121537069101212
III	1500	0.47442405188151926
IV	1500	0.2966141469633463
V	1500	0.18397937750620585
VI	1500	0.31199173825977844
VII	1500	0.3639521880213394
VIII	1500	0.40512367522567594
IX	1500	0.2534986178299931
X	1500	0.2334331432341358
XI	1500	0.15172851281312985
XII	1500	0.2701272611083338
XIII	1500	0.18750993854598125
XIV	1500	0.30189345596831957
XV	1500	0.289146524620839
XVI	1500	0.3413464885356083
I	1505	0.3975709979237071
II	1505	0.21030418699826853
III	1505	0.47442405188151926
IV	1505	0.2956317280194369
V	1505	0.18137379137951984
VI	1505	0.31199173825977844
VII	1505	0.362572643775093
VIII	1505	0.40512367522567594
IX	1505	0.2534986178299931
X	1505	0.2293996253441162
XI	1505	0.15172851281312985
XII	1505	0.2701272611083338
XIII	1505	0.18750993854598125
XIV	1505	0.30189345596831957
XV	1505	0.2863929052837419
XVI	1505	0.3413464885356083
I	1510	0.3975709979237071
II	1510	0.21030418699826853
III	1510	0.47442405188151926
IV	1510	0.2946460452252155
V	1510	0.18137379137951984
VI	1510	0.31199173825977844
VII	1510	0.362572643775093
VIII	1510	0.40512367522567594
IX	1510	0.2534986178299931
X	1510	0.2293996253441162
XI	1510	0.1494655197235819
XII	1510	0.2673327292272048
XIII	1510	0.18750993854598125
XIV	1510	0.30189345596831957
XV	1510	0.2863929052837419
XVI	1510	0.3397569367533484
I	1515	0.3975709979237071
II	1515	0.21030418699826853
III	1515	0.47442405188151926
IV	1515	0.29365775135074446
V	1515	0.18137379137951984
VI	1515	0.31199173825977844
VII	1515	0.3611875996846756
VIII	1515	0.40512367522567594
IX	1515	0.2534986178299931
X	1515	0.2293996253441162
XI	1515	0.1494655197235819
XII	1515	0.2673327292272048
XIII	1515	0.18750993854598125
XIV	1515	0.30189345596831957
XV	1515	0.2850073903294355
XVI	1515	0.3397569367533484
I	1520	0.3975709979237071
II	1520	0.21030418699826853
III	1520	0.47442405188151926
IV	1520	0.29365775135074446
V	1520	0.18137379137951984
VI	1520	0.31199173825977844
VII	1520	0.3611875996846756
VIII	1520	0.40512367522567594
IX	1520	0.250043192812716
X	1520	0.2293996253441162
XI	1520	0.1494655197235819
XII	1520	0.2673327292272048
XIII	1520	0.18750993854598125
XIV	1520	0.30189345596831957
XV	1520	0.2850073903294355
XVI	1520	0.3397569367533484
I	1525	0.3975709979237071
II	1525	0.21030418699826853
III	1525	0.47442405188151926
IV	1525	0.29365775135074446
V	1525	0.18137379137951984
VI	1525	0.31199173825977844
VII	1525	0.3611875996846756
VIII	1525	0.40512367522567594
IX	1525	0.250043192812716
X	1525	0.2293996253441162
XI	1525	0.1494655197235819
XII	1525	0.2673327292272048
XIII	1525	0.18750993854598125
XIV	1525	0.29994912875016094
XV	1525	0.2850073903294355
XVI	1525	0.3381494537300146
I	1530	0.3975709979237071
II	1530	0.21030418699826853
III	1530	0.47442405188151926
IV	1530	0.29365775135074446
V	1530	0.18137379137951984
VI	1530	0.31199173825977844
VII	1530	0.3611875996846756
VIII	1530	0.40512367522567594
IX	1530	0.250043192812716
X	1530	0.2293996253441162
XI	1530	0.14717253335252903
XII	1530	0.2673327292272048
XIII	1530	0.18750993854598125
XIV	1530	0.29994912875016094
XV	1530	0.2850073903294355
XVI	1530	0.33492393989447994
I	1535	0.3975709979237071
II	1535	0.21030418699826853
III	1535	0.47442405188151926
IV	1535	0.29365775135074446
V	1535	0.18137379137951984
VI	1535	0.31199173825977844
VII	1535	0.3611875996846756
VIII	1535	0.40512367522567594
IX	1535	0.250043192812716
X	1535	0.2293996253441162
XI	1535	0.14487654765332567
XII	1535	0.2673327292272048
XIII	1535	0.18419114027980454
XIV	1535	0.2979920518453259
XV	1535	0.28219420851083715
XVI	1535	0.33492393989447994
I	1540	0.3975709979237071
II	1540	0.21030418699826853
III	1540	0.47442405188151926
IV	1540	0.2926524854546511
V	1540	0.18137379137951984
VI	1540	0.31199173825977844
VII	1540	0.3611875996846756
VIII	1540	0.40512367522567594
IX	1540	0.24654457498272286
X	1540	0.2293996253441162
XI	1540	0.14026358095786542
XII	1540	0.26590717479597503
XIII	1540	0.18419114027980454
XIV	1540	0.2960286000971526
XV	1540	0.2807830358721917
XVI	1540	0.33492393989447994
I	1545	0.3975709979237071
II	1545	0.21030418699826853
III	1545	0.47442405188151926
IV	1545	0.2926524854546511
V	1545	0.18137379137951984
VI	1545	0.31199173825977844
VII	1545	0.3597732230920124
VIII	1545	0.40512367522567594
IX	1545	0.24654457498272286
X	1545	0.2293996253441162
XI	1545	0.1379465999616086
XII	1545	0.26590717479597503
XIII	1545	0.18419114027980454
XIV	1545	0.2960286000971526
XV	1545	0.2807830358721917
XVI	1545	0.33492393989447994
I	1550	0.3975709979237071
II	1550	0.21030418699826853
III	1550	0.47442405188151926
IV	1550	0.2916433029381833
V	1550	0.18137379137951984
VI	1550	0.31199173825977844
VII	1550	0.3597732230920124
VIII	1550	0.40512367522567594
IX	1550	0.24654457498272286
X	1550	0.2293996253441162
XI	1550	0.1379465999616086
XII	1550	0.2644732729412703
XIII	1550	0.18251443320269442
XIV	1550	0.2960286000971526
XV	1550	0.2807830358721917
XVI	1550	0.33492393989447994
I	1555	0.3975709979237071
II	1555	0.21030418699826853
III	1555	0.47442405188151926
IV	1555	0.2916433029381833
V	1555	0.18137379137951984
VI	1555	0.31199173825977844
VII	1555	0.3597732230920124
VIII	1555	0.40236171071176574
IX	1555	0.24654457498272286
X	1555	0.2293996253441162
XI	1555	0.1379465999616086
XII	1555	0.2644732729412703
XIII	1555	0.18251443320269442
XIV	1555	0.2960286000971526
XV	1555	0.2793581180455076
XVI	1555	0.33492393989447994
I	1560	0.3975709979237071
II	1560	0.20838826145128286
III	1560	0.47442405188151926
IV	1560	0.290624981640842
V	1560	0.18137379137951984
VI	1560	0.31199173825977844
VII	1560	0.3597732230920124
VIII	1560	0.40236171071176574
IX	1560	0.24654457498272286
X	1560	0.2293996253441162
XI	1560	0.1379465999616086
XII	1560	0.2644732729412703
XIII	1560	0.18082907215357338
XIV	1560	0.2960286000971526
XV	1560	0.2765046170086622
XVI	1560	0.33492393989447994
I	1565	0.3975709979237071
II	1565	0.20838826145128286
III	1565	0.47442405188151926
IV	1565	0.28960404926325106
V	1565	0.18137379137951984
VI	1565	0.31199173825977844
VII	1565	0.3597732230920124
VIII	1565	0.3995801956124932
IX	1565	0.24654457498272286
X	1565	0.2293996253441162
XI	1565	0.1379465999616086
XII	1565	0.2644732729412703
XIII	1565	0.18082907215357338
XIV	1565	0.2960286000971526
XV	1565	0.2765046170086622
XVI	1565	0.33327426571567803
I	1570	0.3975709979237071
II	1570	0.20838826145128286
III	1570	0.47442405188151926
IV	1570	0.28960404926325106
V	1570	0.18137379137951984
VI	1570	0.31199173825977844
VII	1570	0.3597732230920124
VIII	1570	0.3995801956124932
IX	1570	0.24654457498272286
X	1570	0.2293996253441162
XI	1570	0.13559662635569633
XII	1570	0.2644732729412703
XIII	1570	0.17913289363943874
XIV	1570	0.2960286000971526
XV	1570	0.2765046170086622
XVI	1570	0.33327426571567803
I	1575	0.3975709979237071
II	1575	0.20838826145128286
III	1575	0.47442405188151926
IV	1575	0.28857658918503615
V	1575	0.18137379137951984
VI	1575	0.31199173825977844
VII	1575	0.3597732230920124
VIII	1575	0.3995801956124932
IX	1575	0.24654457498272286
X	1575	0.2293996253441162
XI	1575	0.13323765476533256
XII	1575	0.2644732729412703
XIII	1575	0.17913289363943874
XIV	1575	0.2960286000971526
XV	1575	0.2750632049563315
XVI	1575	0.33327426571567803
I	1580	0.3975709979237071
II	1580	0.20838826145128286
III	1580	0.47442405188151926
IV	1580	0.28857658918503615
V	1580	0.18137379137951984
VI	1580	0.31199173825977844
VII	1580	0.35687755513593783
VIII	1580	0.3995801956124932
IX	1580	0.24654457498272286
X	1580	0.2293996253441162
XI	1580	0.13323765476533256
XII	1580	0.2644732729412703
XIII	1580	0.17913289363943874
XIV	1580	0.2960286000971526
XV	1580	0.2750632049563315
XVI	1580	0.33327426571567803
I	1585	0.3906862191488068
II	1585	0.20838826145128286
III	1585	0.47442405188151926
IV	1585	0.28754260140619725
V	1585	0.18137379137951984
VI	1585	0.31199173825977844
VII	1585	0.35687755513593783
VIII	1585	0.3995801956124932
IX	1585	0.24654457498272286
X	1585	0.2293996253441162
XI	1585	0.13323765476533256
XII	1585	0.2644732729412703
XIII	1585	0.17742157067428505
XIV	1585	0.2960286000971526
XV	1585	0.2750632049563315
XVI	1585	0.33327426571567803
I	1590	0.3906862191488068
II	1590	0.20838826145128286
III	1590	0.47442405188151926
IV	1590	0.286504697006984
V	1590	0.18137379137951984
VI	1590	0.31199173825977844
VII	1590	0.35687755513593783
VIII	1590	0.3995801956124932
IX	1590	0.24654457498272286
X	1590	0.2293996253441162
XI	1590	0.13323765476533256
XII	1590	0.2629985614606878
XIII	1590	0.17398702553246267
XIV	1590	0.2960286000971526
XV	1590	0.2736080477159621
XVI	1590	0.33327426571567803
I	1595	0.3906862191488068
II	1595	0.20643052494884306
III	1595	0.47442405188151926
IV	1595	0.2854661398377083
V	1595	0.18137379137951984
VI	1595	0.31199173825977844
VII	1595	0.35687755513593783
VIII	1595	0.3967453607349598
IX	1595	0.24292319863237916
X	1595	0.2272608417554921
XI	1595	0.13084569056531337
XII	1595	0.2629985614606878
XIII	1595	0.17053949943262395
XIV	1595	0.2960286000971526
XV	1595	0.2736080477159621
XVI	1595	0.33327426571567803
I	1600	0.3906862191488068
II	1600	0.20643052494884306
III	1600	0.47442405188151926
IV	1600	0.2854661398377083
V	1600	0.18137379137951984
VI	1600	0.31199173825977844
VII	1600	0.3539461381927512
VIII	1600	0.3967453607349598
IX	1600	0.24292319863237916
X	1600	0.22512071723671842
XI	1600	0.12844772770899318
XII	1600	0.2615164300481275
XIII	1600	0.17053949943262395
XIV	1600	0.2960286000971526
XV	1600	0.27214189432516167
XVI	1600	0.33327426571567803
I	1605	0.3906862191488068
II	1605	0.20643052494884306
III	1605	0.47442405188151926
IV	1605	0.2854661398377083
V	1605	0.18137379137951984
VI	1605	0.31199173825977844
VII	1605	0.352475846517682
VIII	1605	0.3967453607349598
IX	1605	0.24292319863237916
X	1605	0.22512071723671842
XI	1605	0.12604226653229678
XII	1605	0.2615164300481275
XIII	1605	0.17053949943262395
XIV	1605	0.2960286000971526
XV	1605	0.27214189432516167
XVI	1605	0.33327426571567803
I	1610	0.3906862191488068
II	1610	0.20445557217062804
III	1610	0.4693887137028211
IV	1610	0.2854661398377083
V	1610	0.18137379137951984
VI	1610	0.31199173825977844
VII	1610	0.3510018882798321
VIII	1610	0.3967453607349598
IX	1610	0.23926772269304913
X	1610	0.22512071723671842
XI	1610	0.12604226653229678
XII	1610	0.26002502372059505
XIII	1610	0.17053949943262395
XIV	1610	0.2939810004169148
XV	1610	0.270667493821538
XVI	1610	0.33327426571567803
I	1615	0.3906862191488068
II	1615	0.20445557217062804
III	1615	0.4693887137028211
IV	1615	0.2854661398377083
V	1615	0.1785703126356172
VI	1615	0.31199173825977844
VII	1615	0.3510018882798321
VIII	1615	0.3967453607349598
IX	1615	0.23560315352998945
X	1615	0.22512071723671842
XI	1615	0.12604226653229678
XII	1615	0.25852897993557644
XIII	1615	0.17053949943262395
XIV	1615	0.29192192601866807
XV	1615	0.270667493821538
XVI	1615	0.3315750169292011
I	1620	0.3906862191488068
II	1620	0.20445557217062804
III	1620	0.4693887137028211
IV	1620	0.2854661398377083
V	1620	0.1785703126356172
VI	1620	0.31199173825977844
VII	1620	0.3510018882798321
VIII	1620	0.3967453607349598
IX	1620	0.23192267122540283
X	1620	0.22512071723671842
XI	1620	0.12604226653229678
XII	1620	0.25852897993557644
XIII	1620	0.17053949943262395
XIV	1620	0.29192192601866807
XV	1620	0.26918301351335255
XVI	1620	0.3315750169292011
I	1625	0.3906862191488068
II	1625	0.20445557217062804
III	1625	0.4693887137028211
IV	1625	0.2854661398377083
V	1625	0.1785703126356172
VI	1625	0.31199173825977844
VII	1625	0.3495150970722496
VIII	1625	0.39385720607916563
IX	1625	0.23192267122540283
X	1625	0.22512071723671842
XI	1625	0.12360831173817065
XII	1625	0.25852897993557644
XIII	1625	0.17053949943262395
XIV	1625	0.29192192601866807
XV	1625	0.26918301351335255
XVI	1625	0.3315750169292011
I	1630	0.3906862191488068
II	1630	0.20245602471273413
III	1630	0.4591959116060161
IV	1630	0.2854661398377083
V	1630	0.1757477389900533
VI	1630	0.31199173825977844
VII	1630	0.3495150970722496
VIII	1630	0.39385720607916563
IX	1630	0.23192267122540283
X	1630	0.22512071723671842
XI	1630	0.12360831173817065
XII	1630	0.2555090676206226
XIII	1630	0.17053949943262395
XIV	1630	0.29192192601866807
XV	1630	0.2661957259795966
XVI	1630	0.3315750169292011
I	1635	0.3906862191488068
II	1635	0.20245602471273413
III	1635	0.4591959116060161
IV	1635	0.2854661398377083
V	1635	0.1757477389900533
VI	1635	0.31199173825977844
VII	1635	0.3480200560984105
VIII	1635	0.39385720607916563
IX	1635	0.23192267122540283
X	1635	0.22512071723671842
XI	1635	0.12360831173817065
XII	1635	0.2555090676206226
XIII	1635	0.17053949943262395
XIV	1635	0.29192192601866807
XV	1635	0.2661957259795966
XVI	1635	0.3315750169292011
I	1640	0.3906862191488068
II	1640	0.20245602471273413
III	1640	0.4591959116060161
IV	1640	0.2854661398377083
V	1640	0.1757477389900533
VI	1640	0.31199173825977844
VII	1640	0.34652043192109555
VIII	1640	0.39385720607916563
IX	1640	0.23192267122540283
X	1640	0.22512071723671842
XI	1640	0.12360831173817065
XII	1640	0.2555090676206226
XIII	1640	0.17053949943262395
XIV	1640	0.2898335273410656
XV	1640	0.2661957259795966
XVI	1640	0.3315750169292011
I	1645	0.3906862191488068
II	1645	0.20245602471273413
III	1645	0.4591959116060161
IV	1645	0.2854661398377083
V	1645	0.1757477389900533
VI	1645	0.31199173825977844
VII	1645	0.34652043192109555
VIII	1645	0.39385720607916563
IX	1645	0.23192267122540283
X	1645	0.22512071723671842
XI	1645	0.12360831173817065
XII	1645	0.2555090676206226
XIII	1645	0.17053949943262395
XIV	1645	0.2898335273410656
XV	1645	0.2661957259795966
XVI	1645	0.3315750169292011
I	1650	0.3906862191488068
II	1650	0.20245602471273413
III	1650	0.45403531625869364
IV	1650	0.2854661398377083
V	1650	0.1757477389900533
VI	1650	0.31199173825977844
VII	1650	0.34652043192109555
VIII	1650	0.39385720607916563
IX	1650	0.22817626304877606
X	1650	0.22512071723671842
XI	1650	0.1211383650062386
XII	1650	0.2555090676206226
XIII	1650	0.17053949943262395
XIV	1650	0.2898335273410656
XV	1650	0.2661957259795966
XVI	1650	0.3315750169292011
I	1655	0.3906862191488068
II	1655	0.20245602471273413
III	1655	0.45403531625869364
IV	1655	0.2854661398377083
V	1655	0.1757477389900533
VI	1655	0.31199173825977844
VII	1655	0.34652043192109555
VIII	1655	0.3909157316451107
IX	1655	0.22817626304877606
X	1655	0.22512071723671842
XI	1655	0.11865792062577983
XII	1655	0.2555090676206226
XIII	1655	0.17053949943262395
XIV	1655	0.28772472916478076
XV	1655	0.26468100625772595
XVI	1655	0.32983146742948277
I	1660	0.3906862191488068
II	1660	0.20245602471273413
III	1660	0.45403531625869364
IV	1660	0.2854661398377083
V	1660	0.17287135243980767
VI	1660	0.31199173825977844
VII	1660	0.34499972500779147
VIII	1660	0.3909157316451107
IX	1660	0.22817626304877606
X	1660	0.22512071723671842
XI	1660	0.11865792062577983
XII	1660	0.2555090676206226
XIII	1660	0.17053949943262395
XIV	1660	0.28560828117649006
XV	1660	0.26468100625772595
XVI	1660	0.32983146742948277
I	1665	0.3906862191488068
II	1665	0.20245602471273413
III	1665	0.45403531625869364
IV	1665	0.2854661398377083
V	1665	0.16998628638880692
VI	1665	0.31199173825977844
VII	1665	0.34195006141492656
VIII	1665	0.3909157316451107
IX	1665	0.22817626304877606
X	1665	0.22512071723671842
XI	1665	0.11616247960456857
XII	1665	0.2555090676206226
XIII	1665	0.16874271849386271
XIV	1665	0.28560828117649006
XV	1665	0.26468100625772595
XVI	1665	0.32983146742948277
I	1670	0.3906862191488068
II	1670	0.20245602471273413
III	1670	0.45403531625869364
IV	1670	0.2854661398377083
V	1670	0.16419879528529518
VI	1670	0.31199173825977844
VII	1670	0.34195006141492656
VIII	1670	0.3909157316451107
IX	1670	0.22817626304877606
X	1670	0.22512071723671842
XI	1670	0.11616247960456857
XII	1670	0.2555090676206226
XIII	1670	0.16874271849386271
XIV	1670	0.28560828117649006
XV	1670	0.26315254134781646
XVI	1670	0.3263137798423317
I	1675	0.3906862191488068
II	1675	0.20245602471273413
III	1675	0.45403531625869364
IV	1675	0.2854661398377083
V	1675	0.16419879528529518
VI	1675	0.31199173825977844
VII	1675	0.34195006141492656
VIII	1675	0.38793871069221514
IX	1675	0.22817626304877606
X	1675	0.22512071723671842
XI	1675	0.1136535416066801
XII	1675	0.2555090676206226
XIII	1675	0.16874271849386271
XIV	1675	0.2813409610458823
XV	1675	0.26162132740029925
XVI	1675	0.3263137798423317
I	1680	0.3906862191488068
II	1680	0.1983290374626161
III	1680	0.45403531625869364
IV	1680	0.2854661398377083
V	1680	0.16419879528529518
VI	1680	0.31199173825977844
VII	1680	0.34041193832841404
VIII	1680	0.38197933680859797
IX	1680	0.22817626304877606
X	1680	0.22512071723671842
XI	1680	0.1136535416066801
XII	1680	0.2555090676206226
XIII	1680	0.16874271849386271
XIV	1680	0.2813409610458823
XV	1680	0.26162132740029925
XVI	1680	0.3263137798423317
I	1685	0.3906862191488068
II	1685	0.19626185463560522
III	1685	0.44876512088882486
IV	1685	0.28436818059275437
V	1685	0.16419879528529518
VI	1685	0.31199173825977844
VII	1685	0.33578381945844865
VIII	1685	0.38197933680859797
IX	1685	0.22817626304877606
X	1685	0.22512071723671842
XI	1685	0.1136535416066801
XII	1685	0.2539480994307985
XIII	1685	0.16874271849386271
XIV	1685	0.2813409610458823
XV	1685	0.26162132740029925
XVI	1685	0.3263137798423317
I	1690	0.3906862191488068
II	1690	0.19626185463560522
III	1690	0.44876512088882486
IV	1690	0.28436818059275437
V	1690	0.16419879528529518
VI	1690	0.31199173825977844
VII	1690	0.33578381945844865
VIII	1690	0.38197933680859797
IX	1690	0.22817626304877606
X	1690	0.22512071723671842
XI	1690	0.1136535416066801
XII	1690	0.2539480994307985
XIII	1690	0.16874271849386271
XIV	1690	0.2813409610458823
XV	1690	0.26162132740029925
XVI	1690	0.3263137798423317
I	1695	0.3906862191488068
II	1695	0.19626185463560522
III	1695	0.4434573483683688
IV	1695	0.28436818059275437
V	1695	0.16419879528529518
VI	1695	0.305728806156329
VII	1695	0.33578381945844865
VIII	1695	0.38197933680859797
IX	1695	0.22817626304877606
X	1695	0.22512071723671842
XI	1695	0.1136535416066801
XII	1695	0.2539480994307985
XIII	1695	0.16874271849386271
XIV	1695	0.2813409610458823
XV	1695	0.2585194966328871
XVI	1695	0.32452592962937177
I	1700	0.3906862191488068
II	1700	0.19626185463560522
III	1700	0.4434573483683688
IV	1700	0.28436818059275437
V	1700	0.16124950092870657
VI	1700	0.305728806156329
VII	1700	0.33578381945844865
VIII	1700	0.38197933680859797
IX	1700	0.22817626304877606
X	1700	0.22512071723671842
XI	1700	0.1136535416066801
XII	1700	0.25237321886851605
XIII	1700	0.16874271849386271
XIV	1700	0.2813409610458823
XV	1700	0.2554085024067824
XVI	1700	0.32452592962937177
I	1705	0.3906862191488068
II	1705	0.19626185463560522
III	1705	0.4434573483683688
IV	1705	0.28436818059275437
V	1705	0.16124950092870657
VI	1705	0.305728806156329
VII	1705	0.3342236969952518
VIII	1705	0.38197933680859797
IX	1705	0.22430482304586621
X	1705	0.22512071723671842
XI	1705	0.1136535416066801
XII	1705	0.25079370084874747
XIII	1705	0.16689942245554293
XIV	1705	0.2813409610458823
XV	1705	0.2554085024067824
XVI	1705	0.32452592962937177
I	1710	0.3906862191488068
II	1710	0.19626185463560522
III	1710	0.4434573483683688
IV	1710	0.28436818059275437
V	1710	0.15828458347075877
VI	1710	0.305728806156329
VII	1710	0.3342236969952518
VIII	1710	0.38197933680859797
IX	1710	0.22430482304586621
X	1710	0.22512071723671842
XI	1710	0.1136535416066801
XII	1710	0.25079370084874747
XIII	1710	0.16689942245554293
XIV	1710	0.279162039592877
XV	1710	0.2554085024067824
XVI	1710	0.3227254220697715
I	1715	0.3906862191488068
II	1715	0.19626185463560522
III	1715	0.4434573483683688
IV	1715	0.28436818059275437
V	1715	0.15531272241220684
VI	1715	0.305728806156329
VII	1715	0.3342236969952518
VIII	1715	0.37893833212178946
IX	1715	0.22430482304586621
X	1715	0.22282102203014142
XI	1715	0.1136535416066801
XII	1715	0.25079370084874747
XIII	1715	0.16504422720570816
XIV	1715	0.279162039592877
XV	1715	0.25227185049633877
XVI	1715	0.320918585836851
I	1720	0.3906862191488068
II	1720	0.19626185463560522
III	1720	0.4434573483683688
IV	1720	0.28436818059275437
V	1720	0.1523304459527488
VI	1720	0.305728806156329
VII	1720	0.3342236969952518
VIII	1720	0.37893833212178946
IX	1720	0.22430482304586621
X	1720	0.2205146221728164
XI	1720	0.1136535416066801
XII	1720	0.25079370084874747
XIII	1720	0.16318470496986795
XIV	1720	0.279162039592877
XV	1720	0.25227185049633877
XVI	1720	0.320918585836851
I	1725	0.3906862191488068
II	1725	0.19626185463560522
III	1725	0.4434573483683688
IV	1725	0.28436818059275437
V	1725	0.1523304459527488
VI	1725	0.305728806156329
VII	1725	0.3326461583588465
VIII	1725	0.37893833212178946
IX	1725	0.22430482304586621
X	1725	0.2205146221728164
XI	1725	0.1136535416066801
XII	1725	0.25079370084874747
XIII	1725	0.16318470496986795
XIV	1725	0.279162039592877
XV	1725	0.25227185049633877
XVI	1725	0.320918585836851
I	1730	0.3906862191488068
II	1730	0.19626185463560522
III	1730	0.4434573483683688
IV	1730	0.2832395411548677
V	1730	0.1523304459527488
VI	1730	0.305728806156329
VII	1730	0.3326461583588465
VIII	1730	0.37893833212178946
IX	1730	0.22430482304586621
X	1730	0.2181988358044441
XI	1730	0.1136535416066801
XII	1730	0.25079370084874747
XIII	1730	0.16318470496986795
XIV	1730	0.279162039592877
XV	1730	0.25227185049633877
XVI	1730	0.320918585836851
I	1735	0.3906862191488068
II	1735	0.19626185463560522
III	1735	0.4434573483683688
IV	1735	0.28097834565872004
V	1735	0.1523304459527488
VI	1735	0.305728806156329
VII	1735	0.33105762003409905
VIII	1735	0.37893833212178946
IX	1735	0.22430482304586621
X	1735	0.2181988358044441
XI	1735	0.11105312410020156
XII	1735	0.25079370084874747
XIII	1735	0.16130787479000597
XIV	1735	0.279162039592877
XV	1735	0.25227185049633877
XVI	1735	0.320918585836851
I	1740	0.3906862191488068
II	1740	0.19626185463560522
III	1740	0.43257250041491435
IV	1740	0.27984317852020946
V	1740	0.14931692329057233
VI	1740	0.305728806156329
VII	1740	0.33105762003409905
VIII	1740	0.37893833212178946
IX	1740	0.22430482304586621
X	1740	0.2181988358044441
XI	1740	0.10844970726557251
XII	1740	0.25079370084874747
XIII	1740	0.16130787479000597
XIV	1740	0.279162039592877
XV	1740	0.25067740868384325
XVI	1740	0.320918585836851
I	1745	0.3906862191488068
II	1745	0.19411965803557374
III	1745	0.43257250041491435
IV	1745	0.2787047475313868
V	1745	0.14931692329057233
VI	1745	0.305728806156329
VII	1745	0.33105762003409905
VIII	1745	0.37893833212178946
IX	1745	0.22430482304586621
X	1745	0.2181988358044441
XI	1745	0.10844970726557251
XII	1745	0.25079370084874747
XIII	1745	0.16130787479000597
XIV	1745	0.279162039592877
XV	1745	0.25067740868384325
XVI	1745	0.320918585836851
I	1750	0.3906862191488068
II	1750	0.19411965803557374
III	1750	0.43257250041491435
IV	1750	0.27756305269225223
V	1750	0.1432534240630479
VI	1750	0.305728806156329
VII	1750	0.33105762003409905
VIII	1750	0.37893833212178946
IX	1750	0.22430482304586621
X	1750	0.2181988358044441
XI	1750	0.10844970726557251
XII	1750	0.25079370084874747
XIII	1750	0.16130787479000597
XIV	1750	0.279162039592877
XV	1750	0.25067740868384325
XVI	1750	0.320918585836851
I	1755	0.3830630098428446
II	1755	0.19411965803557374
III	1755	0.43257250041491435
IV	1755	0.2764174412327432
V	1755	0.1432534240630479
VI	1755	0.305728806156329
VII	1755	0.33105762003409905
VIII	1755	0.37893833212178946
IX	1755	0.22430482304586621
X	1755	0.21584952618233164
XI	1755	0.10844970726557251
XII	1755	0.25079370084874747
XIII	1755	0.16130787479000597
XIV	1755	0.279162039592877
XV	1755	0.25067740868384325
XVI	1755	0.320918585836851
I	1760	0.3830630098428446
II	1760	0.19411965803557374
III	1760	0.4270737107123062
IV	1760	0.27412230169335083
V	1760	0.14019823979724685
VI	1760	0.305728806156329
VII	1760	0.32944616569197205
VIII	1760	0.37893833212178946
IX	1760	0.22430482304586621
X	1760	0.21584952618233164
XI	1760	0.10581029849313754
XII	1760	0.2491613158136373
XIII	1760	0.1594050826941113
XIV	1760	0.2746766998201019
XV	1760	0.25067740868384325
XVI	1760	0.320918585836851
I	1765	0.3830630098428446
II	1765	0.19411965803557374
III	1765	0.4270737107123062
IV	1765	0.27412230169335083
V	1765	0.14019823979724685
VI	1765	0.305728806156329
VII	1765	0.32944616569197205
VIII	1765	0.37893833212178946
IX	1765	0.22430482304586621
X	1765	0.21584952618233164
XI	1765	0.10581029849313754
XII	1765	0.2475252208125382
XIII	1765	0.1594050826941113
XIV	1765	0.2724289300590438
XV	1765	0.2490609745704858
XVI	1765	0.320918585836851
I	1770	0.3830630098428446
II	1770	0.1919430288839918
III	1770	0.4270737107123062
IV	1770	0.27296885699309303
V	1770	0.14019823979724685
VI	1770	0.305728806156329
VII	1770	0.32944616569197205
VIII	1770	0.37893833212178946
IX	1770	0.22430482304586621
X	1770	0.21110799717331924
XI	1770	0.10581029849313754
XII	1770	0.2475252208125382
XIII	1770	0.1594050826941113
XIV	1770	0.2724289300590438
XV	1770	0.2490609745704858
XVI	1770	0.320918585836851
I	1775	0.3830630098428446
II	1775	0.1919430288839918
III	1775	0.4270737107123062
IV	1775	0.27296885699309303
V	1775	0.14019823979724685
VI	1775	0.305728806156329
VII	1775	0.32944616569197205
VIII	1775	0.37893833212178946
IX	1775	0.22430482304586621
X	1775	0.2087291870879154
XI	1775	0.10581029849313754
XII	1775	0.2475252208125382
XIII	1775	0.1594050826941113
XIV	1775	0.2724289300590438
XV	1775	0.2490609745704858
XVI	1775	0.320918585836851
I	1780	0.3830630098428446
II	1780	0.1919430288839918
III	1780	0.4270737107123062
IV	1780	0.27064825942126713
V	1780	0.14019823979724685
VI	1780	0.305728806156329
VII	1780	0.32781729517663666
VIII	1780	0.37893833212178946
IX	1780	0.22026061179209253
X	1780	0.20634233142161393
XI	1780	0.10581029849313754
XII	1780	0.2475252208125382
XIII	1780	0.15748065566818942
XIV	1780	0.2724289300590438
XV	1780	0.2490609745704858
XVI	1780	0.320918585836851
I	1785	0.3830630098428446
II	1785	0.1919430288839918
III	1785	0.4270737107123062
IV	1785	0.26831917583863
V	1785	0.14019823979724685
VI	1785	0.305728806156329
VII	1785	0.32781729517663666
VIII	1785	0.37893833212178946
IX	1785	0.22026061179209253
X	1785	0.20634233142161393
XI	1785	0.10581029849313754
XII	1785	0.2475252208125382
XIII	1785	0.15748065566818942
XIV	1785	0.2724289300590438
XV	1785	0.2490609745704858
XVI	1785	0.3190368603029747
I	1790	0.3830630098428446
II	1790	0.1919430288839918
III	1790	0.4270737107123062
IV	1790	0.26831917583863
V	1790	0.13709445032721718
VI	1790	0.305728806156329
VII	1790	0.3261774249729591
VIII	1790	0.37893833212178946
IX	1790	0.22026061179209253
X	1790	0.20394474831411558
XI	1790	0.10581029849313754
XII	1790	0.2475252208125382
XIII	1790	0.15554432943075253
XIV	1790	0.27015183601862985
XV	1790	0.2490609745704858
XVI	1790	0.3190368603029747
I	1795	0.3830630098428446
II	1795	0.1919430288839918
III	1795	0.4270737107123062
IV	1795	0.26831917583863
V	1795	0.13709445032721718
VI	1795	0.305728806156329
VII	1795	0.3261774249729591
VIII	1795	0.37893833212178946
IX	1795	0.22026061179209253
X	1795	0.20394474831411558
XI	1795	0.10581029849313754
XII	1795	0.24586037357502524
XIII	1795	0.15360583970031294
XIV	1795	0.27015183601862985
XV	1795	0.2490609745704858
XVI	1795	0.3190368603029747
I	1800	0.3830630098428446
II	1800	0.1919430288839918
III	1800	0.4270737107123062
IV	1800	0.26831917583863
V	1800	0.13709445032721718
VI	1800	0.305728806156329
VII	1800	0.3261774249729591
VIII	1800	0.37893833212178946
IX	1800	0.22026061179209253
X	1800	0.20394474831411558
XI	1800	0.10581029849313754
XII	1800	0.24586037357502524
XIII	1800	0.15360583970031294
XIV	1800	0.2678607173228718
XV	1800	0.2490609745704858
XVI	1800	0.31713931308579785
I	1805	0.3830630098428446
II	1805	0.1919430288839918
III	1805	0.42143400669499564
IV	1805	0.2671428841861883
V	1805	0.13709445032721718
VI	1805	0.305728806156329
VII	1805	0.3261774249729591
VIII	1805	0.37893833212178946
IX	1805	0.22026061179209253
X	1805	0.20394474831411558
XI	1805	0.10581029849313754
XII	1805	0.24586037357502524
XIII	1805	0.15360583970031294
XIV	1805	0.2678607173228718
XV	1805	0.24740971931409678
XVI	1805	0.31713931308579785
I	1810	0.3830630098428446
II	1810	0.1919430288839918
III	1810	0.42143400669499564
IV	1810	0.2671428841861883
V	1810	0.13709445032721718
VI	1810	0.305728806156329
VII	1810	0.3261774249729591
VIII	1810	0.37893833212178946
IX	1810	0.22026061179209253
X	1810	0.20394474831411558
XI	1810	0.10581029849313754
XII	1810	0.24586037357502524
XIII	1810	0.1516489602793502
XIV	1810	0.2678607173228718
XV	1810	0.24740971931409678
XVI	1810	0.31523332763752737
I	1815	0.3830630098428446
II	1815	0.18971352117110027
III	1815	0.42143400669499564
IV	1815	0.2647752871698697
V	1815	0.13709445032721718
VI	1815	0.305728806156329
VII	1815	0.3261774249729591
VIII	1815	0.37893833212178946
IX	1815	0.22026061179209253
X	1815	0.20394474831411558
XI	1815	0.10308990786063922
XII	1815	0.24586037357502524
XIII	1815	0.1516489602793502
XIV	1815	0.2678607173228718
XV	1815	0.24740971931409678
XVI	1815	0.31523332763752737
I	1820	0.3830630098428446
II	1820	0.18971352117110027
III	1820	0.42143400669499564
IV	1820	0.2647752871698697
V	1820	0.13709445032721718
VI	1820	0.305728806156329
VII	1820	0.3261774249729591
VIII	1820	0.37893833212178946
IX	1820	0.22026061179209253
X	1820	0.20394474831411558
XI	1820	0.10308990786063922
XII	1820	0.24586037357502524
XIII	1820	0.1516489602793502
XIV	1820	0.2678607173228718
XV	1820	0.24740971931409678
XVI	1820	0.31523332763752737
I	1825	0.3830630098428446
II	1825	0.18971352117110027
III	1825	0.42143400669499564
IV	1825	0.2635839818059928
V	1825	0.13709445032721718
VI	1825	0.305728806156329
VII	1825	0.3261774249729591
VIII	1825	0.37893833212178946
IX	1825	0.22026061179209253
X	1825	0.20394474831411558
XI	1825	0.10308990786063922
XII	1825	0.24586037357502524
XIII	1825	0.1516489602793502
XIV	1825	0.2655377244104226
XV	1825	0.24574013714032278
XVI	1825	0.31523332763752737
I	1830	0.3830630098428446
II	1830	0.18971352117110027
III	1830	0.42143400669499564
IV	1830	0.2635839818059928
V	1830	0.13709445032721718
VI	1830	0.305728806156329
VII	1830	0.3261774249729591
VIII	1830	0.37893833212178946
IX	1830	0.22026061179209253
X	1830	0.20394474831411558
XI	1830	0.10308990786063922
XII	1830	0.24586037357502524
XIII	1830	0.1496715276748616
XIV	1830	0.2655377244104226
XV	1830	0.24574013714032278
XVI	1830	0.31523332763752737
I	1835	0.3751009912343952
II	1835	0.1874618782464977
III	1835	0.42143400669499564
IV	1835	0.2635839818059928
V	1835	0.13709445032721718
VI	1835	0.305728806156329
VII	1835	0.3261774249729591
VIII	1835	0.37893833212178946
IX	1835	0.22026061179209253
X	1835	0.20394474831411558
XI	1835	0.10308990786063922
XII	1835	0.24586037357502524
XIII	1835	0.1496715276748616
XIV	1835	0.2655377244104226
XV	1835	0.24574013714032278
XVI	1835	0.31523332763752737
I	1840	0.3671215977899209
II	1840	0.18520408665197544
III	1840	0.42143400669499564
IV	1840	0.2635839818059928
V	1840	0.13709445032721718
VI	1840	0.305728806156329
VII	1840	0.3261774249729591
VIII	1840	0.37893833212178946
IX	1840	0.22026061179209253
X	1840	0.20394474831411558
XI	1840	0.10308990786063922
XII	1840	0.24415564420313177
XIII	1840	0.1496715276748616
XIV	1840	0.2655377244104226
XV	1840	0.24574013714032278
XVI	1840	0.31523332763752737
I	1845	0.3671215977899209
II	1845	0.18293768691956555
III	1845	0.42143400669499564
IV	1845	0.2635839818059928
V	1845	0.13389171454857918
VI	1845	0.305728806156329
VII	1845	0.3261774249729591
VIII	1845	0.37565916575874936
IX	1845	0.22026061179209253
X	1845	0.201476095908688
XI	1845	0.10308990786063922
XII	1845	0.24244627737375218
XIII	1845	0.1496715276748616
XIV	1845	0.2631905070932882
XV	1845	0.24574013714032278
XVI	1845	0.31523332763752737
I	1850	0.3671215977899209
II	1850	0.18293768691956555
III	1850	0.42143400669499564
IV	1850	0.2635839818059928
V	1850	0.13389171454857918
VI	1850	0.305728806156329
VII	1850	0.32448163968687554
VIII	1850	0.37565916575874936
IX	1850	0.22026061179209253
X	1850	0.201476095908688
XI	1850	0.10308990786063922
XII	1850	0.24244627737375218
XIII	1850	0.14767462363334852
XIV	1850	0.2631905070932882
XV	1850	0.24404672997394827
XVI	1850	0.31523332763752737
I	1855	0.3671215977899209
II	1855	0.18293768691956555
III	1855	0.4156252055000423
IV	1855	0.2635839818059928
V	1855	0.13389171454857918
VI	1855	0.305728806156329
VII	1855	0.32448163968687554
VIII	1855	0.37565916575874936
IX	1855	0.22026061179209253
X	1855	0.201476095908688
XI	1855	0.10031252999328151
XII	1855	0.24244627737375218
XIII	1855	0.14767462363334852
XIV	1855	0.2631905070932882
XV	1855	0.24404672997394827
XVI	1855	0.31523332763752737
I	1860	0.3671215977899209
II	1860	0.1806528411773965
III	1860	0.4156252055000423
IV	1860	0.2635839818059928
V	1860	0.13389171454857918
VI	1860	0.2988588286244129
VII	1860	0.32448163968687554
VIII	1860	0.37565916575874936
IX	1860	0.22026061179209253
X	1860	0.201476095908688
XI	1860	0.10031252999328151
XII	1860	0.24072114318891982
XIII	1860	0.14767462363334852
XIV	1860	0.2631905070932882
XV	1860	0.24404672997394827
XVI	1860	0.31523332763752737
I	1865	0.3671215977899209
II	1865	0.1806528411773965
III	1865	0.4156252055000423
IV	1865	0.2623685239498072
V	1865	0.13389171454857918
VI	1865	0.2988588286244129
VII	1865	0.32448163968687554
VIII	1865	0.37565916575874936
IX	1865	0.22026061179209253
X	1865	0.19897928397011871
XI	1865	0.10031252999328151
XII	1865	0.237266237361769
XIII	1865	0.14767462363334852
XIV	1865	0.2631905070932882
XV	1865	0.24234141031127354
XVI	1865	0.31523332763752737
I	1870	0.3671215977899209
II	1870	0.17835446836140406
III	1870	0.409775695725286
IV	1870	0.2611484967031848
V	1870	0.13389171454857918
VI	1870	0.2988588286244129
VII	1870	0.32448163968687554
VIII	1870	0.37565916575874936
IX	1870	0.22026061179209253
X	1870	0.19897928397011871
XI	1870	0.10031252999328151
XII	1870	0.237266237361769
XIII	1870	0.14767462363334852
XIV	1870	0.2631905070932882
XV	1870	0.24062875988164475
XVI	1870	0.31523332763752737
I	1875	0.3671215977899209
II	1875	0.17835446836140406
III	1875	0.409775695725286
IV	1875	0.2611484967031848
V	1875	0.13389171454857918
VI	1875	0.2988588286244129
VII	1875	0.32448163968687554
VIII	1875	0.37565916575874936
IX	1875	0.22026061179209253
X	1875	0.19897928397011871
XI	1875	0.10031252999328151
XII	1875	0.237266237361769
XIII	1875	0.14767462363334852
XIV	1875	0.2631905070932882
XV	1875	0.24062875988164475
XVI	1875	0.31523332763752737
I	1880	0.3671215977899209
II	1880	0.17835446836140406
III	1880	0.409775695725286
IV	1880	0.2611484967031848
V	1880	0.13389171454857918
VI	1880	0.2988588286244129
VII	1880	0.32448163968687554
VIII	1880	0.37565916575874936
IX	1880	0.21599588986287419
X	1880	0.19897928397011871
XI	1880	0.10031252999328151
XII	1880	0.23552533582148386
XIII	1880	0.14767462363334852
XIV	1880	0.2631905070932882
XV	1880	0.24062875988164475
XVI	1880	0.31523332763752737
I	1885	0.3671215977899209
II	1885	0.17835446836140406
III	1885	0.409775695725286
IV	1885	0.2611484967031848
V	1885	0.13389171454857918
VI	1885	0.2988588286244129
VII	1885	0.32448163968687554
VIII	1885	0.37565916575874936
IX	1885	0.21599588986287419
X	1885	0.19897928397011871
XI	1885	0.10031252999328151
XII	1885	0.23552533582148386
XIII	1885	0.1456387767177864
XIV	1885	0.2631905070932882
XV	1885	0.24062875988164475
XVI	1885	0.3132461242149808
I	1890	0.3671215977899209
II	1890	0.17371099283802927
III	1890	0.409775695725286
IV	1890	0.2611484967031848
V	1890	0.13389171454857918
VI	1890	0.2988588286244129
VII	1890	0.3227510220543751
VIII	1890	0.37565916575874936
IX	1890	0.21169934165060197
X	1890	0.19897928397011871
XI	1890	0.10031252999328151
XII	1890	0.23377608685772372
XIII	1890	0.1456387767177864
XIV	1890	0.2631905070932882
XV	1890	0.24062875988164475
XVI	1890	0.3132461242149808
I	1895	0.3671215977899209
II	1895	0.17371099283802927
III	1895	0.409775695725286
IV	1895	0.25867841478706965
V	1895	0.13389171454857918
VI	1895	0.2988588286244129
VII	1895	0.3227510220543751
VIII	1895	0.37565916575874936
IX	1895	0.21169934165060197
X	1895	0.19897928397011871
XI	1895	0.10031252999328151
XII	1895	0.23377608685772372
XIII	1895	0.1456387767177864
XIV	1895	0.2631905070932882
XV	1895	0.23889320080528476
XVI	1895	0.3132461242149808
I	1900	0.3671215977899209
II	1900	0.17371099283802927
III	1900	0.409775695725286
IV	1900	0.25620115240026814
V	1900	0.13389171454857918
VI	1900	0.2988588286244129
VII	1900	0.3227510220543751
VIII	1900	0.37565916575874936
IX	1900	0.21169934165060197
X	1900	0.19643419854616354
XI	1900	0.09746316825031193
XII	1900	0.23377608685772372
XIII	1900	0.1456387767177864
XIV	1900	0.2631905070932882
XV	1900	0.23715580903718622
XVI	1900	0.3132461242149808
I	1905	0.3671215977899209
II	1905	0.17371099283802927
III	1905	0.409775695725286
IV	1905	0.2549589309715242
V	1905	0.13389171454857918
VI	1905	0.2988588286244129
VII	1905	0.3227510220543751
VIII	1905	0.37565916575874936
IX	1905	0.21169934165060197
X	1905	0.19643419854616354
XI	1905	0.09746316825031193
XII	1905	0.23377608685772372
XIII	1905	0.1456387767177864
XIV	1905	0.2631905070932882
XV	1905	0.23715580903718622
XVI	1905	0.3132461242149808
I	1910	0.3671215977899209
II	1910	0.17371099283802927
III	1910	0.409775695725286
IV	1910	0.2549589309715242
V	1910	0.1305813529605777
VI	1910	0.2988588286244129
VII	1910	0.3227510220543751
VIII	1910	0.37565916575874936
IX	1910	0.21169934165060197
X	1910	0.19643419854616354
XI	1910	0.09746316825031193
XII	1910	0.23377608685772372
XIII	1910	0.14357264090018618
XIV	1910	0.2631905070932882
XV	1910	0.2354092538103952
XVI	1910	0.3132461242149808
I	1915	0.3671215977899209
II	1915	0.17371099283802927
III	1915	0.409775695725286
IV	1915	0.25371148738228105
V	1915	0.1305813529605777
VI	1915	0.2988588286244129
VII	1915	0.3227510220543751
VIII	1915	0.37565916575874936
IX	1915	0.21169934165060197
X	1915	0.19387168103026345
XI	1915	0.0945928112102889
XII	1915	0.23377608685772372
XIII	1915	0.14357264090018618
XIV	1915	0.2631905070932882
XV	1915	0.2354092538103952
XVI	1915	0.3132461242149808
I	1920	0.3671215977899209
II	1920	0.17134990358885566
III	1920	0.409775695725286
IV	1920	0.25371148738228105
V	1920	0.1305813529605777
VI	1920	0.2988588286244129
VII	1920	0.32099473848240967
VIII	1920	0.37565916575874936
IX	1920	0.21169934165060197
X	1920	0.19387168103026345
XI	1920	0.09171495584988962
XII	1920	0.23199530318305808
XIII	1920	0.14357264090018618
XIV	1920	0.2631905070932882
XV	1920	0.2354092538103952
XVI	1920	0.3132461242149808
I	1925	0.3671215977899209
II	1925	0.17134990358885566
III	1925	0.409775695725286
IV	1925	0.25371148738228105
V	1925	0.1305813529605777
VI	1925	0.2988588286244129
VII	1925	0.32099473848240967
VIII	1925	0.37565916575874936
IX	1925	0.21169934165060197
X	1925	0.19387168103026345
XI	1925	0.09171495584988962
XII	1925	0.2266446047355861
XIII	1925	0.14357264090018618
XIV	1925	0.2607412922827422
XV	1925	0.2354092538103952
XVI	1925	0.3132461242149808
I	1930	0.3671215977899209
II	1930	0.17134990358885566
III	1930	0.409775695725286
IV	1930	0.25371148738228105
V	1930	0.1305813529605777
VI	1930	0.2988588286244129
VII	1930	0.32099473848240967
VIII	1930	0.37223603599440497
IX	1930	0.21169934165060197
X	1930	0.19387168103026345
XI	1930	0.09171495584988962
XII	1930	0.2266446047355861
XIII	1930	0.14357264090018618
XIV	1930	0.2607412922827422
XV	1930	0.2336407062827422
XVI	1930	0.3132461242149808
I	1935	0.3671215977899209
II	1935	0.17134990358885566
III	1935	0.409775695725286
IV	1935	0.25371148738228105
V	1935	0.1305813529605777
VI	1935	0.2988588286244129
VII	1935	0.31922287201862615
VIII	1935	0.37223603599440497
IX	1935	0.20730504128323574
X	1935	0.19387168103026345
XI	1935	0.09171495584988962
XII	1935	0.2266446047355861
XIII	1935	0.14357264090018618
XIV	1935	0.2607412922827422
XV	1935	0.2336407062827422
XVI	1935	0.3132461242149808
I	1940	0.3671215977899209
II	1940	0.16896790886195498
III	1940	0.409775695725286
IV	1940	0.25371148738228105
V	1940	0.1305813529605777
VI	1940	0.2988588286244129
VII	1940	0.31922287201862615
VIII	1940	0.37223603599440497
IX	1940	0.20730504128323574
X	1940	0.19387168103026345
XI	1940	0.09171495584988962
XII	1940	0.22484805370546765
XIII	1940	0.14357264090018618
XIV	1940	0.2582691280361785
XV	1940	0.2336407062827422
XVI	1940	0.3132461242149808
I	1945	0.3671215977899209
II	1945	0.16896790886195498
III	1945	0.40368506590092784
IV	1945	0.25371148738228105
V	1945	0.1305813529605777
VI	1945	0.2988588286244129
VII	1945	0.31922287201862615
VIII	1945	0.37223603599440497
IX	1945	0.20730504128323574
X	1945	0.19387168103026345
XI	1945	0.09171495584988962
XII	1945	0.22304501023486867
XIII	1945	0.14357264090018618
XIV	1945	0.2582691280361785
XV	1945	0.2336407062827422
XVI	1945	0.3132461242149808
I	1950	0.3671215977899209
II	1950	0.16896790886195498
III	1950	0.40368506590092784
IV	1950	0.25371148738228105
V	1950	0.1305813529605777
VI	1950	0.29164091042008283
VII	1950	0.31743908922580527
VIII	1950	0.37223603599440497
IX	1950	0.20730504128323574
X	1950	0.19387168103026345
XI	1950	0.09171495584988962
XII	1950	0.22304501023486867
XIII	1950	0.14357264090018618
XIV	1950	0.2582691280361785
XV	1950	0.2336407062827422
XVI	1950	0.3132461242149808
I	1955	0.3671215977899209
II	1955	0.16896790886195498
III	1955	0.39757564750127605
IV	1955	0.25371148738228105
V	1955	0.1305813529605777
VI	1955	0.29164091042008283
VII	1955	0.31564797330742295
VIII	1955	0.3687666957555679
IX	1955	0.20730504128323574
X	1955	0.19387168103026345
XI	1955	0.09171495584988962
XII	1955	0.22304501023486867
XIII	1955	0.14357264090018618
XIV	1955	0.2557816641656031
XV	1955	0.23185016645422715
XVI	1955	0.3132461242149808
I	1960	0.3671215977899209
II	1960	0.16896790886195498
III	1960	0.39757564750127605
IV	1960	0.25371148738228105
V	1960	0.127178988664572
VI	1960	0.29164091042008283
VII	1960	0.31564797330742295
VIII	1960	0.3652866915610787
IX	1960	0.20730504128323574
X	1960	0.19387168103026345
XI	1960	0.09171495584988962
XII	1960	0.22304501023486867
XIII	1960	0.14145674474352332
XIV	1960	0.2557816641656031
XV	1960	0.23185016645422715
XVI	1960	0.3132461242149808
I	1965	0.3671215977899209
II	1965	0.16655148158350386
III	1965	0.3914349148094682
IV	1965	0.25371148738228105
V	1965	0.127178988664572
VI	1965	0.29164091042008283
VII	1965	0.31385044090417435
VIII	1965	0.3652866915610787
IX	1965	0.20730504128323574
X	1965	0.19387168103026345
XI	1965	0.09171495584988962
XII	1965	0.22304501023486867
XIII	1965	0.14145674474352332
XIV	1965	0.2557816641656031
XV	1965	0.23185016645422715
XVI	1965	0.3132461242149808
I	1970	0.3671215977899209
II	1970	0.16655148158350386
III	1970	0.3914349148094682
IV	1970	0.25371148738228105
V	1970	0.127178988664572
VI	1970	0.29164091042008283
VII	1970	0.3120483252974499
VIII	1970	0.3652866915610787
IX	1970	0.20730504128323574
X	1970	0.19123004863553653
XI	1970	0.09171495584988962
XII	1970	0.22304501023486867
XIII	1970	0.14145674474352332
XIV	1970	0.2557816641656031
XV	1970	0.23185016645422715
XVI	1970	0.3132461242149808
I	1975	0.3671215977899209
II	1975	0.16655148158350386
III	1975	0.3914349148094682
IV	1975	0.25371148738228105
V	1975	0.127178988664572
VI	1975	0.29164091042008283
VII	1975	0.3120483252974499
VIII	1975	0.3652866915610787
IX	1975	0.20730504128323574
X	1975	0.19123004863553653
XI	1975	0.09171495584988962
XII	1975	0.22121599700234748
XIII	1975	0.14145674474352332
XIV	1975	0.2532636010470043
XV	1975	0.23185016645422715
XVI	1975	0.3132461242149808
I	1980	0.3671215977899209
II	1980	0.1641178380292775
III	1980	0.3914349148094682
IV	1980	0.25371148738228105
V	1980	0.127178988664572
VI	1980	0.29164091042008283
VII	1980	0.3120483252974499
VIII	1980	0.3652866915610787
IX	1980	0.20730504128323574
X	1980	0.19123004863553653
XI	1980	0.09171495584988962
XII	1980	0.22121599700234748
XIII	1980	0.14145674474352332
XIV	1980	0.2532636010470043
XV	1980	0.23185016645422715
XVI	1980	0.3132461242149808
I	1985	0.3671215977899209
II	1985	0.1641178380292775
III	1985	0.3914349148094682
IV	1985	0.25371148738228105
V	1985	0.127178988664572
VI	1985	0.29164091042008283
VII	1985	0.3120483252974499
VIII	1985	0.3652866915610787
IX	1985	0.20730504128323574
X	1985	0.19123004863553653
XI	1985	0.09171495584988962
XII	1985	0.22121599700234748
XIII	1985	0.14145674474352332
XIV	1985	0.24820707531112424
XV	1985	0.23185016645422715
XVI	1985	0.3132461242149808
I	1990	0.3671215977899209
II	1990	0.16167066740122776
III	1990	0.3914349148094682
IV	1990	0.25371148738228105
V	1990	0.127178988664572
VI	1990	0.29164091042008283
VII	1990	0.3120483252974499
VIII	1990	0.3652866915610787
IX	1990	0.20730504128323574
X	1990	0.19123004863553653
XI	1990	0.09171495584988962
XII	1990	0.2193702889228763
XIII	1990	0.13930731444531824
XIV	1990	0.24820707531112424
XV	1990	0.23002755452028836
XVI	1990	0.3132461242149808
I	1995	0.3671215977899209
II	1995	0.16167066740122776
III	1995	0.3914349148094682
IV	1995	0.25371148738228105
V	1995	0.127178988664572
VI	1995	0.29164091042008283
VII	1995	0.3120483252974499
VIII	1995	0.3652866915610787
IX	1995	0.19824591714254539
X	1995	0.19123004863553653
XI	1995	0.09171495584988962
XII	1995	0.2193702889228763
XIII	1995	0.13930731444531824
XIV	1995	0.24820707531112424
XV	1995	0.23002755452028836
XVI	1995	0.3132461242149808
I	2000	0.3671215977899209
II	2000	0.16167066740122776
III	2000	0.3914349148094682
IV	2000	0.25371148738228105
V	2000	0.127178988664572
VI	2000	0.29164091042008283
VII	2000	0.3120483252974499
VIII	2000	0.3652866915610787
IX	2000	0.19824591714254539
X	2000	0.19123004863553653
XI	2000	0.09171495584988962
XII	2000	0.2193702889228763
XIII	2000	0.1371438214425955
XIV	2000	0.2431135754838825
XV	2000	0.23002755452028836
XVI	2000	0.3132461242149808
I	2005	0.3671215977899209
II	2005	0.16167066740122776
III	2005	0.385168924949036
IV	2005	0.25371148738228105
V	2005	0.127178988664572
VI	2005	0.29164091042008283
VII	2005	0.3083771793132528
VIII	2005	0.36172848502514027
IX	2005	0.19824591714254539
X	2005	0.18854416554587256
XI	2005	0.09171495584988962
XII	2005	0.2193702889228763
XIII	2005	0.1371438214425955
XIV	2005	0.2431135754838825
XV	2005	0.23002755452028836
XVI	2005	0.3132461242149808
I	2010	0.3671215977899209
II	2010	0.16167066740122776
III	2010	0.385168924949036
IV	2010	0.25371148738228105
V	2010	0.127178988664572
VI	2010	0.29164091042008283
VII	2010	0.3083771793132528
VIII	2010	0.36172848502514027
IX	2010	0.19824591714254539
X	2010	0.18854416554587256
XI	2010	0.09171495584988962
XII	2010	0.2193702889228763
XIII	2010	0.1371438214425955
XIV	2010	0.2431135754838825
XV	2010	0.23002755452028836
XVI	2010	0.3132461242149808
I	2015	0.3671215977899209
II	2015	0.16167066740122776
III	2015	0.385168924949036
IV	2015	0.25371148738228105
V	2015	0.127178988664572
VI	2015	0.29164091042008283
VII	2015	0.3083771793132528
VIII	2015	0.36172848502514027
IX	2015	0.1936674789946532
X	2015	0.1858435322245629
XI	2015	0.09171495584988962
XII	2015	0.2193702889228763
XIII	2015	0.1371438214425955
XIV	2015	0.2431135754838825
XV	2015	0.23002755452028836
XVI	2015	0.3132461242149808
I	2020	0.3671215977899209
II	2020	0.16167066740122776
III	2020	0.37884970079193847
IV	2020	0.2523935446262989
V	2020	0.127178988664572
VI	2020	0.28417869344576013
VII	2020	0.3083771793132528
VIII	2020	0.36172848502514027
IX	2020	0.1936674789946532
X	2020	0.1858435322245629
XI	2020	0.09171495584988962
XII	2020	0.2193702889228763
XIII	2020	0.1371438214425955
XIV	2020	0.2431135754838825
XV	2020	0.23002755452028836
XVI	2020	0.3132461242149808
I	2025	0.3671215977899209
II	2025	0.16167066740122776
III	2025	0.37884970079193847
IV	2025	0.25107364356012957
V	2025	0.127178988664572
VI	2025	0.28417869344576013
VII	2025	0.3083771793132528
VIII	2025	0.36172848502514027
IX	2025	0.1936674789946532
X	2025	0.1858435322245629
XI	2025	0.09171495584988962
XII	2025	0.2193702889228763
XIII	2025	0.1371438214425955
XIV	2025	0.2431135754838825
XV	2025	0.23002755452028836
XVI	2025	0.3132461242149808
I	2030	0.3671215977899209
II	2030	0.16167066740122776
III	2030	0.37884970079193847
IV	2030	0.24974852033346107
V	2030	0.127178988664572
VI	2030	0.28417869344576013
VII	2030	0.3083771793132528
VIII	2030	0.36172848502514027
IX	2030	0.1936674789946532
X	2030	0.1858435322245629
XI	2030	0.09171495584988962
XII	2030	0.2193702889228763
XIII	2030	0.1371438214425955
XIV	2030	0.2431135754838825
XV	2030	0.23002755452028836
XVI	2030	0.3132461242149808
I	2035	0.3671215977899209
II	2035	0.16167066740122776
III	2035	0.37884970079193847
IV	2035	0.24974852033346107
V	2035	0.127178988664572
VI	2035	0.28417869344576013
VII	2035	0.3083771793132528
VIII	2035	0.36172848502514027
IX	2035	0.1936674789946532
X	2035	0.1858435322245629
XI	2035	0.09171495584988962
XII	2035	0.2193702889228763
XIII	2035	0.1371438214425955
XIV	2035	0.2431135754838825
XV	2035	0.23002755452028836
XVI	2035	0.3132461242149808
I	2040	0.3671215977899209
II	2040	0.16167066740122776
III	2040	0.37884970079193847
IV	2040	0.24841817494629334
V	2040	0.127178988664572
VI	2040	0.28417869344576013
VII	2040	0.3083771793132528
VIII	2040	0.36172848502514027
IX	2040	0.1936674789946532
X	2040	0.1858435322245629
XI	2040	0.09171495584988962
XII	2040	0.2193702889228763
XIII	2040	0.1371438214425955
XIV	2040	0.2431135754838825
XV	2040	0.23002755452028836
XVI	2040	0.3132461242149808
I	2045	0.3671215977899209
II	2045	0.16167066740122776
III	2045	0.37884970079193847
IV	2045	0.24841817494629334
V	2045	0.127178988664572
VI	2045	0.28417869344576013
VII	2045	0.3083771793132528
VIII	2045	0.36172848502514027
IX	2045	0.1936674789946532
X	2045	0.1858435322245629
XI	2045	0.09171495584988962
XII	2045	0.2193702889228763
XIII	2045	0.13493597683331693
XIV	2045	0.2431135754838825
XV	2045	0.23002755452028836
XVI	2045	0.3132461242149808
I	2050	0.3671215977899209
II	2050	0.16167066740122776
III	2050	0.37884970079193847
IV	2050	0.24841817494629334
V	2050	0.127178988664572
VI	2050	0.28417869344576013
VII	2050	0.3083771793132528
VIII	2050	0.36172848502514027
IX	2050	0.1936674789946532
X	2050	0.1858435322245629
XI	2050	0.08864664315193396
XII	2050	0.2193702889228763
XIII	2050	0.13493597683331693
XIV	2050	0.2431135754838825
XV	2050	0.23002755452028836
XVI	2050	0.3132461242149808
I	2055	0.3671215977899209
II	2055	0.16167066740122776
III	2055	0.37884970079193847
IV	2055	0.24841817494629334
V	2055	0.127178988664572
VI	2055	0.28417869344576013
VII	2055	0.3064962326067428
VIII	2055	0.36172848502514027
IX	2055	0.18900492852726147
X	2055	0.18308792076711933
XI	2055	0.08864664315193396
XII	2055	0.2193702889228763
XIII	2055	0.132715151266022
XIV	2055	0.2431135754838825
XV	2055	0.23002755452028836
XVI	2055	0.3132461242149808
I	2060	0.3671215977899209
II	2060	0.16167066740122776
III	2060	0.37884970079193847
IV	2060	0.24841817494629334
V	2060	0.127178988664572
VI	2060	0.28417869344576013
VII	2060	0.30272425614607584
VIII	2060	0.36172848502514027
IX	2060	0.18900492852726147
X	2060	0.18308792076711933
XI	2060	0.08864664315193396
XII	2060	0.2193702889228763
XIII	2060	0.132715151266022
XIV	2060	0.24049096493453673
XV	2060	0.23002755452028836
XVI	2060	0.3132461242149808
I	2065	0.3671215977899209
II	2065	0.16167066740122776
III	2065	0.37884970079193847
IV	2065	0.24707151030756566
V	2065	0.127178988664572
VI	2065	0.28417869344576013
VII	2065	0.30272425614607584
VIII	2065	0.36172848502514027
IX	2065	0.18900492852726147
X	2065	0.18308792076711933
XI	2065	0.08864664315193396
XII	2065	0.2193702889228763
XIII	2065	0.132715151266022
XIV	2065	0.24049096493453673
XV	2065	0.23002755452028836
XVI	2065	0.3132461242149808
I	2070	0.3671215977899209
II	2070	0.16167066740122776
III	2070	0.37884970079193847
IV	2070	0.2457202762784012
V	2070	0.127178988664572
VI	2070	0.28417869344576013
VII	2070	0.30272425614607584
VIII	2070	0.36172848502514027
IX	2070	0.18900492852726147
X	2070	0.18308792076711933
XI	2070	0.08864664315193396
XII	2070	0.2193702889228763
XIII	2070	0.132715151266022
XIV	2070	0.24049096493453673
XV	2070	0.23002755452028836
XVI	2070	0.3132461242149808
I	2075	0.3671215977899209
II	2075	0.16167066740122776
III	2075	0.37884970079193847
IV	2075	0.2457202762784012
V	2075	0.127178988664572
VI	2075	0.28417869344576013
VII	2075	0.30272425614607584
VIII	2075	0.36172848502514027
IX	2075	0.18900492852726147
X	2075	0.18308792076711933
XI	2075	0.08864664315193396
XII	2075	0.2193702889228763
XIII	2075	0.132715151266022
XIV	2075	0.24049096493453673
XV	2075	0.23002755452028836
XVI	2075	0.3132461242149808
I	2080	0.3671215977899209
II	2080	0.16167066740122776
III	2080	0.37884970079193847
IV	2080	0.24436382008873755
V	2080	0.127178988664572
VI	2080	0.28417869344576013
VII	2080	0.30272425614607584
VIII	2080	0.36172848502514027
IX	2080	0.18900492852726147
X	2080	0.18308792076711933
XI	2080	0.08864664315193396
XII	2080	0.2193702889228763
XIII	2080	0.132715151266022
XIV	2080	0.24049096493453673
XV	2080	0.22812430414985554
XVI	2080	0.3132461242149808
I	2085	0.3580649645118974
II	2085	0.16167066740122776
III	2085	0.37884970079193847
IV	2085	0.24436382008873755
V	2085	0.127178988664572
VI	2085	0.28417869344576013
VII	2085	0.30272425614607584
VIII	2085	0.36172848502514027
IX	2085	0.18900492852726147
X	2085	0.18308792076711933
XI	2085	0.08864664315193396
XII	2085	0.2193702889228763
XIII	2085	0.13046187330368628
XIV	2085	0.24049096493453673
XV	2085	0.22812430414985554
XVI	2085	0.3132461242149808
I	2090	0.3580649645118974
II	2090	0.16167066740122776
III	2090	0.37884970079193847
IV	2090	0.24436382008873755
V	2090	0.127178988664572
VI	2090	0.28417869344576013
VII	2090	0.2988972812436981
VIII	2090	0.3580209831100716
IX	2090	0.18426053904630268
X	2090	0.18308792076711933
XI	2090	0.08864664315193396
XII	2090	0.2193702889228763
XIII	2090	0.13046187330368628
XIV	2090	0.23783138029382928
XV	2090	0.22812430414985554
XVI	2090	0.3132461242149808
I	2095	0.3580649645118974
II	2095	0.16167066740122776
III	2095	0.37884970079193847
IV	2095	0.24436382008873755
V	2095	0.1235440137483292
VI	2095	0.28417869344576013
VII	2095	0.2988972812436981
VIII	2095	0.3580209831100716
IX	2095	0.18426053904630268
X	2095	0.18028001303384106
XI	2095	0.08864664315193396
XII	2095	0.2193702889228763
XIII	2095	0.13046187330368628
XIV	2095	0.23783138029382928
XV	2095	0.22812430414985554
XVI	2095	0.3132461242149808
I	2100	0.3580649645118974
II	2100	0.15909191523689595
III	2100	0.37884970079193847
IV	2100	0.24436382008873755
V	2100	0.1235440137483292
VI	2100	0.28417869344576013
VII	2100	0.2988972812436981
VIII	2100	0.3580209831100716
IX	2100	0.18426053904630268
X	2100	0.18028001303384106
XI	2100	0.08549884825799021
XII	2100	0.2193702889228763
XIII	2100	0.1281923691438301
XIV	2100	0.23783138029382928
XV	2100	0.22812430414985554
XVI	2100	0.3132461242149808
I	2105	0.3580649645118974
II	2105	0.15650332520069257
III	2105	0.37884970079193847
IV	2105	0.24436382008873755
V	2105	0.1235440137483292
VI	2105	0.28417869344576013
VII	2105	0.2988972812436981
VIII	2105	0.3542814893280464
IX	2105	0.18426053904630268
X	2105	0.18028001303384106
XI	2105	0.08549884825799021
XII	2105	0.2193702889228763
XIII	2105	0.1281923691438301
XIV	2105	0.23783138029382928
XV	2105	0.22812430414985554
XVI	2105	0.3132461242149808
I	2110	0.3580649645118974
II	2110	0.15650332520069257
III	2110	0.37884970079193847
IV	2110	0.24436382008873755
V	2110	0.1235440137483292
VI	2110	0.28417869344576013
VII	2110	0.2988972812436981
VIII	2110	0.3542814893280464
IX	2110	0.18426053904630268
X	2110	0.18028001303384106
XI	2110	0.08549884825799021
XII	2110	0.2193702889228763
XIII	2110	0.1281923691438301
XIV	2110	0.23783138029382928
XV	2110	0.22812430414985554
XVI	2110	0.3132461242149808
I	2115	0.3580649645118974
II	2115	0.15650332520069257
III	2115	0.37884970079193847
IV	2115	0.24436382008873755
V	2115	0.1235440137483292
VI	2115	0.28417869344576013
VII	2115	0.2988972812436981
VIII	2115	0.3542814893280464
IX	2115	0.18426053904630268
X	2115	0.17744796855786985
XI	2115	0.08549884825799021
XII	2115	0.2193702889228763
XIII	2115	0.1281923691438301
XIV	2115	0.23783138029382928
XV	2115	0.22812430414985554
XVI	2115	0.3132461242149808
I	2120	0.3580649645118974
II	2120	0.15650332520069257
III	2120	0.37884970079193847
IV	2120	0.24436382008873755
V	2120	0.11986564132831079
VI	2120	0.28417869344576013
VII	2120	0.2969567528920014
VIII	2120	0.3542814893280464
IX	2120	0.18426053904630268
X	2120	0.17744796855786985
XI	2120	0.08549884825799021
XII	2120	0.2193702889228763
XIII	2120	0.1259012300539467
XIV	2120	0.23512972168708954
XV	2120	0.22812430414985554
XVI	2120	0.3132461242149808
I	2125	0.3580649645118974
II	2125	0.15650332520069257
III	2125	0.37884970079193847
IV	2125	0.24436382008873755
V	2125	0.11986564132831079
VI	2125	0.28417869344576013
VII	2125	0.2969567528920014
VIII	2125	0.3542814893280464
IX	2125	0.18426053904630268
X	2125	0.17744796855786985
XI	2125	0.08549884825799021
XII	2125	0.2173993694912802
XIII	2125	0.1259012300539467
XIV	2125	0.23512972168708954
XV	2125	0.22812430414985554
XVI	2125	0.3132461242149808
I	2130	0.3580649645118974
II	2130	0.1538864512828585
III	2130	0.37884970079193847
IV	2130	0.2429753781660164
V	2130	0.10879233426493308
VI	2130	0.28417869344576013
VII	2130	0.2969567528920014
VIII	2130	0.3542814893280464
IX	2130	0.18426053904630268
X	2130	0.17744796855786985
XI	2130	0.08549884825799021
XII	2130	0.2173993694912802
XIII	2130	0.1259012300539467
XIV	2130	0.23512972168708954
XV	2130	0.22812430414985554
XVI	2130	0.3132461242149808
I	2135	0.3580649645118974
II	2135	0.1538864512828585
III	2135	0.37884970079193847
IV	2135	0.2429753781660164
V	2135	0.10879233426493308
VI	2135	0.28417869344576013
VII	2135	0.2969567528920014
VIII	2135	0.3542814893280464
IX	2135	0.18426053904630268
X	2135	0.17744796855786985
XI	2135	0.08549884825799021
XII	2135	0.21542288511070073
XIII	2135	0.1259012300539467
XIV	2135	0.23512972168708954
XV	2135	0.22812430414985554
XVI	2135	0.3132461242149808
I	2140	0.3580649645118974
II	2140	0.1538864512828585
III	2140	0.37884970079193847
IV	2140	0.24158106131273366
V	2140	0.10879233426493308
VI	2140	0.28417869344576013
VII	2140	0.2969567528920014
VIII	2140	0.3542814893280464
IX	2140	0.18426053904630268
X	2140	0.17744796855786985
XI	2140	0.08549884825799021
XII	2140	0.21344083578113798
XIII	2140	0.12358629254103334
XIV	2140	0.23512972168708954
XV	2140	0.22812430414985554
XVI	2140	0.3132461242149808
I	2145	0.3580649645118974
II	2145	0.1538864512828585
III	2145	0.37884970079193847
IV	2145	0.24158106131273366
V	2145	0.10879233426493308
VI	2145	0.28417869344576013
VII	2145	0.2969567528920014
VIII	2145	0.3542814893280464
IX	2145	0.18426053904630268
X	2145	0.17744796855786985
XI	2145	0.08549884825799021
XII	2145	0.21344083578113798
XIII	2145	0.12126702804211456
XIV	2145	0.23512972168708954
XV	2145	0.2261587422603137
XVI	2145	0.3132461242149808
I	2150	0.3580649645118974
II	2150	0.1538864512828585
III	2150	0.37884970079193847
IV	2150	0.24158106131273366
V	2150	0.10879233426493308
VI	2150	0.28417869344576013
VII	2150	0.2969567528920014
VIII	2150	0.3542814893280464
IX	2150	0.18426053904630268
X	2150	0.17744796855786985
XI	2150	0.08227457049620884
XII	2150	0.21344083578113798
XIII	2150	0.12126702804211456
XIV	2150	0.23512972168708954
XV	2150	0.2261587422603137
XVI	2150	0.3132461242149808
I	2155	0.3580649645118974
II	2155	0.1538864512828585
III	2155	0.3721108651199494
IV	2155	0.24158106131273366
V	2155	0.10879233426493308
VI	2155	0.28417869344576013
VII	2155	0.29498230883458304
VIII	2155	0.3542814893280464
IX	2155	0.18426053904630268
X	2155	0.17744796855786985
XI	2155	0.08227457049620884
XII	2155	0.21144301909612243
XIII	2155	0.12126702804211456
XIV	2155	0.23512972168708954
XV	2155	0.2241849332579486
XVI	2155	0.31097729482968484
I	2160	0.3580649645118974
II	2160	0.1538864512828585
III	2160	0.3721108651199494
IV	2160	0.24158106131273366
V	2160	0.10879233426493308
VI	2160	0.28417869344576013
VII	2160	0.29498230883458304
VIII	2160	0.3542814893280464
IX	2160	0.18426053904630268
X	2160	0.17744796855786985
XI	2160	0.08227457049620884
XII	2160	0.21144301909612243
XIII	2160	0.12126702804211456
XIV	2160	0.23237833930231164
XV	2160	0.2241849332579486
XVI	2160	0.31097729482968484
I	2165	0.3580649645118974
II	2165	0.1538864512828585
III	2165	0.3721108651199494
IV	2165	0.24016781412764135
V	2165	0.10879233426493308
VI	2165	0.28417869344576013
VII	2165	0.29498230883458304
VIII	2165	0.35043535598949954
IX	2165	0.18426053904630268
X	2165	0.17744796855786985
XI	2165	0.08227457049620884
XII	2165	0.21144301909612243
XIII	2165	0.12126702804211456
XIV	2165	0.23237833930231164
XV	2165	0.22220104445102176
XVI	2165	0.31097729482968484
I	2170	0.3580649645118974
II	2170	0.1538864512828585
III	2170	0.3721108651199494
IV	2170	0.23875195586229947
V	2170	0.10879233426493308
VI	2170	0.28417869344576013
VII	2170	0.29498230883458304
VIII	2170	0.35043535598949954
IX	2170	0.18426053904630268
X	2170	0.17744796855786985
XI	2170	0.08227457049620884
XII	2170	0.21144301909612243
XIII	2170	0.12126702804211456
XIV	2170	0.23237833930231164
XV	2170	0.22220104445102176
XVI	2170	0.30869158898220167
I	2175	0.3580649645118974
II	2175	0.1538864512828585
III	2175	0.3721108651199494
IV	2175	0.23875195586229947
V	2175	0.10879233426493308
VI	2175	0.28417869344576013
VII	2175	0.29298953196326105
VIII	2175	0.35043535598949954
IX	2175	0.18426053904630268
X	2175	0.17744796855786985
XI	2175	0.08227457049620884
XII	2175	0.21144301909612243
XIII	2175	0.12126702804211456
XIV	2175	0.23237833930231164
XV	2175	0.22021074122301018
XVI	2175	0.30869158898220167
I	2180	0.3580649645118974
II	2180	0.1538864512828585
III	2180	0.3721108651199494
IV	2180	0.23875195586229947
V	2180	0.10879233426493308
VI	2180	0.28417869344576013
VII	2180	0.29298953196326105
VIII	2180	0.35043535598949954
IX	2180	0.18426053904630268
X	2180	0.17744796855786985
XI	2180	0.08227457049620884
XII	2180	0.21144301909612243
XIII	2180	0.12126702804211456
XIV	2180	0.23237833930231164
XV	2180	0.21821585626565232
XVI	2180	0.30639322578807804
I	2185	0.3580649645118974
II	2185	0.1538864512828585
III	2185	0.3721108651199494
IV	2185	0.2373282643562088
V	2185	0.10879233426493308
VI	2185	0.28417869344576013
VII	2185	0.29298953196326105
VIII	2185	0.35043535598949954
IX	2185	0.18426053904630268
X	2185	0.17744796855786985
XI	2185	0.08227457049620884
XII	2185	0.21144301909612243
XIII	2185	0.12126702804211456
XIV	2185	0.23237833930231164
XV	2185	0.21821585626565232
XVI	2185	0.30639322578807804
I	2190	0.3580649645118974
II	2190	0.1538864512828585
III	2190	0.3721108651199494
IV	2190	0.2373282643562088
V	2190	0.10879233426493308
VI	2190	0.28417869344576013
VII	2190	0.29098392212220653
VIII	2190	0.35043535598949954
IX	2190	0.18426053904630268
X	2190	0.17744796855786985
XI	2190	0.07899180583549285
XII	2190	0.21144301909612243
XIII	2190	0.12126702804211456
XIV	2190	0.23237833930231164
XV	2190	0.21821585626565232
XVI	2190	0.30639322578807804
I	2195	0.3485478980792119
II	2195	0.1538864512828585
III	2195	0.3721108651199494
IV	2195	0.2373282643562088
V	2195	0.10879233426493308
VI	2195	0.28417869344576013
VII	2195	0.29098392212220653
VIII	2195	0.35043535598949954
IX	2195	0.18426053904630268
X	2195	0.17744796855786985
XI	2195	0.07899180583549285
XII	2195	0.21144301909612243
XIII	2195	0.12126702804211456
XIV	2195	0.2295836079828338
XV	2195	0.21821585626565232
XVI	2195	0.30639322578807804
I	2200	0.3485478980792119
II	2200	0.1538864512828585
III	2200	0.3721108651199494
IV	2200	0.2373282643562088
V	2200	0.10879233426493308
VI	2200	0.28417869344576013
VII	2200	0.29098392212220653
VIII	2200	0.35043535598949954
IX	2200	0.18426053904630268
X	2200	0.17744796855786985
XI	2200	0.07899180583549285
XII	2200	0.21144301909612243
XIII	2200	0.12126702804211456
XIV	2200	0.2295836079828338
XV	2200	0.21821585626565232
XVI	2200	0.30639322578807804
I	2205	0.3485478980792119
II	2205	0.1538864512828585
III	2205	0.3721108651199494
IV	2205	0.2373282643562088
V	2205	0.10879233426493308
VI	2205	0.28417869344576013
VII	2205	0.29098392212220653
VIII	2205	0.34651635228732963
IX	2205	0.18426053904630268
X	2205	0.17744796855786985
XI	2205	0.07899180583549285
XII	2205	0.21144301909612243
XIII	2205	0.12126702804211456
XIV	2205	0.2295836079828338
XV	2205	0.21821585626565232
XVI	2205	0.30639322578807804
I	2210	0.3485478980792119
II	2210	0.1538864512828585
III	2210	0.3721108651199494
IV	2210	0.2373282643562088
V	2210	0.10879233426493308
VI	2210	0.28417869344576013
VII	2210	0.29098392212220653
VIII	2210	0.34651635228732963
IX	2210	0.18426053904630268
X	2210	0.17152373915690358
XI	2210	0.07899180583549285
XII	2210	0.21144301909612243
XIII	2210	0.11887636827410591
XIV	2210	0.2295836079828338
XV	2210	0.21821585626565232
XVI	2210	0.3040621644484667
I	2215	0.3485478980792119
II	2215	0.1538864512828585
III	2215	0.3721108651199494
IV	2215	0.23588433697818378
V	2215	0.10879233426493308
VI	2215	0.28417869344576013
VII	2215	0.29098392212220653
VIII	2215	0.34258668462950753
IX	2215	0.18426053904630268
X	2215	0.17152373915690358
XI	2215	0.07899180583549285
XII	2215	0.20938862542977638
XIII	2215	0.11408964000558182
XIV	2215	0.2295836079828338
XV	2215	0.21821585626565232
XVI	2215	0.3040621644484667
I	2220	0.3389222389213702
II	2220	0.1538864512828585
III	2220	0.3721108651199494
IV	2220	0.23588433697818378
V	2220	0.10879233426493308
VI	2220	0.28417869344576013
VII	2220	0.29098392212220653
VIII	2220	0.34258668462950753
IX	2220	0.18426053904630268
X	2220	0.17152373915690358
XI	2220	0.07899180583549285
XII	2220	0.20527612813109536
XIII	2220	0.11408964000558182
XIV	2220	0.2295836079828338
XV	2220	0.21821585626565232
XVI	2220	0.3040621644484667
I	2225	0.3389222389213702
II	2225	0.1538864512828585
III	2225	0.3721108651199494
IV	2225	0.23588433697818378
V	2225	0.10879233426493308
VI	2225	0.28417869344576013
VII	2225	0.29098392212220653
VIII	2225	0.34258668462950753
IX	2225	0.18426053904630268
X	2225	0.17152373915690358
XI	2225	0.07899180583549285
XII	2225	0.20527612813109536
XIII	2225	0.11408964000558182
XIV	2225	0.2295836079828338
XV	2225	0.21821585626565232
XVI	2225	0.3040621644484667
I	2230	0.3389222389213702
II	2230	0.1538864512828585
III	2230	0.3721108651199494
IV	2230	0.23588433697818378
V	2230	0.10879233426493308
VI	2230	0.28417869344576013
VII	2230	0.29098392212220653
VIII	2230	0.34258668462950753
IX	2230	0.18426053904630268
X	2230	0.17152373915690358
XI	2230	0.07899180583549285
XII	2230	0.20527612813109536
XIII	2230	0.11408964000558182
XIV	2230	0.2295836079828338
XV	2230	0.21821585626565232
XVI	2230	0.3040621644484667
I	2235	0.3389222389213702
II	2235	0.15114045529671022
III	2235	0.3721108651199494
IV	2235	0.23588433697818378
V	2235	0.10879233426493308
VI	2235	0.28417869344576013
VII	2235	0.29098392212220653
VIII	2235	0.34258668462950753
IX	2235	0.18426053904630268
X	2235	0.17152373915690358
XI	2235	0.07899180583549285
XII	2235	0.20527612813109536
XIII	2235	0.11408964000558182
XIV	2235	0.2295836079828338
XV	2235	0.21821585626565232
XVI	2235	0.30170578841557444
I	2240	0.3389222389213702
II	2240	0.15114045529671022
III	2240	0.3721108651199494
IV	2240	0.23588433697818378
V	2240	0.10879233426493308
VI	2240	0.28417869344576013
VII	2240	0.29098392212220653
VIII	2240	0.34258668462950753
IX	2240	0.18426053904630268
X	2240	0.17152373915690358
XI	2240	0.07899180583549285
XII	2240	0.20527612813109536
XIII	2240	0.11167085482853777
XIV	2240	0.2295836079828338
XV	2240	0.21821585626565232
XVI	2240	0.29934519326713543
I	2245	0.3389222389213702
II	2245	0.15114045529671022
III	2245	0.3650933322477712
IV	2245	0.23588433697818378
V	2245	0.10879233426493308
VI	2245	0.28417869344576013
VII	2245	0.29098392212220653
VIII	2245	0.34258668462950753
IX	2245	0.18426053904630268
X	2245	0.17152373915690358
XI	2245	0.07899180583549285
XII	2245	0.20527612813109536
XIII	2245	0.10924557917248556
XIV	2245	0.22672257829263845
XV	2245	0.21616140882679322
XVI	2245	0.29934519326713543
I	2250	0.3389222389213702
II	2250	0.15114045529671022
III	2250	0.3650933322477712
IV	2250	0.23588433697818378
V	2250	0.1048917666255837
VI	2250	0.28417869344576013
VII	2250	0.29098392212220653
VIII	2250	0.34258668462950753
IX	2250	0.18426053904630268
X	2250	0.16850664632028653
XI	2250	0.07899180583549285
XII	2250	0.20527612813109536
XIII	2250	0.10924557917248556
XIV	2250	0.22672257829263845
XV	2250	0.21616140882679322
XVI	2250	0.29934519326713543
I	2255	0.3389222389213702
II	2255	0.15114045529671022
III	2255	0.3650933322477712
IV	2255	0.2344149515677252
V	2255	0.1048917666255837
VI	2255	0.28417869344576013
VII	2255	0.29098392212220653
VIII	2255	0.34258668462950753
IX	2255	0.18426053904630268
X	2255	0.16850664632028653
XI	2255	0.07899180583549285
XII	2255	0.20527612813109536
XIII	2255	0.10924557917248556
XIV	2255	0.22672257829263845
XV	2255	0.21616140882679322
XVI	2255	0.29934519326713543
I	2260	0.3389222389213702
II	2260	0.15114045529671022
III	2260	0.3650933322477712
IV	2260	0.2344149515677252
V	2260	0.1048917666255837
VI	2260	0.28417869344576013
VII	2260	0.29098392212220653
VIII	2260	0.34258668462950753
IX	2260	0.18426053904630268
X	2260	0.16850664632028653
XI	2260	0.07899180583549285
XII	2260	0.20318277982186597
XIII	2260	0.10924557917248556
XIV	2260	0.22672257829263845
XV	2260	0.21616140882679322
XVI	2260	0.29934519326713543
I	2265	0.3389222389213702
II	2265	0.15114045529671022
III	2265	0.3650933322477712
IV	2265	0.2329383856865803
V	2265	0.1048917666255837
VI	2265	0.28417869344576013
VII	2265	0.29098392212220653
VIII	2265	0.34258668462950753
IX	2265	0.18426053904630268
X	2265	0.16850664632028653
XI	2265	0.07899180583549285
XII	2265	0.20318277982186597
XIII	2265	0.10924557917248556
XIV	2265	0.22672257829263845
XV	2265	0.21616140882679322
XVI	2265	0.29696033820430223
I	2270	0.3389222389213702
II	2270	0.15114045529671022
III	2270	0.3650933322477712
IV	2270	0.23145725041499857
V	2270	0.1048917666255837
VI	2270	0.28417869344576013
VII	2270	0.288906814306928
VIII	2270	0.34258668462950753
IX	2270	0.18426053904630268
X	2270	0.16850664632028653
XI	2270	0.07899180583549285
XII	2270	0.20318277982186597
XIII	2270	0.10924557917248556
XIV	2270	0.22672257829263845
XV	2270	0.21616140882679322
XVI	2270	0.29696033820430223
I	2275	0.3389222389213702
II	2275	0.15114045529671022
III	2275	0.35797246221147794
IV	2275	0.22997480960329206
V	2275	0.1048917666255837
VI	2275	0.28417869344576013
VII	2275	0.288906814306928
VIII	2275	0.34258668462950753
IX	2275	0.18426053904630268
X	2275	0.16850664632028653
XI	2275	0.07899180583549285
XII	2275	0.20318277982186597
XIII	2275	0.10924557917248556
XIV	2275	0.22672257829263845
XV	2275	0.21616140882679322
XVI	2275	0.29696033820430223
I	2280	0.3389222389213702
II	2280	0.15114045529671022
III	2280	0.35797246221147794
IV	2280	0.22997480960329206
V	2280	0.1048917666255837
VI	2280	0.28417869344576013
VII	2280	0.288906814306928
VIII	2280	0.33854149078545365
IX	2280	0.18426053904630268
X	2280	0.16850664632028653
XI	2280	0.07899180583549285
XII	2280	0.20318277982186597
XIII	2280	0.10924557917248556
XIV	2280	0.22672257829263845
XV	2280	0.21616140882679322
XVI	2280	0.29696033820430223
I	2285	0.3389222389213702
II	2285	0.15114045529671022
III	2285	0.35797246221147794
IV	2285	0.22848453555083675
V	2285	0.1048917666255837
VI	2285	0.28417869344576013
VII	2285	0.288906814306928
VIII	2285	0.33854149078545365
IX	2285	0.18426053904630268
X	2285	0.16850664632028653
XI	2285	0.07899180583549285
XII	2285	0.20318277982186597
XIII	2285	0.10924557917248556
XIV	2285	0.22672257829263845
XV	2285	0.21616140882679322
XVI	2285	0.29696033820430223
I	2290	0.3389222389213702
II	2290	0.15114045529671022
III	2290	0.35797246221147794
IV	2290	0.22848453555083675
V	2290	0.1048917666255837
VI	2290	0.28417869344576013
VII	2290	0.288906814306928
VIII	2290	0.33854149078545365
IX	2290	0.18426053904630268
X	2290	0.16850664632028653
XI	2290	0.07899180583549285
XII	2290	0.20318277982186597
XIII	2290	0.10924557917248556
XIV	2290	0.22672257829263845
XV	2290	0.21616140882679322
XVI	2290	0.29696033820430223
I	2295	0.3389222389213702
II	2295	0.15114045529671022
III	2295	0.35797246221147794
IV	2295	0.22848453555083675
V	2295	0.10091308347943827
VI	2295	0.28417869344576013
VII	2295	0.288906814306928
VIII	2295	0.33854149078545365
IX	2295	0.18426053904630268
X	2295	0.16850664632028653
XI	2295	0.07899180583549285
XII	2295	0.2010541868357422
XIII	2295	0.10924557917248556
XIV	2295	0.22672257829263845
XV	2295	0.21616140882679322
XVI	2295	0.29696033820430223
I	2300	0.3389222389213702
II	2300	0.15114045529671022
III	2300	0.35797246221147794
IV	2300	0.22848453555083675
V	2300	0.10091308347943827
VI	2300	0.2756689529576808
VII	2300	0.288906814306928
VIII	2300	0.33854149078545365
IX	2300	0.18426053904630268
X	2300	0.16850664632028653
XI	2300	0.07899180583549285
XII	2300	0.2010541868357422
XIII	2300	0.10924557917248556
XIV	2300	0.22672257829263845
XV	2300	0.21616140882679322
XVI	2300	0.29696033820430223
I	2305	0.3389222389213702
II	2305	0.15114045529671022
III	2305	0.35797246221147794
IV	2305	0.22848453555083675
V	2305	0.10091308347943827
VI	2305	0.2756689529576808
VII	2305	0.28679762406731807
VIII	2305	0.33854149078545365
IX	2305	0.18426053904630268
X	2305	0.16850664632028653
XI	2305	0.07899180583549285
XII	2305	0.2010541868357422
XIII	2305	0.10924557917248556
XIV	2305	0.22672257829263845
XV	2305	0.21616140882679322
XVI	2305	0.29696033820430223
I	2310	0.3389222389213702
II	2310	0.15114045529671022
III	2310	0.35797246221147794
IV	2310	0.22848453555083675
V	2310	0.10091308347943827
VI	2310	0.2756689529576808
VII	2310	0.28679762406731807
VIII	2310	0.33854149078545365
IX	2310	0.18426053904630268
X	2310	0.16850664632028653
XI	2310	0.07899180583549285
XII	2310	0.2010541868357422
XIII	2310	0.10674998999384486
XIV	2310	0.22672257829263845
XV	2310	0.21616140882679322
XVI	2310	0.29696033820430223
I	2315	0.3389222389213702
II	2315	0.15114045529671022
III	2315	0.35797246221147794
IV	2315	0.22848453555083675
V	2315	0.10091308347943827
VI	2315	0.26710369002187584
VII	2315	0.28679762406731807
VIII	2315	0.33854149078545365
IX	2315	0.18426053904630268
X	2315	0.165402393023945
XI	2315	0.07899180583549285
XII	2315	0.2010541868357422
XIII	2315	0.10674998999384486
XIV	2315	0.22377230079570795
XV	2315	0.21616140882679322
XVI	2315	0.29696033820430223
I	2320	0.3389222389213702
II	2320	0.15114045529671022
III	2320	0.35797246221147794
IV	2320	0.22848453555083675
V	2320	0.10091308347943827
VI	2320	0.26710369002187584
VII	2320	0.28679762406731807
VIII	2320	0.33854149078545365
IX	2320	0.18426053904630268
X	2320	0.165402393023945
XI	2320	0.07899180583549285
XII	2320	0.2010541868357422
XIII	2320	0.10674998999384486
XIV	2320	0.22377230079570795
XV	2320	0.21616140882679322
XVI	2320	0.29451325118715366
I	2325	0.3389222389213702
II	2325	0.14828501298599087
III	2325	0.35797246221147794
IV	2325	0.22848453555083675
V	2325	0.10091308347943827
VI	2325	0.26710369002187584
VII	2325	0.28679762406731807
VIII	2325	0.33854149078545365
IX	2325	0.18426053904630268
X	2325	0.165402393023945
XI	2325	0.07899180583549285
XII	2325	0.2010541868357422
XIII	2325	0.10674998999384486
XIV	2325	0.22377230079570795
XV	2325	0.21616140882679322
XVI	2325	0.29451325118715366
I	2330	0.3389222389213702
II	2330	0.14828501298599087
III	2330	0.35797246221147794
IV	2330	0.22848453555083675
V	2330	0.10091308347943827
VI	2330	0.26710369002187584
VII	2330	0.28679762406731807
VIII	2330	0.33854149078545365
IX	2330	0.18426053904630268
X	2330	0.165402393023945
XI	2330	0.07899180583549285
XII	2330	0.2010541868357422
XIII	2330	0.10674998999384486
XIV	2330	0.22377230079570795
XV	2330	0.21616140882679322
XVI	2330	0.29451325118715366
I	2335	0.3389222389213702
II	2335	0.14828501298599087
III	2335	0.35797246221147794
IV	2335	0.22848453555083675
V	2335	0.10091308347943827
VI	2335	0.26710369002187584
VII	2335	0.28679762406731807
VIII	2335	0.33854149078545365
IX	2335	0.18426053904630268
X	2335	0.165402393023945
XI	2335	0.07899180583549285
XII	2335	0.2010541868357422
XIII	2335	0.10674998999384486
XIV	2335	0.22377230079570795
XV	2335	0.21402540660557084
XVI	2335	0.29451325118715366
I	2340	0.3389222389213702
II	2340	0.14540866519754447
III	2340	0.35797246221147794
IV	2340	0.22848453555083675
V	2340	0.10091308347943827
VI	2340	0.26710369002187584
VII	2340	0.28679762406731807
VIII	2340	0.33854149078545365
IX	2340	0.18426053904630268
X	2340	0.165402393023945
XI	2340	0.07899180583549285
XII	2340	0.2010541868357422
XIII	2340	0.10674998999384486
XIV	2340	0.22377230079570795
XV	2340	0.21402540660557084
XVI	2340	0.29451325118715366
I	2345	0.3389222389213702
II	2345	0.14540866519754447
III	2345	0.35797246221147794
IV	2345	0.22542369672825116
V	2345	0.10091308347943827
VI	2345	0.26710369002187584
VII	2345	0.284651768199901
VIII	2345	0.33854149078545365
IX	2345	0.18426053904630268
X	2345	0.165402393023945
XI	2345	0.07899180583549285
XII	2345	0.2010541868357422
XIII	2345	0.10674998999384486
XIV	2345	0.22377230079570795
XV	2345	0.21402540660557084
XVI	2345	0.2920397946978375
I	2350	0.3389222389213702
II	2350	0.14540866519754447
III	2350	0.35797246221147794
IV	2350	0.22542369672825116
V	2350	0.10091308347943827
VI	2350	0.2584125762045595
VII	2350	0.284651768199901
VIII	2350	0.33854149078545365
IX	2350	0.18426053904630268
X	2350	0.165402393023945
XI	2350	0.07899180583549285
XII	2350	0.2010541868357422
XIII	2350	0.10674998999384486
XIV	2350	0.22377230079570795
XV	2350	0.21402540660557084
XVI	2350	0.2920397946978375
I	2355	0.3389222389213702
II	2355	0.14540866519754447
III	2355	0.35797246221147794
IV	2355	0.22542369672825116
V	2355	0.10091308347943827
VI	2355	0.2584125762045595
VII	2355	0.28249399600344655
VIII	2355	0.33854149078545365
IX	2355	0.18426053904630268
X	2355	0.165402393023945
XI	2355	0.07899180583549285
XII	2355	0.19887179934277951
XIII	2355	0.10674998999384486
XIV	2355	0.22077484945807457
XV	2355	0.21402540660557084
XVI	2355	0.28707706003590466
I	2360	0.3389222389213702
II	2360	0.14540866519754447
III	2360	0.35797246221147794
IV	2360	0.22542369672825116
V	2360	0.09682156682347631
VI	2360	0.2584125762045595
VII	2360	0.28249399600344655
VIII	2360	0.33854149078545365
IX	2360	0.18426053904630268
X	2360	0.165402393023945
XI	2360	0.07899180583549285
XII	2360	0.19887179934277951
XIII	2360	0.10674998999384486
XIV	2360	0.22077484945807457
XV	2360	0.21402540660557084
XVI	2360	0.28707706003590466
I	2365	0.3389222389213702
II	2365	0.14540866519754447
III	2365	0.35797246221147794
IV	2365	0.22542369672825116
V	2365	0.09682156682347631
VI	2365	0.2584125762045595
VII	2365	0.28249399600344655
VIII	2365	0.33854149078545365
IX	2365	0.18426053904630268
X	2365	0.165402393023945
XI	2365	0.07899180583549285
XII	2365	0.19887179934277951
XIII	2365	0.10674998999384486
XIV	2365	0.22077484945807457
XV	2365	0.21402540660557084
XVI	2365	0.28707706003590466
I	2370	0.3389222389213702
II	2370	0.14540866519754447
III	2370	0.35797246221147794
IV	2370	0.22542369672825116
V	2370	0.09682156682347631
VI	2370	0.2584125762045595
VII	2370	0.28249399600344655
VIII	2370	0.33854149078545365
IX	2370	0.18426053904630268
X	2370	0.16222438856937504
XI	2370	0.07899180583549285
XII	2370	0.19887179934277951
XIII	2370	0.10674998999384486
XIV	2370	0.2177544486844236
XV	2370	0.2118554995871862
XVI	2370	0.28707706003590466
I	2375	0.3389222389213702
II	2375	0.14540866519754447
III	2375	0.35797246221147794
IV	2375	0.22542369672825116
V	2375	0.09682156682347631
VI	2375	0.2584125762045595
VII	2375	0.28249399600344655
VIII	2375	0.33854149078545365
IX	2375	0.17886825737460443
X	2375	0.16222438856937504
XI	2375	0.07899180583549285
XII	2375	0.19887179934277951
XIII	2375	0.10674998999384486
XIV	2375	0.2177544486844236
XV	2375	0.20968192718532455
XVI	2375	0.28707706003590466
I	2380	0.3389222389213702
II	2380	0.14540866519754447
III	2380	0.35797246221147794
IV	2380	0.22542369672825116
V	2380	0.09682156682347631
VI	2380	0.2584125762045595
VII	2380	0.28031239114891743
VIII	2380	0.33854149078545365
IX	2380	0.17886825737460443
X	2380	0.16222438856937504
XI	2380	0.07899180583549285
XII	2380	0.19887179934277951
XIII	2380	0.10674998999384486
XIV	2380	0.2177544486844236
XV	2380	0.20968192718532455
XVI	2380	0.28707706003590466
I	2385	0.3389222389213702
II	2385	0.14540866519754447
III	2385	0.35797246221147794
IV	2385	0.22542369672825116
V	2385	0.09682156682347631
VI	2385	0.2584125762045595
VII	2385	0.28031239114891743
VIII	2385	0.33430967771748693
IX	2385	0.17886825737460443
X	2385	0.16222438856937504
XI	2385	0.07899180583549285
XII	2385	0.19887179934277951
XIII	2385	0.10674998999384486
XIV	2385	0.2177544486844236
XV	2385	0.20968192718532455
XVI	2385	0.28707706003590466
I	2390	0.3389222389213702
II	2390	0.14540866519754447
III	2390	0.35797246221147794
IV	2390	0.22542369672825116
V	2390	0.09682156682347631
VI	2390	0.2584125762045595
VII	2390	0.28031239114891743
VIII	2390	0.33430967771748693
IX	2390	0.17886825737460443
X	2390	0.16222438856937504
XI	2390	0.07899180583549285
XII	2390	0.19887179934277951
XIII	2390	0.10674998999384486
XIV	2390	0.2177544486844236
XV	2390	0.20749277690368564
XVI	2390	0.28455824805446034
I	2395	0.3389222389213702
II	2395	0.14540866519754447
III	2395	0.35797246221147794
IV	2395	0.22542369672825116
V	2395	0.09682156682347631
VI	2395	0.2584125762045595
VII	2395	0.28031239114891743
VIII	2395	0.33430967771748693
IX	2395	0.17886825737460443
X	2395	0.1590142017912145
XI	2395	0.07899180583549285
XII	2395	0.19887179934277951
XIII	2395	0.10415920712308437
XIV	2395	0.2177544486844236
XV	2395	0.20749277690368564
XVI	2395	0.28455824805446034
I	2400	0.32851471214240413
II	2400	0.14540866519754447
III	2400	0.35797246221147794
IV	2400	0.22542369672825116
V	2400	0.09682156682347631
VI	2400	0.2584125762045595
VII	2400	0.28031239114891743
VIII	2400	0.33430967771748693
IX	2400	0.17886825737460443
X	2400	0.1590142017912145
XI	2400	0.07899180583549285
XII	2400	0.19887179934277951
XIII	2400	0.10415920712308437
XIV	2400	0.21163459907972762
XV	2400	0.20749277690368564
XVI	2400	0.28455824805446034
I	2405	0.32851471214240413
II	2405	0.14540866519754447
III	2405	0.35797246221147794
IV	2405	0.22385574303837047
V	2405	0.09682156682347631
VI	2405	0.2584125762045595
VII	2405	0.28031239114891743
VIII	2405	0.33430967771748693
IX	2405	0.17886825737460443
X	2405	0.1590142017912145
XI	2405	0.07899180583549285
XII	2405	0.19887179934277951
XIII	2405	0.10156085202681434
XIV	2405	0.21163459907972762
XV	2405	0.20749277690368564
XVI	2405	0.28455824805446034
I	2410	0.32851471214240413
II	2410	0.14540866519754447
III	2410	0.35797246221147794
IV	2410	0.22385574303837047
V	2410	0.09682156682347631
VI	2410	0.2584125762045595
VII	2410	0.28031239114891743
VIII	2410	0.33430967771748693
IX	2410	0.17886825737460443
X	2410	0.15578256013066025
XI	2410	0.07899180583549285
XII	2410	0.19887179934277951
XIII	2410	0.10156085202681434
XIV	2410	0.21163459907972762
XV	2410	0.20528713239640023
XVI	2410	0.28201623093750855
I	2415	0.32851471214240413
II	2415	0.14540866519754447
III	2415	0.35797246221147794
IV	2415	0.22385574303837047
V	2415	0.09682156682347631
VI	2415	0.2584125762045595
VII	2415	0.2758895997946725
VIII	2415	0.3300174355674913
IX	2415	0.17886825737460443
X	2415	0.15578256013066025
XI	2415	0.07899180583549285
XII	2415	0.19887179934277951
XIII	2415	0.09894951597252796
XIV	2415	0.20856064962203555
XV	2415	0.20528713239640023
XVI	2415	0.28201623093750855
I	2420	0.32851471214240413
II	2420	0.14540866519754447
III	2420	0.35797246221147794
IV	2420	0.22385574303837047
V	2420	0.09682156682347631
VI	2420	0.2584125762045595
VII	2420	0.2758895997946725
VIII	2420	0.3300174355674913
IX	2420	0.17886825737460443
X	2420	0.15578256013066025
XI	2420	0.07899180583549285
XII	2420	0.19887179934277951
XIII	2420	0.09894951597252796
XIV	2420	0.20856064962203555
XV	2420	0.20307324077629157
XVI	2420	0.2794668303683499
I	2425	0.32851471214240413
II	2425	0.14540866519754447
III	2425	0.35797246221147794
IV	2425	0.22385574303837047
V	2425	0.09682156682347631
VI	2425	0.2584125762045595
VII	2425	0.2758895997946725
VIII	2425	0.3300174355674913
IX	2425	0.17886825737460443
X	2425	0.15578256013066025
XI	2425	0.07899180583549285
XII	2425	0.19887179934277951
XIII	2425	0.0963295259462307
XIV	2425	0.20856064962203555
XV	2425	0.20307324077629157
XVI	2425	0.2794668303683499
I	2430	0.32851471214240413
II	2430	0.14540866519754447
III	2430	0.35797246221147794
IV	2430	0.22385574303837047
V	2430	0.09682156682347631
VI	2430	0.2584125762045595
VII	2430	0.2758895997946725
VIII	2430	0.3300174355674913
IX	2430	0.17886825737460443
X	2430	0.15578256013066025
XI	2430	0.07899180583549285
XII	2430	0.19887179934277951
XIII	2430	0.0963295259462307
XIV	2430	0.20856064962203555
XV	2430	0.20307324077629157
XVI	2430	0.2794668303683499
I	2435	0.32851471214240413
II	2435	0.14540866519754447
III	2435	0.35797246221147794
IV	2435	0.22385574303837047
V	2435	0.09682156682347631
VI	2435	0.2493994321904346
VII	2435	0.2758895997946725
VIII	2435	0.3300174355674913
IX	2435	0.17886825737460443
X	2435	0.15578256013066025
XI	2435	0.07899180583549285
XII	2435	0.19887179934277951
XIII	2435	0.0963295259462307
XIV	2435	0.20856064962203555
XV	2435	0.20307324077629157
XVI	2435	0.2794668303683499
I	2440	0.32851471214240413
II	2440	0.14540866519754447
III	2440	0.35797246221147794
IV	2440	0.22226494239630584
V	2440	0.09682156682347631
VI	2440	0.2493994321904346
VII	2440	0.2758895997946725
VIII	2440	0.3300174355674913
IX	2440	0.17886825737460443
X	2440	0.15578256013066025
XI	2440	0.07899180583549285
XII	2440	0.19887179934277951
XIII	2440	0.0963295259462307
XIV	2440	0.20856064962203555
XV	2440	0.20307324077629157
XVI	2440	0.2768973890003439
I	2445	0.32851471214240413
II	2445	0.14540866519754447
III	2445	0.35031924920853125
IV	2445	0.21907354956124062
V	2445	0.09682156682347631
VI	2445	0.2493994321904346
VII	2445	0.2758895997946725
VIII	2445	0.3300174355674913
IX	2445	0.17886825737460443
X	2445	0.15578256013066025
XI	2445	0.07899180583549285
XII	2445	0.19887179934277951
XIII	2445	0.0963295259462307
XIV	2445	0.20544590116697883
XV	2445	0.20307324077629157
XVI	2445	0.2768973890003439
I	2450	0.32851471214240413
II	2450	0.14540866519754447
III	2450	0.35031924920853125
IV	2450	0.21907354956124062
V	2450	0.09682156682347631
VI	2450	0.2403344672250991
VII	2450	0.2758895997946725
VIII	2450	0.3300174355674913
IX	2450	0.17886825737460443
X	2450	0.15578256013066025
XI	2450	0.07899180583549285
XII	2450	0.19887179934277951
XIII	2450	0.0963295259462307
XIV	2450	0.20544590116697883
XV	2450	0.2008318587801054
XVI	2450	0.2768973890003439
I	2455	0.32851471214240413
II	2455	0.14540866519754447
III	2455	0.35031924920853125
IV	2455	0.21907354956124062
V	2455	0.09682156682347631
VI	2455	0.2403344672250991
VII	2455	0.2758895997946725
VIII	2455	0.3300174355674913
IX	2455	0.17886825737460443
X	2455	0.15578256013066025
XI	2455	0.07899180583549285
XII	2455	0.19887179934277951
XIII	2455	0.0963295259462307
XIV	2455	0.20544590116697883
XV	2455	0.2008318587801054
XVI	2455	0.2743110711701506
I	2460	0.32851471214240413
II	2460	0.14540866519754447
III	2460	0.35031924920853125
IV	2460	0.21907354956124062
V	2460	0.09682156682347631
VI	2460	0.2403344672250991
VII	2460	0.2736374136066145
VIII	2460	0.3300174355674913
IX	2460	0.17886825737460443
X	2460	0.15578256013066025
XI	2460	0.07899180583549285
XII	2460	0.19887179934277951
XIII	2460	0.0963295259462307
XIV	2460	0.20544590116697883
XV	2460	0.2008318587801054
XVI	2460	0.2743110711701506
I	2465	0.32851471214240413
II	2465	0.14540866519754447
III	2465	0.35031924920853125
IV	2465	0.21907354956124062
V	2465	0.0925460447515059
VI	2465	0.2403344672250991
VII	2465	0.2713788109336902
VIII	2465	0.3300174355674913
IX	2465	0.17886825737460443
X	2465	0.15578256013066025
XI	2465	0.07899180583549285
XII	2465	0.19887179934277951
XIII	2465	0.0963295259462307
XIV	2465	0.20544590116697883
XV	2465	0.2008318587801054
XVI	2465	0.2743110711701506
I	2470	0.32851471214240413
II	2470	0.14540866519754447
III	2470	0.35031924920853125
IV	2470	0.21907354956124062
V	2470	0.0925460447515059
VI	2470	0.2403344672250991
VII	2470	0.2713788109336902
VIII	2470	0.3300174355674913
IX	2470	0.17886825737460443
X	2470	0.15578256013066025
XI	2470	0.07899180583549285
XII	2470	0.19887179934277951
XIII	2470	0.0963295259462307
XIV	2470	0.20544590116697883
XV	2470	0.2008318587801054
XVI	2470	0.2743110711701506
I	2475	0.32851471214240413
II	2475	0.14540866519754447
III	2475	0.35031924920853125
IV	2475	0.21907354956124062
V	2475	0.0925460447515059
VI	2475	0.2403344672250991
VII	2475	0.2713788109336902
VIII	2475	0.3300174355674913
IX	2475	0.17886825737460443
X	2475	0.15578256013066025
XI	2475	0.07899180583549285
XII	2475	0.19887179934277951
XIII	2475	0.0963295259462307
XIV	2475	0.19913608123080376
XV	2475	0.2008318587801054
XVI	2475	0.2743110711701506
I	2480	0.32851471214240413
II	2480	0.14540866519754447
III	2480	0.35031924920853125
IV	2480	0.21907354956124062
V	2480	0.08824795597757217
VI	2480	0.2403344672250991
VII	2480	0.2713788109336902
VIII	2480	0.3300174355674913
IX	2480	0.17323273196813735
X	2480	0.15578256013066025
XI	2480	0.07899180583549285
XII	2480	0.19657162042966972
XIII	2480	0.0963295259462307
XIV	2480	0.19281478657661988
XV	2480	0.2008318587801054
XVI	2480	0.2743110711701506
I	2485	0.32851471214240413
II	2485	0.14235523571541003
III	2485	0.35031924920853125
IV	2485	0.21907354956124062
V	2485	0.08393945180273231
VI	2485	0.2403344672250991
VII	2485	0.2713788109336902
VIII	2485	0.3300174355674913
IX	2485	0.17323273196813735
X	2485	0.15578256013066025
XI	2485	0.07899180583549285
XII	2485	0.19657162042966972
XIII	2485	0.09364138589034768
XIV	2485	0.19281478657661988
XV	2485	0.2008318587801054
XVI	2485	0.2743110711701506
I	2490	0.32851471214240413
II	2490	0.14235523571541003
III	2490	0.35031924920853125
IV	2490	0.21907354956124062
V	2490	0.08393945180273231
VI	2490	0.2403344672250991
VII	2490	0.2713788109336902
VIII	2490	0.3300174355674913
IX	2490	0.17323273196813735
X	2490	0.15578256013066025
XI	2490	0.07899180583549285
XII	2490	0.19657162042966972
XIII	2490	0.09364138589034768
XIV	2490	0.19281478657661988
XV	2490	0.2008318587801054
XVI	2490	0.2743110711701506
I	2495	0.32851471214240413
II	2495	0.14235523571541003
III	2495	0.35031924920853125
IV	2495	0.21907354956124062
V	2495	0.08393945180273231
VI	2495	0.2403344672250991
VII	2495	0.2713788109336902
VIII	2495	0.3255901166459016
IX	2495	0.17323273196813735
X	2495	0.15578256013066025
XI	2495	0.07899180583549285
XII	2495	0.19657162042966972
XIII	2495	0.09364138589034768
XIV	2495	0.19281478657661988
XV	2495	0.2008318587801054
XVI	2495	0.2743110711701506
I	2500	0.32851471214240413
II	2500	0.13928090075554855
III	2500	0.35031924920853125
IV	2500	0.21907354956124062
V	2500	0.08393945180273231
VI	2500	0.2403344672250991
VII	2500	0.2713788109336902
VIII	2500	0.3255901166459016
IX	2500	0.17323273196813735
X	2500	0.15578256013066025
XI	2500	0.07899180583549285
XII	2500	0.19657162042966972
XIII	2500	0.09364138589034768
XIV	2500	0.19281478657661988
XV	2500	0.2008318587801054
XVI	2500	0.2743110711701506
I	2505	0.32851471214240413
II	2505	0.13928090075554855
III	2505	0.35031924920853125
IV	2505	0.21907354956124062
V	2505	0.08393945180273231
VI	2505	0.2403344672250991
VII	2505	0.2713788109336902
VIII	2505	0.3255901166459016
IX	2505	0.17323273196813735
X	2505	0.15578256013066025
XI	2505	0.07899180583549285
XII	2505	0.19657162042966972
XIII	2505	0.09093593789044288
XIV	2505	0.19281478657661988
XV	2505	0.2008318587801054
XVI	2505	0.2743110711701506
I	2510	0.32851471214240413
II	2510	0.13928090075554855
III	2510	0.35031924920853125
IV	2510	0.21907354956124062
V	2510	0.08393945180273231
VI	2510	0.2403344672250991
VII	2510	0.2713788109336902
VIII	2510	0.3166750497206932
IX	2510	0.17323273196813735
X	2510	0.15578256013066025
XI	2510	0.07899180583549285
XII	2510	0.19657162042966972
XIII	2510	0.09093593789044288
XIV	2510	0.19281478657661988
XV	2510	0.2008318587801054
XVI	2510	0.2743110711701506
I	2515	0.32851471214240413
II	2515	0.13928090075554855
III	2515	0.35031924920853125
IV	2515	0.21907354956124062
V	2515	0.08393945180273231
VI	2515	0.2403344672250991
VII	2515	0.2713788109336902
VIII	2515	0.3166750497206932
IX	2515	0.17323273196813735
X	2515	0.15578256013066025
XI	2515	0.07899180583549285
XII	2515	0.19657162042966972
XIII	2515	0.09093593789044288
XIV	2515	0.19281478657661988
XV	2515	0.2008318587801054
XVI	2515	0.2743110711701506
I	2520	0.32851471214240413
II	2520	0.13928090075554855
III	2520	0.35031924920853125
IV	2520	0.21907354956124062
V	2520	0.08393945180273231
VI	2520	0.2403344672250991
VII	2520	0.2713788109336902
VIII	2520	0.3166750497206932
IX	2520	0.17323273196813735
X	2520	0.15578256013066025
XI	2520	0.07899180583549285
XII	2520	0.19657162042966972
XIII	2520	0.08821210020001492
XIV	2520	0.19281478657661988
XV	2520	0.2008318587801054
XVI	2520	0.2743110711701506
I	2525	0.32851471214240413
II	2525	0.13928090075554855
III	2525	0.35031924920853125
IV	2525	0.21907354956124062
V	2525	0.08393945180273231
VI	2525	0.2403344672250991
VII	2525	0.2713788109336902
VIII	2525	0.3166750497206932
IX	2525	0.17323273196813735
X	2525	0.15578256013066025
XI	2525	0.07899180583549285
XII	2525	0.19657162042966972
XIII	2525	0.08821210020001492
XIV	2525	0.19281478657661988
XV	2525	0.2008318587801054
XVI	2525	0.2743110711701506
I	2530	0.32851471214240413
II	2530	0.13928090075554855
III	2530	0.3424061275806891
IV	2530	0.21907354956124062
V	2530	0.08393945180273231
VI	2530	0.2403344672250991
VII	2530	0.2713788109336902
VIII	2530	0.3166750497206932
IX	2530	0.17323273196813735
X	2530	0.15578256013066025
XI	2530	0.07899180583549285
XII	2530	0.19657162042966972
XIII	2530	0.08821210020001492
XIV	2530	0.19281478657661988
XV	2530	0.2008318587801054
XVI	2530	0.2743110711701506
I	2535	0.32851471214240413
II	2535	0.13928090075554855
III	2535	0.3424061275806891
IV	2535	0.21907354956124062
V	2535	0.08393945180273231
VI	2535	0.2403344672250991
VII	2535	0.26673235924982125
VIII	2535	0.3166750497206932
IX	2535	0.17323273196813735
X	2535	0.15578256013066025
XI	2535	0.07899180583549285
XII	2535	0.19657162042966972
XIII	2535	0.08821210020001492
XIV	2535	0.19281478657661988
XV	2535	0.2008318587801054
XVI	2535	0.2743110711701506
I	2540	0.32851471214240413
II	2540	0.13928090075554855
III	2540	0.3424061275806891
IV	2540	0.21907354956124062
V	2540	0.08393945180273231
VI	2540	0.2403344672250991
VII	2540	0.26673235924982125
VIII	2540	0.3166750497206932
IX	2540	0.17323273196813735
X	2540	0.15578256013066025
XI	2540	0.07518865774066609
XII	2540	0.19657162042966972
XIII	2540	0.08821210020001492
XIV	2540	0.19281478657661988
XV	2540	0.2008318587801054
XVI	2540	0.2743110711701506
I	2545	0.32851471214240413
II	2545	0.13928090075554855
III	2545	0.3424061275806891
IV	2545	0.21907354956124062
V	2545	0.08393945180273231
VI	2545	0.2403344672250991
VII	2545	0.26673235924982125
VIII	2545	0.3166750497206932
IX	2545	0.17323273196813735
X	2545	0.15578256013066025
XI	2545	0.07518865774066609
XII	2545	0.19421486453522938
XIII	2545	0.08821210020001492
XIV	2545	0.19281478657661988
XV	2545	0.2008318587801054
XVI	2545	0.2743110711701506
I	2550	0.32851471214240413
II	2550	0.13928090075554855
III	2550	0.3424061275806891
IV	2550	0.21907354956124062
V	2550	0.08393945180273231
VI	2550	0.2403344672250991
VII	2550	0.26673235924982125
VIII	2550	0.3166750497206932
IX	2550	0.17323273196813735
X	2550	0.15578256013066025
XI	2550	0.07518865774066609
XII	2550	0.19421486453522938
XIII	2550	0.08821210020001492
XIV	2550	0.18956616641146043
XV	2550	0.2008318587801054
XVI	2550	0.2743110711701506
I	2555	0.32851471214240413
II	2555	0.13928090075554855
III	2555	0.3344147202224567
IV	2555	0.21907354956124062
V	2555	0.08393945180273231
VI	2555	0.2403344672250991
VII	2555	0.2643921755550259
VIII	2555	0.3166750497206932
IX	2555	0.17323273196813735
X	2555	0.15578256013066025
XI	2555	0.07135851569248489
XII	2555	0.19421486453522938
XIII	2555	0.08821210020001492
XIV	2555	0.18956616641146043
XV	2555	0.2008318587801054
XVI	2555	0.2743110711701506
I	2560	0.31739481708641376
II	2560	0.13928090075554855
III	2560	0.3344147202224567
IV	2560	0.21907354956124062
V	2560	0.08393945180273231
VI	2560	0.2403344672250991
VII	2560	0.2643921755550259
VIII	2560	0.3166750497206932
IX	2560	0.17323273196813735
X	2560	0.15578256013066025
XI	2560	0.07135851569248489
XII	2560	0.19421486453522938
XIII	2560	0.08821210020001492
XIV	2560	0.18956616641146043
XV	2560	0.1984896787383017
XVI	2560	0.2743110711701506
I	2565	0.31739481708641376
II	2565	0.13928090075554855
III	2565	0.3344147202224567
IV	2565	0.21907354956124062
V	2565	0.08393945180273231
VI	2565	0.2403344672250991
VII	2565	0.2643921755550259
VIII	2565	0.3166750497206932
IX	2565	0.17323273196813735
X	2565	0.1523430742969168
XI	2565	0.07135851569248489
XII	2565	0.19421486453522938
XIII	2565	0.08821210020001492
XIV	2565	0.18956616641146043
XV	2565	0.1984896787383017
XVI	2565	0.2743110711701506
I	2570	0.31739481708641376
II	2570	0.13928090075554855
III	2570	0.3344147202224567
IV	2570	0.21907354956124062
V	2570	0.08393945180273231
VI	2570	0.2403344672250991
VII	2570	0.2643921755550259
VIII	2570	0.3166750497206932
IX	2570	0.17323273196813735
X	2570	0.14890224753302375
XI	2570	0.07135851569248489
XII	2570	0.19421486453522938
XIII	2570	0.08543201169151618
XIV	2570	0.18956616641146043
XV	2570	0.1984896787383017
XVI	2570	0.2743110711701506
I	2575	0.31739481708641376
II	2575	0.13928090075554855
III	2575	0.3344147202224567
IV	2575	0.2173946249607522
V	2575	0.08393945180273231
VI	2575	0.2403344672250991
VII	2575	0.2643921755550259
VIII	2575	0.3166750497206932
IX	2575	0.17323273196813735
X	2575	0.14890224753302375
XI	2575	0.07135851569248489
XII	2575	0.19421486453522938
XIII	2575	0.08543201169151618
XIV	2575	0.18956616641146043
XV	2575	0.1984896787383017
XVI	2575	0.2743110711701506
I	2580	0.31739481708641376
II	2580	0.13928090075554855
III	2580	0.3344147202224567
IV	2580	0.2173946249607522
V	2580	0.08393945180273231
VI	2580	0.2403344672250991
VII	2580	0.2643921755550259
VIII	2580	0.3166750497206932
IX	2580	0.17323273196813735
X	2580	0.14890224753302375
XI	2580	0.07135851569248489
XII	2580	0.19421486453522938
XIII	2580	0.08543201169151618
XIV	2580	0.18956616641146043
XV	2580	0.196129171779113
XVI	2580	0.2743110711701506
I	2585	0.31739481708641376
II	2585	0.13928090075554855
III	2585	0.32632936998775613
IV	2585	0.2173946249607522
V	2585	0.08393945180273231
VI	2585	0.2403344672250991
VII	2585	0.2643921755550259
VIII	2585	0.3166750497206932
IX	2585	0.17323273196813735
X	2585	0.14890224753302375
XI	2585	0.07135851569248489
XII	2585	0.19421486453522938
XIII	2585	0.08543201169151618
XIV	2585	0.18956616641146043
XV	2585	0.196129171779113
XVI	2585	0.2743110711701506
I	2590	0.31739481708641376
II	2590	0.13609588973713208
III	2590	0.32632936998775613
IV	2590	0.2173946249607522
V	2590	0.08393945180273231
VI	2590	0.2403344672250991
VII	2590	0.2643921755550259
VIII	2590	0.3166750497206932
IX	2590	0.17323273196813735
X	2590	0.14890224753302375
XI	2590	0.07135851569248489
XII	2590	0.19421486453522938
XIII	2590	0.08543201169151618
XIV	2590	0.18956616641146043
XV	2590	0.196129171779113
XVI	2590	0.2743110711701506
I	2595	0.31739481708641376
II	2595	0.13609588973713208
III	2595	0.32632936998775613
IV	2595	0.2173946249607522
V	2595	0.08393945180273231
VI	2595	0.2403344672250991
VII	2595	0.2643921755550259
VIII	2595	0.3166750497206932
IX	2595	0.17323273196813735
X	2595	0.14890224753302375
XI	2595	0.07135851569248489
XII	2595	0.19421486453522938
XIII	2595	0.08543201169151618
XIV	2595	0.18956616641146043
XV	2595	0.196129171779113
XVI	2595	0.27157708429581906
I	2600	0.31739481708641376
II	2600	0.13609588973713208
III	2600	0.32632936998775613
IV	2600	0.2173946249607522
V	2600	0.08393945180273231
VI	2600	0.23072538227205258
VII	2600	0.2643921755550259
VIII	2600	0.3166750497206932
IX	2600	0.17323273196813735
X	2600	0.14890224753302375
XI	2600	0.07135851569248489
XII	2600	0.19421486453522938
XIII	2600	0.08543201169151618
XIV	2600	0.18956616641146043
XV	2600	0.196129171779113
XVI	2600	0.27157708429581906
I	2605	0.31739481708641376
II	2605	0.13609588973713208
III	2605	0.32632936998775613
IV	2605	0.2173946249607522
V	2605	0.08393945180273231
VI	2605	0.23072538227205258
VII	2605	0.2643921755550259
VIII	2605	0.3166750497206932
IX	2605	0.17323273196813735
X	2605	0.14890224753302375
XI	2605	0.07135851569248489
XII	2605	0.19421486453522938
XIII	2605	0.08543201169151618
XIV	2605	0.18956616641146043
XV	2605	0.196129171779113
XVI	2605	0.27157708429581906
I	2610	0.31739481708641376
II	2610	0.13609588973713208
III	2610	0.32632936998775613
IV	2610	0.2173946249607522
V	2610	0.08393945180273231
VI	2610	0.23072538227205258
VII	2610	0.2643921755550259
VIII	2610	0.3166750497206932
IX	2610	0.17323273196813735
X	2610	0.14890224753302375
XI	2610	0.07135851569248489
XII	2610	0.19421486453522938
XIII	2610	0.08543201169151618
XIV	2610	0.18956616641146043
XV	2610	0.196129171779113
XVI	2610	0.27157708429581906
I	2615	0.31739481708641376
II	2615	0.13288505430505274
III	2615	0.32632936998775613
IV	2615	0.2173946249607522
V	2615	0.08393945180273231
VI	2615	0.23072538227205258
VII	2615	0.2643921755550259
VIII	2615	0.3166750497206932
IX	2615	0.17323273196813735
X	2615	0.14890224753302375
XI	2615	0.07135851569248489
XII	2615	0.19421486453522938
XIII	2615	0.08543201169151618
XIV	2615	0.18956616641146043
XV	2615	0.196129171779113
XVI	2615	0.27157708429581906
I	2620	0.31739481708641376
II	2620	0.13288505430505274
III	2620	0.32632936998775613
IV	2620	0.2173946249607522
V	2620	0.08393945180273231
VI	2620	0.23072538227205258
VII	2620	0.2643921755550259
VIII	2620	0.3166750497206932
IX	2620	0.17323273196813735
X	2620	0.14890224753302375
XI	2620	0.07135851569248489
XII	2620	0.19421486453522938
XIII	2620	0.08543201169151618
XIV	2620	0.18956616641146043
XV	2620	0.196129171779113
XVI	2620	0.27157708429581906
I	2625	0.31739481708641376
II	2625	0.13288505430505274
III	2625	0.32632936998775613
IV	2625	0.2173946249607522
V	2625	0.08393945180273231
VI	2625	0.23072538227205258
VII	2625	0.2643921755550259
VIII	2625	0.3166750497206932
IX	2625	0.1672698505074019
X	2625	0.14890224753302375
XI	2625	0.07135851569248489
XII	2625	0.19421486453522938
XIII	2625	0.08543201169151618
XIV	2625	0.18956616641146043
XV	2625	0.196129171779113
XVI	2625	0.27157708429581906
I	2630	0.31739481708641376
II	2630	0.13288505430505274
III	2630	0.32632936998775613
IV	2630	0.2156784924667071
V	2630	0.08393945180273231
VI	2630	0.23072538227205258
VII	2630	0.2643921755550259
VIII	2630	0.3166750497206932
IX	2630	0.1672698505074019
X	2630	0.14890224753302375
XI	2630	0.07135851569248489
XII	2630	0.19421486453522938
XIII	2630	0.08543201169151618
XIV	2630	0.18956616641146043
XV	2630	0.196129171779113
XVI	2630	0.27157708429581906
I	2635	0.31739481708641376
II	2635	0.13288505430505274
III	2635	0.32632936998775613
IV	2635	0.2156784924667071
V	2635	0.08393945180273231
VI	2635	0.23072538227205258
VII	2635	0.2643921755550259
VIII	2635	0.3166750497206932
IX	2635	0.1672698505074019
X	2635	0.14890224753302375
XI	2635	0.07135851569248489
XII	2635	0.19421486453522938
XIII	2635	0.08543201169151618
XIV	2635	0.18956616641146043
XV	2635	0.196129171779113
XVI	2635	0.26880090626601943
I	2640	0.31739481708641376
II	2640	0.13288505430505274
III	2640	0.32632936998775613
IV	2640	0.2156784924667071
V	2640	0.08393945180273231
VI	2640	0.23072538227205258
VII	2640	0.2643921755550259
VIII	2640	0.3119900185375096
IX	2640	0.1672698505074019
X	2640	0.14890224753302375
XI	2640	0.07135851569248489
XII	2640	0.19421486453522938
XIII	2640	0.08543201169151618
XIV	2640	0.18956616641146043
XV	2640	0.196129171779113
XVI	2640	0.26880090626601943
I	2645	0.31739481708641376
II	2645	0.13288505430505274
III	2645	0.32632936998775613
IV	2645	0.2156784924667071
V	2645	0.08393945180273231
VI	2645	0.23072538227205258
VII	2645	0.2643921755550259
VIII	2645	0.3119900185375096
IX	2645	0.1672698505074019
X	2645	0.14890224753302375
XI	2645	0.07135851569248489
XII	2645	0.19421486453522938
XIII	2645	0.08257079219541534
XIV	2645	0.18956616641146043
XV	2645	0.19370818599255377
XVI	2645	0.26880090626601943
I	2650	0.31739481708641376
II	2650	0.12962871871556744
III	2650	0.32632936998775613
IV	2650	0.2156784924667071
V	2650	0.08393945180273231
VI	2650	0.23072538227205258
VII	2650	0.2643921755550259
VIII	2650	0.3119900185375096
IX	2650	0.1672698505074019
X	2650	0.14890224753302375
XI	2650	0.07135851569248489
XII	2650	0.19421486453522938
XIII	2650	0.08257079219541534
XIV	2650	0.18956616641146043
XV	2650	0.19370818599255377
XVI	2650	0.26880090626601943
I	2655	0.31739481708641376
II	2655	0.12962871871556744
III	2655	0.32632936998775613
IV	2655	0.2156784924667071
V	2655	0.08393945180273231
VI	2655	0.23072538227205258
VII	2655	0.2643921755550259
VIII	2655	0.3119900185375096
IX	2655	0.1672698505074019
X	2655	0.14890224753302375
XI	2655	0.07135851569248489
XII	2655	0.19421486453522938
XIII	2655	0.08257079219541534
XIV	2655	0.18956616641146043
XV	2655	0.19370818599255377
XVI	2655	0.26880090626601943
I	2660	0.31739481708641376
II	2660	0.12962871871556744
III	2660	0.32632936998775613
IV	2660	0.2156784924667071
V	2660	0.08393945180273231
VI	2660	0.23072538227205258
VII	2660	0.2643921755550259
VIII	2660	0.3119900185375096
IX	2660	0.1672698505074019
X	2660	0.14890224753302375
XI	2660	0.07135851569248489
XII	2660	0.19421486453522938
XIII	2660	0.08257079219541534
XIV	2660	0.18956616641146043
XV	2660	0.19370818599255377
XVI	2660	0.26880090626601943
I	2665	0.31739481708641376
II	2665	0.12962871871556744
III	2665	0.32632936998775613
IV	2665	0.2156784924667071
V	2665	0.08393945180273231
VI	2665	0.23072538227205258
VII	2665	0.2643921755550259
VIII	2665	0.3119900185375096
IX	2665	0.1672698505074019
X	2665	0.14890224753302375
XI	2665	0.07135851569248489
XII	2665	0.19421486453522938
XIII	2665	0.08257079219541534
XIV	2665	0.18956616641146043
XV	2665	0.19370818599255377
XVI	2665	0.26880090626601943
I	2670	0.31739481708641376
II	2670	0.12962871871556744
III	2670	0.32632936998775613
IV	2670	0.2156784924667071
V	2670	0.08393945180273231
VI	2670	0.23072538227205258
VII	2670	0.2643921755550259
VIII	2670	0.3119900185375096
IX	2670	0.1672698505074019
X	2670	0.14890224753302375
XI	2670	0.07135851569248489
XII	2670	0.19421486453522938
XIII	2670	0.08257079219541534
XIV	2670	0.18956616641146043
XV	2670	0.19370818599255377
XVI	2670	0.26880090626601943
I	2675	0.31739481708641376
II	2675	0.12962871871556744
III	2675	0.32632936998775613
IV	2675	0.2156784924667071
V	2675	0.08393945180273231
VI	2675	0.23072538227205258
VII	2675	0.2643921755550259
VIII	2675	0.3119900185375096
IX	2675	0.1672698505074019
X	2675	0.14890224753302375
XI	2675	0.07135851569248489
XII	2675	0.19421486453522938
XIII	2675	0.08257079219541534
XIV	2675	0.18956616641146043
XV	2675	0.19370818599255377
XVI	2675	0.26880090626601943
I	2680	0.31739481708641376
II	2680	0.12962871871556744
III	2680	0.32632936998775613
IV	2680	0.2156784924667071
V	2680	0.08393945180273231
VI	2680	0.23072538227205258
VII	2680	0.2643921755550259
VIII	2680	0.3119900185375096
IX	2680	0.1672698505074019
X	2680	0.14890224753302375
XI	2680	0.07135851569248489
XII	2680	0.19421486453522938
XIII	2680	0.08257079219541534
XIV	2680	0.18956616641146043
XV	2680	0.19125604444644004
XVI	2680	0.26880090626601943
I	2685	0.31739481708641376
II	2685	0.12962871871556744
III	2685	0.32632936998775613
IV	2685	0.2156784924667071
V	2685	0.08393945180273231
VI	2685	0.23072538227205258
VII	2685	0.2643921755550259
VIII	2685	0.3119900185375096
IX	2685	0.1611728439966537
X	2685	0.14890224753302375
XI	2685	0.07135851569248489
XII	2685	0.19421486453522938
XIII	2685	0.08257079219541534
XIV	2685	0.18956616641146043
XV	2685	0.19125604444644004
XVI	2685	0.26880090626601943
I	2690	0.31739481708641376
II	2690	0.12962871871556744
III	2690	0.3179058253977698
IV	2690	0.2156784924667071
V	2690	0.07927508809693266
VI	2690	0.23072538227205258
VII	2690	0.2643921755550259
VIII	2690	0.3119900185375096
IX	2690	0.1611728439966537
X	2690	0.14890224753302375
XI	2690	0.07135851569248489
XII	2690	0.19421486453522938
XIII	2690	0.08257079219541534
XIV	2690	0.18956616641146043
XV	2690	0.1887929067498953
XVI	2690	0.26880090626601943
I	2695	0.31739481708641376
II	2695	0.12962871871556744
III	2695	0.3179058253977698
IV	2695	0.2156784924667071
V	2695	0.07927508809693266
VI	2695	0.23072538227205258
VII	2695	0.2643921755550259
VIII	2695	0.3119900185375096
IX	2695	0.1611728439966537
X	2695	0.14890224753302375
XI	2695	0.07135851569248489
XII	2695	0.19421486453522938
XIII	2695	0.08257079219541534
XIV	2695	0.18956616641146043
XV	2695	0.1887929067498953
XVI	2695	0.26596249628190444
I	2700	0.31739481708641376
II	2700	0.12962871871556744
III	2700	0.3179058253977698
IV	2700	0.2156784924667071
V	2700	0.07927508809693266
VI	2700	0.23072538227205258
VII	2700	0.2643921755550259
VIII	2700	0.3119900185375096
IX	2700	0.1611728439966537
X	2700	0.14890224753302375
XI	2700	0.07135851569248489
XII	2700	0.19421486453522938
XIII	2700	0.08257079219541534
XIV	2700	0.18956616641146043
XV	2700	0.1887929067498953
XVI	2700	0.2631167028455825
I	2705	0.31739481708641376
II	2705	0.12962871871556744
III	2705	0.3179058253977698
IV	2705	0.2156784924667071
V	2705	0.07927508809693266
VI	2705	0.23072538227205258
VII	2705	0.2643921755550259
VIII	2705	0.3119900185375096
IX	2705	0.1611728439966537
X	2705	0.14890224753302375
XI	2705	0.07135851569248489
XII	2705	0.19421486453522938
XIII	2705	0.08257079219541534
XIV	2705	0.18956616641146043
XV	2705	0.1887929067498953
XVI	2705	0.2631167028455825
I	2710	0.31739481708641376
II	2710	0.12962871871556744
III	2710	0.3179058253977698
IV	2710	0.2156784924667071
V	2710	0.07927508809693266
VI	2710	0.23072538227205258
VII	2710	0.2643921755550259
VIII	2710	0.3119900185375096
IX	2710	0.1611728439966537
X	2710	0.14890224753302375
XI	2710	0.07135851569248489
XII	2710	0.19421486453522938
XIII	2710	0.08257079219541534
XIV	2710	0.18956616641146043
XV	2710	0.1887929067498953
XVI	2710	0.2631167028455825
I	2715	0.31739481708641376
II	2715	0.12962871871556744
III	2715	0.3179058253977698
IV	2715	0.21390883282754533
V	2715	0.07927508809693266
VI	2715	0.23072538227205258
VII	2715	0.2643921755550259
VIII	2715	0.3119900185375096
IX	2715	0.1611728439966537
X	2715	0.14890224753302375
XI	2715	0.07135851569248489
XII	2715	0.19421486453522938
XIII	2715	0.08257079219541534
XIV	2715	0.18956616641146043
XV	2715	0.1887929067498953
XVI	2715	0.2631167028455825
I	2720	0.31739481708641376
II	2720	0.12962871871556744
III	2720	0.3179058253977698
IV	2720	0.21390883282754533
V	2720	0.07927508809693266
VI	2720	0.23072538227205258
VII	2720	0.2643921755550259
VIII	2720	0.3119900185375096
IX	2720	0.1611728439966537
X	2720	0.14890224753302375
XI	2720	0.07135851569248489
XII	2720	0.19421486453522938
XIII	2720	0.08257079219541534
XIV	2720	0.18956616641146043
XV	2720	0.1887929067498953
XVI	2720	0.2631167028455825
I	2725	0.31739481708641376
II	2725	0.12962871871556744
III	2725	0.3179058253977698
IV	2725	0.21390883282754533
V	2725	0.07927508809693266
VI	2725	0.23072538227205258
VII	2725	0.2643921755550259
VIII	2725	0.3119900185375096
IX	2725	0.1611728439966537
X	2725	0.14890224753302375
XI	2725	0.07135851569248489
XII	2725	0.19421486453522938
XIII	2725	0.08257079219541534
XIV	2725	0.18956616641146043
XV	2725	0.1887929067498953
XVI	2725	0.2631167028455825
I	2730	0.31739481708641376
II	2730	0.12962871871556744
III	2730	0.3179058253977698
IV	2730	0.21390883282754533
V	2730	0.07927508809693266
VI	2730	0.23072538227205258
VII	2730	0.2643921755550259
VIII	2730	0.3119900185375096
IX	2730	0.1611728439966537
X	2730	0.14890224753302375
XI	2730	0.06726443276706018
XII	2730	0.19421486453522938
XIII	2730	0.08257079219541534
XIV	2730	0.18956616641146043
XV	2730	0.1887929067498953
XVI	2730	0.26024137560043287
I	2735	0.31739481708641376
II	2735	0.12962871871556744
III	2735	0.3179058253977698
IV	2735	0.21390883282754533
V	2735	0.07927508809693266
VI	2735	0.23072538227205258
VII	2735	0.2643921755550259
VIII	2735	0.3119900185375096
IX	2735	0.1611728439966537
X	2735	0.14890224753302375
XI	2735	0.06726443276706018
XII	2735	0.19421486453522938
XIII	2735	0.08257079219541534
XIV	2735	0.18956616641146043
XV	2735	0.1887929067498953
XVI	2735	0.26024137560043287
I	2740	0.31739481708641376
II	2740	0.12962871871556744
III	2740	0.3179058253977698
IV	2740	0.21390883282754533
V	2740	0.07927508809693266
VI	2740	0.23072538227205258
VII	2740	0.2643921755550259
VIII	2740	0.3119900185375096
IX	2740	0.1611728439966537
X	2740	0.14890224753302375
XI	2740	0.06726443276706018
XII	2740	0.19421486453522938
XIII	2740	0.08257079219541534
XIV	2740	0.18956616641146043
XV	2740	0.1887929067498953
XVI	2740	0.26024137560043287
I	2745	0.31739481708641376
II	2745	0.12962871871556744
III	2745	0.3179058253977698
IV	2745	0.2121189373164492
V	2745	0.07927508809693266
VI	2745	0.23072538227205258
VII	2745	0.2643921755550259
VIII	2745	0.3119900185375096
IX	2745	0.1611728439966537
X	2745	0.14890224753302375
XI	2745	0.06726443276706018
XII	2745	0.19421486453522938
XIII	2745	0.08257079219541534
XIV	2745	0.18956616641146043
XV	2745	0.1887929067498953
XVI	2745	0.26024137560043287
I	2750	0.31739481708641376
II	2750	0.12962871871556744
III	2750	0.3179058253977698
IV	2750	0.2121189373164492
V	2750	0.07927508809693266
VI	2750	0.23072538227205258
VII	2750	0.2643921755550259
VIII	2750	0.3119900185375096
IX	2750	0.1611728439966537
X	2750	0.14890224753302375
XI	2750	0.06726443276706018
XII	2750	0.19421486453522938
XIII	2750	0.079600316302677
XIV	2750	0.18956616641146043
XV	2750	0.18627295560945706
XVI	2750	0.26024137560043287
I	2755	0.31739481708641376
II	2755	0.12962871871556744
III	2755	0.3179058253977698
IV	2755	0.2121189373164492
V	2755	0.07927508809693266
VI	2755	0.23072538227205258
VII	2755	0.2643921755550259
VIII	2755	0.3119900185375096
IX	2755	0.1611728439966537
X	2755	0.14890224753302375
XI	2755	0.06726443276706018
XII	2755	0.19421486453522938
XIII	2755	0.079600316302677
XIV	2755	0.18956616641146043
XV	2755	0.18627295560945706
XVI	2755	0.26024137560043287
I	2760	0.31739481708641376
II	2760	0.12623711238784827
III	2760	0.3179058253977698
IV	2760	0.2121189373164492
V	2760	0.07927508809693266
VI	2760	0.23072538227205258
VII	2760	0.2643921755550259
VIII	2760	0.3119900185375096
IX	2760	0.1611728439966537
X	2760	0.14890224753302375
XI	2760	0.06726443276706018
XII	2760	0.19421486453522938
XIII	2760	0.079600316302677
XIV	2760	0.18956616641146043
XV	2760	0.18627295560945706
XVI	2760	0.26024137560043287
I	2765	0.31739481708641376
II	2765	0.12623711238784827
III	2765	0.3179058253977698
IV	2765	0.21031402809391794
V	2765	0.07927508809693266
VI	2765	0.23072538227205258
VII	2765	0.2643921755550259
VIII	2765	0.30707926695968846
IX	2765	0.1611728439966537
X	2765	0.14890224753302375
XI	2765	0.06726443276706018
XII	2765	0.19421486453522938
XIII	2765	0.079600316302677
XIV	2765	0.18956616641146043
XV	2765	0.18627295560945706
XVI	2765	0.26024137560043287
I	2770	0.31739481708641376
II	2770	0.12623711238784827
III	2770	0.3179058253977698
IV	2770	0.21031402809391794
V	2770	0.07927508809693266
VI	2770	0.23072538227205258
VII	2770	0.2643921755550259
VIII	2770	0.3021578514262152
IX	2770	0.1611728439966537
X	2770	0.14890224753302375
XI	2770	0.06726443276706018
XII	2770	0.19421486453522938
XIII	2770	0.079600316302677
XIV	2770	0.18956616641146043
XV	2770	0.18627295560945706
XVI	2770	0.26024137560043287
I	2775	0.31739481708641376
II	2775	0.12623711238784827
III	2775	0.30921610932445676
IV	2775	0.21031402809391794
V	2775	0.07927508809693266
VI	2775	0.23072538227205258
VII	2775	0.261850330907291
VIII	2775	0.3021578514262152
IX	2775	0.1611728439966537
X	2775	0.14890224753302375
XI	2775	0.06726443276706018
XII	2775	0.19421486453522938
XIII	2775	0.079600316302677
XIV	2775	0.18956616641146043
XV	2775	0.18627295560945706
XVI	2775	0.26024137560043287
I	2780	0.31739481708641376
II	2780	0.12623711238784827
III	2780	0.30921610932445676
IV	2780	0.21031402809391794
V	2780	0.07927508809693266
VI	2780	0.23072538227205258
VII	2780	0.261850330907291
VIII	2780	0.3021578514262152
IX	2780	0.1611728439966537
X	2780	0.1451758026472643
XI	2780	0.06726443276706018
XII	2780	0.19421486453522938
XIII	2780	0.079600316302677
XIV	2780	0.18956616641146043
XV	2780	0.18627295560945706
XVI	2780	0.26024137560043287
I	2785	0.31739481708641376
II	2785	0.12623711238784827
III	2785	0.30921610932445676
IV	2785	0.21031402809391794
V	2785	0.07927508809693266
VI	2785	0.23072538227205258
VII	2785	0.261850330907291
VIII	2785	0.3021578514262152
IX	2785	0.1611728439966537
X	2785	0.1451758026472643
XI	2785	0.06726443276706018
XII	2785	0.19421486453522938
XIII	2785	0.079600316302677
XIV	2785	0.18956616641146043
XV	2785	0.18627295560945706
XVI	2785	0.26024137560043287
I	2790	0.31739481708641376
II	2790	0.12623711238784827
III	2790	0.30921610932445676
IV	2790	0.21031402809391794
V	2790	0.07927508809693266
VI	2790	0.22040931148463325
VII	2790	0.261850330907291
VIII	2790	0.29719911204795935
IX	2790	0.1611728439966537
X	2790	0.1451758026472643
XI	2790	0.06726443276706018
XII	2790	0.19421486453522938
XIII	2790	0.079600316302677
XIV	2790	0.18956616641146043
XV	2790	0.18627295560945706
XVI	2790	0.26024137560043287
I	2795	0.31739481708641376
II	2795	0.12623711238784827
III	2795	0.3004731589544784
IV	2795	0.21031402809391794
V	2795	0.07927508809693266
VI	2795	0.22040931148463325
VII	2795	0.261850330907291
VIII	2795	0.29719911204795935
IX	2795	0.1611728439966537
X	2795	0.1451758026472643
XI	2795	0.06726443276706018
XII	2795	0.19421486453522938
XIII	2795	0.079600316302677
XIV	2795	0.18956616641146043
XV	2795	0.18371176890490254
XVI	2795	0.26024137560043287
I	2800	0.31739481708641376
II	2800	0.12623711238784827
III	2800	0.3004731589544784
IV	2800	0.21031402809391794
V	2800	0.07927508809693266
VI	2800	0.22040931148463325
VII	2800	0.261850330907291
VIII	2800	0.29719911204795935
IX	2800	0.1611728439966537
X	2800	0.1451758026472643
XI	2800	0.06726443276706018
XII	2800	0.19421486453522938
XIII	2800	0.079600316302677
XIV	2800	0.18956616641146043
XV	2800	0.18371176890490254
XVI	2800	0.26024137560043287
I	2805	0.31739481708641376
II	2805	0.12623711238784827
III	2805	0.3004731589544784
IV	2805	0.21031402809391794
V	2805	0.07927508809693266
VI	2805	0.22040931148463325
VII	2805	0.261850330907291
VIII	2805	0.29719911204795935
IX	2805	0.1611728439966537
X	2805	0.1451758026472643
XI	2805	0.06726443276706018
XII	2805	0.19421486453522938
XIII	2805	0.079600316302677
XIV	2805	0.18956616641146043
XV	2805	0.18371176890490254
XVI	2805	0.26024137560043287
I	2810	0.31739481708641376
II	2810	0.12623711238784827
III	2810	0.3004731589544784
IV	2810	0.21031402809391794
V	2810	0.07927508809693266
VI	2810	0.22040931148463325
VII	2810	0.261850330907291
VIII	2810	0.29719911204795935
IX	2810	0.1611728439966537
X	2810	0.1451758026472643
XI	2810	0.06726443276706018
XII	2810	0.19421486453522938
XIII	2810	0.079600316302677
XIV	2810	0.18956616641146043
XV	2810	0.18371176890490254
XVI	2810	0.26024137560043287
I	2815	0.31739481708641376
II	2815	0.12623711238784827
III	2815	0.3004731589544784
IV	2815	0.21031402809391794
V	2815	0.07927508809693266
VI	2815	0.22040931148463325
VII	2815	0.25927090399105357
VIII	2815	0.29719911204795935
IX	2815	0.1611728439966537
X	2815	0.1451758026472643
XI	2815	0.06726443276706018
XII	2815	0.19421486453522938
XIII	2815	0.079600316302677
XIV	2815	0.18597712961203977
XV	2815	0.18371176890490254
XVI	2815	0.26024137560043287
I	2820	0.31739481708641376
II	2820	0.12623711238784827
III	2820	0.3004731589544784
IV	2820	0.21031402809391794
V	2820	0.07927508809693266
VI	2820	0.22040931148463325
VII	2820	0.25927090399105357
VIII	2820	0.29719911204795935
IX	2820	0.1611728439966537
X	2820	0.1451758026472643
XI	2820	0.06303538007486323
XII	2820	0.19421486453522938
XIII	2820	0.079600316302677
XIV	2820	0.18597712961203977
XV	2820	0.18113042259122453
XVI	2820	0.26024137560043287
I	2825	0.31739481708641376
II	2825	0.12623711238784827
III	2825	0.3004731589544784
IV	2825	0.20847060543770518
V	2825	0.07927508809693266
VI	2825	0.22040931148463325
VII	2825	0.25927090399105357
VIII	2825	0.29719911204795935
IX	2825	0.1611728439966537
X	2825	0.1451758026472643
XI	2825	0.06303538007486323
XII	2825	0.19421486453522938
XIII	2825	0.079600316302677
XIV	2825	0.18597712961203977
XV	2825	0.18113042259122453
XVI	2825	0.26024137560043287
I	2830	0.31739481708641376
II	2830	0.12623711238784827
III	2830	0.3004731589544784
IV	2830	0.20847060543770518
V	2830	0.07927508809693266
VI	2830	0.22040931148463325
VII	2830	0.25927090399105357
VIII	2830	0.29719911204795935
IX	2830	0.1611728439966537
X	2830	0.1413863340444733
XI	2830	0.06303538007486323
XII	2830	0.19421486453522938
XIII	2830	0.079600316302677
XIV	2830	0.18597712961203977
XV	2830	0.18113042259122453
XVI	2830	0.26024137560043287
I	2835	0.31739481708641376
II	2835	0.12623711238784827
III	2835	0.3004731589544784
IV	2835	0.20847060543770518
V	2835	0.07927508809693266
VI	2835	0.22040931148463325
VII	2835	0.25927090399105357
VIII	2835	0.29719911204795935
IX	2835	0.1611728439966537
X	2835	0.1413863340444733
XI	2835	0.06303538007486323
XII	2835	0.19421486453522938
XIII	2835	0.079600316302677
XIV	2835	0.18597712961203977
XV	2835	0.18113042259122453
XVI	2835	0.26024137560043287
I	2840	0.31739481708641376
II	2840	0.12623711238784827
III	2840	0.3004731589544784
IV	2840	0.20847060543770518
V	2840	0.07927508809693266
VI	2840	0.22040931148463325
VII	2840	0.25927090399105357
VIII	2840	0.29719911204795935
IX	2840	0.1611728439966537
X	2840	0.1413863340444733
XI	2840	0.06303538007486323
XII	2840	0.19421486453522938
XIII	2840	0.079600316302677
XIV	2840	0.18597712961203977
XV	2840	0.18113042259122453
XVI	2840	0.26024137560043287
I	2845	0.31739481708641376
II	2845	0.12623711238784827
III	2845	0.3004731589544784
IV	2845	0.20847060543770518
V	2845	0.07927508809693266
VI	2845	0.22040931148463325
VII	2845	0.25927090399105357
VIII	2845	0.29214972904666014
IX	2845	0.1611728439966537
X	2845	0.1413863340444733
XI	2845	0.06303538007486323
XII	2845	0.19421486453522938
XIII	2845	0.079600316302677
XIV	2845	0.18597712961203977
XV	2845	0.18113042259122453
XVI	2845	0.26024137560043287
I	2850	0.31739481708641376
II	2850	0.12623711238784827
III	2850	0.3004731589544784
IV	2850	0.20847060543770518
V	2850	0.07927508809693266
VI	2850	0.22040931148463325
VII	2850	0.25927090399105357
VIII	2850	0.29214972904666014
IX	2850	0.1611728439966537
X	2850	0.1413863340444733
XI	2850	0.06303538007486323
XII	2850	0.19421486453522938
XIII	2850	0.079600316302677
XIV	2850	0.18597712961203977
XV	2850	0.18113042259122453
XVI	2850	0.26024137560043287
I	2855	0.31739481708641376
II	2855	0.12623711238784827
III	2855	0.3004731589544784
IV	2855	0.20847060543770518
V	2855	0.07927508809693266
VI	2855	0.22040931148463325
VII	2855	0.25927090399105357
VIII	2855	0.29214972904666014
IX	2855	0.1611728439966537
X	2855	0.1413863340444733
XI	2855	0.06303538007486323
XII	2855	0.19421486453522938
XIII	2855	0.079600316302677
XIV	2855	0.18597712961203977
XV	2855	0.18113042259122453
XVI	2855	0.26024137560043287
I	2860	0.31739481708641376
II	2860	0.12623711238784827
III	2860	0.3004731589544784
IV	2860	0.20847060543770518
V	2860	0.07927508809693266
VI	2860	0.22040931148463325
VII	2860	0.25927090399105357
VIII	2860	0.29214972904666014
IX	2860	0.1611728439966537
X	2860	0.1413863340444733
XI	2860	0.06303538007486323
XII	2860	0.19421486453522938
XIII	2860	0.079600316302677
XIV	2860	0.18597712961203977
XV	2860	0.1758935059484592
XVI	2860	0.25722470798446523
I	2865	0.31739481708641376
II	2865	0.12623711238784827
III	2865	0.3004731589544784
IV	2865	0.20847060543770518
V	2865	0.07927508809693266
VI	2865	0.22040931148463325
VII	2865	0.25927090399105357
VIII	2865	0.29214972904666014
IX	2865	0.1611728439966537
X	2865	0.1413863340444733
XI	2865	0.06303538007486323
XII	2865	0.19421486453522938
XIII	2865	0.079600316302677
XIV	2865	0.18597712961203977
XV	2865	0.1758935059484592
XVI	2865	0.25722470798446523
I	2870	0.31739481708641376
II	2870	0.12623711238784827
III	2870	0.3004731589544784
IV	2870	0.20847060543770518
V	2870	0.07927508809693266
VI	2870	0.22040931148463325
VII	2870	0.25927090399105357
VIII	2870	0.29214972904666014
IX	2870	0.1611728439966537
X	2870	0.1413863340444733
XI	2870	0.06303538007486323
XII	2870	0.19421486453522938
XIII	2870	0.079600316302677
XIV	2870	0.18597712961203977
XV	2870	0.1758935059484592
XVI	2870	0.25419960213740395
I	2875	0.31739481708641376
II	2875	0.12623711238784827
III	2875	0.3004731589544784
IV	2875	0.20847060543770518
V	2875	0.07927508809693266
VI	2875	0.22040931148463325
VII	2875	0.25927090399105357
VIII	2875	0.287039916963332
IX	2875	0.1611728439966537
X	2875	0.1413863340444733
XI	2875	0.06303538007486323
XII	2875	0.19421486453522938
XIII	2875	0.079600316302677
XIV	2875	0.18597712961203977
XV	2875	0.1758935059484592
XVI	2875	0.25419960213740395
I	2880	0.31739481708641376
II	2880	0.12623711238784827
III	2880	0.3004731589544784
IV	2880	0.20847060543770518
V	2880	0.07927508809693266
VI	2880	0.22040931148463325
VII	2880	0.2566309787889343
VIII	2880	0.287039916963332
IX	2880	0.1611728439966537
X	2880	0.1413863340444733
XI	2880	0.06303538007486323
XII	2880	0.19421486453522938
XIII	2880	0.079600316302677
XIV	2880	0.18597712961203977
XV	2880	0.1758935059484592
XVI	2880	0.25419960213740395
I	2885	0.31739481708641376
II	2885	0.12623711238784827
III	2885	0.3004731589544784
IV	2885	0.20847060543770518
V	2885	0.07927508809693266
VI	2885	0.22040931148463325
VII	2885	0.2566309787889343
VIII	2885	0.287039916963332
IX	2885	0.1611728439966537
X	2885	0.1413863340444733
XI	2885	0.06303538007486323
XII	2885	0.19421486453522938
XIII	2885	0.079600316302677
XIV	2885	0.18230266991188693
XV	2885	0.1758935059484592
XVI	2885	0.25419960213740395
I	2890	0.31739481708641376
II	2890	0.12623711238784827
III	2890	0.3004731589544784
IV	2890	0.20847060543770518
V	2890	0.07927508809693266
VI	2890	0.22040931148463325
VII	2890	0.2566309787889343
VIII	2890	0.287039916963332
IX	2890	0.1611728439966537
X	2890	0.1413863340444733
XI	2890	0.06303538007486323
XII	2890	0.19421486453522938
XIII	2890	0.079600316302677
XIV	2890	0.18230266991188693
XV	2890	0.1758935059484592
XVI	2890	0.25419960213740395
I	2895	0.31739481708641376
II	2895	0.12623711238784827
III	2895	0.3004731589544784
IV	2895	0.20847060543770518
V	2895	0.07927508809693266
VI	2895	0.22040931148463325
VII	2895	0.2566309787889343
VIII	2895	0.287039916963332
IX	2895	0.1611728439966537
X	2895	0.1413863340444733
XI	2895	0.06303538007486323
XII	2895	0.19421486453522938
XIII	2895	0.079600316302677
XIV	2895	0.18230266991188693
XV	2895	0.1758935059484592
XVI	2895	0.25419960213740395
I	2900	0.31739481708641376
II	2900	0.12623711238784827
III	2900	0.3004731589544784
IV	2900	0.20847060543770518
V	2900	0.07927508809693266
VI	2900	0.22040931148463325
VII	2900	0.2566309787889343
VIII	2900	0.287039916963332
IX	2900	0.1611728439966537
X	2900	0.1413863340444733
XI	2900	0.06303538007486323
XII	2900	0.19421486453522938
XIII	2900	0.079600316302677
XIV	2900	0.18230266991188693
XV	2900	0.1758935059484592
XVI	2900	0.25419960213740395
I	2905	0.31739481708641376
II	2905	0.12623711238784827
III	2905	0.3004731589544784
IV	2905	0.20847060543770518
V	2905	0.07927508809693266
VI	2905	0.22040931148463325
VII	2905	0.2566309787889343
VIII	2905	0.287039916963332
IX	2905	0.1611728439966537
X	2905	0.1413863340444733
XI	2905	0.06303538007486323
XII	2905	0.19421486453522938
XIII	2905	0.079600316302677
XIV	2905	0.18230266991188693
XV	2905	0.1758935059484592
XVI	2905	0.25419960213740395
I	2910	0.31739481708641376
II	2910	0.12623711238784827
III	2910	0.3004731589544784
IV	2910	0.20847060543770518
V	2910	0.07927508809693266
VI	2910	0.22040931148463325
VII	2910	0.25129979650576567
VIII	2910	0.28187323044985896
IX	2910	0.1611728439966537
X	2910	0.1413863340444733
XI	2910	0.06303538007486323
XII	2910	0.19421486453522938
XIII	2910	0.079600316302677
XIV	2910	0.18230266991188693
XV	2910	0.17323060485241792
XVI	2910	0.25419960213740395
I	2915	0.31739481708641376
II	2915	0.12623711238784827
III	2915	0.3004731589544784
IV	2915	0.20847060543770518
V	2915	0.07927508809693266
VI	2915	0.22040931148463325
VII	2915	0.25129979650576567
VIII	2915	0.28187323044985896
IX	2915	0.1611728439966537
X	2915	0.1413863340444733
XI	2915	0.06303538007486323
XII	2915	0.19421486453522938
XIII	2915	0.079600316302677
XIV	2915	0.17858868618303705
XV	2915	0.17323060485241792
XVI	2915	0.25419960213740395
I	2920	0.31739481708641376
II	2920	0.12623711238784827
III	2920	0.3004731589544784
IV	2920	0.20656516962556457
V	2920	0.07927508809693266
VI	2920	0.22040931148463325
VII	2920	0.25129979650576567
VIII	2920	0.28187323044985896
IX	2920	0.1611728439966537
X	2920	0.1413863340444733
XI	2920	0.06303538007486323
XII	2920	0.19150937183783368
XIII	2920	0.079600316302677
XIV	2920	0.17486577767351366
XV	2920	0.17323060485241792
XVI	2920	0.25419960213740395
I	2925	0.31739481708641376
II	2925	0.12623711238784827
III	2925	0.3004731589544784
IV	2925	0.20656516962556457
V	2925	0.07927508809693266
VI	2925	0.22040931148463325
VII	2925	0.24862137239444881
VIII	2925	0.28187323044985896
IX	2925	0.1611728439966537
X	2925	0.1413863340444733
XI	2925	0.06303538007486323
XII	2925	0.19150937183783368
XIII	2925	0.079600316302677
XIV	2925	0.17486577767351366
XV	2925	0.17323060485241792
XVI	2925	0.25419960213740395
I	2930	0.31739481708641376
II	2930	0.12623711238784827
III	2930	0.3004731589544784
IV	2930	0.20656516962556457
V	2930	0.07927508809693266
VI	2930	0.22040931148463325
VII	2930	0.24862137239444881
VIII	2930	0.28187323044985896
IX	2930	0.1611728439966537
X	2930	0.1413863340444733
XI	2930	0.06303538007486323
XII	2930	0.19150937183783368
XIII	2930	0.079600316302677
XIV	2930	0.17486577767351366
XV	2930	0.17323060485241792
XVI	2930	0.25419960213740395
I	2935	0.31739481708641376
II	2935	0.12623711238784827
III	2935	0.3004731589544784
IV	2935	0.20656516962556457
V	2935	0.07927508809693266
VI	2935	0.22040931148463325
VII	2935	0.24862137239444881
VIII	2935	0.28187323044985896
IX	2935	0.1611728439966537
X	2935	0.1413863340444733
XI	2935	0.06303538007486323
XII	2935	0.19150937183783368
XIII	2935	0.079600316302677
XIV	2935	0.17112501960264326
XV	2935	0.17323060485241792
XVI	2935	0.25419960213740395
I	2940	0.31739481708641376
II	2940	0.12623711238784827
III	2940	0.3004731589544784
IV	2940	0.20656516962556457
V	2940	0.07927508809693266
VI	2940	0.22040931148463325
VII	2940	0.2459273653913139
VIII	2940	0.28187323044985896
IX	2940	0.1611728439966537
X	2940	0.1413863340444733
XI	2940	0.06303538007486323
XII	2940	0.19150937183783368
XIII	2940	0.079600316302677
XIV	2940	0.16738043662576993
XV	2940	0.17323060485241792
XVI	2940	0.25419960213740395
I	2945	0.31739481708641376
II	2945	0.12623711238784827
III	2945	0.3004731589544784
IV	2945	0.20656516962556457
V	2945	0.07927508809693266
VI	2945	0.22040931148463325
VII	2945	0.2459273653913139
VIII	2945	0.28187323044985896
IX	2945	0.1611728439966537
X	2945	0.1413863340444733
XI	2945	0.06303538007486323
XII	2945	0.19150937183783368
XIII	2945	0.079600316302677
XIV	2945	0.16738043662576993
XV	2945	0.17323060485241792
XVI	2945	0.25419960213740395
I	2950	0.31739481708641376
II	2950	0.12623711238784827
III	2950	0.3004731589544784
IV	2950	0.20656516962556457
V	2950	0.07927508809693266
VI	2950	0.22040931148463325
VII	2950	0.2459273653913139
VIII	2950	0.28187323044985896
IX	2950	0.1611728439966537
X	2950	0.1413863340444733
XI	2950	0.06303538007486323
XII	2950	0.19150937183783368
XIII	2950	0.079600316302677
XIV	2950	0.16362437893088777
XV	2950	0.17323060485241792
XVI	2950	0.25419960213740395
I	2955	0.31739481708641376
II	2955	0.12623711238784827
III	2955	0.3004731589544784
IV	2955	0.20656516962556457
V	2955	0.07927508809693266
VI	2955	0.209471389282687
VII	2955	0.2459273653913139
VIII	2955	0.28187323044985896
IX	2955	0.1611728439966537
X	2955	0.1413863340444733
XI	2955	0.06303538007486323
XII	2955	0.19150937183783368
XIII	2955	0.079600316302677
XIV	2955	0.16362437893088777
XV	2955	0.17323060485241792
XVI	2955	0.25419960213740395
I	2960	0.31739481708641376
II	2960	0.12623711238784827
III	2960	0.3004731589544784
IV	2960	0.20656516962556457
V	2960	0.07927508809693266
VI	2960	0.209471389282687
VII	2960	0.2459273653913139
VIII	2960	0.28187323044985896
IX	2960	0.1611728439966537
X	2960	0.1413863340444733
XI	2960	0.06303538007486323
XII	2960	0.19150937183783368
XIII	2960	0.079600316302677
XIV	2960	0.16362437893088777
XV	2960	0.17323060485241792
XVI	2960	0.25419960213740395
I	2965	0.31739481708641376
II	2965	0.12623711238784827
III	2965	0.3004731589544784
IV	2965	0.20656516962556457
V	2965	0.07927508809693266
VI	2965	0.209471389282687
VII	2965	0.2459273653913139
VIII	2965	0.28187323044985896
IX	2965	0.1611728439966537
X	2965	0.1413863340444733
XI	2965	0.06303538007486323
XII	2965	0.19150937183783368
XIII	2965	0.079600316302677
XIV	2965	0.16362437893088777
XV	2965	0.17323060485241792
XVI	2965	0.25419960213740395
I	2970	0.31739481708641376
II	2970	0.12623711238784827
III	2970	0.3004731589544784
IV	2970	0.20656516962556457
V	2970	0.07927508809693266
VI	2970	0.209471389282687
VII	2970	0.2459273653913139
VIII	2970	0.28187323044985896
IX	2970	0.1611728439966537
X	2970	0.1413863340444733
XI	2970	0.06303538007486323
XII	2970	0.19150937183783368
XIII	2970	0.079600316302677
XIV	2970	0.16362437893088777
XV	2970	0.17323060485241792
XVI	2970	0.25419960213740395
I	2975	0.31739481708641376
II	2975	0.12623711238784827
III	2975	0.3004731589544784
IV	2975	0.20656516962556457
V	2975	0.07927508809693266
VI	2975	0.209471389282687
VII	2975	0.2459273653913139
VIII	2975	0.28187323044985896
IX	2975	0.1611728439966537
X	2975	0.1413863340444733
XI	2975	0.06303538007486323
XII	2975	0.18875379459958802
XIII	2975	0.079600316302677
XIV	2975	0.16362437893088777
XV	2975	0.17323060485241792
XVI	2975	0.25419960213740395
I	2980	0.31739481708641376
II	2980	0.12623711238784827
III	2980	0.3004731589544784
IV	2980	0.20656516962556457
V	2980	0.07927508809693266
VI	2980	0.209471389282687
VII	2980	0.2459273653913139
VIII	2980	0.28187323044985896
IX	2980	0.1611728439966537
X	2980	0.1413863340444733
XI	2980	0.06303538007486323
XII	2980	0.18875379459958802
XIII	2980	0.079600316302677
XIV	2980	0.16362437893088777
XV	2980	0.17323060485241792
XVI	2980	0.25419960213740395
I	2985	0.31739481708641376
II	2985	0.12623711238784827
III	2985	0.3004731589544784
IV	2985	0.20656516962556457
V	2985	0.07927508809693266
VI	2985	0.209471389282687
VII	2985	0.2459273653913139
VIII	2985	0.28187323044985896
IX	2985	0.1611728439966537
X	2985	0.1413863340444733
XI	2985	0.06303538007486323
XII	2985	0.18875379459958802
XIII	2985	0.079600316302677
XIV	2985	0.16362437893088777
XV	2985	0.17323060485241792
XVI	2985	0.25419960213740395
I	2990	0.31739481708641376
II	2990	0.12623711238784827
III	2990	0.3004731589544784
IV	2990	0.20656516962556457
V	2990	0.07927508809693266
VI	2990	0.209471389282687
VII	2990	0.2459273653913139
VIII	2990	0.28187323044985896
IX	2990	0.1611728439966537
X	2990	0.1413863340444733
XI	2990	0.06303538007486323
XII	2990	0.18875379459958802
XIII	2990	0.079600316302677
XIV	2990	0.16362437893088777
XV	2990	0.17323060485241792
XVI	2990	0.25419960213740395
I	2995	0.31739481708641376
II	2995	0.12623711238784827
III	2995	0.2911039227413784
IV	2995	0.20656516962556457
V	2995	0.07927508809693266
VI	2995	0.209471389282687
VII	2995	0.2459273653913139
VIII	2995	0.28187323044985896
IX	2995	0.1611728439966537
X	2995	0.1413863340444733
XI	2995	0.06303538007486323
XII	2995	0.18875379459958802
XIII	2995	0.079600316302677
XIV	2995	0.16362437893088777
XV	2995	0.17323060485241792
XVI	2995	0.25419960213740395
I	3000	0.31739481708641376
II	3000	0.12623711238784827
III	3000	0.2911039227413784
IV	3000	0.20656516962556457
V	3000	0.07927508809693266
VI	3000	0.19838170572362407
VII	3000	0.2459273653913139
VIII	3000	0.28187323044985896
IX	3000	0.1611728439966537
X	3000	0.1413863340444733
XI	3000	0.06303538007486323
XII	3000	0.18875379459958802
XIII	3000	0.079600316302677
XIV	3000	0.16362437893088777
XV	3000	0.17323060485241792
XVI	3000	0.25419960213740395
I	3005	0.31739481708641376
II	3005	0.12623711238784827
III	3005	0.2911039227413784
IV	3005	0.20656516962556457
V	3005	0.07927508809693266
VI	3005	0.19838170572362407
VII	3005	0.2459273653913139
VIII	3005	0.28187323044985896
IX	3005	0.1611728439966537
X	3005	0.1413863340444733
XI	3005	0.06303538007486323
XII	3005	0.18875379459958802
XIII	3005	0.079600316302677
XIV	3005	0.16362437893088777
XV	3005	0.17323060485241792
XVI	3005	0.25419960213740395
I	3010	0.31739481708641376
II	3010	0.12623711238784827
III	3010	0.2911039227413784
IV	3010	0.20656516962556457
V	3010	0.07927508809693266
VI	3010	0.19838170572362407
VII	3010	0.2431682768988212
VIII	3010	0.28187323044985896
IX	3010	0.1611728439966537
X	3010	0.1413863340444733
XI	3010	0.06303538007486323
XII	3010	0.18875379459958802
XIII	3010	0.079600316302677
XIV	3010	0.16362437893088777
XV	3010	0.17323060485241792
XVI	3010	0.251024717688431
I	3015	0.31739481708641376
II	3015	0.12623711238784827
III	3015	0.2911039227413784
IV	3015	0.20459772065749612
V	3015	0.07927508809693266
VI	3015	0.19838170572362407
VII	3015	0.2431682768988212
VIII	3015	0.28187323044985896
IX	3015	0.1611728439966537
X	3015	0.1413863340444733
XI	3015	0.06303538007486323
XII	3015	0.18875379459958802
XIII	3015	0.079600316302677
XIV	3015	0.16362437893088777
XV	3015	0.17323060485241792
XVI	3015	0.251024717688431
I	3020	0.31739481708641376
II	3020	0.12623711238784827
III	3020	0.2816564007978882
IV	3020	0.20459772065749612
V	3020	0.07927508809693266
VI	3020	0.19838170572362407
VII	3020	0.2431682768988212
VIII	3020	0.28187323044985896
IX	3020	0.1611728439966537
X	3020	0.1413863340444733
XI	3020	0.06303538007486323
XII	3020	0.18875379459958802
XIII	3020	0.079600316302677
XIV	3020	0.15977907342927047
XV	3020	0.17323060485241792
XVI	3020	0.251024717688431
I	3025	0.31739481708641376
II	3025	0.12623711238784827
III	3025	0.2816564007978882
IV	3025	0.20459772065749612
V	3025	0.07927508809693266
VI	3025	0.19838170572362407
VII	3025	0.2431682768988212
VIII	3025	0.28187323044985896
IX	3025	0.1611728439966537
X	3025	0.1413863340444733
XI	3025	0.06303538007486323
XII	3025	0.18875379459958802
XIII	3025	0.079600316302677
XIV	3025	0.15977907342927047
XV	3025	0.17323060485241792
XVI	3025	0.251024717688431
I	3030	0.31739481708641376
II	3030	0.12623711238784827
III	3030	0.2816564007978882
IV	3030	0.2026204801384917
V	3030	0.07927508809693266
VI	3030	0.19838170572362407
VII	3030	0.2431682768988212
VIII	3030	0.28187323044985896
IX	3030	0.1611728439966537
X	3030	0.1413863340444733
XI	3030	0.06303538007486323
XII	3030	0.18875379459958802
XIII	3030	0.079600316302677
XIV	3030	0.15977907342927047
XV	3030	0.17323060485241792
XVI	3030	0.251024717688431
I	3035	0.31739481708641376
II	3035	0.12623711238784827
III	3035	0.2816564007978882
IV	3035	0.2006412813093001
V	3035	0.07927508809693266
VI	3035	0.19838170572362407
VII	3035	0.2431682768988212
VIII	3035	0.28187323044985896
IX	3035	0.1611728439966537
X	3035	0.1413863340444733
XI	3035	0.06303538007486323
XII	3035	0.18875379459958802
XIII	3035	0.079600316302677
XIV	3035	0.15977907342927047
XV	3035	0.17045316052272033
XVI	3035	0.251024717688431
I	3040	0.31739481708641376
II	3040	0.12623711238784827
III	3040	0.2816564007978882
IV	3040	0.2006412813093001
V	3040	0.07927508809693266
VI	3040	0.19838170572362407
VII	3040	0.2431682768988212
VIII	3040	0.28187323044985896
IX	3040	0.1611728439966537
X	3040	0.1413863340444733
XI	3040	0.06303538007486323
XII	3040	0.18593422044803404
XIII	3040	0.079600316302677
XIV	3040	0.15977907342927047
XV	3040	0.17045316052272033
XVI	3040	0.251024717688431
I	3045	0.31739481708641376
II	3045	0.12623711238784827
III	3045	0.2816564007978882
IV	3045	0.2006412813093001
V	3045	0.07927508809693266
VI	3045	0.19838170572362407
VII	3045	0.2431682768988212
VIII	3045	0.28187323044985896
IX	3045	0.1611728439966537
X	3045	0.1413863340444733
XI	3045	0.06303538007486323
XII	3045	0.18311371880498287
XIII	3045	0.079600316302677
XIV	3045	0.1558967938362915
XV	3045	0.17045316052272033
XVI	3045	0.251024717688431
I	3050	0.31739481708641376
II	3050	0.12623711238784827
III	3050	0.2816564007978882
IV	3050	0.2006412813093001
V	3050	0.07927508809693266
VI	3050	0.19838170572362407
VII	3050	0.2431682768988212
VIII	3050	0.28187323044985896
IX	3050	0.1611728439966537
X	3050	0.1413863340444733
XI	3050	0.06303538007486323
XII	3050	0.18311371880498287
XIII	3050	0.079600316302677
XIV	3050	0.1558967938362915
XV	3050	0.17045316052272033
XVI	3050	0.251024717688431
I	3055	0.31739481708641376
II	3055	0.12623711238784827
III	3055	0.2816564007978882
IV	3055	0.2006412813093001
V	3055	0.07927508809693266
VI	3055	0.19838170572362407
VII	3055	0.2431682768988212
VIII	3055	0.28187323044985896
IX	3055	0.1611728439966537
X	3055	0.1413863340444733
XI	3055	0.06303538007486323
XII	3055	0.18311371880498287
XIII	3055	0.079600316302677
XIV	3055	0.1520043144939713
XV	3055	0.17045316052272033
XVI	3055	0.251024717688431
I	3060	0.31739481708641376
II	3060	0.12623711238784827
III	3060	0.2816564007978882
IV	3060	0.2006412813093001
V	3060	0.07927508809693266
VI	3060	0.19838170572362407
VII	3060	0.2431682768988212
VIII	3060	0.28187323044985896
IX	3060	0.1611728439966537
X	3060	0.1413863340444733
XI	3060	0.06303538007486323
XII	3060	0.18311371880498287
XIII	3060	0.079600316302677
XIV	3060	0.1520043144939713
XV	3060	0.17045316052272033
XVI	3060	0.251024717688431
I	3065	0.31739481708641376
II	3065	0.12623711238784827
III	3065	0.2816564007978882
IV	3065	0.2006412813093001
V	3065	0.07927508809693266
VI	3065	0.19838170572362407
VII	3065	0.2431682768988212
VIII	3065	0.28187323044985896
IX	3065	0.1542097079256538
X	3065	0.1413863340444733
XI	3065	0.06303538007486323
XII	3065	0.18311371880498287
XIII	3065	0.079600316302677
XIV	3065	0.1520043144939713
XV	3065	0.17045316052272033
XVI	3065	0.2477918204006894
I	3070	0.31739481708641376
II	3070	0.12623711238784827
III	3070	0.2816564007978882
IV	3070	0.19863792998779972
V	3070	0.07927508809693266
VI	3070	0.19838170572362407
VII	3070	0.2431682768988212
VIII	3070	0.28187323044985896
IX	3070	0.1542097079256538
X	3070	0.1413863340444733
XI	3070	0.06303538007486323
XII	3070	0.18311371880498287
XIII	3070	0.079600316302677
XIV	3070	0.1520043144939713
XV	3070	0.17045316052272033
XVI	3070	0.2477918204006894
I	3075	0.31739481708641376
II	3075	0.12623711238784827
III	3075	0.2816564007978882
IV	3075	0.19863792998779972
V	3075	0.07927508809693266
VI	3075	0.19838170572362407
VII	3075	0.2431682768988212
VIII	3075	0.28187323044985896
IX	3075	0.1542097079256538
X	3075	0.1413863340444733
XI	3075	0.06303538007486323
XII	3075	0.18311371880498287
XIII	3075	0.079600316302677
XIV	3075	0.1520043144939713
XV	3075	0.17045316052272033
XVI	3075	0.2477918204006894
I	3080	0.31739481708641376
II	3080	0.12623711238784827
III	3080	0.2816564007978882
IV	3080	0.19863792998779972
V	3080	0.07927508809693266
VI	3080	0.19838170572362407
VII	3080	0.2431682768988212
VIII	3080	0.28187323044985896
IX	3080	0.1542097079256538
X	3080	0.1413863340444733
XI	3080	0.06303538007486323
XII	3080	0.18311371880498287
XIII	3080	0.079600316302677
XIV	3080	0.1520043144939713
XV	3080	0.17045316052272033
XVI	3080	0.2477918204006894
I	3085	0.31739481708641376
II	3085	0.12623711238784827
III	3085	0.2816564007978882
IV	3085	0.19863792998779972
V	3085	0.07927508809693266
VI	3085	0.19838170572362407
VII	3085	0.2431682768988212
VIII	3085	0.28187323044985896
IX	3085	0.1542097079256538
X	3085	0.1413863340444733
XI	3085	0.06303538007486323
XII	3085	0.18311371880498287
XIII	3085	0.079600316302677
XIV	3085	0.1520043144939713
XV	3085	0.17045316052272033
XVI	3085	0.2477918204006894
I	3090	0.31739481708641376
II	3090	0.12623711238784827
III	3090	0.2816564007978882
IV	3090	0.19863792998779972
V	3090	0.07927508809693266
VI	3090	0.19838170572362407
VII	3090	0.2431682768988212
VIII	3090	0.28187323044985896
IX	3090	0.1542097079256538
X	3090	0.1413863340444733
XI	3090	0.06303538007486323
XII	3090	0.18311371880498287
XIII	3090	0.079600316302677
XIV	3090	0.1520043144939713
XV	3090	0.17045316052272033
XVI	3090	0.2477918204006894
I	3095	0.31739481708641376
II	3095	0.12623711238784827
III	3095	0.2816564007978882
IV	3095	0.19863792998779972
V	3095	0.07927508809693266
VI	3095	0.19838170572362407
VII	3095	0.24033127394723816
VIII	3095	0.27637418398522684
IX	3095	0.1542097079256538
X	3095	0.1413863340444733
XI	3095	0.06303538007486323
XII	3095	0.18311371880498287
XIII	3095	0.079600316302677
XIV	3095	0.1520043144939713
XV	3095	0.16762073544086775
XVI	3095	0.2477918204006894
I	3100	0.31739481708641376
II	3100	0.12623711238784827
III	3100	0.2816564007978882
IV	3100	0.19863792998779972
V	3100	0.07927508809693266
VI	3100	0.19838170572362407
VII	3100	0.24033127394723816
VIII	3100	0.27637418398522684
IX	3100	0.1542097079256538
X	3100	0.1413863340444733
XI	3100	0.06303538007486323
XII	3100	0.18311371880498287
XIII	3100	0.079600316302677
XIV	3100	0.1520043144939713
XV	3100	0.16762073544086775
XVI	3100	0.2477918204006894
I	3105	0.31739481708641376
II	3105	0.12623711238784827
III	3105	0.2816564007978882
IV	3105	0.19863792998779972
V	3105	0.07927508809693266
VI	3105	0.19838170572362407
VII	3105	0.24033127394723816
VIII	3105	0.27637418398522684
IX	3105	0.1542097079256538
X	3105	0.1413863340444733
XI	3105	0.06303538007486323
XII	3105	0.18311371880498287
XIII	3105	0.079600316302677
XIV	3105	0.1520043144939713
XV	3105	0.16762073544086775
XVI	3105	0.2477918204006894
I	3110	0.31739481708641376
II	3110	0.12623711238784827
III	3110	0.2816564007978882
IV	3110	0.19863792998779972
V	3110	0.07927508809693266
VI	3110	0.19838170572362407
VII	3110	0.24033127394723816
VIII	3110	0.27637418398522684
IX	3110	0.1542097079256538
X	3110	0.1413863340444733
XI	3110	0.06303538007486323
XII	3110	0.18311371880498287
XIII	3110	0.079600316302677
XIV	3110	0.14804426181226596
XV	3110	0.16762073544086775
XVI	3110	0.2477918204006894
I	3115	0.31739481708641376
II	3115	0.12623711238784827
III	3115	0.2816564007978882
IV	3115	0.19863792998779972
V	3115	0.07927508809693266
VI	3115	0.19838170572362407
VII	3115	0.24033127394723816
VIII	3115	0.27637418398522684
IX	3115	0.1542097079256538
X	3115	0.1413863340444733
XI	3115	0.06303538007486323
XII	3115	0.18311371880498287
XIII	3115	0.079600316302677
XIV	3115	0.14804426181226596
XV	3115	0.16762073544086775
XVI	3115	0.2477918204006894
I	3120	0.31739481708641376
II	3120	0.12623711238784827
III	3120	0.2816564007978882
IV	3120	0.19863792998779972
V	3120	0.07927508809693266
VI	3120	0.19838170572362407
VII	3120	0.24033127394723816
VIII	3120	0.27637418398522684
IX	3120	0.1542097079256538
X	3120	0.1413863340444733
XI	3120	0.06303538007486323
XII	3120	0.18311371880498287
XIII	3120	0.079600316302677
XIV	3120	0.14804426181226596
XV	3120	0.16762073544086775
XVI	3120	0.2477918204006894
I	3125	0.31739481708641376
II	3125	0.12623711238784827
III	3125	0.2816564007978882
IV	3125	0.19863792998779972
V	3125	0.07927508809693266
VI	3125	0.19838170572362407
VII	3125	0.24033127394723816
VIII	3125	0.27637418398522684
IX	3125	0.1542097079256538
X	3125	0.1413863340444733
XI	3125	0.06303538007486323
XII	3125	0.18311371880498287
XIII	3125	0.079600316302677
XIV	3125	0.14804426181226596
XV	3125	0.16762073544086775
XVI	3125	0.2477918204006894
I	3130	0.31739481708641376
II	3130	0.12623711238784827
III	3130	0.2816564007978882
IV	3130	0.19863792998779972
V	3130	0.07927508809693266
VI	3130	0.19838170572362407
VII	3130	0.24033127394723816
VIII	3130	0.27637418398522684
IX	3130	0.1542097079256538
X	3130	0.1413863340444733
XI	3130	0.06303538007486323
XII	3130	0.18311371880498287
XIII	3130	0.079600316302677
XIV	3130	0.14804426181226596
XV	3130	0.16762073544086775
XVI	3130	0.2477918204006894
I	3135	0.31739481708641376
II	3135	0.12623711238784827
III	3135	0.2816564007978882
IV	3135	0.19863792998779972
V	3135	0.07927508809693266
VI	3135	0.19838170572362407
VII	3135	0.24033127394723816
VIII	3135	0.27637418398522684
IX	3135	0.1542097079256538
X	3135	0.1413863340444733
XI	3135	0.06303538007486323
XII	3135	0.18311371880498287
XIII	3135	0.079600316302677
XIV	3135	0.14804426181226596
XV	3135	0.16762073544086775
XVI	3135	0.2477918204006894
I	3140	0.31739481708641376
II	3140	0.12623711238784827
III	3140	0.2816564007978882
IV	3140	0.19863792998779972
V	3140	0.07927508809693266
VI	3140	0.19838170572362407
VII	3140	0.24033127394723816
VIII	3140	0.27637418398522684
IX	3140	0.1542097079256538
X	3140	0.1413863340444733
XI	3140	0.06303538007486323
XII	3140	0.18311371880498287
XIII	3140	0.079600316302677
XIV	3140	0.14804426181226596
XV	3140	0.16762073544086775
XVI	3140	0.2477918204006894
I	3145	0.31739481708641376
II	3145	0.12623711238784827
III	3145	0.2816564007978882
IV	3145	0.19863792998779972
V	3145	0.07927508809693266
VI	3145	0.19838170572362407
VII	3145	0.24033127394723816
VIII	3145	0.27637418398522684
IX	3145	0.1542097079256538
X	3145	0.1413863340444733
XI	3145	0.06303538007486323
XII	3145	0.18311371880498287
XIII	3145	0.079600316302677
XIV	3145	0.14804426181226596
XV	3145	0.16762073544086775
XVI	3145	0.2477918204006894
I	3150	0.31739481708641376
II	3150	0.12623711238784827
III	3150	0.2816564007978882
IV	3150	0.19863792998779972
V	3150	0.07927508809693266
VI	3150	0.19838170572362407
VII	3150	0.24033127394723816
VIII	3150	0.27637418398522684
IX	3150	0.1542097079256538
X	3150	0.1413863340444733
XI	3150	0.06303538007486323
XII	3150	0.18311371880498287
XIII	3150	0.079600316302677
XIV	3150	0.14804426181226596
XV	3150	0.16762073544086775
XVI	3150	0.2477918204006894
I	3155	0.31739481708641376
II	3155	0.12623711238784827
III	3155	0.2816564007978882
IV	3155	0.19863792998779972
V	3155	0.07927508809693266
VI	3155	0.19838170572362407
VII	3155	0.24033127394723816
VIII	3155	0.27637418398522684
IX	3155	0.1542097079256538
X	3155	0.1413863340444733
XI	3155	0.06303538007486323
XII	3155	0.18311371880498287
XIII	3155	0.079600316302677
XIV	3155	0.14804426181226596
XV	3155	0.16762073544086775
XVI	3155	0.2477918204006894
I	3160	0.30366869662667556
II	3160	0.12623711238784827
III	3160	0.2816564007978882
IV	3160	0.19657713490080833
V	3160	0.07927508809693266
VI	3160	0.19838170572362407
VII	3160	0.24033127394723816
VIII	3160	0.27637418398522684
IX	3160	0.1542097079256538
X	3160	0.1413863340444733
XI	3160	0.06303538007486323
XII	3160	0.18311371880498287
XIII	3160	0.079600316302677
XIV	3160	0.14804426181226596
XV	3160	0.16762073544086775
XVI	3160	0.2477918204006894
I	3165	0.30366869662667556
II	3165	0.12623711238784827
III	3165	0.2816564007978882
IV	3165	0.19657713490080833
V	3165	0.07927508809693266
VI	3165	0.19838170572362407
VII	3165	0.24033127394723816
VIII	3165	0.27637418398522684
IX	3165	0.1542097079256538
X	3165	0.1413863340444733
XI	3165	0.06303538007486323
XII	3165	0.18311371880498287
XIII	3165	0.079600316302677
XIV	3165	0.14804426181226596
XV	3165	0.16762073544086775
XVI	3165	0.2477918204006894
I	3170	0.30366869662667556
II	3170	0.12623711238784827
III	3170	0.2816564007978882
IV	3170	0.19657713490080833
V	3170	0.07927508809693266
VI	3170	0.19838170572362407
VII	3170	0.24033127394723816
VIII	3170	0.27637418398522684
IX	3170	0.1542097079256538
X	3170	0.1413863340444733
XI	3170	0.06303538007486323
XII	3170	0.18311371880498287
XIII	3170	0.079600316302677
XIV	3170	0.14804426181226596
XV	3170	0.16762073544086775
XVI	3170	0.2477918204006894
I	3175	0.30366869662667556
II	3175	0.12623711238784827
III	3175	0.2816564007978882
IV	3175	0.19657713490080833
V	3175	0.07927508809693266
VI	3175	0.19838170572362407
VII	3175	0.24033127394723816
VIII	3175	0.27637418398522684
IX	3175	0.1542097079256538
X	3175	0.1413863340444733
XI	3175	0.06303538007486323
XII	3175	0.18311371880498287
XIII	3175	0.079600316302677
XIV	3175	0.14804426181226596
XV	3175	0.16762073544086775
XVI	3175	0.2477918204006894
I	3180	0.30366869662667556
II	3180	0.12623711238784827
III	3180	0.2816564007978882
IV	3180	0.19657713490080833
V	3180	0.07927508809693266
VI	3180	0.19838170572362407
VII	3180	0.24033127394723816
VIII	3180	0.27637418398522684
IX	3180	0.1542097079256538
X	3180	0.1413863340444733
XI	3180	0.06303538007486323
XII	3180	0.18311371880498287
XIII	3180	0.079600316302677
XIV	3180	0.14804426181226596
XV	3180	0.16762073544086775
XVI	3180	0.2477918204006894
I	3185	0.30366869662667556
II	3185	0.12623711238784827
III	3185	0.2816564007978882
IV	3185	0.19657713490080833
V	3185	0.07374798201607444
VI	3185	0.19838170572362407
VII	3185	0.24033127394723816
VIII	3185	0.27637418398522684
IX	3185	0.1542097079256538
X	3185	0.1413863340444733
XI	3185	0.06303538007486323
XII	3185	0.18311371880498287
XIII	3185	0.079600316302677
XIV	3185	0.14804426181226596
XV	3185	0.16762073544086775
XVI	3185	0.2477918204006894
I	3190	0.30366869662667556
II	3190	0.12623711238784827
III	3190	0.2816564007978882
IV	3190	0.19657713490080833
V	3190	0.07374798201607444
VI	3190	0.19838170572362407
VII	3190	0.24033127394723816
VIII	3190	0.27637418398522684
IX	3190	0.1542097079256538
X	3190	0.1413863340444733
XI	3190	0.06303538007486323
XII	3190	0.18311371880498287
XIII	3190	0.079600316302677
XIV	3190	0.14804426181226596
XV	3190	0.16762073544086775
XVI	3190	0.2477918204006894
I	3195	0.30366869662667556
II	3195	0.12623711238784827
III	3195	0.2816564007978882
IV	3195	0.19657713490080833
V	3195	0.07374798201607444
VI	3195	0.19838170572362407
VII	3195	0.24033127394723816
VIII	3195	0.27637418398522684
IX	3195	0.1542097079256538
X	3195	0.1413863340444733
XI	3195	0.06303538007486323
XII	3195	0.18311371880498287
XIII	3195	0.079600316302677
XIV	3195	0.14804426181226596
XV	3195	0.16762073544086775
XVI	3195	0.2477918204006894
I	3200	0.30366869662667556
II	3200	0.12623711238784827
III	3200	0.2816564007978882
IV	3200	0.19657713490080833
V	3200	0.07374798201607444
VI	3200	0.19838170572362407
VII	3200	0.24033127394723816
VIII	3200	0.27637418398522684
IX	3200	0.1542097079256538
X	3200	0.1413863340444733
XI	3200	0.06303538007486323
XII	3200	0.18311371880498287
XIII	3200	0.079600316302677
XIV	3200	0.14804426181226596
XV	3200	0.16762073544086775
XVI	3200	0.2477918204006894
I	3205	0.30366869662667556
II	3205	0.12229581496930585
III	3205	0.271632695878726
IV	3205	0.19657713490080833
V	3205	0.07374798201607444
VI	3205	0.19838170572362407
VII	3205	0.24033127394723816
VIII	3205	0.27637418398522684
IX	3205	0.1542097079256538
X	3205	0.1413863340444733
XI	3205	0.06303538007486323
XII	3205	0.18311371880498287
XIII	3205	0.079600316302677
XIV	3205	0.14804426181226596
XV	3205	0.16762073544086775
XVI	3205	0.2477918204006894
I	3210	0.30366869662667556
II	3210	0.12229581496930585
III	3210	0.271632695878726
IV	3210	0.19657713490080833
V	3210	0.07374798201607444
VI	3210	0.19838170572362407
VII	3210	0.24033127394723816
VIII	3210	0.2706760770150877
IX	3210	0.1542097079256538
X	3210	0.1413863340444733
XI	3210	0.06303538007486323
XII	3210	0.18311371880498287
XIII	3210	0.079600316302677
XIV	3210	0.14804426181226596
XV	3210	0.16762073544086775
XVI	3210	0.2477918204006894
I	3215	0.30366869662667556
II	3215	0.12229581496930585
III	3215	0.271632695878726
IV	3215	0.19657713490080833
V	3215	0.07374798201607444
VI	3215	0.19838170572362407
VII	3215	0.24033127394723816
VIII	3215	0.2706760770150877
IX	3215	0.1542097079256538
X	3215	0.1413863340444733
XI	3215	0.06303538007486323
XII	3215	0.18311371880498287
XIII	3215	0.079600316302677
XIV	3215	0.14804426181226596
XV	3215	0.16762073544086775
XVI	3215	0.2477918204006894
I	3220	0.30366869662667556
II	3220	0.12229581496930585
III	3220	0.271632695878726
IV	3220	0.19657713490080833
V	3220	0.07374798201607444
VI	3220	0.19838170572362407
VII	3220	0.24033127394723816
VIII	3220	0.2706760770150877
IX	3220	0.1542097079256538
X	3220	0.1413863340444733
XI	3220	0.06303538007486323
XII	3220	0.18311371880498287
XIII	3220	0.079600316302677
XIV	3220	0.14804426181226596
XV	3220	0.16762073544086775
XVI	3220	0.2477918204006894
I	3225	0.30366869662667556
II	3225	0.12229581496930585
III	3225	0.271632695878726
IV	3225	0.19447456252982342
V	3225	0.07374798201607444
VI	3225	0.19838170572362407
VII	3225	0.2373751077052817
VIII	3225	0.2706760770150877
IX	3225	0.1542097079256538
X	3225	0.1413863340444733
XI	3225	0.06303538007486323
XII	3225	0.18311371880498287
XIII	3225	0.079600316302677
XIV	3225	0.14804426181226596
XV	3225	0.16762073544086775
XVI	3225	0.2477918204006894
I	3230	0.30366869662667556
II	3230	0.12229581496930585
III	3230	0.271632695878726
IV	3230	0.19447456252982342
V	3230	0.07374798201607444
VI	3230	0.19838170572362407
VII	3230	0.2373751077052817
VIII	3230	0.2706760770150877
IX	3230	0.1542097079256538
X	3230	0.1413863340444733
XI	3230	0.05819146511181495
XII	3230	0.18311371880498287
XIII	3230	0.079600316302677
XIV	3230	0.14804426181226596
XV	3230	0.16762073544086775
XVI	3230	0.2477918204006894
I	3235	0.30366869662667556
II	3235	0.12229581496930585
III	3235	0.271632695878726
IV	3235	0.19447456252982342
V	3235	0.07374798201607444
VI	3235	0.19838170572362407
VII	3235	0.2373751077052817
VIII	3235	0.2706760770150877
IX	3235	0.1542097079256538
X	3235	0.1413863340444733
XI	3235	0.05819146511181495
XII	3235	0.18311371880498287
XIII	3235	0.079600316302677
XIV	3235	0.14804426181226596
XV	3235	0.16762073544086775
XVI	3235	0.2477918204006894
I	3240	0.30366869662667556
II	3240	0.12229581496930585
III	3240	0.271632695878726
IV	3240	0.19447456252982342
V	3240	0.07374798201607444
VI	3240	0.19838170572362407
VII	3240	0.23440702513428785
VIII	3240	0.2706760770150877
IX	3240	0.1542097079256538
X	3240	0.1413863340444733
XI	3240	0.05819146511181495
XII	3240	0.18311371880498287
XIII	3240	0.079600316302677
XIV	3240	0.14804426181226596
XV	3240	0.16762073544086775
XVI	3240	0.2477918204006894
I	3245	0.30366869662667556
II	3245	0.12229581496930585
III	3245	0.271632695878726
IV	3245	0.19447456252982342
V	3245	0.06811845782630584
VI	3245	0.19838170572362407
VII	3245	0.23440702513428785
VIII	3245	0.2706760770150877
IX	3245	0.1542097079256538
X	3245	0.1413863340444733
XI	3245	0.05819146511181495
XII	3245	0.18311371880498287
XIII	3245	0.079600316302677
XIV	3245	0.14804426181226596
XV	3245	0.16762073544086775
XVI	3245	0.24436906291334148
I	3250	0.30366869662667556
II	3250	0.12229581496930585
III	3250	0.271632695878726
IV	3250	0.19447456252982342
V	3250	0.06811845782630584
VI	3250	0.19838170572362407
VII	3250	0.23440702513428785
VIII	3250	0.2706760770150877
IX	3250	0.14682828356308877
X	3250	0.1413863340444733
XI	3250	0.05819146511181495
XII	3250	0.18311371880498287
XIII	3250	0.079600316302677
XIV	3250	0.14804426181226596
XV	3250	0.16762073544086775
XVI	3250	0.24436906291334148
I	3255	0.30366869662667556
II	3255	0.12229581496930585
III	3255	0.271632695878726
IV	3255	0.19447456252982342
V	3255	0.06811845782630584
VI	3255	0.19838170572362407
VII	3255	0.23440702513428785
VIII	3255	0.2648944357256733
IX	3255	0.14682828356308877
X	3255	0.1413863340444733
XI	3255	0.05819146511181495
XII	3255	0.18311371880498287
XIII	3255	0.079600316302677
XIV	3255	0.14804426181226596
XV	3255	0.16762073544086775
XVI	3255	0.24436906291334148
I	3260	0.30366869662667556
II	3260	0.12229581496930585
III	3260	0.271632695878726
IV	3260	0.192346532126405
V	3260	0.06811845782630584
VI	3260	0.19838170572362407
VII	3260	0.23440702513428785
VIII	3260	0.2648944357256733
IX	3260	0.14682828356308877
X	3260	0.1413863340444733
XI	3260	0.05819146511181495
XII	3260	0.18311371880498287
XIII	3260	0.079600316302677
XIV	3260	0.14804426181226596
XV	3260	0.16762073544086775
XVI	3260	0.24436906291334148
I	3265	0.30366869662667556
II	3265	0.12229581496930585
III	3265	0.271632695878726
IV	3265	0.192346532126405
V	3265	0.06811845782630584
VI	3265	0.19838170572362407
VII	3265	0.23440702513428785
VIII	3265	0.2648944357256733
IX	3265	0.14682828356308877
X	3265	0.1413863340444733
XI	3265	0.05819146511181495
XII	3265	0.18008545906655402
XIII	3265	0.079600316302677
XIV	3265	0.14804426181226596
XV	3265	0.16762073544086775
XVI	3265	0.24436906291334148
I	3270	0.30366869662667556
II	3270	0.12229581496930585
III	3270	0.271632695878726
IV	3270	0.1902139323325498
V	3270	0.06811845782630584
VI	3270	0.19838170572362407
VII	3270	0.23440702513428785
VIII	3270	0.2648944357256733
IX	3270	0.14682828356308877
X	3270	0.1413863340444733
XI	3270	0.05819146511181495
XII	3270	0.1770553443451307
XIII	3270	0.079600316302677
XIV	3270	0.14804426181226596
XV	3270	0.16762073544086775
XVI	3270	0.24436906291334148
I	3275	0.30366869662667556
II	3275	0.12229581496930585
III	3275	0.2613897909144713
IV	3275	0.1902139323325498
V	3275	0.06811845782630584
VI	3275	0.19838170572362407
VII	3275	0.23440702513428785
VIII	3275	0.2590808025693024
IX	3275	0.14682828356308877
X	3275	0.1413863340444733
XI	3275	0.05819146511181495
XII	3275	0.1770553443451307
XIII	3275	0.079600316302677
XIV	3275	0.14804426181226596
XV	3275	0.16762073544086775
XVI	3275	0.24436906291334148
I	3280	0.30366869662667556
II	3280	0.12229581496930585
III	3280	0.2613897909144713
IV	3280	0.1902139323325498
V	3280	0.06811845782630584
VI	3280	0.19838170572362407
VII	3280	0.23440702513428785
VIII	3280	0.2590808025693024
IX	3280	0.14682828356308877
X	3280	0.1413863340444733
XI	3280	0.05819146511181495
XII	3280	0.1770553443451307
XIII	3280	0.079600316302677
XIV	3280	0.14804426181226596
XV	3280	0.16762073544086775
XVI	3280	0.24436906291334148
I	3285	0.30366869662667556
II	3285	0.12229581496930585
III	3285	0.2613897909144713
IV	3285	0.1902139323325498
V	3285	0.06811845782630584
VI	3285	0.19838170572362407
VII	3285	0.23440702513428785
VIII	3285	0.2532422868497431
IX	3285	0.14682828356308877
X	3285	0.1413863340444733
XI	3285	0.05819146511181495
XII	3285	0.1770553443451307
XIII	3285	0.079600316302677
XIV	3285	0.14804426181226596
XV	3285	0.16762073544086775
XVI	3285	0.24436906291334148
I	3290	0.30366869662667556
II	3290	0.12229581496930585
III	3290	0.2613897909144713
IV	3290	0.1902139323325498
V	3290	0.06811845782630584
VI	3290	0.19838170572362407
VII	3290	0.23440702513428785
VIII	3290	0.2532422868497431
IX	3290	0.14682828356308877
X	3290	0.1413863340444733
XI	3290	0.05819146511181495
XII	3290	0.1770553443451307
XIII	3290	0.079600316302677
XIV	3290	0.14804426181226596
XV	3290	0.16762073544086775
XVI	3290	0.24436906291334148
I	3295	0.30366869662667556
II	3295	0.12229581496930585
III	3295	0.2613897909144713
IV	3295	0.1902139323325498
V	3295	0.06811845782630584
VI	3295	0.19838170572362407
VII	3295	0.23440702513428785
VIII	3295	0.2532422868497431
IX	3295	0.14682828356308877
X	3295	0.1413863340444733
XI	3295	0.05819146511181495
XII	3295	0.1770553443451307
XIII	3295	0.079600316302677
XIV	3295	0.14804426181226596
XV	3295	0.16762073544086775
XVI	3295	0.24436906291334148
I	3300	0.30366869662667556
II	3300	0.12229581496930585
III	3300	0.2613897909144713
IV	3300	0.1902139323325498
V	3300	0.06811845782630584
VI	3300	0.19838170572362407
VII	3300	0.23440702513428785
VIII	3300	0.2532422868497431
IX	3300	0.14682828356308877
X	3300	0.1413863340444733
XI	3300	0.05819146511181495
XII	3300	0.1770553443451307
XIII	3300	0.079600316302677
XIV	3300	0.14804426181226596
XV	3300	0.16762073544086775
XVI	3300	0.24436906291334148
I	3305	0.30366869662667556
II	3305	0.12229581496930585
III	3305	0.2613897909144713
IV	3305	0.1902139323325498
V	3305	0.06811845782630584
VI	3305	0.19838170572362407
VII	3305	0.23440702513428785
VIII	3305	0.2532422868497431
IX	3305	0.14682828356308877
X	3305	0.1413863340444733
XI	3305	0.05819146511181495
XII	3305	0.1770553443451307
XIII	3305	0.079600316302677
XIV	3305	0.14804426181226596
XV	3305	0.16762073544086775
XVI	3305	0.24436906291334148
I	3310	0.30366869662667556
II	3310	0.12229581496930585
III	3310	0.2613897909144713
IV	3310	0.1902139323325498
V	3310	0.06811845782630584
VI	3310	0.19838170572362407
VII	3310	0.23137661099602178
VIII	3310	0.2532422868497431
IX	3310	0.14682828356308877
X	3310	0.1413863340444733
XI	3310	0.05819146511181495
XII	3310	0.1770553443451307
XIII	3310	0.079600316302677
XIV	3310	0.14804426181226596
XV	3310	0.16762073544086775
XVI	3310	0.24436906291334148
I	3315	0.30366869662667556
II	3315	0.12229581496930585
III	3315	0.2613897909144713
IV	3315	0.1902139323325498
V	3315	0.06811845782630584
VI	3315	0.19838170572362407
VII	3315	0.23137661099602178
VIII	3315	0.2532422868497431
IX	3315	0.14682828356308877
X	3315	0.1413863340444733
XI	3315	0.05819146511181495
XII	3315	0.1770553443451307
XIII	3315	0.079600316302677
XIV	3315	0.14804426181226596
XV	3315	0.16762073544086775
XVI	3315	0.24436906291334148
I	3320	0.30366869662667556
II	3320	0.12229581496930585
III	3320	0.2613897909144713
IV	3320	0.1902139323325498
V	3320	0.06811845782630584
VI	3320	0.19838170572362407
VII	3320	0.23137661099602178
VIII	3320	0.2532422868497431
IX	3320	0.14682828356308877
X	3320	0.1413863340444733
XI	3320	0.05819146511181495
XII	3320	0.1770553443451307
XIII	3320	0.079600316302677
XIV	3320	0.14804426181226596
XV	3320	0.16762073544086775
XVI	3320	0.24436906291334148
I	3325	0.30366869662667556
II	3325	0.12229581496930585
III	3325	0.2613897909144713
IV	3325	0.1902139323325498
V	3325	0.06811845782630584
VI	3325	0.19838170572362407
VII	3325	0.23137661099602178
VIII	3325	0.2532422868497431
IX	3325	0.14682828356308877
X	3325	0.1413863340444733
XI	3325	0.05819146511181495
XII	3325	0.1770553443451307
XIII	3325	0.079600316302677
XIV	3325	0.14804426181226596
XV	3325	0.16762073544086775
XVI	3325	0.24436906291334148
I	3330	0.30366869662667556
II	3330	0.12229581496930585
III	3330	0.2613897909144713
IV	3330	0.1902139323325498
V	3330	0.06811845782630584
VI	3330	0.19838170572362407
VII	3330	0.23137661099602178
VIII	3330	0.2532422868497431
IX	3330	0.14682828356308877
X	3330	0.1413863340444733
XI	3330	0.05819146511181495
XII	3330	0.17396679765938244
XIII	3330	0.079600316302677
XIV	3330	0.14804426181226596
XV	3330	0.16762073544086775
XVI	3330	0.24436906291334148
I	3335	0.30366869662667556
II	3335	0.12229581496930585
III	3335	0.2613897909144713
IV	3335	0.1880369441744515
V	3335	0.06811845782630584
VI	3335	0.19838170572362407
VII	3335	0.2283232808403762
VIII	3335	0.2532422868497431
IX	3335	0.14682828356308877
X	3335	0.1413863340444733
XI	3335	0.05819146511181495
XII	3335	0.17396679765938244
XIII	3335	0.079600316302677
XIV	3335	0.14804426181226596
XV	3335	0.16762073544086775
XVI	3335	0.24436906291334148
I	3340	0.30366869662667556
II	3340	0.12229581496930585
III	3340	0.2613897909144713
IV	3340	0.1880369441744515
V	3340	0.06811845782630584
VI	3340	0.19838170572362407
VII	3340	0.2283232808403762
VIII	3340	0.2532422868497431
IX	3340	0.14682828356308877
X	3340	0.1413863340444733
XI	3340	0.05819146511181495
XII	3340	0.17396679765938244
XIII	3340	0.079600316302677
XIV	3340	0.14804426181226596
XV	3340	0.16762073544086775
XVI	3340	0.24436906291334148
I	3345	0.30366869662667556
II	3345	0.12229581496930585
III	3345	0.2613897909144713
IV	3345	0.1880369441744515
V	3345	0.06811845782630584
VI	3345	0.19838170572362407
VII	3345	0.2283232808403762
VIII	3345	0.2532422868497431
IX	3345	0.14682828356308877
X	3345	0.1413863340444733
XI	3345	0.05819146511181495
XII	3345	0.17396679765938244
XIII	3345	0.079600316302677
XIV	3345	0.14804426181226596
XV	3345	0.16762073544086775
XVI	3345	0.24436906291334148
I	3350	0.30366869662667556
II	3350	0.12229581496930585
III	3350	0.2613897909144713
IV	3350	0.1880369441744515
V	3350	0.06811845782630584
VI	3350	0.19838170572362407
VII	3350	0.2283232808403762
VIII	3350	0.2532422868497431
IX	3350	0.14682828356308877
X	3350	0.1413863340444733
XI	3350	0.05819146511181495
XII	3350	0.17396679765938244
XIII	3350	0.079600316302677
XIV	3350	0.14804426181226596
XV	3350	0.16455097677887934
XVI	3350	0.24436906291334148
I	3355	0.30366869662667556
II	3355	0.12229581496930585
III	3355	0.2613897909144713
IV	3355	0.18584885892529243
V	3355	0.06811845782630584
VI	3355	0.19838170572362407
VII	3355	0.2283232808403762
VIII	3355	0.2532422868497431
IX	3355	0.14682828356308877
X	3355	0.1413863340444733
XI	3355	0.05819146511181495
XII	3355	0.17396679765938244
XIII	3355	0.07597105679060957
XIV	3355	0.14804426181226596
XV	3355	0.16455097677887934
XVI	3355	0.24436906291334148
I	3360	0.30366869662667556
II	3360	0.12229581496930585
III	3360	0.2613897909144713
IV	3360	0.18584885892529243
V	3360	0.06811845782630584
VI	3360	0.19838170572362407
VII	3360	0.2283232808403762
VIII	3360	0.2472722490104738
IX	3360	0.14682828356308877
X	3360	0.1413863340444733
XI	3360	0.05819146511181495
XII	3360	0.17396679765938244
XIII	3360	0.07597105679060957
XIV	3360	0.14804426181226596
XV	3360	0.16455097677887934
XVI	3360	0.24436906291334148
I	3365	0.30366869662667556
II	3365	0.12229581496930585
III	3365	0.2613897909144713
IV	3365	0.18584885892529243
V	3365	0.06811845782630584
VI	3365	0.19838170572362407
VII	3365	0.2283232808403762
VIII	3365	0.2472722490104738
IX	3365	0.14682828356308877
X	3365	0.13687946781164223
XI	3365	0.05819146511181495
XII	3365	0.1708485712457231
XIII	3365	0.07597105679060957
XIV	3365	0.14804426181226596
XV	3365	0.16455097677887934
XVI	3365	0.24436906291334148
I	3370	0.30366869662667556
II	3370	0.12229581496930585
III	3370	0.2613897909144713
IV	3370	0.18584885892529243
V	3370	0.06811845782630584
VI	3370	0.19838170572362407
VII	3370	0.2283232808403762
VIII	3370	0.2472722490104738
IX	3370	0.14682828356308877
X	3370	0.13687946781164223
XI	3370	0.05819146511181495
XII	3370	0.1708485712457231
XIII	3370	0.07597105679060957
XIV	3370	0.14804426181226596
XV	3370	0.16455097677887934
XVI	3370	0.24436906291334148
I	3375	0.30366869662667556
II	3375	0.12229581496930585
III	3375	0.2613897909144713
IV	3375	0.18584885892529243
V	3375	0.06811845782630584
VI	3375	0.19838170572362407
VII	3375	0.2252332850569234
VIII	3375	0.2472722490104738
IX	3375	0.14682828356308877
X	3375	0.13687946781164223
XI	3375	0.05819146511181495
XII	3375	0.1708485712457231
XIII	3375	0.07597105679060957
XIV	3375	0.14804426181226596
XV	3375	0.16455097677887934
XVI	3375	0.24436906291334148
I	3380	0.30366869662667556
II	3380	0.12229581496930585
III	3380	0.2613897909144713
IV	3380	0.18584885892529243
V	3380	0.06811845782630584
VI	3380	0.19838170572362407
VII	3380	0.2252332850569234
VIII	3380	0.2472722490104738
IX	3380	0.14682828356308877
X	3380	0.13687946781164223
XI	3380	0.05819146511181495
XII	3380	0.1708485712457231
XIII	3380	0.07597105679060957
XIV	3380	0.14804426181226596
XV	3380	0.1614537277408134
XVI	3380	0.24436906291334148
I	3385	0.30366869662667556
II	3385	0.12229581496930585
III	3385	0.2613897909144713
IV	3385	0.18584885892529243
V	3385	0.06811845782630584
VI	3385	0.19838170572362407
VII	3385	0.2252332850569234
VIII	3385	0.2472722490104738
IX	3385	0.14682828356308877
X	3385	0.13687946781164223
XI	3385	0.05819146511181495
XII	3385	0.1708485712457231
XIII	3385	0.07597105679060957
XIV	3385	0.14804426181226596
XV	3385	0.1614537277408134
XVI	3385	0.24436906291334148
I	3390	0.30366869662667556
II	3390	0.12229581496930585
III	3390	0.2613897909144713
IV	3390	0.18584885892529243
V	3390	0.06811845782630584
VI	3390	0.19838170572362407
VII	3390	0.2252332850569234
VIII	3390	0.2472722490104738
IX	3390	0.14682828356308877
X	3390	0.13687946781164223
XI	3390	0.05819146511181495
XII	3390	0.1708485712457231
XIII	3390	0.07597105679060957
XIV	3390	0.14804426181226596
XV	3390	0.1614537277408134
XVI	3390	0.24436906291334148
I	3395	0.30366869662667556
II	3395	0.12229581496930585
III	3395	0.2613897909144713
IV	3395	0.18363401010357502
V	3395	0.06811845782630584
VI	3395	0.19838170572362407
VII	3395	0.2252332850569234
VIII	3395	0.2472722490104738
IX	3395	0.14682828356308877
X	3395	0.13687946781164223
XI	3395	0.05819146511181495
XII	3395	0.1708485712457231
XIII	3395	0.07597105679060957
XIV	3395	0.14804426181226596
XV	3395	0.1614537277408134
XVI	3395	0.24436906291334148
I	3400	0.30366869662667556
II	3400	0.11811594915787817
III	3400	0.2613897909144713
IV	3400	0.18363401010357502
V	3400	0.06811845782630584
VI	3400	0.19838170572362407
VII	3400	0.2252332850569234
VIII	3400	0.2472722490104738
IX	3400	0.14682828356308877
X	3400	0.13687946781164223
XI	3400	0.05819146511181495
XII	3400	0.1708485712457231
XIII	3400	0.07597105679060957
XIV	3400	0.14804426181226596
XV	3400	0.1614537277408134
XVI	3400	0.24436906291334148
I	3405	0.30366869662667556
II	3405	0.11811594915787817
III	3405	0.2613897909144713
IV	3405	0.18363401010357502
V	3405	0.06811845782630584
VI	3405	0.19838170572362407
VII	3405	0.2252332850569234
VIII	3405	0.2472722490104738
IX	3405	0.14682828356308877
X	3405	0.13687946781164223
XI	3405	0.05819146511181495
XII	3405	0.1708485712457231
XIII	3405	0.07597105679060957
XIV	3405	0.14804426181226596
XV	3405	0.1614537277408134
XVI	3405	0.24077859558300793
I	3410	0.30366869662667556
II	3410	0.11811594915787817
III	3410	0.2613897909144713
IV	3410	0.18363401010357502
V	3410	0.06811845782630584
VI	3410	0.19838170572362407
VII	3410	0.2252332850569234
VIII	3410	0.2472722490104738
IX	3410	0.14682828356308877
X	3410	0.13687946781164223
XI	3410	0.05819146511181495
XII	3410	0.1708485712457231
XIII	3410	0.07597105679060957
XIV	3410	0.14804426181226596
XV	3410	0.1614537277408134
XVI	3410	0.24077859558300793
I	3415	0.30366869662667556
II	3415	0.11811594915787817
III	3415	0.2613897909144713
IV	3415	0.18363401010357502
V	3415	0.06811845782630584
VI	3415	0.19838170572362407
VII	3415	0.2252332850569234
VIII	3415	0.2472722490104738
IX	3415	0.14682828356308877
X	3415	0.13687946781164223
XI	3415	0.05819146511181495
XII	3415	0.1708485712457231
XIII	3415	0.07597105679060957
XIV	3415	0.14804426181226596
XV	3415	0.1614537277408134
XVI	3415	0.24077859558300793
I	3420	0.30366869662667556
II	3420	0.10971317684558476
III	3420	0.2613897909144713
IV	3420	0.18363401010357502
V	3420	0.06811845782630584
VI	3420	0.19838170572362407
VII	3420	0.22210204044218748
VIII	3420	0.2472722490104738
IX	3420	0.14682828356308877
X	3420	0.13687946781164223
XI	3420	0.05819146511181495
XII	3420	0.1708485712457231
XIII	3420	0.07597105679060957
XIV	3420	0.14804426181226596
XV	3420	0.1614537277408134
XVI	3420	0.24077859558300793
I	3425	0.30366869662667556
II	3425	0.10971317684558476
III	3425	0.2613897909144713
IV	3425	0.18363401010357502
V	3425	0.06811845782630584
VI	3425	0.19838170572362407
VII	3425	0.22210204044218748
VIII	3425	0.2472722490104738
IX	3425	0.14682828356308877
X	3425	0.13687946781164223
XI	3425	0.05819146511181495
XII	3425	0.1708485712457231
XIII	3425	0.07597105679060957
XIV	3425	0.14804426181226596
XV	3425	0.15831615948450048
XVI	3425	0.24077859558300793
I	3430	0.30366869662667556
II	3430	0.10971317684558476
III	3430	0.2613897909144713
IV	3430	0.18363401010357502
V	3430	0.06811845782630584
VI	3430	0.19838170572362407
VII	3430	0.22210204044218748
VIII	3430	0.2472722490104738
IX	3430	0.14682828356308877
X	3430	0.13687946781164223
XI	3430	0.05819146511181495
XII	3430	0.1708485712457231
XIII	3430	0.07597105679060957
XIV	3430	0.14804426181226596
XV	3430	0.15831615948450048
XVI	3430	0.24077859558300793
I	3435	0.30366869662667556
II	3435	0.10971317684558476
III	3435	0.2613897909144713
IV	3435	0.18363401010357502
V	3435	0.06811845782630584
VI	3435	0.19838170572362407
VII	3435	0.22210204044218748
VIII	3435	0.2472722490104738
IX	3435	0.14682828356308877
X	3435	0.13687946781164223
XI	3435	0.05819146511181495
XII	3435	0.1708485712457231
XIII	3435	0.07597105679060957
XIV	3435	0.14804426181226596
XV	3435	0.15831615948450048
XVI	3435	0.24077859558300793
I	3440	0.30366869662667556
II	3440	0.10971317684558476
III	3440	0.2613897909144713
IV	3440	0.18363401010357502
V	3440	0.06811845782630584
VI	3440	0.19838170572362407
VII	3440	0.22210204044218748
VIII	3440	0.2472722490104738
IX	3440	0.14682828356308877
X	3440	0.13687946781164223
XI	3440	0.05819146511181495
XII	3440	0.1708485712457231
XIII	3440	0.07597105679060957
XIV	3440	0.14804426181226596
XV	3440	0.15831615948450048
XVI	3440	0.24077859558300793
I	3445	0.30366869662667556
II	3445	0.10971317684558476
III	3445	0.2613897909144713
IV	3445	0.18363401010357502
V	3445	0.06811845782630584
VI	3445	0.19838170572362407
VII	3445	0.22210204044218748
VIII	3445	0.24114936114019014
IX	3445	0.14682828356308877
X	3445	0.13687946781164223
XI	3445	0.05819146511181495
XII	3445	0.1708485712457231
XIII	3445	0.07597105679060957
XIV	3445	0.14804426181226596
XV	3445	0.15831615948450048
XVI	3445	0.24077859558300793
I	3450	0.30366869662667556
II	3450	0.10971317684558476
III	3450	0.25058636012062263
IV	3450	0.18363401010357502
V	3450	0.06811845782630584
VI	3450	0.19838170572362407
VII	3450	0.2189405466845106
VIII	3450	0.24114936114019014
IX	3450	0.14682828356308877
X	3450	0.13687946781164223
XI	3450	0.05819146511181495
XII	3450	0.16764872558030824
XIII	3450	0.07597105679060957
XIV	3450	0.14804426181226596
XV	3450	0.15831615948450048
XVI	3450	0.24077859558300793
I	3455	0.30366869662667556
II	3455	0.10971317684558476
III	3455	0.25058636012062263
IV	3455	0.18363401010357502
V	3455	0.06811845782630584
VI	3455	0.19838170572362407
VII	3455	0.2189405466845106
VIII	3455	0.24114936114019014
IX	3455	0.14682828356308877
X	3455	0.13687946781164223
XI	3455	0.05819146511181495
XII	3455	0.16764872558030824
XIII	3455	0.07597105679060957
XIV	3455	0.14804426181226596
XV	3455	0.15831615948450048
XVI	3455	0.24077859558300793
I	3460	0.30366869662667556
II	3460	0.10971317684558476
III	3460	0.25058636012062263
IV	3460	0.18363401010357502
V	3460	0.06811845782630584
VI	3460	0.19838170572362407
VII	3460	0.2189405466845106
VIII	3460	0.24114936114019014
IX	3460	0.14682828356308877
X	3460	0.13687946781164223
XI	3460	0.05819146511181495
XII	3460	0.16444238747441284
XIII	3460	0.07597105679060957
XIV	3460	0.14804426181226596
XV	3460	0.15831615948450048
XVI	3460	0.24077859558300793
I	3465	0.30366869662667556
II	3465	0.10971317684558476
III	3465	0.23974222074697113
IV	3465	0.18363401010357502
V	3465	0.06811845782630584
VI	3465	0.19838170572362407
VII	3465	0.2189405466845106
VIII	3465	0.24114936114019014
IX	3465	0.14682828356308877
X	3465	0.13687946781164223
XI	3465	0.05819146511181495
XII	3465	0.16444238747441284
XIII	3465	0.07597105679060957
XIV	3465	0.14804426181226596
XV	3465	0.15831615948450048
XVI	3465	0.24077859558300793
I	3470	0.30366869662667556
II	3470	0.10971317684558476
III	3470	0.23974222074697113
IV	3470	0.18363401010357502
V	3470	0.06811845782630584
VI	3470	0.19838170572362407
VII	3470	0.2189405466845106
VIII	3470	0.24114936114019014
IX	3470	0.14682828356308877
X	3470	0.13687946781164223
XI	3470	0.05819146511181495
XII	3470	0.16444238747441284
XIII	3470	0.07597105679060957
XIV	3470	0.14804426181226596
XV	3470	0.15831615948450048
XVI	3470	0.24077859558300793
I	3475	0.30366869662667556
II	3475	0.10971317684558476
III	3475	0.23974222074697113
IV	3475	0.18363401010357502
V	3475	0.06811845782630584
VI	3475	0.19838170572362407
VII	3475	0.2189405466845106
VIII	3475	0.24114936114019014
IX	3475	0.14682828356308877
X	3475	0.13687946781164223
XI	3475	0.05819146511181495
XII	3475	0.16444238747441284
XIII	3475	0.07597105679060957
XIV	3475	0.14804426181226596
XV	3475	0.15831615948450048
XVI	3475	0.24077859558300793
I	3480	0.30366869662667556
II	3480	0.10971317684558476
III	3480	0.23974222074697113
IV	3480	0.18363401010357502
V	3480	0.06811845782630584
VI	3480	0.19838170572362407
VII	3480	0.2189405466845106
VIII	3480	0.24114936114019014
IX	3480	0.14682828356308877
X	3480	0.13687946781164223
XI	3480	0.05819146511181495
XII	3480	0.16444238747441284
XIII	3480	0.07597105679060957
XIV	3480	0.14804426181226596
XV	3480	0.15831615948450048
XVI	3480	0.24077859558300793
I	3485	0.30366869662667556
II	3485	0.10971317684558476
III	3485	0.23974222074697113
IV	3485	0.18363401010357502
V	3485	0.06811845782630584
VI	3485	0.19838170572362407
VII	3485	0.2189405466845106
VIII	3485	0.24114936114019014
IX	3485	0.14682828356308877
X	3485	0.13687946781164223
XI	3485	0.05819146511181495
XII	3485	0.16444238747441284
XIII	3485	0.07597105679060957
XIV	3485	0.14804426181226596
XV	3485	0.15831615948450048
XVI	3485	0.24077859558300793
I	3490	0.30366869662667556
II	3490	0.10971317684558476
III	3490	0.23974222074697113
IV	3490	0.18363401010357502
V	3490	0.06811845782630584
VI	3490	0.19838170572362407
VII	3490	0.2189405466845106
VIII	3490	0.24114936114019014
IX	3490	0.14682828356308877
X	3490	0.13687946781164223
XI	3490	0.05819146511181495
XII	3490	0.16444238747441284
XIII	3490	0.07597105679060957
XIV	3490	0.14804426181226596
XV	3490	0.15831615948450048
XVI	3490	0.24077859558300793
I	3495	0.30366869662667556
II	3495	0.10971317684558476
III	3495	0.23974222074697113
IV	3495	0.18363401010357502
V	3495	0.06811845782630584
VI	3495	0.19838170572362407
VII	3495	0.2189405466845106
VIII	3495	0.24114936114019014
IX	3495	0.14682828356308877
X	3495	0.13687946781164223
XI	3495	0.05819146511181495
XII	3495	0.16444238747441284
XIII	3495	0.07597105679060957
XIV	3495	0.14804426181226596
XV	3495	0.15831615948450048
XVI	3495	0.24077859558300793
I	3500	0.30366869662667556
II	3500	0.10971317684558476
III	3500	0.23974222074697113
IV	3500	0.18363401010357502
V	3500	0.06811845782630584
VI	3500	0.19838170572362407
VII	3500	0.2189405466845106
VIII	3500	0.24114936114019014
IX	3500	0.14682828356308877
X	3500	0.13687946781164223
XI	3500	0.05819146511181495
XII	3500	0.16444238747441284
XIII	3500	0.07597105679060957
XIV	3500	0.14358442141284378
XV	3500	0.15831615948450048
XVI	3500	0.24077859558300793
I	3505	0.30366869662667556
II	3505	0.10971317684558476
III	3505	0.23974222074697113
IV	3505	0.18363401010357502
V	3505	0.06811845782630584
VI	3505	0.19838170572362407
VII	3505	0.2189405466845106
VIII	3505	0.24114936114019014
IX	3505	0.14682828356308877
X	3505	0.13687946781164223
XI	3505	0.05819146511181495
XII	3505	0.16444238747441284
XIII	3505	0.07597105679060957
XIV	3505	0.14358442141284378
XV	3505	0.15831615948450048
XVI	3505	0.24077859558300793
I	3510	0.30366869662667556
II	3510	0.10971317684558476
III	3510	0.23974222074697113
IV	3510	0.18363401010357502
V	3510	0.06811845782630584
VI	3510	0.19838170572362407
VII	3510	0.21572313784442773
VIII	3510	0.24114936114019014
IX	3510	0.14682828356308877
X	3510	0.13687946781164223
XI	3510	0.05819146511181495
XII	3510	0.16444238747441284
XIII	3510	0.07597105679060957
XIV	3510	0.14358442141284378
XV	3510	0.15831615948450048
XVI	3510	0.24077859558300793
I	3515	0.30366869662667556
II	3515	0.10971317684558476
III	3515	0.23974222074697113
IV	3515	0.18363401010357502
V	3515	0.06811845782630584
VI	3515	0.19838170572362407
VII	3515	0.21572313784442773
VIII	3515	0.24114936114019014
IX	3515	0.13884215982250028
X	3515	0.13687946781164223
XI	3515	0.05819146511181495
XII	3515	0.16444238747441284
XIII	3515	0.07597105679060957
XIV	3515	0.14358442141284378
XV	3515	0.15831615948450048
XVI	3515	0.24077859558300793
I	3520	0.30366869662667556
II	3520	0.10971317684558476
III	3520	0.23974222074697113
IV	3520	0.18363401010357502
V	3520	0.06811845782630584
VI	3520	0.19838170572362407
VII	3520	0.21572313784442773
VIII	3520	0.24114936114019014
IX	3520	0.13884215982250028
X	3520	0.13687946781164223
XI	3520	0.05819146511181495
XII	3520	0.16444238747441284
XIII	3520	0.07597105679060957
XIV	3520	0.14358442141284378
XV	3520	0.15831615948450048
XVI	3520	0.24077859558300793
I	3525	0.30366869662667556
II	3525	0.10971317684558476
III	3525	0.23974222074697113
IV	3525	0.18363401010357502
V	3525	0.06811845782630584
VI	3525	0.19838170572362407
VII	3525	0.21572313784442773
VIII	3525	0.24114936114019014
IX	3525	0.13884215982250028
X	3525	0.13687946781164223
XI	3525	0.05819146511181495
XII	3525	0.16444238747441284
XIII	3525	0.07597105679060957
XIV	3525	0.1390939817653981
XV	3525	0.15831615948450048
XVI	3525	0.24077859558300793
I	3530	0.30366869662667556
II	3530	0.10971317684558476
III	3530	0.23974222074697113
IV	3530	0.18363401010357502
V	3530	0.06811845782630584
VI	3530	0.19838170572362407
VII	3530	0.21248922947183163
VIII	3530	0.24114936114019014
IX	3530	0.13884215982250028
X	3530	0.13687946781164223
XI	3530	0.05819146511181495
XII	3530	0.16444238747441284
XIII	3530	0.07597105679060957
XIV	3530	0.1390939817653981
XV	3530	0.15831615948450048
XVI	3530	0.24077859558300793
I	3535	0.30366869662667556
II	3535	0.10971317684558476
III	3535	0.23974222074697113
IV	3535	0.18363401010357502
V	3535	0.06811845782630584
VI	3535	0.19838170572362407
VII	3535	0.21248922947183163
VIII	3535	0.24114936114019014
IX	3535	0.13884215982250028
X	3535	0.13687946781164223
XI	3535	0.05819146511181495
XII	3535	0.16444238747441284
XIII	3535	0.07597105679060957
XIV	3535	0.1390939817653981
XV	3535	0.15831615948450048
XVI	3535	0.23704995221851644
I	3540	0.30366869662667556
II	3540	0.10971317684558476
III	3540	0.23974222074697113
IV	3540	0.18363401010357502
V	3540	0.06811845782630584
VI	3540	0.19838170572362407
VII	3540	0.21248922947183163
VIII	3540	0.24114936114019014
IX	3540	0.13079465682173644
X	3540	0.13687946781164223
XI	3540	0.05819146511181495
XII	3540	0.16444238747441284
XIII	3540	0.07597105679060957
XIV	3540	0.1390939817653981
XV	3540	0.15831615948450048
XVI	3540	0.23704995221851644
I	3545	0.30366869662667556
II	3545	0.10971317684558476
III	3545	0.23974222074697113
IV	3545	0.18363401010357502
V	3545	0.06811845782630584
VI	3545	0.19838170572362407
VII	3545	0.21248922947183163
VIII	3545	0.24114936114019014
IX	3545	0.13079465682173644
X	3545	0.13687946781164223
XI	3545	0.05819146511181495
XII	3545	0.16444238747441284
XIII	3545	0.07597105679060957
XIV	3545	0.1390939817653981
XV	3545	0.15831615948450048
XVI	3545	0.23704995221851644
I	3550	0.30366869662667556
II	3550	0.10971317684558476
III	3550	0.23974222074697113
IV	3550	0.18363401010357502
V	3550	0.06811845782630584
VI	3550	0.19838170572362407
VII	3550	0.21248922947183163
VIII	3550	0.24114936114019014
IX	3550	0.13079465682173644
X	3550	0.13687946781164223
XI	3550	0.05819146511181495
XII	3550	0.16444238747441284
XIII	3550	0.07597105679060957
XIV	3550	0.1390939817653981
XV	3550	0.155063131648662
XVI	3550	0.23704995221851644
I	3555	0.30366869662667556
II	3555	0.10971317684558476
III	3555	0.23974222074697113
IV	3555	0.18363401010357502
V	3555	0.06811845782630584
VI	3555	0.19838170572362407
VII	3555	0.21248922947183163
VIII	3555	0.23483274474222554
IX	3555	0.13079465682173644
X	3555	0.13687946781164223
XI	3555	0.05819146511181495
XII	3555	0.16444238747441284
XIII	3555	0.07597105679060957
XIV	3555	0.1390939817653981
XV	3555	0.155063131648662
XVI	3555	0.23704995221851644
I	3560	0.30366869662667556
II	3560	0.10533901306469384
III	3560	0.23974222074697113
IV	3560	0.18131145422156192
V	3560	0.06811845782630584
VI	3560	0.19838170572362407
VII	3560	0.21248922947183163
VIII	3560	0.23483274474222554
IX	3560	0.13079465682173644
X	3560	0.13687946781164223
XI	3560	0.05819146511181495
XII	3560	0.16444238747441284
XIII	3560	0.07597105679060957
XIV	3560	0.1390939817653981
XV	3560	0.155063131648662
XVI	3560	0.23704995221851644
I	3565	0.30366869662667556
II	3565	0.10533901306469384
III	3565	0.23974222074697113
IV	3565	0.18131145422156192
V	3565	0.06811845782630584
VI	3565	0.19838170572362407
VII	3565	0.21248922947183163
VIII	3565	0.23483274474222554
IX	3565	0.13079465682173644
X	3565	0.13687946781164223
XI	3565	0.05819146511181495
XII	3565	0.16113959025280636
XIII	3565	0.07597105679060957
XIV	3565	0.1390939817653981
XV	3565	0.155063131648662
XVI	3565	0.23704995221851644
I	3570	0.30366869662667556
II	3570	0.10533901306469384
III	3570	0.23974222074697113
IV	3570	0.18131145422156192
V	3570	0.06811845782630584
VI	3570	0.19838170572362407
VII	3570	0.21248922947183163
VIII	3570	0.23483274474222554
IX	3570	0.13079465682173644
X	3570	0.132096369967992
XI	3570	0.05819146511181495
XII	3570	0.16113959025280636
XIII	3570	0.0721135487667549
XIV	3570	0.1390939817653981
XV	3570	0.155063131648662
XVI	3570	0.23704995221851644
I	3575	0.30366869662667556
II	3575	0.10533901306469384
III	3575	0.23974222074697113
IV	3575	0.18131145422156192
V	3575	0.06811845782630584
VI	3575	0.19838170572362407
VII	3575	0.21248922947183163
VIII	3575	0.23483274474222554
IX	3575	0.13079465682173644
X	3575	0.132096369967992
XI	3575	0.05819146511181495
XII	3575	0.16113959025280636
XIII	3575	0.0721135487667549
XIV	3575	0.1390939817653981
XV	3575	0.155063131648662
XVI	3575	0.23704995221851644
I	3580	0.30366869662667556
II	3580	0.10533901306469384
III	3580	0.23974222074697113
IV	3580	0.18131145422156192
V	3580	0.06811845782630584
VI	3580	0.19838170572362407
VII	3580	0.21248922947183163
VIII	3580	0.23483274474222554
IX	3580	0.1226630415014731
X	3580	0.132096369967992
XI	3580	0.05819146511181495
XII	3580	0.16113959025280636
XIII	3580	0.0721135487667549
XIV	3580	0.1390939817653981
XV	3580	0.155063131648662
XVI	3580	0.23704995221851644
I	3585	0.30366869662667556
II	3585	0.10533901306469384
III	3585	0.23974222074697113
IV	3585	0.18131145422156192
V	3585	0.06811845782630584
VI	3585	0.19838170572362407
VII	3585	0.21248922947183163
VIII	3585	0.23483274474222554
IX	3585	0.1226630415014731
X	3585	0.132096369967992
XI	3585	0.05819146511181495
XII	3585	0.16113959025280636
XIII	3585	0.0721135487667549
XIV	3585	0.1390939817653981
XV	3585	0.155063131648662
XVI	3585	0.23704995221851644
I	3590	0.30366869662667556
II	3590	0.10533901306469384
III	3590	0.23974222074697113
IV	3590	0.18131145422156192
V	3590	0.06811845782630584
VI	3590	0.19838170572362407
VII	3590	0.21248922947183163
VIII	3590	0.23483274474222554
IX	3590	0.1226630415014731
X	3590	0.132096369967992
XI	3590	0.05819146511181495
XII	3590	0.16113959025280636
XIII	3590	0.0721135487667549
XIV	3590	0.1390939817653981
XV	3590	0.155063131648662
XVI	3590	0.23704995221851644
I	3595	0.30366869662667556
II	3595	0.10533901306469384
III	3595	0.23974222074697113
IV	3595	0.18131145422156192
V	3595	0.06811845782630584
VI	3595	0.19838170572362407
VII	3595	0.21248922947183163
VIII	3595	0.23483274474222554
IX	3595	0.1226630415014731
X	3595	0.132096369967992
XI	3595	0.05819146511181495
XII	3595	0.16113959025280636
XIII	3595	0.0721135487667549
XIV	3595	0.1390939817653981
XV	3595	0.155063131648662
XVI	3595	0.23704995221851644
I	3600	0.30366869662667556
II	3600	0.10533901306469384
III	3600	0.23974222074697113
IV	3600	0.18131145422156192
V	3600	0.06811845782630584
VI	3600	0.19838170572362407
VII	3600	0.21248922947183163
VIII	3600	0.23483274474222554
IX	3600	0.1226630415014731
X	3600	0.132096369967992
XI	3600	0.05819146511181495
XII	3600	0.16113959025280636
XIII	3600	0.0721135487667549
XIV	3600	0.1390939817653981
XV	3600	0.155063131648662
XVI	3600	0.23704995221851644
I	3605	0.30366869662667556
II	3605	0.10533901306469384
III	3605	0.23974222074697113
IV	3605	0.18131145422156192
V	3605	0.06811845782630584
VI	3605	0.19838170572362407
VII	3605	0.21248922947183163
VIII	3605	0.23483274474222554
IX	3605	0.1226630415014731
X	3605	0.132096369967992
XI	3605	0.05819146511181495
XII	3605	0.16113959025280636
XIII	3605	0.0721135487667549
XIV	3605	0.1390939817653981
XV	3605	0.155063131648662
XVI	3605	0.23704995221851644
I	3610	0.30366869662667556
II	3610	0.10533901306469384
III	3610	0.23974222074697113
IV	3610	0.18131145422156192
V	3610	0.06811845782630584
VI	3610	0.19838170572362407
VII	3610	0.21248922947183163
VIII	3610	0.23483274474222554
IX	3610	0.1226630415014731
X	3610	0.132096369967992
XI	3610	0.05819146511181495
XII	3610	0.16113959025280636
XIII	3610	0.0721135487667549
XIV	3610	0.1390939817653981
XV	3610	0.155063131648662
XVI	3610	0.23704995221851644
I	3615	0.30366869662667556
II	3615	0.10533901306469384
III	3615	0.23974222074697113
IV	3615	0.18131145422156192
V	3615	0.06811845782630584
VI	3615	0.19838170572362407
VII	3615	0.21248922947183163
VIII	3615	0.23483274474222554
IX	3615	0.1226630415014731
X	3615	0.132096369967992
XI	3615	0.05819146511181495
XII	3615	0.16113959025280636
XIII	3615	0.0721135487667549
XIV	3615	0.1390939817653981
XV	3615	0.155063131648662
XVI	3615	0.23704995221851644
I	3620	0.2879575011510829
II	3620	0.10533901306469384
III	3620	0.23974222074697113
IV	3620	0.18131145422156192
V	3620	0.06811845782630584
VI	3620	0.19838170572362407
VII	3620	0.21248922947183163
VIII	3620	0.23483274474222554
IX	3620	0.1226630415014731
X	3620	0.132096369967992
XI	3620	0.05819146511181495
XII	3620	0.15778485350735547
XIII	3620	0.0721135487667549
XIV	3620	0.1390939817653981
XV	3620	0.155063131648662
XVI	3620	0.23704995221851644
I	3625	0.2879575011510829
II	3625	0.10533901306469384
III	3625	0.23974222074697113
IV	3625	0.18131145422156192
V	3625	0.06811845782630584
VI	3625	0.19838170572362407
VII	3625	0.21248922947183163
VIII	3625	0.23483274474222554
IX	3625	0.1226630415014731
X	3625	0.132096369967992
XI	3625	0.05819146511181495
XII	3625	0.15778485350735547
XIII	3625	0.0721135487667549
XIV	3625	0.1390939817653981
XV	3625	0.155063131648662
XVI	3625	0.23704995221851644
I	3630	0.2879575011510829
II	3630	0.10533901306469384
III	3630	0.23974222074697113
IV	3630	0.1789432044351809
V	3630	0.06811845782630584
VI	3630	0.19838170572362407
VII	3630	0.21248922947183163
VIII	3630	0.23483274474222554
IX	3630	0.1226630415014731
X	3630	0.132096369967992
XI	3630	0.05819146511181495
XII	3630	0.15778485350735547
XIII	3630	0.0721135487667549
XIV	3630	0.1390939817653981
XV	3630	0.155063131648662
XVI	3630	0.23704995221851644
I	3635	0.2879575011510829
II	3635	0.10533901306469384
III	3635	0.23974222074697113
IV	3635	0.1765723435685503
V	3635	0.06811845782630584
VI	3635	0.19838170572362407
VII	3635	0.21248922947183163
VIII	3635	0.23483274474222554
IX	3635	0.1226630415014731
X	3635	0.132096369967992
XI	3635	0.05819146511181495
XII	3635	0.15778485350735547
XIII	3635	0.0721135487667549
XIV	3635	0.1390939817653981
XV	3635	0.155063131648662
XVI	3635	0.23704995221851644
I	3640	0.2879575011510829
II	3640	0.10533901306469384
III	3640	0.23974222074697113
IV	3640	0.1765723435685503
V	3640	0.06811845782630584
VI	3640	0.19838170572362407
VII	3640	0.21248922947183163
VIII	3640	0.23483274474222554
IX	3640	0.1226630415014731
X	3640	0.132096369967992
XI	3640	0.05819146511181495
XII	3640	0.15778485350735547
XIII	3640	0.0721135487667549
XIV	3640	0.1390939817653981
XV	3640	0.155063131648662
XVI	3640	0.23704995221851644
I	3645	0.2879575011510829
II	3645	0.10533901306469384
III	3645	0.23974222074697113
IV	3645	0.1765723435685503
V	3645	0.06811845782630584
VI	3645	0.19838170572362407
VII	3645	0.21248922947183163
VIII	3645	0.23483274474222554
IX	3645	0.1226630415014731
X	3645	0.132096369967992
XI	3645	0.05819146511181495
XII	3645	0.15778485350735547
XIII	3645	0.0721135487667549
XIV	3645	0.1390939817653981
XV	3645	0.155063131648662
XVI	3645	0.23704995221851644
I	3650	0.2879575011510829
II	3650	0.10533901306469384
III	3650	0.23974222074697113
IV	3650	0.1765723435685503
V	3650	0.06811845782630584
VI	3650	0.19838170572362407
VII	3650	0.20914349093442353
VIII	3650	0.23483274474222554
IX	3650	0.1226630415014731
X	3650	0.132096369967992
XI	3650	0.05819146511181495
XII	3650	0.15778485350735547
XIII	3650	0.0721135487667549
XIV	3650	0.1390939817653981
XV	3650	0.155063131648662
XVI	3650	0.23704995221851644
I	3655	0.2879575011510829
II	3655	0.10533901306469384
III	3655	0.23974222074697113
IV	3655	0.1765723435685503
V	3655	0.06811845782630584
VI	3655	0.19838170572362407
VII	3655	0.20914349093442353
VIII	3655	0.23483274474222554
IX	3655	0.1226630415014731
X	3655	0.132096369967992
XI	3655	0.05819146511181495
XII	3655	0.15778485350735547
XIII	3655	0.0721135487667549
XIV	3655	0.1390939817653981
XV	3655	0.155063131648662
XVI	3655	0.23704995221851644
I	3660	0.2720725573152403
II	3660	0.10533901306469384
III	3660	0.23974222074697113
IV	3660	0.1765723435685503
V	3660	0.06811845782630584
VI	3660	0.19838170572362407
VII	3660	0.20914349093442353
VIII	3660	0.23483274474222554
IX	3660	0.1226630415014731
X	3660	0.132096369967992
XI	3660	0.05819146511181495
XII	3660	0.15778485350735547
XIII	3660	0.0721135487667549
XIV	3660	0.1390939817653981
XV	3660	0.155063131648662
XVI	3660	0.23704995221851644
I	3665	0.2720725573152403
II	3665	0.10533901306469384
III	3665	0.23974222074697113
IV	3665	0.1765723435685503
V	3665	0.06811845782630584
VI	3665	0.19838170572362407
VII	3665	0.20914349093442353
VIII	3665	0.23483274474222554
IX	3665	0.1226630415014731
X	3665	0.132096369967992
XI	3665	0.05819146511181495
XII	3665	0.15778485350735547
XIII	3665	0.0721135487667549
XIV	3665	0.1390939817653981
XV	3665	0.155063131648662
XVI	3665	0.23704995221851644
I	3670	0.2720725573152403
II	3670	0.10533901306469384
III	3670	0.23974222074697113
IV	3670	0.1765723435685503
V	3670	0.06811845782630584
VI	3670	0.19838170572362407
VII	3670	0.20914349093442353
VIII	3670	0.23483274474222554
IX	3670	0.1226630415014731
X	3670	0.132096369967992
XI	3670	0.05819146511181495
XII	3670	0.15778485350735547
XIII	3670	0.0721135487667549
XIV	3670	0.1390939817653981
XV	3670	0.155063131648662
XVI	3670	0.23704995221851644
I	3675	0.2720725573152403
II	3675	0.10533901306469384
III	3675	0.23974222074697113
IV	3675	0.1765723435685503
V	3675	0.06811845782630584
VI	3675	0.19838170572362407
VII	3675	0.20914349093442353
VIII	3675	0.23483274474222554
IX	3675	0.1226630415014731
X	3675	0.132096369967992
XI	3675	0.05819146511181495
XII	3675	0.15778485350735547
XIII	3675	0.0721135487667549
XIV	3675	0.1390939817653981
XV	3675	0.155063131648662
XVI	3675	0.23704995221851644
I	3680	0.2720725573152403
II	3680	0.10081482173776168
III	3680	0.23974222074697113
IV	3680	0.1765723435685503
V	3680	0.06811845782630584
VI	3680	0.19838170572362407
VII	3680	0.20914349093442353
VIII	3680	0.23483274474222554
IX	3680	0.1226630415014731
X	3680	0.132096369967992
XI	3680	0.05267869997120645
XII	3680	0.15778485350735547
XIII	3680	0.0721135487667549
XIV	3680	0.1390939817653981
XV	3680	0.155063131648662
XVI	3680	0.23704995221851644
I	3685	0.2720725573152403
II	3685	0.10081482173776168
III	3685	0.23974222074697113
IV	3685	0.1765723435685503
V	3685	0.06811845782630584
VI	3685	0.19838170572362407
VII	3685	0.20914349093442353
VIII	3685	0.23483274474222554
IX	3685	0.1226630415014731
X	3685	0.132096369967992
XI	3685	0.05267869997120645
XII	3685	0.15778485350735547
XIII	3685	0.0721135487667549
XIV	3685	0.1390939817653981
XV	3685	0.155063131648662
XVI	3685	0.23704995221851644
I	3690	0.2720725573152403
II	3690	0.10081482173776168
III	3690	0.23974222074697113
IV	3690	0.1765723435685503
V	3690	0.06811845782630584
VI	3690	0.19838170572362407
VII	3690	0.20914349093442353
VIII	3690	0.23483274474222554
IX	3690	0.1226630415014731
X	3690	0.132096369967992
XI	3690	0.05267869997120645
XII	3690	0.15778485350735547
XIII	3690	0.0721135487667549
XIV	3690	0.1390939817653981
XV	3690	0.155063131648662
XVI	3690	0.23704995221851644
I	3695	0.2720725573152403
II	3695	0.10081482173776168
III	3695	0.23974222074697113
IV	3695	0.1765723435685503
V	3695	0.06811845782630584
VI	3695	0.19838170572362407
VII	3695	0.20914349093442353
VIII	3695	0.23483274474222554
IX	3695	0.1226630415014731
X	3695	0.132096369967992
XI	3695	0.05267869997120645
XII	3695	0.15778485350735547
XIII	3695	0.0721135487667549
XIV	3695	0.1390939817653981
XV	3695	0.155063131648662
XVI	3695	0.23704995221851644
I	3700	0.2720725573152403
II	3700	0.10081482173776168
III	3700	0.23974222074697113
IV	3700	0.1765723435685503
V	3700	0.06811845782630584
VI	3700	0.19838170572362407
VII	3700	0.20914349093442353
VIII	3700	0.23483274474222554
IX	3700	0.1226630415014731
X	3700	0.132096369967992
XI	3700	0.05267869997120645
XII	3700	0.15778485350735547
XIII	3700	0.06811325020472052
XIV	3700	0.1390939817653981
XV	3700	0.155063131648662
XVI	3700	0.23704995221851644
I	3705	0.2720725573152403
II	3705	0.10081482173776168
III	3705	0.23974222074697113
IV	3705	0.1765723435685503
V	3705	0.06811845782630584
VI	3705	0.19838170572362407
VII	3705	0.20914349093442353
VIII	3705	0.23483274474222554
IX	3705	0.1226630415014731
X	3705	0.132096369967992
XI	3705	0.05267869997120645
XII	3705	0.15778485350735547
XIII	3705	0.06811325020472052
XIV	3705	0.1390939817653981
XV	3705	0.155063131648662
XVI	3705	0.23704995221851644
I	3710	0.2720725573152403
II	3710	0.10081482173776168
III	3710	0.23974222074697113
IV	3710	0.1765723435685503
V	3710	0.06811845782630584
VI	3710	0.19838170572362407
VII	3710	0.20914349093442353
VIII	3710	0.23483274474222554
IX	3710	0.1226630415014731
X	3710	0.132096369967992
XI	3710	0.05267869997120645
XII	3710	0.15778485350735547
XIII	3710	0.0641032159241739
XIV	3710	0.1390939817653981
XV	3710	0.155063131648662
XVI	3710	0.23704995221851644
I	3715	0.2720725573152403
II	3715	0.09624635998740752
III	3715	0.23974222074697113
IV	3715	0.1765723435685503
V	3715	0.06811845782630584
VI	3715	0.19838170572362407
VII	3715	0.20914349093442353
VIII	3715	0.23483274474222554
IX	3715	0.1226630415014731
X	3715	0.132096369967992
XI	3715	0.05267869997120645
XII	3715	0.15778485350735547
XIII	3715	0.0641032159241739
XIV	3715	0.1390939817653981
XV	3715	0.155063131648662
XVI	3715	0.23704995221851644
I	3720	0.2720725573152403
II	3720	0.09624635998740752
III	3720	0.23974222074697113
IV	3720	0.1765723435685503
V	3720	0.06811845782630584
VI	3720	0.19838170572362407
VII	3720	0.20573725411113353
VIII	3720	0.23483274474222554
IX	3720	0.1226630415014731
X	3720	0.132096369967992
XI	3720	0.05267869997120645
XII	3720	0.15778485350735547
XIII	3720	0.0641032159241739
XIV	3720	0.1390939817653981
XV	3720	0.155063131648662
XVI	3720	0.23704995221851644
I	3725	0.2720725573152403
II	3725	0.09624635998740752
III	3725	0.23974222074697113
IV	3725	0.1765723435685503
V	3725	0.06811845782630584
VI	3725	0.19838170572362407
VII	3725	0.20573725411113353
VIII	3725	0.23483274474222554
IX	3725	0.1226630415014731
X	3725	0.132096369967992
XI	3725	0.05267869997120645
XII	3725	0.15778485350735547
XIII	3725	0.0641032159241739
XIV	3725	0.1390939817653981
XV	3725	0.155063131648662
XVI	3725	0.23704995221851644
I	3730	0.2720725573152403
II	3730	0.09624635998740752
III	3730	0.23974222074697113
IV	3730	0.1765723435685503
V	3730	0.06811845782630584
VI	3730	0.19838170572362407
VII	3730	0.20573725411113353
VIII	3730	0.23483274474222554
IX	3730	0.1226630415014731
X	3730	0.132096369967992
XI	3730	0.05267869997120645
XII	3730	0.15778485350735547
XIII	3730	0.0641032159241739
XIV	3730	0.1390939817653981
XV	3730	0.1516451615563585
XVI	3730	0.23704995221851644
I	3735	0.2720725573152403
II	3735	0.09624635998740752
III	3735	0.23974222074697113
IV	3735	0.1765723435685503
V	3735	0.06811845782630584
VI	3735	0.19838170572362407
VII	3735	0.20573725411113353
VIII	3735	0.23483274474222554
IX	3735	0.1226630415014731
X	3735	0.132096369967992
XI	3735	0.05267869997120645
XII	3735	0.15778485350735547
XIII	3735	0.0641032159241739
XIV	3735	0.1390939817653981
XV	3735	0.1516451615563585
XVI	3735	0.23704995221851644
I	3740	0.2720725573152403
II	3740	0.09624635998740752
III	3740	0.23974222074697113
IV	3740	0.1765723435685503
V	3740	0.06811845782630584
VI	3740	0.19838170572362407
VII	3740	0.20573725411113353
VIII	3740	0.22819265502281197
IX	3740	0.1226630415014731
X	3740	0.132096369967992
XI	3740	0.05267869997120645
XII	3740	0.15778485350735547
XIII	3740	0.0641032159241739
XIV	3740	0.1390939817653981
XV	3740	0.1516451615563585
XVI	3740	0.23704995221851644
I	3745	0.2720725573152403
II	3745	0.09624635998740752
III	3745	0.23974222074697113
IV	3745	0.1765723435685503
V	3745	0.06811845782630584
VI	3745	0.19838170572362407
VII	3745	0.20573725411113353
VIII	3745	0.22819265502281197
IX	3745	0.1226630415014731
X	3745	0.132096369967992
XI	3745	0.05267869997120645
XII	3745	0.15778485350735547
XIII	3745	0.0641032159241739
XIV	3745	0.1390939817653981
XV	3745	0.1516451615563585
XVI	3745	0.23704995221851644
I	3750	0.2720725573152403
II	3750	0.09624635998740752
III	3750	0.23974222074697113
IV	3750	0.1765723435685503
V	3750	0.06811845782630584
VI	3750	0.19838170572362407
VII	3750	0.20573725411113353
VIII	3750	0.22819265502281197
IX	3750	0.1226630415014731
X	3750	0.132096369967992
XI	3750	0.05267869997120645
XII	3750	0.15778485350735547
XIII	3750	0.0641032159241739
XIV	3750	0.1390939817653981
XV	3750	0.1482116135842777
XVI	3750	0.23704995221851644
I	3755	0.2720725573152403
II	3755	0.09624635998740752
III	3755	0.23974222074697113
IV	3755	0.1765723435685503
V	3755	0.06811845782630584
VI	3755	0.19838170572362407
VII	3755	0.20573725411113353
VIII	3755	0.22819265502281197
IX	3755	0.1226630415014731
X	3755	0.132096369967992
XI	3755	0.05267869997120645
XII	3755	0.15778485350735547
XIII	3755	0.0641032159241739
XIV	3755	0.1390939817653981
XV	3755	0.1482116135842777
XVI	3755	0.23704995221851644
I	3760	0.2720725573152403
II	3760	0.09624635998740752
III	3760	0.23974222074697113
IV	3760	0.1765723435685503
V	3760	0.06811845782630584
VI	3760	0.19838170572362407
VII	3760	0.20573725411113353
VIII	3760	0.22819265502281197
IX	3760	0.1226630415014731
X	3760	0.132096369967992
XI	3760	0.05267869997120645
XII	3760	0.15778485350735547
XIII	3760	0.0641032159241739
XIV	3760	0.1390939817653981
XV	3760	0.1482116135842777
XVI	3760	0.23704995221851644
I	3765	0.2720725573152403
II	3765	0.09624635998740752
III	3765	0.23974222074697113
IV	3765	0.1765723435685503
V	3765	0.06811845782630584
VI	3765	0.19838170572362407
VII	3765	0.20573725411113353
VIII	3765	0.22819265502281197
IX	3765	0.1226630415014731
X	3765	0.132096369967992
XI	3765	0.05267869997120645
XII	3765	0.15778485350735547
XIII	3765	0.0641032159241739
XIV	3765	0.1390939817653981
XV	3765	0.1482116135842777
XVI	3765	0.23704995221851644
I	3770	0.2720725573152403
II	3770	0.09624635998740752
III	3770	0.23974222074697113
IV	3770	0.1765723435685503
V	3770	0.06811845782630584
VI	3770	0.19838170572362407
VII	3770	0.20573725411113353
VIII	3770	0.22819265502281197
IX	3770	0.1226630415014731
X	3770	0.132096369967992
XI	3770	0.05267869997120645
XII	3770	0.15429192052881854
XIII	3770	0.0641032159241739
XIV	3770	0.1390939817653981
XV	3770	0.1482116135842777
XVI	3770	0.23704995221851644
I	3775	0.2720725573152403
II	3775	0.09624635998740752
III	3775	0.23974222074697113
IV	3775	0.1765723435685503
V	3775	0.06811845782630584
VI	3775	0.19838170572362407
VII	3775	0.20573725411113353
VIII	3775	0.22819265502281197
IX	3775	0.1226630415014731
X	3775	0.132096369967992
XI	3775	0.05267869997120645
XII	3775	0.15429192052881854
XIII	3775	0.0641032159241739
XIV	3775	0.1390939817653981
XV	3775	0.1482116135842777
XVI	3775	0.23704995221851644
I	3780	0.2720725573152403
II	3780	0.09159796552809696
III	3780	0.23974222074697113
IV	3780	0.17163870743694404
V	3780	0.06811845782630584
VI	3780	0.19838170572362407
VII	3780	0.20573725411113353
VIII	3780	0.22819265502281197
IX	3780	0.1226630415014731
X	3780	0.132096369967992
XI	3780	0.05267869997120645
XII	3780	0.15429192052881854
XIII	3780	0.0641032159241739
XIV	3780	0.1390939817653981
XV	3780	0.1482116135842777
XVI	3780	0.23704995221851644
I	3785	0.2720725573152403
II	3785	0.09159796552809696
III	3785	0.23974222074697113
IV	3785	0.17163870743694404
V	3785	0.06811845782630584
VI	3785	0.19838170572362407
VII	3785	0.20573725411113353
VIII	3785	0.22819265502281197
IX	3785	0.1226630415014731
X	3785	0.132096369967992
XI	3785	0.05267869997120645
XII	3785	0.15429192052881854
XIII	3785	0.0641032159241739
XIV	3785	0.1390939817653981
XV	3785	0.1482116135842777
XVI	3785	0.23704995221851644
I	3790	0.2720725573152403
II	3790	0.09159796552809696
III	3790	0.23974222074697113
IV	3790	0.17163870743694404
V	3790	0.06811845782630584
VI	3790	0.19838170572362407
VII	3790	0.20573725411113353
VIII	3790	0.22819265502281197
IX	3790	0.1226630415014731
X	3790	0.132096369967992
XI	3790	0.05267869997120645
XII	3790	0.15429192052881854
XIII	3790	0.0641032159241739
XIV	3790	0.1390939817653981
XV	3790	0.1482116135842777
XVI	3790	0.23704995221851644
I	3795	0.2720725573152403
II	3795	0.09159796552809696
III	3795	0.23974222074697113
IV	3795	0.17163870743694404
V	3795	0.06811845782630584
VI	3795	0.19838170572362407
VII	3795	0.20573725411113353
VIII	3795	0.22819265502281197
IX	3795	0.1226630415014731
X	3795	0.132096369967992
XI	3795	0.05267869997120645
XII	3795	0.15429192052881854
XIII	3795	0.0641032159241739
XIV	3795	0.1390939817653981
XV	3795	0.1482116135842777
XVI	3795	0.23704995221851644
I	3800	0.2720725573152403
II	3800	0.09159796552809696
III	3800	0.23974222074697113
IV	3800	0.17163870743694404
V	3800	0.06811845782630584
VI	3800	0.19838170572362407
VII	3800	0.20573725411113353
VIII	3800	0.22819265502281197
IX	3800	0.1226630415014731
X	3800	0.132096369967992
XI	3800	0.05267869997120645
XII	3800	0.15429192052881854
XIII	3800	0.0641032159241739
XIV	3800	0.1390939817653981
XV	3800	0.1482116135842777
XVI	3800	0.23704995221851644
I	3805	0.2720725573152403
II	3805	0.09159796552809696
III	3805	0.227839658298444
IV	3805	0.17163870743694404
V	3805	0.06811845782630584
VI	3805	0.19838170572362407
VII	3805	0.20573725411113353
VIII	3805	0.22819265502281197
IX	3805	0.1226630415014731
X	3805	0.132096369967992
XI	3805	0.05267869997120645
XII	3805	0.15429192052881854
XIII	3805	0.0641032159241739
XIV	3805	0.1390939817653981
XV	3805	0.1482116135842777
XVI	3805	0.23704995221851644
I	3810	0.2720725573152403
II	3810	0.09159796552809696
III	3810	0.227839658298444
IV	3810	0.17163870743694404
V	3810	0.06811845782630584
VI	3810	0.19838170572362407
VII	3810	0.20573725411113353
VIII	3810	0.22819265502281197
IX	3810	0.1226630415014731
X	3810	0.132096369967992
XI	3810	0.05267869997120645
XII	3810	0.15429192052881854
XIII	3810	0.0641032159241739
XIV	3810	0.1390939817653981
XV	3810	0.1482116135842777
XVI	3810	0.23704995221851644
I	3815	0.2720725573152403
II	3815	0.09159796552809696
III	3815	0.227839658298444
IV	3815	0.17163870743694404
V	3815	0.06811845782630584
VI	3815	0.19838170572362407
VII	3815	0.20573725411113353
VIII	3815	0.22819265502281197
IX	3815	0.1226630415014731
X	3815	0.132096369967992
XI	3815	0.05267869997120645
XII	3815	0.15429192052881854
XIII	3815	0.0641032159241739
XIV	3815	0.1390939817653981
XV	3815	0.1482116135842777
XVI	3815	0.23704995221851644
I	3820	0.2720725573152403
II	3820	0.09159796552809696
III	3820	0.227839658298444
IV	3820	0.17163870743694404
V	3820	0.06811845782630584
VI	3820	0.19838170572362407
VII	3820	0.20573725411113353
VIII	3820	0.22819265502281197
IX	3820	0.1226630415014731
X	3820	0.132096369967992
XI	3820	0.05267869997120645
XII	3820	0.15429192052881854
XIII	3820	0.0641032159241739
XIV	3820	0.1390939817653981
XV	3820	0.1482116135842777
XVI	3820	0.23704995221851644
I	3825	0.2720725573152403
II	3825	0.09159796552809696
III	3825	0.227839658298444
IV	3825	0.17163870743694404
V	3825	0.06811845782630584
VI	3825	0.19838170572362407
VII	3825	0.20573725411113353
VIII	3825	0.22819265502281197
IX	3825	0.1226630415014731
X	3825	0.132096369967992
XI	3825	0.05267869997120645
XII	3825	0.15429192052881854
XIII	3825	0.0641032159241739
XIV	3825	0.1390939817653981
XV	3825	0.1482116135842777
XVI	3825	0.23704995221851644
I	3830	0.2720725573152403
II	3830	0.09159796552809696
III	3830	0.227839658298444
IV	3830	0.17163870743694404
V	3830	0.06811845782630584
VI	3830	0.19838170572362407
VII	3830	0.20573725411113353
VIII	3830	0.22819265502281197
IX	3830	0.1226630415014731
X	3830	0.132096369967992
XI	3830	0.05267869997120645
XII	3830	0.15429192052881854
XIII	3830	0.0641032159241739
XIV	3830	0.1390939817653981
XV	3830	0.1482116135842777
XVI	3830	0.23704995221851644
I	3835	0.2720725573152403
II	3835	0.09159796552809696
III	3835	0.227839658298444
IV	3835	0.17163870743694404
V	3835	0.06811845782630584
VI	3835	0.18420127257450186
VII	3835	0.20573725411113353
VIII	3835	0.22819265502281197
IX	3835	0.1226630415014731
X	3835	0.132096369967992
XI	3835	0.05267869997120645
XII	3835	0.15429192052881854
XIII	3835	0.0641032159241739
XIV	3835	0.1390939817653981
XV	3835	0.1482116135842777
XVI	3835	0.23704995221851644
I	3840	0.2720725573152403
II	3840	0.09159796552809696
III	3840	0.227839658298444
IV	3840	0.17163870743694404
V	3840	0.06811845782630584
VI	3840	0.18420127257450186
VII	3840	0.20573725411113353
VIII	3840	0.22819265502281197
IX	3840	0.11393809333284836
X	3840	0.132096369967992
XI	3840	0.05267869997120645
XII	3840	0.15429192052881854
XIII	3840	0.0641032159241739
XIV	3840	0.1390939817653981
XV	3840	0.1482116135842777
XVI	3840	0.23704995221851644
I	3845	0.2720725573152403
II	3845	0.09159796552809696
III	3845	0.227839658298444
IV	3845	0.17163870743694404
V	3845	0.06811845782630584
VI	3845	0.18420127257450186
VII	3845	0.20573725411113353
VIII	3845	0.22819265502281197
IX	3845	0.11393809333284836
X	3845	0.132096369967992
XI	3845	0.05267869997120645
XII	3845	0.15429192052881854
XIII	3845	0.0641032159241739
XIV	3845	0.1390939817653981
XV	3845	0.1482116135842777
XVI	3845	0.23704995221851644
I	3850	0.2720725573152403
II	3850	0.09159796552809696
III	3850	0.227839658298444
IV	3850	0.17163870743694404
V	3850	0.06811845782630584
VI	3850	0.18420127257450186
VII	3850	0.20573725411113353
VIII	3850	0.22819265502281197
IX	3850	0.11393809333284836
X	3850	0.132096369967992
XI	3850	0.05267869997120645
XII	3850	0.15429192052881854
XIII	3850	0.0641032159241739
XIV	3850	0.1390939817653981
XV	3850	0.1482116135842777
XVI	3850	0.23704995221851644
I	3855	0.2720725573152403
II	3855	0.09159796552809696
III	3855	0.227839658298444
IV	3855	0.17163870743694404
V	3855	0.06811845782630584
VI	3855	0.18420127257450186
VII	3855	0.20573725411113353
VIII	3855	0.22819265502281197
IX	3855	0.11393809333284836
X	3855	0.132096369967992
XI	3855	0.05267869997120645
XII	3855	0.15429192052881854
XIII	3855	0.05993416490792715
XIV	3855	0.1390939817653981
XV	3855	0.1482116135842777
XVI	3855	0.23704995221851644
I	3860	0.2720725573152403
II	3860	0.09159796552809696
III	3860	0.227839658298444
IV	3860	0.17163870743694404
V	3860	0.06811845782630584
VI	3860	0.18420127257450186
VII	3860	0.20573725411113353
VIII	3860	0.22819265502281197
IX	3860	0.11393809333284836
X	3860	0.132096369967992
XI	3860	0.05267869997120645
XII	3860	0.15429192052881854
XIII	3860	0.05993416490792715
XIV	3860	0.1390939817653981
XV	3860	0.1482116135842777
XVI	3860	0.23704995221851644
I	3865	0.2720725573152403
II	3865	0.09159796552809696
III	3865	0.227839658298444
IV	3865	0.17163870743694404
V	3865	0.06811845782630584
VI	3865	0.18420127257450186
VII	3865	0.20573725411113353
VIII	3865	0.22819265502281197
IX	3865	0.11393809333284836
X	3865	0.132096369967992
XI	3865	0.05267869997120645
XII	3865	0.15429192052881854
XIII	3865	0.05993416490792715
XIV	3865	0.1390939817653981
XV	3865	0.1482116135842777
XVI	3865	0.23704995221851644
I	3870	0.2720725573152403
II	3870	0.09159796552809696
III	3870	0.227839658298444
IV	3870	0.17163870743694404
V	3870	0.06811845782630584
VI	3870	0.18420127257450186
VII	3870	0.20573725411113353
VIII	3870	0.22819265502281197
IX	3870	0.11393809333284836
X	3870	0.132096369967992
XI	3870	0.05267869997120645
XII	3870	0.15429192052881854
XIII	3870	0.05993416490792715
XIV	3870	0.1390939817653981
XV	3870	0.1482116135842777
XVI	3870	0.23704995221851644
I	3875	0.2720725573152403
II	3875	0.09159796552809696
III	3875	0.227839658298444
IV	3875	0.17163870743694404
V	3875	0.06811845782630584
VI	3875	0.18420127257450186
VII	3875	0.20573725411113353
VIII	3875	0.22819265502281197
IX	3875	0.11393809333284836
X	3875	0.132096369967992
XI	3875	0.05267869997120645
XII	3875	0.15429192052881854
XIII	3875	0.05993416490792715
XIV	3875	0.1390939817653981
XV	3875	0.14466168968680215
XVI	3875	0.23704995221851644
I	3880	0.2720725573152403
II	3880	0.09159796552809696
III	3880	0.227839658298444
IV	3880	0.17163870743694404
V	3880	0.06811845782630584
VI	3880	0.18420127257450186
VII	3880	0.20573725411113353
VIII	3880	0.22819265502281197
IX	3880	0.11393809333284836
X	3880	0.132096369967992
XI	3880	0.05267869997120645
XII	3880	0.15429192052881854
XIII	3880	0.05993416490792715
XIV	3880	0.1390939817653981
XV	3880	0.14466168968680215
XVI	3880	0.23704995221851644
I	3885	0.2720725573152403
II	3885	0.09159796552809696
III	3885	0.227839658298444
IV	3885	0.17163870743694404
V	3885	0.06811845782630584
VI	3885	0.18420127257450186
VII	3885	0.20573725411113353
VIII	3885	0.22819265502281197
IX	3885	0.11393809333284836
X	3885	0.132096369967992
XI	3885	0.05267869997120645
XII	3885	0.15429192052881854
XIII	3885	0.05993416490792715
XIV	3885	0.1390939817653981
XV	3885	0.14466168968680215
XVI	3885	0.23704995221851644
I	3890	0.2720725573152403
II	3890	0.09159796552809696
III	3890	0.227839658298444
IV	3890	0.17163870743694404
V	3890	0.06811845782630584
VI	3890	0.18420127257450186
VII	3890	0.20573725411113353
VIII	3890	0.22819265502281197
IX	3890	0.11393809333284836
X	3890	0.132096369967992
XI	3890	0.05267869997120645
XII	3890	0.15429192052881854
XIII	3890	0.05993416490792715
XIV	3890	0.1390939817653981
XV	3890	0.14466168968680215
XVI	3890	0.23704995221851644
I	3895	0.2720725573152403
II	3895	0.09159796552809696
III	3895	0.227839658298444
IV	3895	0.17163870743694404
V	3895	0.06811845782630584
VI	3895	0.18420127257450186
VII	3895	0.20573725411113353
VIII	3895	0.22819265502281197
IX	3895	0.11393809333284836
X	3895	0.132096369967992
XI	3895	0.05267869997120645
XII	3895	0.15429192052881854
XIII	3895	0.05993416490792715
XIV	3895	0.1390939817653981
XV	3895	0.14466168968680215
XVI	3895	0.23704995221851644
I	3900	0.2720725573152403
II	3900	0.09159796552809696
III	3900	0.227839658298444
IV	3900	0.17163870743694404
V	3900	0.06811845782630584
VI	3900	0.18420127257450186
VII	3900	0.20573725411113353
VIII	3900	0.22819265502281197
IX	3900	0.11393809333284836
X	3900	0.132096369967992
XI	3900	0.05267869997120645
XII	3900	0.15429192052881854
XIII	3900	0.05993416490792715
XIV	3900	0.1390939817653981
XV	3900	0.14466168968680215
XVI	3900	0.23704995221851644
I	3905	0.2720725573152403
II	3905	0.09159796552809696
III	3905	0.227839658298444
IV	3905	0.17163870743694404
V	3905	0.06811845782630584
VI	3905	0.18420127257450186
VII	3905	0.20573725411113353
VIII	3905	0.22819265502281197
IX	3905	0.11393809333284836
X	3905	0.132096369967992
XI	3905	0.05267869997120645
XII	3905	0.15429192052881854
XIII	3905	0.05993416490792715
XIV	3905	0.1390939817653981
XV	3905	0.14466168968680215
XVI	3905	0.23704995221851644
I	3910	0.2720725573152403
II	3910	0.09159796552809696
III	3910	0.227839658298444
IV	3910	0.17163870743694404
V	3910	0.06811845782630584
VI	3910	0.18420127257450186
VII	3910	0.20573725411113353
VIII	3910	0.22819265502281197
IX	3910	0.11393809333284836
X	3910	0.132096369967992
XI	3910	0.05267869997120645
XII	3910	0.15429192052881854
XIII	3910	0.05993416490792715
XIV	3910	0.1390939817653981
XV	3910	0.14466168968680215
XVI	3910	0.23704995221851644
I	3915	0.2720725573152403
II	3915	0.09159796552809696
III	3915	0.227839658298444
IV	3915	0.17163870743694404
V	3915	0.06811845782630584
VI	3915	0.18420127257450186
VII	3915	0.20573725411113353
VIII	3915	0.22819265502281197
IX	3915	0.11393809333284836
X	3915	0.132096369967992
XI	3915	0.05267869997120645
XII	3915	0.15429192052881854
XIII	3915	0.05993416490792715
XIV	3915	0.1390939817653981
XV	3915	0.14466168968680215
XVI	3915	0.23292365721373828
I	3920	0.2720725573152403
II	3920	0.09159796552809696
III	3920	0.227839658298444
IV	3920	0.16908050156240514
V	3920	0.06811845782630584
VI	3920	0.18420127257450186
VII	3920	0.20573725411113353
VIII	3920	0.22819265502281197
IX	3920	0.11393809333284836
X	3920	0.132096369967992
XI	3920	0.05267869997120645
XII	3920	0.15429192052881854
XIII	3920	0.05993416490792715
XIV	3920	0.1390939817653981
XV	3920	0.14107327926281807
XVI	3920	0.23292365721373828
I	3925	0.2720725573152403
II	3925	0.09159796552809696
III	3925	0.227839658298444
IV	3925	0.16908050156240514
V	3925	0.06811845782630584
VI	3925	0.18420127257450186
VII	3925	0.20573725411113353
VIII	3925	0.22819265502281197
IX	3925	0.11393809333284836
X	3925	0.132096369967992
XI	3925	0.05267869997120645
XII	3925	0.15429192052881854
XIII	3925	0.05993416490792715
XIV	3925	0.1390939817653981
XV	3925	0.14107327926281807
XVI	3925	0.23292365721373828
I	3930	0.2720725573152403
II	3930	0.09159796552809696
III	3930	0.227839658298444
IV	3930	0.16908050156240514
V	3930	0.06811845782630584
VI	3930	0.18420127257450186
VII	3930	0.20573725411113353
VIII	3930	0.22819265502281197
IX	3930	0.11393809333284836
X	3930	0.132096369967992
XI	3930	0.05267869997120645
XII	3930	0.15429192052881854
XIII	3930	0.05993416490792715
XIV	3930	0.1390939817653981
XV	3930	0.14107327926281807
XVI	3930	0.23292365721373828
I	3935	0.2720725573152403
II	3935	0.09159796552809696
III	3935	0.2155300100518878
IV	3935	0.16651315690699267
V	3935	0.06811845782630584
VI	3935	0.18420127257450186
VII	3935	0.20573725411113353
VIII	3935	0.22819265502281197
IX	3935	0.11393809333284836
X	3935	0.132096369967992
XI	3935	0.05267869997120645
XII	3935	0.15429192052881854
XIII	3935	0.05993416490792715
XIV	3935	0.1390939817653981
XV	3935	0.14107327926281807
XVI	3935	0.23292365721373828
I	3940	0.2720725573152403
II	3940	0.09159796552809696
III	3940	0.2155300100518878
IV	3940	0.16651315690699267
V	3940	0.06811845782630584
VI	3940	0.18420127257450186
VII	3940	0.20573725411113353
VIII	3940	0.22819265502281197
IX	3940	0.11393809333284836
X	3940	0.132096369967992
XI	3940	0.05267869997120645
XII	3940	0.15429192052881854
XIII	3940	0.05993416490792715
XIV	3940	0.1390939817653981
XV	3940	0.14107327926281807
XVI	3940	0.23292365721373828
I	3945	0.2720725573152403
II	3945	0.09159796552809696
III	3945	0.2155300100518878
IV	3945	0.16651315690699267
V	3945	0.06811845782630584
VI	3945	0.18420127257450186
VII	3945	0.20573725411113353
VIII	3945	0.22819265502281197
IX	3945	0.11393809333284836
X	3945	0.132096369967992
XI	3945	0.05267869997120645
XII	3945	0.15429192052881854
XIII	3945	0.05993416490792715
XIV	3945	0.1390939817653981
XV	3945	0.14107327926281807
XVI	3945	0.23292365721373828
I	3950	0.2720725573152403
II	3950	0.09159796552809696
III	3950	0.2155300100518878
IV	3950	0.16651315690699267
V	3950	0.06811845782630584
VI	3950	0.18420127257450186
VII	3950	0.20573725411113353
VIII	3950	0.22819265502281197
IX	3950	0.11393809333284836
X	3950	0.132096369967992
XI	3950	0.05267869997120645
XII	3950	0.15429192052881854
XIII	3950	0.05993416490792715
XIV	3950	0.1390939817653981
XV	3950	0.14107327926281807
XVI	3950	0.23292365721373828
I	3955	0.2720725573152403
II	3955	0.09159796552809696
III	3955	0.2155300100518878
IV	3955	0.16651315690699267
V	3955	0.06811845782630584
VI	3955	0.18420127257450186
VII	3955	0.20573725411113353
VIII	3955	0.22819265502281197
IX	3955	0.11393809333284836
X	3955	0.132096369967992
XI	3955	0.05267869997120645
XII	3955	0.15429192052881854
XIII	3955	0.05993416490792715
XIV	3955	0.1390939817653981
XV	3955	0.13745279673341024
XVI	3955	0.23292365721373828
I	3960	0.2720725573152403
II	3960	0.09159796552809696
III	3960	0.2155300100518878
IV	3960	0.16651315690699267
V	3960	0.06811845782630584
VI	3960	0.18420127257450186
VII	3960	0.20573725411113353
VIII	3960	0.22819265502281197
IX	3960	0.11393809333284836
X	3960	0.132096369967992
XI	3960	0.05267869997120645
XII	3960	0.15429192052881854
XIII	3960	0.05993416490792715
XIV	3960	0.1390939817653981
XV	3960	0.13745279673341024
XVI	3960	0.23292365721373828
I	3965	0.2720725573152403
II	3965	0.09159796552809696
III	3965	0.2155300100518878
IV	3965	0.16651315690699267
V	3965	0.06811845782630584
VI	3965	0.18420127257450186
VII	3965	0.20573725411113353
VIII	3965	0.22819265502281197
IX	3965	0.11393809333284836
X	3965	0.132096369967992
XI	3965	0.05267869997120645
XII	3965	0.15429192052881854
XIII	3965	0.055645040030029284
XIV	3965	0.1390939817653981
XV	3965	0.13745279673341024
XVI	3965	0.23292365721373828
I	3970	0.2720725573152403
II	3970	0.09159796552809696
III	3970	0.2155300100518878
IV	3970	0.16651315690699267
V	3970	0.06811845782630584
VI	3970	0.18420127257450186
VII	3970	0.20573725411113353
VIII	3970	0.22819265502281197
IX	3970	0.11393809333284836
X	3970	0.132096369967992
XI	3970	0.05267869997120645
XII	3970	0.15429192052881854
XIII	3970	0.055645040030029284
XIV	3970	0.1390939817653981
XV	3970	0.13745279673341024
XVI	3970	0.23292365721373828
I	3975	0.2720725573152403
II	3975	0.09159796552809696
III	3975	0.2155300100518878
IV	3975	0.16651315690699267
V	3975	0.06811845782630584
VI	3975	0.18420127257450186
VII	3975	0.20573725411113353
VIII	3975	0.22819265502281197
IX	3975	0.11393809333284836
X	3975	0.132096369967992
XI	3975	0.05267869997120645
XII	3975	0.15429192052881854
XIII	3975	0.055645040030029284
XIV	3975	0.1390939817653981
XV	3975	0.13745279673341024
XVI	3975	0.23292365721373828
I	3980	0.2720725573152403
II	3980	0.09159796552809696
III	3980	0.2155300100518878
IV	3980	0.16651315690699267
V	3980	0.06811845782630584
VI	3980	0.18420127257450186
VII	3980	0.20573725411113353
VIII	3980	0.22819265502281197
IX	3980	0.11393809333284836
X	3980	0.132096369967992
XI	3980	0.05267869997120645
XII	3980	0.15429192052881854
XIII	3980	0.055645040030029284
XIV	3980	0.1390939817653981
XV	3980	0.13745279673341024
XVI	3980	0.23292365721373828
I	3985	0.2720725573152403
II	3985	0.09159796552809696
III	3985	0.2155300100518878
IV	3985	0.16651315690699267
V	3985	0.06811845782630584
VI	3985	0.18420127257450186
VII	3985	0.20573725411113353
VIII	3985	0.22819265502281197
IX	3985	0.11393809333284836
X	3985	0.132096369967992
XI	3985	0.05267869997120645
XII	3985	0.15429192052881854
XIII	3985	0.055645040030029284
XIV	3985	0.1390939817653981
XV	3985	0.13745279673341024
XVI	3985	0.23292365721373828
I	3990	0.2720725573152403
II	3990	0.09159796552809696
III	3990	0.2155300100518878
IV	3990	0.16651315690699267
V	3990	0.06811845782630584
VI	3990	0.18420127257450186
VII	3990	0.20208260765944966
VIII	3990	0.22819265502281197
IX	3990	0.11393809333284836
X	3990	0.132096369967992
XI	3990	0.05267869997120645
XII	3990	0.15429192052881854
XIII	3990	0.055645040030029284
XIV	3990	0.1390939817653981
XV	3990	0.13745279673341024
XVI	3990	0.23292365721373828
I	3995	0.2720725573152403
II	3995	0.09159796552809696
III	3995	0.20302621319396386
IV	3995	0.16651315690699267
V	3995	0.06811845782630584
VI	3995	0.18420127257450186
VII	3995	0.20208260765944966
VIII	3995	0.22819265502281197
IX	3995	0.11393809333284836
X	3995	0.132096369967992
XI	3995	0.05267869997120645
XII	3995	0.15429192052881854
XIII	3995	0.055645040030029284
XIV	3995	0.1390939817653981
XV	3995	0.13745279673341024
XVI	3995	0.23292365721373828
I	4000	0.2720725573152403
II	4000	0.09159796552809696
III	4000	0.20302621319396386
IV	4000	0.16651315690699267
V	4000	0.06811845782630584
VI	4000	0.18420127257450186
VII	4000	0.20208260765944966
VIII	4000	0.22819265502281197
IX	4000	0.11393809333284836
X	4000	0.132096369967992
XI	4000	0.05267869997120645
XII	4000	0.15429192052881854
XIII	4000	0.055645040030029284
XIV	4000	0.13399665703215344
XV	4000	0.13745279673341024
XVI	4000	0.23292365721373828
I	4005	0.2720725573152403
II	4005	0.09159796552809696
III	4005	0.20302621319396386
IV	4005	0.16651315690699267
V	4005	0.06811845782630584
VI	4005	0.18420127257450186
VII	4005	0.20208260765944966
VIII	4005	0.22819265502281197
IX	4005	0.11393809333284836
X	4005	0.132096369967992
XI	4005	0.05267869997120645
XII	4005	0.15429192052881854
XIII	4005	0.055645040030029284
XIV	4005	0.13399665703215344
XV	4005	0.13745279673341024
XVI	4005	0.23292365721373828
I	4010	0.2720725573152403
II	4010	0.09159796552809696
III	4010	0.20302621319396386
IV	4010	0.16651315690699267
V	4010	0.06811845782630584
VI	4010	0.18420127257450186
VII	4010	0.20208260765944966
VIII	4010	0.22819265502281197
IX	4010	0.11393809333284836
X	4010	0.132096369967992
XI	4010	0.05267869997120645
XII	4010	0.15429192052881854
XIII	4010	0.055645040030029284
XIV	4010	0.13399665703215344
XV	4010	0.13745279673341024
XVI	4010	0.23292365721373828
I	4015	0.2720725573152403
II	4015	0.09159796552809696
III	4015	0.20302621319396386
IV	4015	0.16651315690699267
V	4015	0.06811845782630584
VI	4015	0.18420127257450186
VII	4015	0.19840412854969108
VIII	4015	0.22819265502281197
IX	4015	0.11393809333284836
X	4015	0.132096369967992
XI	4015	0.05267869997120645
XII	4015	0.15429192052881854
XIII	4015	0.055645040030029284
XIV	4015	0.13399665703215344
XV	4015	0.13745279673341024
XVI	4015	0.23292365721373828
I	4020	0.2720725573152403
II	4020	0.09159796552809696
III	4020	0.20302621319396386
IV	4020	0.16388902125615154
V	4020	0.06811845782630584
VI	4020	0.18420127257450186
VII	4020	0.19840412854969108
VIII	4020	0.22819265502281197
IX	4020	0.11393809333284836
X	4020	0.132096369967992
XI	4020	0.05267869997120645
XII	4020	0.15429192052881854
XIII	4020	0.055645040030029284
XIV	4020	0.13399665703215344
XV	4020	0.13745279673341024
XVI	4020	0.23292365721373828
I	4025	0.2720725573152403
II	4025	0.09159796552809696
III	4025	0.20302621319396386
IV	4025	0.16388902125615154
V	4025	0.06811845782630584
VI	4025	0.18420127257450186
VII	4025	0.19840412854969108
VIII	4025	0.22819265502281197
IX	4025	0.11393809333284836
X	4025	0.132096369967992
XI	4025	0.05267869997120645
XII	4025	0.15429192052881854
XIII	4025	0.055645040030029284
XIV	4025	0.13399665703215344
XV	4025	0.13745279673341024
XVI	4025	0.23292365721373828
I	4030	0.2720725573152403
II	4030	0.09159796552809696
III	4030	0.20302621319396386
IV	4030	0.16388902125615154
V	4030	0.06811845782630584
VI	4030	0.18420127257450186
VII	4030	0.19840412854969108
VIII	4030	0.22819265502281197
IX	4030	0.11393809333284836
X	4030	0.132096369967992
XI	4030	0.05267869997120645
XII	4030	0.15429192052881854
XIII	4030	0.055645040030029284
XIV	4030	0.13399665703215344
XV	4030	0.13745279673341024
XVI	4030	0.23292365721373828
I	4035	0.2720725573152403
II	4035	0.09159796552809696
III	4035	0.20302621319396386
IV	4035	0.16388902125615154
V	4035	0.06811845782630584
VI	4035	0.18420127257450186
VII	4035	0.19840412854969108
VIII	4035	0.22819265502281197
IX	4035	0.11393809333284836
X	4035	0.132096369967992
XI	4035	0.05267869997120645
XII	4035	0.15429192052881854
XIII	4035	0.055645040030029284
XIV	4035	0.12885598336420884
XV	4035	0.13745279673341024
XVI	4035	0.23292365721373828
I	4040	0.2720725573152403
II	4040	0.09159796552809696
III	4040	0.20302621319396386
IV	4040	0.16388902125615154
V	4040	0.06811845782630584
VI	4040	0.18420127257450186
VII	4040	0.19840412854969108
VIII	4040	0.22819265502281197
IX	4040	0.11393809333284836
X	4040	0.132096369967992
XI	4040	0.05267869997120645
XII	4040	0.15429192052881854
XIII	4040	0.055645040030029284
XIV	4040	0.12885598336420884
XV	4040	0.13745279673341024
XVI	4040	0.23292365721373828
I	4045	0.2720725573152403
II	4045	0.09159796552809696
III	4045	0.20302621319396386
IV	4045	0.16388902125615154
V	4045	0.06811845782630584
VI	4045	0.18420127257450186
VII	4045	0.19840412854969108
VIII	4045	0.22819265502281197
IX	4045	0.11393809333284836
X	4045	0.132096369967992
XI	4045	0.05267869997120645
XII	4045	0.15429192052881854
XIII	4045	0.055645040030029284
XIV	4045	0.12885598336420884
XV	4045	0.13745279673341024
XVI	4045	0.23292365721373828
I	4050	0.2720725573152403
II	4050	0.09159796552809696
III	4050	0.20302621319396386
IV	4050	0.16388902125615154
V	4050	0.06811845782630584
VI	4050	0.18420127257450186
VII	4050	0.19840412854969108
VIII	4050	0.22819265502281197
IX	4050	0.11393809333284836
X	4050	0.132096369967992
XI	4050	0.05267869997120645
XII	4050	0.15429192052881854
XIII	4050	0.055645040030029284
XIV	4050	0.12885598336420884
XV	4050	0.13745279673341024
XVI	4050	0.23292365721373828
I	4055	0.2720725573152403
II	4055	0.09159796552809696
III	4055	0.20302621319396386
IV	4055	0.16388902125615154
V	4055	0.06811845782630584
VI	4055	0.18420127257450186
VII	4055	0.19840412854969108
VIII	4055	0.22819265502281197
IX	4055	0.11393809333284836
X	4055	0.132096369967992
XI	4055	0.05267869997120645
XII	4055	0.15429192052881854
XIII	4055	0.055645040030029284
XIV	4055	0.12885598336420884
XV	4055	0.13745279673341024
XVI	4055	0.23292365721373828
I	4060	0.2720725573152403
II	4060	0.09159796552809696
III	4060	0.20302621319396386
IV	4060	0.16388902125615154
V	4060	0.06811845782630584
VI	4060	0.18420127257450186
VII	4060	0.19840412854969108
VIII	4060	0.22819265502281197
IX	4060	0.11393809333284836
X	4060	0.132096369967992
XI	4060	0.05267869997120645
XII	4060	0.15429192052881854
XIII	4060	0.055645040030029284
XIV	4060	0.12885598336420884
XV	4060	0.13745279673341024
XVI	4060	0.23292365721373828
I	4065	0.2720725573152403
II	4065	0.09159796552809696
III	4065	0.20302621319396386
IV	4065	0.16388902125615154
V	4065	0.06811845782630584
VI	4065	0.18420127257450186
VII	4065	0.19840412854969108
VIII	4065	0.22819265502281197
IX	4065	0.11393809333284836
X	4065	0.132096369967992
XI	4065	0.05267869997120645
XII	4065	0.15429192052881854
XIII	4065	0.055645040030029284
XIV	4065	0.12885598336420884
XV	4065	0.13745279673341024
XVI	4065	0.23292365721373828
I	4070	0.2720725573152403
II	4070	0.09159796552809696
III	4070	0.19029382200330053
IV	4070	0.16388902125615154
V	4070	0.06811845782630584
VI	4070	0.18420127257450186
VII	4070	0.19467706748308797
VIII	4070	0.22819265502281197
IX	4070	0.11393809333284836
X	4070	0.132096369967992
XI	4070	0.05267869997120645
XII	4070	0.15429192052881854
XIII	4070	0.055645040030029284
XIV	4070	0.12885598336420884
XV	4070	0.13745279673341024
XVI	4070	0.23292365721373828
I	4075	0.2720725573152403
II	4075	0.09159796552809696
III	4075	0.19029382200330053
IV	4075	0.16388902125615154
V	4075	0.06811845782630584
VI	4075	0.18420127257450186
VII	4075	0.1909435899316186
VIII	4075	0.22819265502281197
IX	4075	0.11393809333284836
X	4075	0.132096369967992
XI	4075	0.05267869997120645
XII	4075	0.15429192052881854
XIII	4075	0.055645040030029284
XIV	4075	0.12885598336420884
XV	4075	0.13745279673341024
XVI	4075	0.23292365721373828
I	4080	0.2720725573152403
II	4080	0.09159796552809696
III	4080	0.19029382200330053
IV	4080	0.16388902125615154
V	4080	0.06811845782630584
VI	4080	0.18420127257450186
VII	4080	0.1909435899316186
VIII	4080	0.22819265502281197
IX	4080	0.11393809333284836
X	4080	0.132096369967992
XI	4080	0.05267869997120645
XII	4080	0.15429192052881854
XIII	4080	0.055645040030029284
XIV	4080	0.12885598336420884
XV	4080	0.13745279673341024
XVI	4080	0.23292365721373828
I	4085	0.2720725573152403
II	4085	0.09159796552809696
III	4085	0.19029382200330053
IV	4085	0.16388902125615154
V	4085	0.06811845782630584
VI	4085	0.18420127257450186
VII	4085	0.1909435899316186
VIII	4085	0.22819265502281197
IX	4085	0.11393809333284836
X	4085	0.132096369967992
XI	4085	0.05267869997120645
XII	4085	0.15429192052881854
XIII	4085	0.055645040030029284
XIV	4085	0.12885598336420884
XV	4085	0.13745279673341024
XVI	4085	0.23292365721373828
I	4090	0.2720725573152403
II	4090	0.09159796552809696
III	4090	0.19029382200330053
IV	4090	0.16122115001112972
V	4090	0.06811845782630584
VI	4090	0.18420127257450186
VII	4090	0.1909435899316186
VIII	4090	0.22819265502281197
IX	4090	0.11393809333284836
X	4090	0.132096369967992
XI	4090	0.05267869997120645
XII	4090	0.15429192052881854
XIII	4090	0.055645040030029284
XIV	4090	0.12364518641954374
XV	4090	0.13745279673341024
XVI	4090	0.23292365721373828
I	4095	0.2720725573152403
II	4095	0.09159796552809696
III	4095	0.19029382200330053
IV	4095	0.16122115001112972
V	4095	0.06811845782630584
VI	4095	0.18420127257450186
VII	4095	0.1909435899316186
VIII	4095	0.22819265502281197
IX	4095	0.11393809333284836
X	4095	0.132096369967992
XI	4095	0.05267869997120645
XII	4095	0.15429192052881854
XIII	4095	0.055645040030029284
XIV	4095	0.12364518641954374
XV	4095	0.13745279673341024
XVI	4095	0.23292365721373828
I	4100	0.2720725573152403
II	4100	0.09159796552809696
III	4100	0.19029382200330053
IV	4100	0.16122115001112972
V	4100	0.06811845782630584
VI	4100	0.18420127257450186
VII	4100	0.1909435899316186
VIII	4100	0.22819265502281197
IX	4100	0.11393809333284836
X	4100	0.132096369967992
XI	4100	0.05267869997120645
XII	4100	0.15429192052881854
XIII	4100	0.055645040030029284
XIV	4100	0.12364518641954374
XV	4100	0.13745279673341024
XVI	4100	0.23292365721373828
I	4105	0.2720725573152403
II	4105	0.09159796552809696
III	4105	0.19029382200330053
IV	4105	0.16122115001112972
V	4105	0.06811845782630584
VI	4105	0.18420127257450186
VII	4105	0.1909435899316186
VIII	4105	0.22819265502281197
IX	4105	0.11393809333284836
X	4105	0.132096369967992
XI	4105	0.05267869997120645
XII	4105	0.15429192052881854
XIII	4105	0.055645040030029284
XIV	4105	0.12364518641954374
XV	4105	0.13745279673341024
XVI	4105	0.23292365721373828
I	4110	0.2720725573152403
II	4110	0.09159796552809696
III	4110	0.19029382200330053
IV	4110	0.16122115001112972
V	4110	0.06811845782630584
VI	4110	0.18420127257450186
VII	4110	0.1909435899316186
VIII	4110	0.22819265502281197
IX	4110	0.11393809333284836
X	4110	0.132096369967992
XI	4110	0.05267869997120645
XII	4110	0.15429192052881854
XIII	4110	0.055645040030029284
XIV	4110	0.12364518641954374
XV	4110	0.13745279673341024
XVI	4110	0.23292365721373828
I	4115	0.2720725573152403
II	4115	0.09159796552809696
III	4115	0.19029382200330053
IV	4115	0.16122115001112972
V	4115	0.06811845782630584
VI	4115	0.18420127257450186
VII	4115	0.1909435899316186
VIII	4115	0.22819265502281197
IX	4115	0.11393809333284836
X	4115	0.132096369967992
XI	4115	0.05267869997120645
XII	4115	0.15429192052881854
XIII	4115	0.055645040030029284
XIV	4115	0.12364518641954374
XV	4115	0.13745279673341024
XVI	4115	0.23292365721373828
I	4120	0.2720725573152403
II	4120	0.09159796552809696
III	4120	0.19029382200330053
IV	4120	0.16122115001112972
V	4120	0.06811845782630584
VI	4120	0.18420127257450186
VII	4120	0.1909435899316186
VIII	4120	0.22819265502281197
IX	4120	0.11393809333284836
X	4120	0.132096369967992
XI	4120	0.05267869997120645
XII	4120	0.15429192052881854
XIII	4120	0.055645040030029284
XIV	4120	0.11839231550884637
XV	4120	0.13745279673341024
XVI	4120	0.23292365721373828
I	4125	0.2720725573152403
II	4125	0.09159796552809696
III	4125	0.19029382200330053
IV	4125	0.16122115001112972
V	4125	0.06811845782630584
VI	4125	0.18420127257450186
VII	4125	0.1909435899316186
VIII	4125	0.22819265502281197
IX	4125	0.11393809333284836
X	4125	0.132096369967992
XI	4125	0.04649258566081198
XII	4125	0.15429192052881854
XIII	4125	0.055645040030029284
XIV	4125	0.11839231550884637
XV	4125	0.13745279673341024
XVI	4125	0.23292365721373828
I	4130	0.2720725573152403
II	4130	0.09159796552809696
III	4130	0.19029382200330053
IV	4130	0.16122115001112972
V	4130	0.06811845782630584
VI	4130	0.18420127257450186
VII	4130	0.1909435899316186
VIII	4130	0.22819265502281197
IX	4130	0.11393809333284836
X	4130	0.132096369967992
XI	4130	0.04649258566081198
XII	4130	0.15429192052881854
XIII	4130	0.055645040030029284
XIV	4130	0.11839231550884637
XV	4130	0.13745279673341024
XVI	4130	0.22856742041165912
I	4135	0.2720725573152403
II	4135	0.09159796552809696
III	4135	0.19029382200330053
IV	4135	0.16122115001112972
V	4135	0.06811845782630584
VI	4135	0.18420127257450186
VII	4135	0.1909435899316186
VIII	4135	0.22819265502281197
IX	4135	0.11393809333284836
X	4135	0.132096369967992
XI	4135	0.04649258566081198
XII	4135	0.15429192052881854
XIII	4135	0.055645040030029284
XIV	4135	0.11839231550884637
XV	4135	0.13745279673341024
XVI	4135	0.22420590971514642
I	4140	0.2720725573152403
II	4140	0.09159796552809696
III	4140	0.19029382200330053
IV	4140	0.16122115001112972
V	4140	0.06811845782630584
VI	4140	0.18420127257450186
VII	4140	0.1909435899316186
VIII	4140	0.22819265502281197
IX	4140	0.11393809333284836
X	4140	0.132096369967992
XI	4140	0.04649258566081198
XII	4140	0.15429192052881854
XIII	4140	0.055645040030029284
XIV	4140	0.11839231550884637
XV	4140	0.13745279673341024
XVI	4140	0.22420590971514642
I	4145	0.2720725573152403
II	4145	0.09159796552809696
III	4145	0.19029382200330053
IV	4145	0.16122115001112972
V	4145	0.06811845782630584
VI	4145	0.18420127257450186
VII	4145	0.1909435899316186
VIII	4145	0.22819265502281197
IX	4145	0.11393809333284836
X	4145	0.132096369967992
XI	4145	0.04649258566081198
XII	4145	0.15429192052881854
XIII	4145	0.055645040030029284
XIV	4145	0.11839231550884637
XV	4145	0.13745279673341024
XVI	4145	0.22420590971514642
I	4150	0.2720725573152403
II	4150	0.09159796552809696
III	4150	0.19029382200330053
IV	4150	0.16122115001112972
V	4150	0.06811845782630584
VI	4150	0.18420127257450186
VII	4150	0.1909435899316186
VIII	4150	0.22819265502281197
IX	4150	0.11393809333284836
X	4150	0.132096369967992
XI	4150	0.04649258566081198
XII	4150	0.15429192052881854
XIII	4150	0.055645040030029284
XIV	4150	0.11839231550884637
XV	4150	0.13745279673341024
XVI	4150	0.22420590971514642
I	4155	0.2720725573152403
II	4155	0.09159796552809696
III	4155	0.17728586504166366
IV	4155	0.16122115001112972
V	4155	0.06811845782630584
VI	4155	0.18420127257450186
VII	4155	0.1909435899316186
VIII	4155	0.22819265502281197
IX	4155	0.10449478048957916
X	4155	0.132096369967992
XI	4155	0.04649258566081198
XII	4155	0.15429192052881854
XIII	4155	0.055645040030029284
XIV	4155	0.11839231550884637
XV	4155	0.13745279673341024
XVI	4155	0.22420590971514642
I	4160	0.2720725573152403
II	4160	0.09159796552809696
III	4160	0.17728586504166366
IV	4160	0.16122115001112972
V	4160	0.06811845782630584
VI	4160	0.18420127257450186
VII	4160	0.1909435899316186
VIII	4160	0.22819265502281197
IX	4160	0.10449478048957916
X	4160	0.132096369967992
XI	4160	0.04649258566081198
XII	4160	0.15429192052881854
XIII	4160	0.055645040030029284
XIV	4160	0.11839231550884637
XV	4160	0.13745279673341024
XVI	4160	0.22420590971514642
I	4165	0.2720725573152403
II	4165	0.09159796552809696
III	4165	0.17728586504166366
IV	4165	0.16122115001112972
V	4165	0.06811845782630584
VI	4165	0.18420127257450186
VII	4165	0.1909435899316186
VIII	4165	0.22819265502281197
IX	4165	0.10449478048957916
X	4165	0.132096369967992
XI	4165	0.04649258566081198
XII	4165	0.15043077342588462
XIII	4165	0.055645040030029284
XIV	4165	0.11839231550884637
XV	4165	0.13745279673341024
XVI	4165	0.22420590971514642
I	4170	0.2720725573152403
II	4170	0.09159796552809696
III	4170	0.17728586504166366
IV	4170	0.16122115001112972
V	4170	0.06811845782630584
VI	4170	0.18420127257450186
VII	4170	0.1909435899316186
VIII	4170	0.22819265502281197
IX	4170	0.10449478048957916
X	4170	0.132096369967992
XI	4170	0.04649258566081198
XII	4170	0.15043077342588462
XIII	4170	0.055645040030029284
XIV	4170	0.11839231550884637
XV	4170	0.13745279673341024
XVI	4170	0.22420590971514642
I	4175	0.2720725573152403
II	4175	0.09159796552809696
III	4175	0.17728586504166366
IV	4175	0.16122115001112972
V	4175	0.06811845782630584
VI	4175	0.18420127257450186
VII	4175	0.1909435899316186
VIII	4175	0.22819265502281197
IX	4175	0.10449478048957916
X	4175	0.132096369967992
XI	4175	0.04649258566081198
XII	4175	0.15043077342588462
XIII	4175	0.055645040030029284
XIV	4175	0.11839231550884637
XV	4175	0.13745279673341024
XVI	4175	0.22420590971514642
I	4180	0.2720725573152403
II	4180	0.09159796552809696
III	4180	0.17728586504166366
IV	4180	0.15849452946049208
V	4180	0.06811845782630584
VI	4180	0.18420127257450186
VII	4180	0.1909435899316186
VIII	4180	0.22819265502281197
IX	4180	0.10449478048957916
X	4180	0.132096369967992
XI	4180	0.04649258566081198
XII	4180	0.15043077342588462
XIII	4180	0.055645040030029284
XIV	4180	0.11839231550884637
XV	4180	0.13745279673341024
XVI	4180	0.22420590971514642
I	4185	0.2720725573152403
II	4185	0.09159796552809696
III	4185	0.17728586504166366
IV	4185	0.15849452946049208
V	4185	0.06811845782630584
VI	4185	0.18420127257450186
VII	4185	0.1909435899316186
VIII	4185	0.22819265502281197
IX	4185	0.10449478048957916
X	4185	0.132096369967992
XI	4185	0.04649258566081198
XII	4185	0.15043077342588462
XIII	4185	0.055645040030029284
XIV	4185	0.11839231550884637
XV	4185	0.13745279673341024
XVI	4185	0.22420590971514642
I	4190	0.2720725573152403
II	4190	0.09159796552809696
III	4190	0.17728586504166366
IV	4190	0.15849452946049208
V	4190	0.06811845782630584
VI	4190	0.18420127257450186
VII	4190	0.1909435899316186
VIII	4190	0.22819265502281197
IX	4190	0.10449478048957916
X	4190	0.132096369967992
XI	4190	0.04649258566081198
XII	4190	0.15043077342588462
XIII	4190	0.055645040030029284
XIV	4190	0.11839231550884637
XV	4190	0.13745279673341024
XVI	4190	0.22420590971514642
I	4195	0.2720725573152403
II	4195	0.09159796552809696
III	4195	0.17728586504166366
IV	4195	0.15849452946049208
V	4195	0.06811845782630584
VI	4195	0.18420127257450186
VII	4195	0.1909435899316186
VIII	4195	0.22819265502281197
IX	4195	0.10449478048957916
X	4195	0.132096369967992
XI	4195	0.04649258566081198
XII	4195	0.15043077342588462
XIII	4195	0.055645040030029284
XIV	4195	0.11839231550884637
XV	4195	0.13745279673341024
XVI	4195	0.22420590971514642
I	4200	0.2720725573152403
II	4200	0.09159796552809696
III	4200	0.17728586504166366
IV	4200	0.15849452946049208
V	4200	0.06811845782630584
VI	4200	0.18420127257450186
VII	4200	0.1909435899316186
VIII	4200	0.22819265502281197
IX	4200	0.10449478048957916
X	4200	0.132096369967992
XI	4200	0.04649258566081198
XII	4200	0.15043077342588462
XIII	4200	0.055645040030029284
XIV	4200	0.11839231550884637
XV	4200	0.13745279673341024
XVI	4200	0.22420590971514642
I	4205	0.2720725573152403
II	4205	0.09159796552809696
III	4205	0.17728586504166366
IV	4205	0.15849452946049208
V	4205	0.06811845782630584
VI	4205	0.18420127257450186
VII	4205	0.1909435899316186
VIII	4205	0.22819265502281197
IX	4205	0.10449478048957916
X	4205	0.132096369967992
XI	4205	0.04649258566081198
XII	4205	0.15043077342588462
XIII	4205	0.055645040030029284
XIV	4205	0.11839231550884637
XV	4205	0.13745279673341024
XVI	4205	0.22420590971514642
I	4210	0.2720725573152403
II	4210	0.09159796552809696
III	4210	0.17728586504166366
IV	4210	0.15849452946049208
V	4210	0.06811845782630584
VI	4210	0.18420127257450186
VII	4210	0.1909435899316186
VIII	4210	0.22071011280687755
IX	4210	0.10449478048957916
X	4210	0.132096369967992
XI	4210	0.04649258566081198
XII	4210	0.15043077342588462
XIII	4210	0.055645040030029284
XIV	4210	0.11839231550884637
XV	4210	0.13745279673341024
XVI	4210	0.22420590971514642
I	4215	0.2720725573152403
II	4215	0.09159796552809696
III	4215	0.17728586504166366
IV	4215	0.15849452946049208
V	4215	0.06811845782630584
VI	4215	0.18420127257450186
VII	4215	0.1909435899316186
VIII	4215	0.22071011280687755
IX	4215	0.10449478048957916
X	4215	0.132096369967992
XI	4215	0.04649258566081198
XII	4215	0.15043077342588462
XIII	4215	0.055645040030029284
XIV	4215	0.11839231550884637
XV	4215	0.13359406427799733
XVI	4215	0.22420590971514642
I	4220	0.2720725573152403
II	4220	0.09159796552809696
III	4220	0.17728586504166366
IV	4220	0.15849452946049208
V	4220	0.06811845782630584
VI	4220	0.18420127257450186
VII	4220	0.1909435899316186
VIII	4220	0.2132151293093489
IX	4220	0.10449478048957916
X	4220	0.132096369967992
XI	4220	0.04649258566081198
XII	4220	0.15043077342588462
XIII	4220	0.055645040030029284
XIV	4220	0.11839231550884637
XV	4220	0.13359406427799733
XVI	4220	0.22420590971514642
I	4225	0.2720725573152403
II	4225	0.09159796552809696
III	4225	0.17728586504166366
IV	4225	0.15849452946049208
V	4225	0.06811845782630584
VI	4225	0.18420127257450186
VII	4225	0.1909435899316186
VIII	4225	0.2132151293093489
IX	4225	0.10449478048957916
X	4225	0.132096369967992
XI	4225	0.04649258566081198
XII	4225	0.15043077342588462
XIII	4225	0.055645040030029284
XIV	4225	0.11839231550884637
XV	4225	0.13359406427799733
XVI	4225	0.22420590971514642
I	4230	0.2720725573152403
II	4230	0.09159796552809696
III	4230	0.17728586504166366
IV	4230	0.15849452946049208
V	4230	0.06811845782630584
VI	4230	0.18420127257450186
VII	4230	0.1909435899316186
VIII	4230	0.2132151293093489
IX	4230	0.10449478048957916
X	4230	0.132096369967992
XI	4230	0.04649258566081198
XII	4230	0.15043077342588462
XIII	4230	0.055645040030029284
XIV	4230	0.11839231550884637
XV	4230	0.13359406427799733
XVI	4230	0.22420590971514642
I	4235	0.2720725573152403
II	4235	0.09159796552809696
III	4235	0.17728586504166366
IV	4235	0.15849452946049208
V	4235	0.06811845782630584
VI	4235	0.18420127257450186
VII	4235	0.1909435899316186
VIII	4235	0.2132151293093489
IX	4235	0.10449478048957916
X	4235	0.132096369967992
XI	4235	0.04649258566081198
XII	4235	0.15043077342588462
XIII	4235	0.055645040030029284
XIV	4235	0.11839231550884637
XV	4235	0.13359406427799733
XVI	4235	0.22420590971514642
I	4240	0.2720725573152403
II	4240	0.09159796552809696
III	4240	0.17728586504166366
IV	4240	0.15849452946049208
V	4240	0.06811845782630584
VI	4240	0.18420127257450186
VII	4240	0.1909435899316186
VIII	4240	0.2132151293093489
IX	4240	0.10449478048957916
X	4240	0.132096369967992
XI	4240	0.04649258566081198
XII	4240	0.15043077342588462
XIII	4240	0.05105843486425704
XIV	4240	0.11839231550884637
XV	4240	0.13359406427799733
XVI	4240	0.22420590971514642
I	4245	0.2720725573152403
II	4245	0.09159796552809696
III	4245	0.17728586504166366
IV	4245	0.15849452946049208
V	4245	0.06811845782630584
VI	4245	0.18420127257450186
VII	4245	0.1909435899316186
VIII	4245	0.2132151293093489
IX	4245	0.10449478048957916
X	4245	0.132096369967992
XI	4245	0.04649258566081198
XII	4245	0.15043077342588462
XIII	4245	0.05105843486425704
XIV	4245	0.11839231550884637
XV	4245	0.13359406427799733
XVI	4245	0.22420590971514642
I	4250	0.2720725573152403
II	4250	0.09159796552809696
III	4250	0.17728586504166366
IV	4250	0.15849452946049208
V	4250	0.06811845782630584
VI	4250	0.18420127257450186
VII	4250	0.1909435899316186
VIII	4250	0.2132151293093489
IX	4250	0.10449478048957916
X	4250	0.132096369967992
XI	4250	0.04649258566081198
XII	4250	0.15043077342588462
XIII	4250	0.05105843486425704
XIV	4250	0.11839231550884637
XV	4250	0.13359406427799733
XVI	4250	0.22420590971514642
I	4255	0.2720725573152403
II	4255	0.09159796552809696
III	4255	0.17728586504166366
IV	4255	0.15849452946049208
V	4255	0.06811845782630584
VI	4255	0.18420127257450186
VII	4255	0.1909435899316186
VIII	4255	0.2132151293093489
IX	4255	0.10449478048957916
X	4255	0.132096369967992
XI	4255	0.04649258566081198
XII	4255	0.15043077342588462
XIII	4255	0.05105843486425704
XIV	4255	0.11839231550884637
XV	4255	0.13359406427799733
XVI	4255	0.22420590971514642
I	4260	0.2720725573152403
II	4260	0.09159796552809696
III	4260	0.17728586504166366
IV	4260	0.15849452946049208
V	4260	0.06811845782630584
VI	4260	0.18420127257450186
VII	4260	0.1909435899316186
VIII	4260	0.2132151293093489
IX	4260	0.10449478048957916
X	4260	0.132096369967992
XI	4260	0.04649258566081198
XII	4260	0.15043077342588462
XIII	4260	0.05105843486425704
XIV	4260	0.11839231550884637
XV	4260	0.13359406427799733
XVI	4260	0.22420590971514642
I	4265	0.2720725573152403
II	4265	0.09159796552809696
III	4265	0.17728586504166366
IV	4265	0.15849452946049208
V	4265	0.06811845782630584
VI	4265	0.18420127257450186
VII	4265	0.1909435899316186
VIII	4265	0.2132151293093489
IX	4265	0.10449478048957916
X	4265	0.132096369967992
XI	4265	0.04649258566081198
XII	4265	0.15043077342588462
XIII	4265	0.05105843486425704
XIV	4265	0.11839231550884637
XV	4265	0.13359406427799733
XVI	4265	0.22420590971514642
I	4270	0.2720725573152403
II	4270	0.09159796552809696
III	4270	0.17728586504166366
IV	4270	0.15849452946049208
V	4270	0.06811845782630584
VI	4270	0.18420127257450186
VII	4270	0.1909435899316186
VIII	4270	0.2132151293093489
IX	4270	0.10449478048957916
X	4270	0.132096369967992
XI	4270	0.04649258566081198
XII	4270	0.15043077342588462
XIII	4270	0.05105843486425704
XIV	4270	0.11839231550884637
XV	4270	0.13359406427799733
XVI	4270	0.22420590971514642
I	4275	0.2720725573152403
II	4275	0.09159796552809696
III	4275	0.17728586504166366
IV	4275	0.15849452946049208
V	4275	0.06811845782630584
VI	4275	0.18420127257450186
VII	4275	0.1909435899316186
VIII	4275	0.2132151293093489
IX	4275	0.10449478048957916
X	4275	0.132096369967992
XI	4275	0.04649258566081198
XII	4275	0.15043077342588462
XIII	4275	0.05105843486425704
XIV	4275	0.11839231550884637
XV	4275	0.13359406427799733
XVI	4275	0.22420590971514642
I	4280	0.2720725573152403
II	4280	0.09159796552809696
III	4280	0.17728586504166366
IV	4280	0.15849452946049208
V	4280	0.06811845782630584
VI	4280	0.18420127257450186
VII	4280	0.1909435899316186
VIII	4280	0.2132151293093489
IX	4280	0.10449478048957916
X	4280	0.132096369967992
XI	4280	0.04649258566081198
XII	4280	0.15043077342588462
XIII	4280	0.05105843486425704
XIV	4280	0.11839231550884637
XV	4280	0.13359406427799733
XVI	4280	0.22420590971514642
I	4285	0.2720725573152403
II	4285	0.09159796552809696
III	4285	0.17728586504166366
IV	4285	0.15290224833592592
V	4285	0.06811845782630584
VI	4285	0.18420127257450186
VII	4285	0.1909435899316186
VIII	4285	0.2132151293093489
IX	4285	0.10449478048957916
X	4285	0.132096369967992
XI	4285	0.04649258566081198
XII	4285	0.15043077342588462
XIII	4285	0.05105843486425704
XIV	4285	0.11839231550884637
XV	4285	0.13359406427799733
XVI	4285	0.22420590971514642
I	4290	0.2720725573152403
II	4290	0.09159796552809696
III	4290	0.17728586504166366
IV	4290	0.15290224833592592
V	4290	0.06811845782630584
VI	4290	0.18420127257450186
VII	4290	0.1909435899316186
VIII	4290	0.2132151293093489
IX	4290	0.10449478048957916
X	4290	0.132096369967992
XI	4290	0.04649258566081198
XII	4290	0.15043077342588462
XIII	4290	0.05105843486425704
XIV	4290	0.11839231550884637
XV	4290	0.13359406427799733
XVI	4290	0.22420590971514642
I	4295	0.2720725573152403
II	4295	0.09159796552809696
III	4295	0.17728586504166366
IV	4295	0.15290224833592592
V	4295	0.06811845782630584
VI	4295	0.18420127257450186
VII	4295	0.1909435899316186
VIII	4295	0.2132151293093489
IX	4295	0.10449478048957916
X	4295	0.132096369967992
XI	4295	0.04649258566081198
XII	4295	0.15043077342588462
XIII	4295	0.05105843486425704
XIV	4295	0.11839231550884637
XV	4295	0.13359406427799733
XVI	4295	0.22420590971514642
I	4300	0.2720725573152403
II	4300	0.09159796552809696
III	4300	0.17728586504166366
IV	4300	0.15290224833592592
V	4300	0.06811845782630584
VI	4300	0.18420127257450186
VII	4300	0.1909435899316186
VIII	4300	0.2132151293093489
IX	4300	0.10449478048957916
X	4300	0.132096369967992
XI	4300	0.04649258566081198
XII	4300	0.15043077342588462
XIII	4300	0.05105843486425704
XIV	4300	0.11839231550884637
XV	4300	0.13359406427799733
XVI	4300	0.22420590971514642
I	4305	0.2720725573152403
II	4305	0.09159796552809696
III	4305	0.17728586504166366
IV	4305	0.15290224833592592
V	4305	0.06811845782630584
VI	4305	0.18420127257450186
VII	4305	0.1909435899316186
VIII	4305	0.2132151293093489
IX	4305	0.10449478048957916
X	4305	0.132096369967992
XI	4305	0.04649258566081198
XII	4305	0.15043077342588462
XIII	4305	0.05105843486425704
XIV	4305	0.11839231550884637
XV	4305	0.13359406427799733
XVI	4305	0.2196693057234412
I	4310	0.2720725573152403
II	4310	0.09159796552809696
III	4310	0.17728586504166366
IV	4310	0.1500907676771765
V	4310	0.06811845782630584
VI	4310	0.18420127257450186
VII	4310	0.1909435899316186
VIII	4310	0.2132151293093489
IX	4310	0.10449478048957916
X	4310	0.132096369967992
XI	4310	0.04649258566081198
XII	4310	0.15043077342588462
XIII	4310	0.05105843486425704
XIV	4310	0.11839231550884637
XV	4310	0.13359406427799733
XVI	4310	0.2196693057234412
I	4315	0.2720725573152403
II	4315	0.09159796552809696
III	4315	0.17728586504166366
IV	4315	0.1500907676771765
V	4315	0.06811845782630584
VI	4315	0.18420127257450186
VII	4315	0.1909435899316186
VIII	4315	0.2132151293093489
IX	4315	0.10449478048957916
X	4315	0.132096369967992
XI	4315	0.04649258566081198
XII	4315	0.15043077342588462
XIII	4315	0.05105843486425704
XIV	4315	0.11839231550884637
XV	4315	0.13359406427799733
XVI	4315	0.2196693057234412
I	4320	0.2720725573152403
II	4320	0.09159796552809696
III	4320	0.17728586504166366
IV	4320	0.1500907676771765
V	4320	0.06811845782630584
VI	4320	0.18420127257450186
VII	4320	0.1909435899316186
VIII	4320	0.2132151293093489
IX	4320	0.10449478048957916
X	4320	0.132096369967992
XI	4320	0.04649258566081198
XII	4320	0.15043077342588462
XIII	4320	0.05105843486425704
XIV	4320	0.11839231550884637
XV	4320	0.13359406427799733
XVI	4320	0.2196693057234412
I	4325	0.2720725573152403
II	4325	0.09159796552809696
III	4325	0.17728586504166366
IV	4325	0.1500907676771765
V	4325	0.06811845782630584
VI	4325	0.18420127257450186
VII	4325	0.1909435899316186
VIII	4325	0.2132151293093489
IX	4325	0.10449478048957916
X	4325	0.132096369967992
XI	4325	0.04649258566081198
XII	4325	0.15043077342588462
XIII	4325	0.05105843486425704
XIV	4325	0.11839231550884637
XV	4325	0.13359406427799733
XVI	4325	0.2196693057234412
I	4330	0.2720725573152403
II	4330	0.09159796552809696
III	4330	0.17728586504166366
IV	4330	0.1500907676771765
V	4330	0.06811845782630584
VI	4330	0.18420127257450186
VII	4330	0.1909435899316186
VIII	4330	0.2132151293093489
IX	4330	0.10449478048957916
X	4330	0.132096369967992
XI	4330	0.04649258566081198
XII	4330	0.15043077342588462
XIII	4330	0.05105843486425704
XIV	4330	0.11839231550884637
XV	4330	0.13359406427799733
XVI	4330	0.2196693057234412
I	4335	0.2720725573152403
II	4335	0.09159796552809696
III	4335	0.17728586504166366
IV	4335	0.1500907676771765
V	4335	0.06811845782630584
VI	4335	0.18420127257450186
VII	4335	0.1909435899316186
VIII	4335	0.2132151293093489
IX	4335	0.10449478048957916
X	4335	0.132096369967992
XI	4335	0.04649258566081198
XII	4335	0.15043077342588462
XIII	4335	0.05105843486425704
XIV	4335	0.11839231550884637
XV	4335	0.13359406427799733
XVI	4335	0.2196693057234412
I	4340	0.2720725573152403
II	4340	0.08626214977176137
III	4340	0.17728586504166366
IV	4340	0.1500907676771765
V	4340	0.06811845782630584
VI	4340	0.18420127257450186
VII	4340	0.1909435899316186
VIII	4340	0.2132151293093489
IX	4340	0.10449478048957916
X	4340	0.132096369967992
XI	4340	0.04649258566081198
XII	4340	0.15043077342588462
XIII	4340	0.05105843486425704
XIV	4340	0.11839231550884637
XV	4340	0.13359406427799733
XVI	4340	0.2196693057234412
I	4345	0.2720725573152403
II	4345	0.08626214977176137
III	4345	0.17728586504166366
IV	4345	0.1472564400662431
V	4345	0.06811845782630584
VI	4345	0.18420127257450186
VII	4345	0.18696261939245054
VIII	4345	0.2132151293093489
IX	4345	0.10449478048957916
X	4345	0.132096369967992
XI	4345	0.04649258566081198
XII	4345	0.15043077342588462
XIII	4345	0.05105843486425704
XIV	4345	0.11839231550884637
XV	4345	0.13359406427799733
XVI	4345	0.2196693057234412
I	4350	0.2720725573152403
II	4350	0.08626214977176137
III	4350	0.17728586504166366
IV	4350	0.1472564400662431
V	4350	0.06811845782630584
VI	4350	0.18420127257450186
VII	4350	0.18696261939245054
VIII	4350	0.2132151293093489
IX	4350	0.10449478048957916
X	4350	0.132096369967992
XI	4350	0.04649258566081198
XII	4350	0.15043077342588462
XIII	4350	0.05105843486425704
XIV	4350	0.11839231550884637
XV	4350	0.12960979243849716
XVI	4350	0.2196693057234412
I	4355	0.2720725573152403
II	4355	0.08626214977176137
III	4355	0.17728586504166366
IV	4355	0.1472564400662431
V	4355	0.06811845782630584
VI	4355	0.18420127257450186
VII	4355	0.18696261939245054
VIII	4355	0.2132151293093489
IX	4355	0.10449478048957916
X	4355	0.132096369967992
XI	4355	0.04649258566081198
XII	4355	0.15043077342588462
XIII	4355	0.05105843486425704
XIV	4355	0.11839231550884637
XV	4355	0.12960979243849716
XVI	4355	0.2196693057234412
I	4360	0.2720725573152403
II	4360	0.08626214977176137
III	4360	0.17728586504166366
IV	4360	0.1472564400662431
V	4360	0.06811845782630584
VI	4360	0.18420127257450186
VII	4360	0.18696261939245054
VIII	4360	0.2132151293093489
IX	4360	0.10449478048957916
X	4360	0.132096369967992
XI	4360	0.04649258566081198
XII	4360	0.15043077342588462
XIII	4360	0.05105843486425704
XIV	4360	0.11839231550884637
XV	4360	0.12960979243849716
XVI	4360	0.2196693057234412
I	4365	0.2720725573152403
II	4365	0.08626214977176137
III	4365	0.17728586504166366
IV	4365	0.1472564400662431
V	4365	0.06811845782630584
VI	4365	0.18420127257450186
VII	4365	0.18696261939245054
VIII	4365	0.2132151293093489
IX	4365	0.10449478048957916
X	4365	0.132096369967992
XI	4365	0.04649258566081198
XII	4365	0.15043077342588462
XIII	4365	0.05105843486425704
XIV	4365	0.11839231550884637
XV	4365	0.12960979243849716
XVI	4365	0.2196693057234412
I	4370	0.2720725573152403
II	4370	0.08626214977176137
III	4370	0.17728586504166366
IV	4370	0.1472564400662431
V	4370	0.06811845782630584
VI	4370	0.18420127257450186
VII	4370	0.18696261939245054
VIII	4370	0.2132151293093489
IX	4370	0.10449478048957916
X	4370	0.132096369967992
XI	4370	0.04649258566081198
XII	4370	0.15043077342588462
XIII	4370	0.05105843486425704
XIV	4370	0.11839231550884637
XV	4370	0.12960979243849716
XVI	4370	0.2196693057234412
I	4375	0.2720725573152403
II	4375	0.08626214977176137
III	4375	0.17728586504166366
IV	4375	0.1472564400662431
V	4375	0.06811845782630584
VI	4375	0.1680220313072575
VII	4375	0.18696261939245054
VIII	4375	0.2132151293093489
IX	4375	0.10449478048957916
X	4375	0.132096369967992
XI	4375	0.04649258566081198
XII	4375	0.14637670809152858
XIII	4375	0.05105843486425704
XIV	4375	0.11839231550884637
XV	4375	0.12960979243849716
XVI	4375	0.2196693057234412
I	4380	0.2720725573152403
II	4380	0.08626214977176137
III	4380	0.17728586504166366
IV	4380	0.1472564400662431
V	4380	0.06811845782630584
VI	4380	0.1680220313072575
VII	4380	0.18696261939245054
VIII	4380	0.2132151293093489
IX	4380	0.10449478048957916
X	4380	0.132096369967992
XI	4380	0.04649258566081198
XII	4380	0.14637670809152858
XIII	4380	0.05105843486425704
XIV	4380	0.11839231550884637
XV	4380	0.12960979243849716
XVI	4380	0.2196693057234412
I	4385	0.2720725573152403
II	4385	0.08626214977176137
III	4385	0.17728586504166366
IV	4385	0.1472564400662431
V	4385	0.06811845782630584
VI	4385	0.1680220313072575
VII	4385	0.18696261939245054
VIII	4385	0.2132151293093489
IX	4385	0.10449478048957916
X	4385	0.132096369967992
XI	4385	0.04649258566081198
XII	4385	0.14637670809152858
XIII	4385	0.05105843486425704
XIV	4385	0.11839231550884637
XV	4385	0.12960979243849716
XVI	4385	0.2196693057234412
I	4390	0.2720725573152403
II	4390	0.08626214977176137
III	4390	0.17728586504166366
IV	4390	0.1472564400662431
V	4390	0.06811845782630584
VI	4390	0.1680220313072575
VII	4390	0.18696261939245054
VIII	4390	0.2132151293093489
IX	4390	0.10449478048957916
X	4390	0.132096369967992
XI	4390	0.04649258566081198
XII	4390	0.14637670809152858
XIII	4390	0.05105843486425704
XIV	4390	0.11839231550884637
XV	4390	0.12960979243849716
XVI	4390	0.2196693057234412
I	4395	0.2720725573152403
II	4395	0.08626214977176137
III	4395	0.17728586504166366
IV	4395	0.1472564400662431
V	4395	0.06811845782630584
VI	4395	0.1680220313072575
VII	4395	0.18696261939245054
VIII	4395	0.2132151293093489
IX	4395	0.10449478048957916
X	4395	0.132096369967992
XI	4395	0.04649258566081198
XII	4395	0.14637670809152858
XIII	4395	0.05105843486425704
XIV	4395	0.11839231550884637
XV	4395	0.12960979243849716
XVI	4395	0.2196693057234412
I	4400	0.2720725573152403
II	4400	0.08626214977176137
III	4400	0.17728586504166366
IV	4400	0.1472564400662431
V	4400	0.06811845782630584
VI	4400	0.1680220313072575
VII	4400	0.18696261939245054
VIII	4400	0.2132151293093489
IX	4400	0.10449478048957916
X	4400	0.132096369967992
XI	4400	0.04649258566081198
XII	4400	0.14637670809152858
XIII	4400	0.05105843486425704
XIV	4400	0.11839231550884637
XV	4400	0.12960979243849716
XVI	4400	0.2196693057234412
I	4405	0.2720725573152403
II	4405	0.08626214977176137
III	4405	0.17728586504166366
IV	4405	0.1472564400662431
V	4405	0.06811845782630584
VI	4405	0.1680220313072575
VII	4405	0.18696261939245054
VIII	4405	0.2132151293093489
IX	4405	0.10449478048957916
X	4405	0.132096369967992
XI	4405	0.04649258566081198
XII	4405	0.14637670809152858
XIII	4405	0.05105843486425704
XIV	4405	0.11278117840254076
XV	4405	0.12960979243849716
XVI	4405	0.2196693057234412
I	4410	0.2720725573152403
II	4410	0.08626214977176137
III	4410	0.17728586504166366
IV	4410	0.1472564400662431
V	4410	0.06811845782630584
VI	4410	0.1680220313072575
VII	4410	0.18696261939245054
VIII	4410	0.2132151293093489
IX	4410	0.10449478048957916
X	4410	0.132096369967992
XI	4410	0.04649258566081198
XII	4410	0.14637670809152858
XIII	4410	0.05105843486425704
XIV	4410	0.11278117840254076
XV	4410	0.12960979243849716
XVI	4410	0.2196693057234412
I	4415	0.2720725573152403
II	4415	0.08626214977176137
III	4415	0.17728586504166366
IV	4415	0.1472564400662431
V	4415	0.06811845782630584
VI	4415	0.1680220313072575
VII	4415	0.18696261939245054
VIII	4415	0.2132151293093489
IX	4415	0.10449478048957916
X	4415	0.132096369967992
XI	4415	0.04649258566081198
XII	4415	0.14637670809152858
XIII	4415	0.05105843486425704
XIV	4415	0.11278117840254076
XV	4415	0.12960979243849716
XVI	4415	0.2196693057234412
I	4420	0.2720725573152403
II	4420	0.08626214977176137
III	4420	0.17728586504166366
IV	4420	0.1472564400662431
V	4420	0.06811845782630584
VI	4420	0.1680220313072575
VII	4420	0.18696261939245054
VIII	4420	0.2132151293093489
IX	4420	0.10449478048957916
X	4420	0.132096369967992
XI	4420	0.04649258566081198
XII	4420	0.14637670809152858
XIII	4420	0.05105843486425704
XIV	4420	0.11278117840254076
XV	4420	0.12960979243849716
XVI	4420	0.2196693057234412
I	4425	0.2720725573152403
II	4425	0.08626214977176137
III	4425	0.17728586504166366
IV	4425	0.1472564400662431
V	4425	0.06811845782630584
VI	4425	0.1680220313072575
VII	4425	0.18696261939245054
VIII	4425	0.2132151293093489
IX	4425	0.10449478048957916
X	4425	0.132096369967992
XI	4425	0.04649258566081198
XII	4425	0.14637670809152858
XIII	4425	0.05105843486425704
XIV	4425	0.11278117840254076
XV	4425	0.12960979243849716
XVI	4425	0.2196693057234412
I	4430	0.2720725573152403
II	4430	0.08626214977176137
III	4430	0.17728586504166366
IV	4430	0.1472564400662431
V	4430	0.06811845782630584
VI	4430	0.1680220313072575
VII	4430	0.18696261939245054
VIII	4430	0.2132151293093489
IX	4430	0.10449478048957916
X	4430	0.132096369967992
XI	4430	0.04649258566081198
XII	4430	0.14637670809152858
XIII	4430	0.05105843486425704
XIV	4430	0.11278117840254076
XV	4430	0.12960979243849716
XVI	4430	0.21499979959201151
I	4435	0.2720725573152403
II	4435	0.08626214977176137
III	4435	0.17728586504166366
IV	4435	0.1472564400662431
V	4435	0.06811845782630584
VI	4435	0.1680220313072575
VII	4435	0.18696261939245054
VIII	4435	0.2132151293093489
IX	4435	0.10449478048957916
X	4435	0.132096369967992
XI	4435	0.04649258566081198
XII	4435	0.14637670809152858
XIII	4435	0.05105843486425704
XIV	4435	0.11278117840254076
XV	4435	0.12960979243849716
XVI	4435	0.21499979959201151
I	4440	0.2720725573152403
II	4440	0.08626214977176137
III	4440	0.17728586504166366
IV	4440	0.1472564400662431
V	4440	0.06811845782630584
VI	4440	0.1680220313072575
VII	4440	0.18696261939245054
VIII	4440	0.2132151293093489
IX	4440	0.10449478048957916
X	4440	0.132096369967992
XI	4440	0.04649258566081198
XII	4440	0.14637670809152858
XIII	4440	0.05105843486425704
XIV	4440	0.11278117840254076
XV	4440	0.12960979243849716
XVI	4440	0.21499979959201151
I	4445	0.2720725573152403
II	4445	0.08626214977176137
III	4445	0.17728586504166366
IV	4445	0.1472564400662431
V	4445	0.06811845782630584
VI	4445	0.1680220313072575
VII	4445	0.18696261939245054
VIII	4445	0.2132151293093489
IX	4445	0.10449478048957916
X	4445	0.132096369967992
XI	4445	0.04649258566081198
XII	4445	0.14637670809152858
XIII	4445	0.05105843486425704
XIV	4445	0.11278117840254076
XV	4445	0.12960979243849716
XVI	4445	0.21499979959201151
I	4450	0.2720725573152403
II	4450	0.08626214977176137
III	4450	0.17728586504166366
IV	4450	0.1472564400662431
V	4450	0.06811845782630584
VI	4450	0.1680220313072575
VII	4450	0.18696261939245054
VIII	4450	0.20530602886732796
IX	4450	0.10449478048957916
X	4450	0.132096369967992
XI	4450	0.04649258566081198
XII	4450	0.14637670809152858
XIII	4450	0.05105843486425704
XIV	4450	0.11278117840254076
XV	4450	0.12960979243849716
XVI	4450	0.21499979959201151
I	4455	0.2720725573152403
II	4455	0.08626214977176137
III	4455	0.17728586504166366
IV	4455	0.1472564400662431
V	4455	0.06811845782630584
VI	4455	0.1680220313072575
VII	4455	0.18696261939245054
VIII	4455	0.20530602886732796
IX	4455	0.10449478048957916
X	4455	0.132096369967992
XI	4455	0.04649258566081198
XII	4455	0.14637670809152858
XIII	4455	0.05105843486425704
XIV	4455	0.11278117840254076
XV	4455	0.12960979243849716
XVI	4455	0.21499979959201151
I	4460	0.2720725573152403
II	4460	0.08626214977176137
III	4460	0.17728586504166366
IV	4460	0.1472564400662431
V	4460	0.06811845782630584
VI	4460	0.1680220313072575
VII	4460	0.18696261939245054
VIII	4460	0.20530602886732796
IX	4460	0.10449478048957916
X	4460	0.132096369967992
XI	4460	0.04649258566081198
XII	4460	0.14637670809152858
XIII	4460	0.05105843486425704
XIV	4460	0.11278117840254076
XV	4460	0.12960979243849716
XVI	4460	0.21499979959201151
I	4465	0.2720725573152403
II	4465	0.08626214977176137
III	4465	0.17728586504166366
IV	4465	0.1472564400662431
V	4465	0.06811845782630584
VI	4465	0.1680220313072575
VII	4465	0.18696261939245054
VIII	4465	0.20530602886732796
IX	4465	0.10449478048957916
X	4465	0.132096369967992
XI	4465	0.04649258566081198
XII	4465	0.14637670809152858
XIII	4465	0.05105843486425704
XIV	4465	0.11278117840254076
XV	4465	0.12960979243849716
XVI	4465	0.21499979959201151
I	4470	0.2720725573152403
II	4470	0.08626214977176137
III	4470	0.17728586504166366
IV	4470	0.1472564400662431
V	4470	0.06811845782630584
VI	4470	0.1680220313072575
VII	4470	0.18696261939245054
VIII	4470	0.20530602886732796
IX	4470	0.10449478048957916
X	4470	0.132096369967992
XI	4470	0.04649258566081198
XII	4470	0.14637670809152858
XIII	4470	0.05105843486425704
XIV	4470	0.11278117840254076
XV	4470	0.12960979243849716
XVI	4470	0.21499979959201151
I	4475	0.2720725573152403
II	4475	0.08626214977176137
III	4475	0.17728586504166366
IV	4475	0.1472564400662431
V	4475	0.06811845782630584
VI	4475	0.1680220313072575
VII	4475	0.18696261939245054
VIII	4475	0.20530602886732796
IX	4475	0.10449478048957916
X	4475	0.132096369967992
XI	4475	0.04649258566081198
XII	4475	0.14637670809152858
XIII	4475	0.05105843486425704
XIV	4475	0.11278117840254076
XV	4475	0.12960979243849716
XVI	4475	0.21499979959201151
I	4480	0.2720725573152403
II	4480	0.08626214977176137
III	4480	0.17728586504166366
IV	4480	0.1472564400662431
V	4480	0.06811845782630584
VI	4480	0.1680220313072575
VII	4480	0.18696261939245054
VIII	4480	0.20530602886732796
IX	4480	0.10449478048957916
X	4480	0.132096369967992
XI	4480	0.04649258566081198
XII	4480	0.14637670809152858
XIII	4480	0.05105843486425704
XIV	4480	0.11278117840254076
XV	4480	0.12960979243849716
XVI	4480	0.21499979959201151
I	4485	0.2720725573152403
II	4485	0.08626214977176137
III	4485	0.17728586504166366
IV	4485	0.1472564400662431
V	4485	0.06811845782630584
VI	4485	0.1680220313072575
VII	4485	0.18285240251526208
VIII	4485	0.20530602886732796
IX	4485	0.10449478048957916
X	4485	0.132096369967992
XI	4485	0.04649258566081198
XII	4485	0.14637670809152858
XIII	4485	0.05105843486425704
XIV	4485	0.11278117840254076
XV	4485	0.12960979243849716
XVI	4485	0.21499979959201151
I	4490	0.2720725573152403
II	4490	0.08626214977176137
III	4490	0.17728586504166366
IV	4490	0.14432746079626196
V	4490	0.06811845782630584
VI	4490	0.1680220313072575
VII	4490	0.18285240251526208
VIII	4490	0.20530602886732796
IX	4490	0.10449478048957916
X	4490	0.132096369967992
XI	4490	0.04649258566081198
XII	4490	0.14637670809152858
XIII	4490	0.05105843486425704
XIV	4490	0.11278117840254076
XV	4490	0.12960979243849716
XVI	4490	0.21499979959201151
I	4495	0.2720725573152403
II	4495	0.08626214977176137
III	4495	0.17728586504166366
IV	4495	0.14432746079626196
V	4495	0.06811845782630584
VI	4495	0.1680220313072575
VII	4495	0.18285240251526208
VIII	4495	0.20530602886732796
IX	4495	0.10449478048957916
X	4495	0.132096369967992
XI	4495	0.04649258566081198
XII	4495	0.14637670809152858
XIII	4495	0.05105843486425704
XIV	4495	0.11278117840254076
XV	4495	0.12960979243849716
XVI	4495	0.21499979959201151
I	4500	0.2720725573152403
II	4500	0.08626214977176137
III	4500	0.17728586504166366
IV	4500	0.14432746079626196
V	4500	0.06811845782630584
VI	4500	0.1680220313072575
VII	4500	0.18285240251526208
VIII	4500	0.20530602886732796
IX	4500	0.10449478048957916
X	4500	0.132096369967992
XI	4500	0.04649258566081198
XII	4500	0.14637670809152858
XIII	4500	0.05105843486425704
XIV	4500	0.11278117840254076
XV	4500	0.12960979243849716
XVI	4500	0.21499979959201151
I	4505	0.2720725573152403
II	4505	0.08626214977176137
III	4505	0.17728586504166366
IV	4505	0.14432746079626196
V	4505	0.06811845782630584
VI	4505	0.1680220313072575
VII	4505	0.18285240251526208
VIII	4505	0.20530602886732796
IX	4505	0.10449478048957916
X	4505	0.132096369967992
XI	4505	0.04649258566081198
XII	4505	0.14637670809152858
XIII	4505	0.05105843486425704
XIV	4505	0.11278117840254076
XV	4505	0.12960979243849716
XVI	4505	0.21499979959201151
I	4510	0.2720725573152403
II	4510	0.08626214977176137
III	4510	0.17728586504166366
IV	4510	0.14432746079626196
V	4510	0.06811845782630584
VI	4510	0.1680220313072575
VII	4510	0.18285240251526208
VIII	4510	0.19729739817255346
IX	4510	0.10449478048957916
X	4510	0.132096369967992
XI	4510	0.04649258566081198
XII	4510	0.14637670809152858
XIII	4510	0.05105843486425704
XIV	4510	0.11278117840254076
XV	4510	0.12960979243849716
XVI	4510	0.21499979959201151
I	4515	0.2720725573152403
II	4515	0.08626214977176137
III	4515	0.17728586504166366
IV	4515	0.14432746079626196
V	4515	0.06811845782630584
VI	4515	0.1680220313072575
VII	4515	0.18285240251526208
VIII	4515	0.19729739817255346
IX	4515	0.10449478048957916
X	4515	0.132096369967992
XI	4515	0.04649258566081198
XII	4515	0.14637670809152858
XIII	4515	0.05105843486425704
XIV	4515	0.11278117840254076
XV	4515	0.12547432353057067
XVI	4515	0.21499979959201151
I	4520	0.2720725573152403
II	4520	0.08626214977176137
III	4520	0.17728586504166366
IV	4520	0.14432746079626196
V	4520	0.06811845782630584
VI	4520	0.1680220313072575
VII	4520	0.18285240251526208
VIII	4520	0.19729739817255346
IX	4520	0.10449478048957916
X	4520	0.132096369967992
XI	4520	0.04649258566081198
XII	4520	0.14637670809152858
XIII	4520	0.05105843486425704
XIV	4520	0.11278117840254076
XV	4520	0.12547432353057067
XVI	4520	0.21499979959201151
I	4525	0.2720725573152403
II	4525	0.08626214977176137
III	4525	0.17728586504166366
IV	4525	0.14432746079626196
V	4525	0.06811845782630584
VI	4525	0.1680220313072575
VII	4525	0.18285240251526208
VIII	4525	0.19729739817255346
IX	4525	0.10449478048957916
X	4525	0.132096369967992
XI	4525	0.04649258566081198
XII	4525	0.14637670809152858
XIII	4525	0.05105843486425704
XIV	4525	0.11278117840254076
XV	4525	0.12547432353057067
XVI	4525	0.21499979959201151
I	4530	0.2720725573152403
II	4530	0.08626214977176137
III	4530	0.17728586504166366
IV	4530	0.14432746079626196
V	4530	0.06811845782630584
VI	4530	0.1680220313072575
VII	4530	0.18285240251526208
VIII	4530	0.18924788898111236
IX	4530	0.10449478048957916
X	4530	0.132096369967992
XI	4530	0.04649258566081198
XII	4530	0.14637670809152858
XIII	4530	0.05105843486425704
XIV	4530	0.11278117840254076
XV	4530	0.12547432353057067
XVI	4530	0.21499979959201151
I	4535	0.2720725573152403
II	4535	0.08626214977176137
III	4535	0.17728586504166366
IV	4535	0.14432746079626196
V	4535	0.06811845782630584
VI	4535	0.1680220313072575
VII	4535	0.18285240251526208
VIII	4535	0.18924788898111236
IX	4535	0.10449478048957916
X	4535	0.132096369967992
XI	4535	0.04649258566081198
XII	4535	0.14637670809152858
XIII	4535	0.05105843486425704
XIV	4535	0.11278117840254076
XV	4535	0.12547432353057067
XVI	4535	0.21499979959201151
I	4540	0.2720725573152403
II	4540	0.08626214977176137
III	4540	0.17728586504166366
IV	4540	0.14432746079626196
V	4540	0.06811845782630584
VI	4540	0.1680220313072575
VII	4540	0.18285240251526208
VIII	4540	0.18924788898111236
IX	4540	0.10449478048957916
X	4540	0.132096369967992
XI	4540	0.04649258566081198
XII	4540	0.14637670809152858
XIII	4540	0.05105843486425704
XIV	4540	0.11278117840254076
XV	4540	0.12547432353057067
XVI	4540	0.21499979959201151
I	4545	0.2720725573152403
II	4545	0.08626214977176137
III	4545	0.17728586504166366
IV	4545	0.14432746079626196
V	4545	0.06811845782630584
VI	4545	0.1680220313072575
VII	4545	0.18285240251526208
VIII	4545	0.18924788898111236
IX	4545	0.10449478048957916
X	4545	0.132096369967992
XI	4545	0.04649258566081198
XII	4545	0.14637670809152858
XIII	4545	0.05105843486425704
XIV	4545	0.11278117840254076
XV	4545	0.12547432353057067
XVI	4545	0.21499979959201151
I	4550	0.2720725573152403
II	4550	0.08626214977176137
III	4550	0.17728586504166366
IV	4550	0.14432746079626196
V	4550	0.06811845782630584
VI	4550	0.1680220313072575
VII	4550	0.18285240251526208
VIII	4550	0.18924788898111236
IX	4550	0.10449478048957916
X	4550	0.132096369967992
XI	4550	0.04649258566081198
XII	4550	0.14637670809152858
XIII	4550	0.05105843486425704
XIV	4550	0.11278117840254076
XV	4550	0.12547432353057067
XVI	4550	0.21499979959201151
I	4555	0.2720725573152403
II	4555	0.08626214977176137
III	4555	0.17728586504166366
IV	4555	0.14432746079626196
V	4555	0.06811845782630584
VI	4555	0.1680220313072575
VII	4555	0.18285240251526208
VIII	4555	0.18924788898111236
IX	4555	0.10449478048957916
X	4555	0.132096369967992
XI	4555	0.04649258566081198
XII	4555	0.14637670809152858
XIII	4555	0.05105843486425704
XIV	4555	0.10697752102742075
XV	4555	0.12130128444200493
XVI	4555	0.21499979959201151
I	4560	0.2720725573152403
II	4560	0.08626214977176137
III	4560	0.17728586504166366
IV	4560	0.14432746079626196
V	4560	0.06811845782630584
VI	4560	0.1680220313072575
VII	4560	0.18285240251526208
VIII	4560	0.18924788898111236
IX	4560	0.10449478048957916
X	4560	0.132096369967992
XI	4560	0.04649258566081198
XII	4560	0.14637670809152858
XIII	4560	0.05105843486425704
XIV	4560	0.10697752102742075
XV	4560	0.12130128444200493
XVI	4560	0.21499979959201151
I	4565	0.2720725573152403
II	4565	0.08626214977176137
III	4565	0.17728586504166366
IV	4565	0.14432746079626196
V	4565	0.06811845782630584
VI	4565	0.1680220313072575
VII	4565	0.18285240251526208
VIII	4565	0.18924788898111236
IX	4565	0.10449478048957916
X	4565	0.132096369967992
XI	4565	0.04649258566081198
XII	4565	0.14637670809152858
XIII	4565	0.05105843486425704
XIV	4565	0.10697752102742075
XV	4565	0.12130128444200493
XVI	4565	0.21499979959201151
I	4570	0.2720725573152403
II	4570	0.08626214977176137
III	4570	0.17728586504166366
IV	4570	0.14134691269135138
V	4570	0.06811845782630584
VI	4570	0.1680220313072575
VII	4570	0.18285240251526208
VIII	4570	0.18924788898111236
IX	4570	0.10449478048957916
X	4570	0.132096369967992
XI	4570	0.04649258566081198
XII	4570	0.14637670809152858
XIII	4570	0.05105843486425704
XIV	4570	0.10697752102742075
XV	4570	0.12130128444200493
XVI	4570	0.21499979959201151
I	4575	0.2720725573152403
II	4575	0.08626214977176137
III	4575	0.17728586504166366
IV	4575	0.14134691269135138
V	4575	0.06811845782630584
VI	4575	0.1680220313072575
VII	4575	0.18285240251526208
VIII	4575	0.18924788898111236
IX	4575	0.10449478048957916
X	4575	0.132096369967992
XI	4575	0.04649258566081198
XII	4575	0.14637670809152858
XIII	4575	0.05105843486425704
XIV	4575	0.10697752102742075
XV	4575	0.12130128444200493
XVI	4575	0.21499979959201151
I	4580	0.2720725573152403
II	4580	0.08626214977176137
III	4580	0.17728586504166366
IV	4580	0.14134691269135138
V	4580	0.06811845782630584
VI	4580	0.1680220313072575
VII	4580	0.18285240251526208
VIII	4580	0.18924788898111236
IX	4580	0.10449478048957916
X	4580	0.132096369967992
XI	4580	0.04649258566081198
XII	4580	0.14637670809152858
XIII	4580	0.05105843486425704
XIV	4580	0.10697752102742075
XV	4580	0.12130128444200493
XVI	4580	0.21499979959201151
I	4585	0.2720725573152403
II	4585	0.08626214977176137
III	4585	0.17728586504166366
IV	4585	0.14134691269135138
V	4585	0.06811845782630584
VI	4585	0.1680220313072575
VII	4585	0.18285240251526208
VIII	4585	0.18924788898111236
IX	4585	0.10449478048957916
X	4585	0.132096369967992
XI	4585	0.04649258566081198
XII	4585	0.14637670809152858
XIII	4585	0.05105843486425704
XIV	4585	0.10697752102742075
XV	4585	0.12130128444200493
XVI	4585	0.21499979959201151
I	4590	0.2720725573152403
II	4590	0.08626214977176137
III	4590	0.17728586504166366
IV	4590	0.14134691269135138
V	4590	0.06811845782630584
VI	4590	0.1680220313072575
VII	4590	0.18285240251526208
VIII	4590	0.18924788898111236
IX	4590	0.10449478048957916
X	4590	0.132096369967992
XI	4590	0.04649258566081198
XII	4590	0.14637670809152858
XIII	4590	0.05105843486425704
XIV	4590	0.10697752102742075
XV	4590	0.12130128444200493
XVI	4590	0.21015941928093615
I	4595	0.2720725573152403
II	4595	0.08626214977176137
III	4595	0.17728586504166366
IV	4595	0.14134691269135138
V	4595	0.06811845782630584
VI	4595	0.1680220313072575
VII	4595	0.18285240251526208
VIII	4595	0.18924788898111236
IX	4595	0.10449478048957916
X	4595	0.132096369967992
XI	4595	0.04649258566081198
XII	4595	0.14637670809152858
XIII	4595	0.05105843486425704
XIV	4595	0.10697752102742075
XV	4595	0.12130128444200493
XVI	4595	0.21015941928093615
I	4600	0.2720725573152403
II	4600	0.08626214977176137
III	4600	0.17728586504166366
IV	4600	0.14134691269135138
V	4600	0.06811845782630584
VI	4600	0.1680220313072575
VII	4600	0.18285240251526208
VIII	4600	0.18924788898111236
IX	4600	0.10449478048957916
X	4600	0.132096369967992
XI	4600	0.04649258566081198
XII	4600	0.14637670809152858
XIII	4600	0.05105843486425704
XIV	4600	0.10697752102742075
XV	4600	0.12130128444200493
XVI	4600	0.21015941928093615
I	4605	0.2720725573152403
II	4605	0.08626214977176137
III	4605	0.17728586504166366
IV	4605	0.14134691269135138
V	4605	0.06811845782630584
VI	4605	0.1680220313072575
VII	4605	0.18285240251526208
VIII	4605	0.18924788898111236
IX	4605	0.10449478048957916
X	4605	0.132096369967992
XI	4605	0.04649258566081198
XII	4605	0.14637670809152858
XIII	4605	0.05105843486425704
XIV	4605	0.10697752102742075
XV	4605	0.12130128444200493
XVI	4605	0.21015941928093615
I	4610	0.2720725573152403
II	4610	0.08626214977176137
III	4610	0.17728586504166366
IV	4610	0.14134691269135138
V	4610	0.06811845782630584
VI	4610	0.1680220313072575
VII	4610	0.18285240251526208
VIII	4610	0.18924788898111236
IX	4610	0.10449478048957916
X	4610	0.132096369967992
XI	4610	0.04649258566081198
XII	4610	0.14637670809152858
XIII	4610	0.05105843486425704
XIV	4610	0.10697752102742075
XV	4610	0.12130128444200493
XVI	4610	0.21015941928093615
I	4615	0.2720725573152403
II	4615	0.08626214977176137
III	4615	0.17728586504166366
IV	4615	0.14134691269135138
V	4615	0.06811845782630584
VI	4615	0.1680220313072575
VII	4615	0.18285240251526208
VIII	4615	0.18924788898111236
IX	4615	0.10449478048957916
X	4615	0.132096369967992
XI	4615	0.04649258566081198
XII	4615	0.14637670809152858
XIII	4615	0.05105843486425704
XIV	4615	0.10697752102742075
XV	4615	0.12130128444200493
XVI	4615	0.21015941928093615
I	4620	0.2720725573152403
II	4620	0.08626214977176137
III	4620	0.17728586504166366
IV	4620	0.14134691269135138
V	4620	0.06811845782630584
VI	4620	0.1680220313072575
VII	4620	0.18285240251526208
VIII	4620	0.18924788898111236
IX	4620	0.10449478048957916
X	4620	0.132096369967992
XI	4620	0.04649258566081198
XII	4620	0.14637670809152858
XIII	4620	0.05105843486425704
XIV	4620	0.10697752102742075
XV	4620	0.12130128444200493
XVI	4620	0.21015941928093615
I	4625	0.2720725573152403
II	4625	0.08626214977176137
III	4625	0.17728586504166366
IV	4625	0.14134691269135138
V	4625	0.06811845782630584
VI	4625	0.1680220313072575
VII	4625	0.18285240251526208
VIII	4625	0.18924788898111236
IX	4625	0.10449478048957916
X	4625	0.132096369967992
XI	4625	0.04649258566081198
XII	4625	0.14637670809152858
XIII	4625	0.05105843486425704
XIV	4625	0.10697752102742075
XV	4625	0.12130128444200493
XVI	4625	0.21015941928093615
I	4630	0.2720725573152403
II	4630	0.08626214977176137
III	4630	0.16279361063182848
IV	4630	0.14134691269135138
V	4630	0.06811845782630584
VI	4630	0.1680220313072575
VII	4630	0.18285240251526208
VIII	4630	0.18924788898111236
IX	4630	0.10449478048957916
X	4630	0.132096369967992
XI	4630	0.04649258566081198
XII	4630	0.14637670809152858
XIII	4630	0.05105843486425704
XIV	4630	0.10697752102742075
XV	4630	0.12130128444200493
XVI	4630	0.21015941928093615
I	4635	0.2720725573152403
II	4635	0.08626214977176137
III	4635	0.16279361063182848
IV	4635	0.1383226289922601
V	4635	0.06811845782630584
VI	4635	0.1680220313072575
VII	4635	0.18285240251526208
VIII	4635	0.18924788898111236
IX	4635	0.10449478048957916
X	4635	0.132096369967992
XI	4635	0.04649258566081198
XII	4635	0.14637670809152858
XIII	4635	0.05105843486425704
XIV	4635	0.10697752102742075
XV	4635	0.12130128444200493
XVI	4635	0.21015941928093615
I	4640	0.2720725573152403
II	4640	0.08626214977176137
III	4640	0.16279361063182848
IV	4640	0.1383226289922601
V	4640	0.06811845782630584
VI	4640	0.1680220313072575
VII	4640	0.18285240251526208
VIII	4640	0.18924788898111236
IX	4640	0.10449478048957916
X	4640	0.132096369967992
XI	4640	0.04649258566081198
XII	4640	0.14637670809152858
XIII	4640	0.05105843486425704
XIV	4640	0.10697752102742075
XV	4640	0.12130128444200493
XVI	4640	0.21015941928093615
I	4645	0.2720725573152403
II	4645	0.08626214977176137
III	4645	0.16279361063182848
IV	4645	0.1383226289922601
V	4645	0.06811845782630584
VI	4645	0.1680220313072575
VII	4645	0.18285240251526208
VIII	4645	0.18924788898111236
IX	4645	0.10449478048957916
X	4645	0.132096369967992
XI	4645	0.04649258566081198
XII	4645	0.14637670809152858
XIII	4645	0.05105843486425704
XIV	4645	0.10697752102742075
XV	4645	0.12130128444200493
XVI	4645	0.21015941928093615
I	4650	0.2720725573152403
II	4650	0.08626214977176137
III	4650	0.16279361063182848
IV	4650	0.1383226289922601
V	4650	0.06811845782630584
VI	4650	0.1680220313072575
VII	4650	0.18285240251526208
VIII	4650	0.18924788898111236
IX	4650	0.10449478048957916
X	4650	0.132096369967992
XI	4650	0.04649258566081198
XII	4650	0.14637670809152858
XIII	4650	0.05105843486425704
XIV	4650	0.10697752102742075
XV	4650	0.12130128444200493
XVI	4650	0.21015941928093615
I	4655	0.2720725573152403
II	4655	0.08626214977176137
III	4655	0.16279361063182848
IV	4655	0.1383226289922601
V	4655	0.06811845782630584
VI	4655	0.1680220313072575
VII	4655	0.18285240251526208
VIII	4655	0.18924788898111236
IX	4655	0.10449478048957916
X	4655	0.132096369967992
XI	4655	0.04649258566081198
XII	4655	0.14637670809152858
XIII	4655	0.05105843486425704
XIV	4655	0.10697752102742075
XV	4655	0.12130128444200493
XVI	4655	0.21015941928093615
I	4660	0.2720725573152403
II	4660	0.08626214977176137
III	4660	0.16279361063182848
IV	4660	0.1383226289922601
V	4660	0.06811845782630584
VI	4660	0.1680220313072575
VII	4660	0.18285240251526208
VIII	4660	0.18924788898111236
IX	4660	0.10449478048957916
X	4660	0.132096369967992
XI	4660	0.04649258566081198
XII	4660	0.14637670809152858
XIII	4660	0.05105843486425704
XIV	4660	0.10697752102742075
XV	4660	0.12130128444200493
XVI	4660	0.21015941928093615
I	4665	0.2720725573152403
II	4665	0.08626214977176137
III	4665	0.14818862477023137
IV	4665	0.1383226289922601
V	4665	0.06811845782630584
VI	4665	0.1680220313072575
VII	4665	0.18285240251526208
VIII	4665	0.18924788898111236
IX	4665	0.10449478048957916
X	4665	0.132096369967992
XI	4665	0.04649258566081198
XII	4665	0.14637670809152858
XIII	4665	0.05105843486425704
XIV	4665	0.10697752102742075
XV	4665	0.12130128444200493
XVI	4665	0.21015941928093615
I	4670	0.2720725573152403
II	4670	0.08626214977176137
III	4670	0.14818862477023137
IV	4670	0.1383226289922601
V	4670	0.06811845782630584
VI	4670	0.1680220313072575
VII	4670	0.18285240251526208
VIII	4670	0.18924788898111236
IX	4670	0.10449478048957916
X	4670	0.132096369967992
XI	4670	0.04649258566081198
XII	4670	0.14637670809152858
XIII	4670	0.05105843486425704
XIV	4670	0.10697752102742075
XV	4670	0.12130128444200493
XVI	4670	0.21015941928093615
I	4675	0.2720725573152403
II	4675	0.08626214977176137
III	4675	0.14818862477023137
IV	4675	0.1383226289922601
V	4675	0.06811845782630584
VI	4675	0.1680220313072575
VII	4675	0.18285240251526208
VIII	4675	0.18924788898111236
IX	4675	0.10449478048957916
X	4675	0.132096369967992
XI	4675	0.04649258566081198
XII	4675	0.14637670809152858
XIII	4675	0.05105843486425704
XIV	4675	0.10697752102742075
XV	4675	0.12130128444200493
XVI	4675	0.21015941928093615
I	4680	0.2720725573152403
II	4680	0.08626214977176137
III	4680	0.14818862477023137
IV	4680	0.1383226289922601
V	4680	0.06811845782630584
VI	4680	0.1680220313072575
VII	4680	0.18285240251526208
VIII	4680	0.18924788898111236
IX	4680	0.10449478048957916
X	4680	0.132096369967992
XI	4680	0.04649258566081198
XII	4680	0.14637670809152858
XIII	4680	0.05105843486425704
XIV	4680	0.10697752102742075
XV	4680	0.12130128444200493
XVI	4680	0.21015941928093615
I	4685	0.2720725573152403
II	4685	0.08626214977176137
III	4685	0.14818862477023137
IV	4685	0.1383226289922601
V	4685	0.06811845782630584
VI	4685	0.1680220313072575
VII	4685	0.17855794085834234
VIII	4685	0.18924788898111236
IX	4685	0.10449478048957916
X	4685	0.132096369967992
XI	4685	0.04649258566081198
XII	4685	0.14637670809152858
XIII	4685	0.05105843486425704
XIV	4685	0.10697752102742075
XV	4685	0.12130128444200493
XVI	4685	0.21015941928093615
I	4690	0.2720725573152403
II	4690	0.08626214977176137
III	4690	0.14818862477023137
IV	4690	0.1383226289922601
V	4690	0.06811845782630584
VI	4690	0.1680220313072575
VII	4690	0.17855794085834234
VIII	4690	0.18924788898111236
IX	4690	0.10449478048957916
X	4690	0.132096369967992
XI	4690	0.04649258566081198
XII	4690	0.14637670809152858
XIII	4690	0.05105843486425704
XIV	4690	0.10697752102742075
XV	4690	0.12130128444200493
XVI	4690	0.21015941928093615
I	4695	0.2720725573152403
II	4695	0.08626214977176137
III	4695	0.14818862477023137
IV	4695	0.1383226289922601
V	4695	0.06811845782630584
VI	4695	0.1680220313072575
VII	4695	0.17855794085834234
VIII	4695	0.18924788898111236
IX	4695	0.10449478048957916
X	4695	0.132096369967992
XI	4695	0.04649258566081198
XII	4695	0.14637670809152858
XIII	4695	0.05105843486425704
XIV	4695	0.10697752102742075
XV	4695	0.12130128444200493
XVI	4695	0.21015941928093615
I	4700	0.2720725573152403
II	4700	0.08626214977176137
III	4700	0.14818862477023137
IV	4700	0.1383226289922601
V	4700	0.06811845782630584
VI	4700	0.1680220313072575
VII	4700	0.17855794085834234
VIII	4700	0.18924788898111236
IX	4700	0.10449478048957916
X	4700	0.132096369967992
XI	4700	0.04649258566081198
XII	4700	0.14637670809152858
XIII	4700	0.05105843486425704
XIV	4700	0.10697752102742075
XV	4700	0.12130128444200493
XVI	4700	0.21015941928093615
I	4705	0.2720725573152403
II	4705	0.08626214977176137
III	4705	0.14818862477023137
IV	4705	0.1383226289922601
V	4705	0.06811845782630584
VI	4705	0.1680220313072575
VII	4705	0.17855794085834234
VIII	4705	0.18924788898111236
IX	4705	0.10449478048957916
X	4705	0.132096369967992
XI	4705	0.04649258566081198
XII	4705	0.14637670809152858
XIII	4705	0.05105843486425704
XIV	4705	0.10697752102742075
XV	4705	0.12130128444200493
XVI	4705	0.21015941928093615
I	4710	0.2720725573152403
II	4710	0.08626214977176137
III	4710	0.14818862477023137
IV	4710	0.1383226289922601
V	4710	0.06811845782630584
VI	4710	0.1680220313072575
VII	4710	0.17855794085834234
VIII	4710	0.18924788898111236
IX	4710	0.10449478048957916
X	4710	0.132096369967992
XI	4710	0.04649258566081198
XII	4710	0.14637670809152858
XIII	4710	0.05105843486425704
XIV	4710	0.10697752102742075
XV	4710	0.12130128444200493
XVI	4710	0.21015941928093615
I	4715	0.2720725573152403
II	4715	0.08626214977176137
III	4715	0.14818862477023137
IV	4715	0.1383226289922601
V	4715	0.06811845782630584
VI	4715	0.1680220313072575
VII	4715	0.17855794085834234
VIII	4715	0.18924788898111236
IX	4715	0.10449478048957916
X	4715	0.132096369967992
XI	4715	0.04649258566081198
XII	4715	0.14637670809152858
XIII	4715	0.05105843486425704
XIV	4715	0.10697752102742075
XV	4715	0.12130128444200493
XVI	4715	0.21015941928093615
I	4720	0.2720725573152403
II	4720	0.08626214977176137
III	4720	0.14818862477023137
IV	4720	0.1383226289922601
V	4720	0.06811845782630584
VI	4720	0.1680220313072575
VII	4720	0.17855794085834234
VIII	4720	0.18924788898111236
IX	4720	0.10449478048957916
X	4720	0.132096369967992
XI	4720	0.04649258566081198
XII	4720	0.14637670809152858
XIII	4720	0.05105843486425704
XIV	4720	0.10697752102742075
XV	4720	0.12130128444200493
XVI	4720	0.21015941928093615
I	4725	0.2720725573152403
II	4725	0.08626214977176137
III	4725	0.14818862477023137
IV	4725	0.1383226289922601
V	4725	0.06811845782630584
VI	4725	0.1680220313072575
VII	4725	0.17855794085834234
VIII	4725	0.18924788898111236
IX	4725	0.10449478048957916
X	4725	0.132096369967992
XI	4725	0.04649258566081198
XII	4725	0.14637670809152858
XIII	4725	0.05105843486425704
XIV	4725	0.10697752102742075
XV	4725	0.12130128444200493
XVI	4725	0.21015941928093615
I	4730	0.2720725573152403
II	4730	0.08626214977176137
III	4730	0.14818862477023137
IV	4730	0.1383226289922601
V	4730	0.06811845782630584
VI	4730	0.1680220313072575
VII	4730	0.17855794085834234
VIII	4730	0.18924788898111236
IX	4730	0.10449478048957916
X	4730	0.132096369967992
XI	4730	0.04649258566081198
XII	4730	0.14637670809152858
XIII	4730	0.05105843486425704
XIV	4730	0.10697752102742075
XV	4730	0.12130128444200493
XVI	4730	0.21015941928093615
I	4735	0.2720725573152403
II	4735	0.08626214977176137
III	4735	0.14818862477023137
IV	4735	0.1383226289922601
V	4735	0.06811845782630584
VI	4735	0.1680220313072575
VII	4735	0.17855794085834234
VIII	4735	0.18924788898111236
IX	4735	0.10449478048957916
X	4735	0.132096369967992
XI	4735	0.04649258566081198
XII	4735	0.14637670809152858
XIII	4735	0.05105843486425704
XIV	4735	0.10697752102742075
XV	4735	0.12130128444200493
XVI	4735	0.21015941928093615
I	4740	0.2720725573152403
II	4740	0.08626214977176137
III	4740	0.14818862477023137
IV	4740	0.1383226289922601
V	4740	0.06811845782630584
VI	4740	0.1680220313072575
VII	4740	0.17855794085834234
VIII	4740	0.18924788898111236
IX	4740	0.10449478048957916
X	4740	0.132096369967992
XI	4740	0.04649258566081198
XII	4740	0.14637670809152858
XIII	4740	0.05105843486425704
XIV	4740	0.10697752102742075
XV	4740	0.12130128444200493
XVI	4740	0.21015941928093615
I	4745	0.2720725573152403
II	4745	0.08626214977176137
III	4745	0.14818862477023137
IV	4745	0.1383226289922601
V	4745	0.06811845782630584
VI	4745	0.1680220313072575
VII	4745	0.17855794085834234
VIII	4745	0.18924788898111236
IX	4745	0.10449478048957916
X	4745	0.132096369967992
XI	4745	0.04649258566081198
XII	4745	0.14637670809152858
XIII	4745	0.05105843486425704
XIV	4745	0.10697752102742075
XV	4745	0.12130128444200493
XVI	4745	0.21015941928093615
I	4750	0.2720725573152403
II	4750	0.08626214977176137
III	4750	0.14818862477023137
IV	4750	0.1383226289922601
V	4750	0.06811845782630584
VI	4750	0.1680220313072575
VII	4750	0.17855794085834234
VIII	4750	0.18924788898111236
IX	4750	0.10449478048957916
X	4750	0.132096369967992
XI	4750	0.04649258566081198
XII	4750	0.14637670809152858
XIII	4750	0.05105843486425704
XIV	4750	0.10697752102742075
XV	4750	0.12130128444200493
XVI	4750	0.21015941928093615
I	4755	0.2720725573152403
II	4755	0.08626214977176137
III	4755	0.14818862477023137
IV	4755	0.1383226289922601
V	4755	0.06811845782630584
VI	4755	0.1680220313072575
VII	4755	0.17855794085834234
VIII	4755	0.18924788898111236
IX	4755	0.10449478048957916
X	4755	0.132096369967992
XI	4755	0.04649258566081198
XII	4755	0.14637670809152858
XIII	4755	0.05105843486425704
XIV	4755	0.10697752102742075
XV	4755	0.12130128444200493
XVI	4755	0.21015941928093615
I	4760	0.2720725573152403
II	4760	0.08626214977176137
III	4760	0.14818862477023137
IV	4760	0.1383226289922601
V	4760	0.06811845782630584
VI	4760	0.1680220313072575
VII	4760	0.17855794085834234
VIII	4760	0.18924788898111236
IX	4760	0.10449478048957916
X	4760	0.132096369967992
XI	4760	0.04649258566081198
XII	4760	0.14637670809152858
XIII	4760	0.05105843486425704
XIV	4760	0.10697752102742075
XV	4760	0.12130128444200493
XVI	4760	0.21015941928093615
I	4765	0.2720725573152403
II	4765	0.08626214977176137
III	4765	0.1332798902747203
IV	4765	0.1383226289922601
V	4765	0.06811845782630584
VI	4765	0.1680220313072575
VII	4765	0.17855794085834234
VIII	4765	0.18924788898111236
IX	4765	0.10449478048957916
X	4765	0.132096369967992
XI	4765	0.04649258566081198
XII	4765	0.14637670809152858
XIII	4765	0.05105843486425704
XIV	4765	0.10697752102742075
XV	4765	0.12130128444200493
XVI	4765	0.21015941928093615
I	4770	0.2720725573152403
II	4770	0.08626214977176137
III	4770	0.1332798902747203
IV	4770	0.13520956856468266
V	4770	0.06811845782630584
VI	4770	0.1680220313072575
VII	4770	0.17855794085834234
VIII	4770	0.18924788898111236
IX	4770	0.10449478048957916
X	4770	0.132096369967992
XI	4770	0.04649258566081198
XII	4770	0.14637670809152858
XIII	4770	0.05105843486425704
XIV	4770	0.10697752102742075
XV	4770	0.12130128444200493
XVI	4770	0.2051312883280278
I	4775	0.2720725573152403
II	4775	0.08626214977176137
III	4775	0.1332798902747203
IV	4775	0.13520956856468266
V	4775	0.06811845782630584
VI	4775	0.1680220313072575
VII	4775	0.17855794085834234
VIII	4775	0.18924788898111236
IX	4775	0.10449478048957916
X	4775	0.132096369967992
XI	4775	0.04649258566081198
XII	4775	0.14637670809152858
XIII	4775	0.05105843486425704
XIV	4775	0.10697752102742075
XV	4775	0.12130128444200493
XVI	4775	0.2051312883280278
I	4780	0.2720725573152403
II	4780	0.08626214977176137
III	4780	0.1332798902747203
IV	4780	0.13520956856468266
V	4780	0.06811845782630584
VI	4780	0.1680220313072575
VII	4780	0.17855794085834234
VIII	4780	0.18924788898111236
IX	4780	0.10449478048957916
X	4780	0.132096369967992
XI	4780	0.04649258566081198
XII	4780	0.14637670809152858
XIII	4780	0.05105843486425704
XIV	4780	0.10697752102742075
XV	4780	0.12130128444200493
XVI	4780	0.2051312883280278
I	4785	0.2720725573152403
II	4785	0.08626214977176137
III	4785	0.1332798902747203
IV	4785	0.13520956856468266
V	4785	0.06811845782630584
VI	4785	0.1680220313072575
VII	4785	0.17855794085834234
VIII	4785	0.18924788898111236
IX	4785	0.10449478048957916
X	4785	0.132096369967992
XI	4785	0.04649258566081198
XII	4785	0.14637670809152858
XIII	4785	0.05105843486425704
XIV	4785	0.10697752102742075
XV	4785	0.12130128444200493
XVI	4785	0.2051312883280278
I	4790	0.2720725573152403
II	4790	0.08626214977176137
III	4790	0.1332798902747203
IV	4790	0.13520956856468266
V	4790	0.06811845782630584
VI	4790	0.1680220313072575
VII	4790	0.17855794085834234
VIII	4790	0.18924788898111236
IX	4790	0.10449478048957916
X	4790	0.132096369967992
XI	4790	0.04649258566081198
XII	4790	0.14193773378582553
XIII	4790	0.05105843486425704
XIV	4790	0.10697752102742075
XV	4790	0.12130128444200493
XVI	4790	0.2051312883280278
I	4795	0.2720725573152403
II	4795	0.08626214977176137
III	4795	0.1332798902747203
IV	4795	0.13520956856468266
V	4795	0.06811845782630584
VI	4795	0.1680220313072575
VII	4795	0.17855794085834234
VIII	4795	0.18924788898111236
IX	4795	0.10449478048957916
X	4795	0.132096369967992
XI	4795	0.04649258566081198
XII	4795	0.14193773378582553
XIII	4795	0.05105843486425704
XIV	4795	0.10697752102742075
XV	4795	0.12130128444200493
XVI	4795	0.2051312883280278
I	4800	0.2720725573152403
II	4800	0.08626214977176137
III	4800	0.1332798902747203
IV	4800	0.13520956856468266
V	4800	0.06811845782630584
VI	4800	0.1680220313072575
VII	4800	0.17855794085834234
VIII	4800	0.18924788898111236
IX	4800	0.10449478048957916
X	4800	0.132096369967992
XI	4800	0.04649258566081198
XII	4800	0.14193773378582553
XIII	4800	0.05105843486425704
XIV	4800	0.10697752102742075
XV	4800	0.12130128444200493
XVI	4800	0.2051312883280278
I	4805	0.2720725573152403
II	4805	0.08626214977176137
III	4805	0.1332798902747203
IV	4805	0.13520956856468266
V	4805	0.06811845782630584
VI	4805	0.1680220313072575
VII	4805	0.17855794085834234
VIII	4805	0.18924788898111236
IX	4805	0.10449478048957916
X	4805	0.132096369967992
XI	4805	0.04649258566081198
XII	4805	0.14193773378582553
XIII	4805	0.05105843486425704
XIV	4805	0.10697752102742075
XV	4805	0.12130128444200493
XVI	4805	0.2051312883280278
I	4810	0.2720725573152403
II	4810	0.08626214977176137
III	4810	0.1332798902747203
IV	4810	0.13520956856468266
V	4810	0.06811845782630584
VI	4810	0.1680220313072575
VII	4810	0.17855794085834234
VIII	4810	0.18924788898111236
IX	4810	0.10449478048957916
X	4810	0.132096369967992
XI	4810	0.04649258566081198
XII	4810	0.14193773378582553
XIII	4810	0.05105843486425704
XIV	4810	0.10697752102742075
XV	4810	0.12130128444200493
XVI	4810	0.2051312883280278
I	4815	0.2720725573152403
II	4815	0.08626214977176137
III	4815	0.1332798902747203
IV	4815	0.13520956856468266
V	4815	0.06811845782630584
VI	4815	0.1680220313072575
VII	4815	0.17855794085834234
VIII	4815	0.18924788898111236
IX	4815	0.10449478048957916
X	4815	0.132096369967992
XI	4815	0.04649258566081198
XII	4815	0.14193773378582553
XIII	4815	0.05105843486425704
XIV	4815	0.10697752102742075
XV	4815	0.12130128444200493
XVI	4815	0.2051312883280278
I	4820	0.2720725573152403
II	4820	0.08626214977176137
III	4820	0.1332798902747203
IV	4820	0.13520956856468266
V	4820	0.06811845782630584
VI	4820	0.1680220313072575
VII	4820	0.17855794085834234
VIII	4820	0.18924788898111236
IX	4820	0.10449478048957916
X	4820	0.132096369967992
XI	4820	0.04649258566081198
XII	4820	0.14193773378582553
XIII	4820	0.05105843486425704
XIV	4820	0.10697752102742075
XV	4820	0.12130128444200493
XVI	4820	0.2051312883280278
I	4825	0.2720725573152403
II	4825	0.08626214977176137
III	4825	0.1332798902747203
IV	4825	0.13520956856468266
V	4825	0.06811845782630584
VI	4825	0.1680220313072575
VII	4825	0.17855794085834234
VIII	4825	0.18924788898111236
IX	4825	0.10449478048957916
X	4825	0.132096369967992
XI	4825	0.04649258566081198
XII	4825	0.13746444229472526
XIII	4825	0.05105843486425704
XIV	4825	0.10697752102742075
XV	4825	0.12130128444200493
XVI	4825	0.2051312883280278
I	4830	0.2720725573152403
II	4830	0.08626214977176137
III	4830	0.1332798902747203
IV	4830	0.13520956856468266
V	4830	0.06811845782630584
VI	4830	0.1680220313072575
VII	4830	0.17855794085834234
VIII	4830	0.18924788898111236
IX	4830	0.10449478048957916
X	4830	0.132096369967992
XI	4830	0.04649258566081198
XII	4830	0.13746444229472526
XIII	4830	0.05105843486425704
XIV	4830	0.10697752102742075
XV	4830	0.12130128444200493
XVI	4830	0.2051312883280278
I	4835	0.2720725573152403
II	4835	0.08626214977176137
III	4835	0.1332798902747203
IV	4835	0.13520956856468266
V	4835	0.06811845782630584
VI	4835	0.1680220313072575
VII	4835	0.17855794085834234
VIII	4835	0.18924788898111236
IX	4835	0.10449478048957916
X	4835	0.132096369967992
XI	4835	0.04649258566081198
XII	4835	0.13746444229472526
XIII	4835	0.05105843486425704
XIV	4835	0.10697752102742075
XV	4835	0.12130128444200493
XVI	4835	0.2051312883280278
I	4840	0.2720725573152403
II	4840	0.08626214977176137
III	4840	0.1332798902747203
IV	4840	0.13520956856468266
V	4840	0.06811845782630584
VI	4840	0.1680220313072575
VII	4840	0.17855794085834234
VIII	4840	0.18924788898111236
IX	4840	0.10449478048957916
X	4840	0.132096369967992
XI	4840	0.04649258566081198
XII	4840	0.13746444229472526
XIII	4840	0.05105843486425704
XIV	4840	0.10697752102742075
XV	4840	0.12130128444200493
XVI	4840	0.2051312883280278
I	4845	0.2720725573152403
II	4845	0.08626214977176137
III	4845	0.1332798902747203
IV	4845	0.13520956856468266
V	4845	0.06811845782630584
VI	4845	0.1680220313072575
VII	4845	0.17855794085834234
VIII	4845	0.18924788898111236
IX	4845	0.10449478048957916
X	4845	0.132096369967992
XI	4845	0.04649258566081198
XII	4845	0.13746444229472526
XIII	4845	0.05105843486425704
XIV	4845	0.10697752102742075
XV	4845	0.12130128444200493
XVI	4845	0.2051312883280278
I	4850	0.2720725573152403
II	4850	0.08626214977176137
III	4850	0.1332798902747203
IV	4850	0.13520956856468266
V	4850	0.06811845782630584
VI	4850	0.1680220313072575
VII	4850	0.17855794085834234
VIII	4850	0.18924788898111236
IX	4850	0.10449478048957916
X	4850	0.132096369967992
XI	4850	0.04649258566081198
XII	4850	0.13746444229472526
XIII	4850	0.05105843486425704
XIV	4850	0.10697752102742075
XV	4850	0.12130128444200493
XVI	4850	0.2051312883280278
I	4855	0.2720725573152403
II	4855	0.08626214977176137
III	4855	0.1332798902747203
IV	4855	0.13520956856468266
V	4855	0.06811845782630584
VI	4855	0.1680220313072575
VII	4855	0.17855794085834234
VIII	4855	0.18924788898111236
IX	4855	0.10449478048957916
X	4855	0.132096369967992
XI	4855	0.04649258566081198
XII	4855	0.13746444229472526
XIII	4855	0.05105843486425704
XIV	4855	0.10697752102742075
XV	4855	0.12130128444200493
XVI	4855	0.2051312883280278
I	4860	0.2720725573152403
II	4860	0.08626214977176137
III	4860	0.1332798902747203
IV	4860	0.13520956856468266
V	4860	0.06811845782630584
VI	4860	0.1680220313072575
VII	4860	0.17855794085834234
VIII	4860	0.18924788898111236
IX	4860	0.10449478048957916
X	4860	0.132096369967992
XI	4860	0.04649258566081198
XII	4860	0.13746444229472526
XIII	4860	0.05105843486425704
XIV	4860	0.10697752102742075
XV	4860	0.12130128444200493
XVI	4860	0.2051312883280278
I	4865	0.2720725573152403
II	4865	0.08626214977176137
III	4865	0.1332798902747203
IV	4865	0.13520956856468266
V	4865	0.06811845782630584
VI	4865	0.1680220313072575
VII	4865	0.17855794085834234
VIII	4865	0.18924788898111236
IX	4865	0.10449478048957916
X	4865	0.132096369967992
XI	4865	0.04649258566081198
XII	4865	0.13746444229472526
XIII	4865	0.05105843486425704
XIV	4865	0.10697752102742075
XV	4865	0.12130128444200493
XVI	4865	0.2051312883280278
I	4870	0.2720725573152403
II	4870	0.08626214977176137
III	4870	0.1332798902747203
IV	4870	0.13520956856468266
V	4870	0.06811845782630584
VI	4870	0.1680220313072575
VII	4870	0.17855794085834234
VIII	4870	0.18924788898111236
IX	4870	0.10449478048957916
X	4870	0.132096369967992
XI	4870	0.04649258566081198
XII	4870	0.13746444229472526
XIII	4870	0.05105843486425704
XIV	4870	0.10697752102742075
XV	4870	0.12130128444200493
XVI	4870	0.2051312883280278
I	4875	0.2720725573152403
II	4875	0.08626214977176137
III	4875	0.1332798902747203
IV	4875	0.13520956856468266
V	4875	0.06811845782630584
VI	4875	0.1680220313072575
VII	4875	0.17855794085834234
VIII	4875	0.18924788898111236
IX	4875	0.10449478048957916
X	4875	0.132096369967992
XI	4875	0.04649258566081198
XII	4875	0.13746444229472526
XIII	4875	0.05105843486425704
XIV	4875	0.10697752102742075
XV	4875	0.12130128444200493
XVI	4875	0.2051312883280278
I	4880	0.2720725573152403
II	4880	0.08626214977176137
III	4880	0.1332798902747203
IV	4880	0.13520956856468266
V	4880	0.06811845782630584
VI	4880	0.1680220313072575
VII	4880	0.17855794085834234
VIII	4880	0.18924788898111236
IX	4880	0.10449478048957916
X	4880	0.132096369967992
XI	4880	0.04649258566081198
XII	4880	0.13746444229472526
XIII	4880	0.05105843486425704
XIV	4880	0.10697752102742075
XV	4880	0.12130128444200493
XVI	4880	0.2051312883280278
I	4885	0.2720725573152403
II	4885	0.08626214977176137
III	4885	0.1332798902747203
IV	4885	0.13520956856468266
V	4885	0.06811845782630584
VI	4885	0.1680220313072575
VII	4885	0.17855794085834234
VIII	4885	0.18924788898111236
IX	4885	0.10449478048957916
X	4885	0.132096369967992
XI	4885	0.04649258566081198
XII	4885	0.13746444229472526
XIII	4885	0.05105843486425704
XIV	4885	0.10697752102742075
XV	4885	0.12130128444200493
XVI	4885	0.2051312883280278
I	4890	0.2720725573152403
II	4890	0.08626214977176137
III	4890	0.1332798902747203
IV	4890	0.13520956856468266
V	4890	0.06811845782630584
VI	4890	0.1680220313072575
VII	4890	0.17855794085834234
VIII	4890	0.18924788898111236
IX	4890	0.10449478048957916
X	4890	0.132096369967992
XI	4890	0.04649258566081198
XII	4890	0.13746444229472526
XIII	4890	0.05105843486425704
XIV	4890	0.10697752102742075
XV	4890	0.12130128444200493
XVI	4890	0.2051312883280278
I	4895	0.2720725573152403
II	4895	0.08626214977176137
III	4895	0.1332798902747203
IV	4895	0.13520956856468266
V	4895	0.06811845782630584
VI	4895	0.1680220313072575
VII	4895	0.17855794085834234
VIII	4895	0.18924788898111236
IX	4895	0.10449478048957916
X	4895	0.132096369967992
XI	4895	0.04649258566081198
XII	4895	0.13746444229472526
XIII	4895	0.05105843486425704
XIV	4895	0.10697752102742075
XV	4895	0.12130128444200493
XVI	4895	0.2051312883280278
I	4900	0.2720725573152403
II	4900	0.08626214977176137
III	4900	0.1332798902747203
IV	4900	0.13520956856468266
V	4900	0.06811845782630584
VI	4900	0.1680220313072575
VII	4900	0.17855794085834234
VIII	4900	0.18924788898111236
IX	4900	0.10449478048957916
X	4900	0.132096369967992
XI	4900	0.04649258566081198
XII	4900	0.13746444229472526
XIII	4900	0.05105843486425704
XIV	4900	0.10697752102742075
XV	4900	0.12130128444200493
XVI	4900	0.2051312883280278
I	4905	0.2720725573152403
II	4905	0.08626214977176137
III	4905	0.1332798902747203
IV	4905	0.13520956856468266
V	4905	0.06811845782630584
VI	4905	0.1680220313072575
VII	4905	0.1740654848112637
VIII	4905	0.18924788898111236
IX	4905	0.10449478048957916
X	4905	0.132096369967992
XI	4905	0.04649258566081198
XII	4905	0.13746444229472526
XIII	4905	0.05105843486425704
XIV	4905	0.10697752102742075
XV	4905	0.11680935699094008
XVI	4905	0.2051312883280278
I	4910	0.2720725573152403
II	4910	0.08626214977176137
III	4910	0.1332798902747203
IV	4910	0.13520956856468266
V	4910	0.06811845782630584
VI	4910	0.1680220313072575
VII	4910	0.1740654848112637
VIII	4910	0.18924788898111236
IX	4910	0.10449478048957916
X	4910	0.132096369967992
XI	4910	0.04649258566081198
XII	4910	0.13746444229472526
XIII	4910	0.05105843486425704
XIV	4910	0.10697752102742075
XV	4910	0.11680935699094008
XVI	4910	0.2051312883280278
I	4915	0.2720725573152403
II	4915	0.08626214977176137
III	4915	0.1332798902747203
IV	4915	0.13520956856468266
V	4915	0.06811845782630584
VI	4915	0.1680220313072575
VII	4915	0.1740654848112637
VIII	4915	0.18924788898111236
IX	4915	0.10449478048957916
X	4915	0.132096369967992
XI	4915	0.04649258566081198
XII	4915	0.13746444229472526
XIII	4915	0.05105843486425704
XIV	4915	0.10697752102742075
XV	4915	0.11680935699094008
XVI	4915	0.2051312883280278
I	4920	0.2720725573152403
II	4920	0.08626214977176137
III	4920	0.1332798902747203
IV	4920	0.13520956856468266
V	4920	0.06811845782630584
VI	4920	0.1680220313072575
VII	4920	0.1740654848112637
VIII	4920	0.18924788898111236
IX	4920	0.10449478048957916
X	4920	0.132096369967992
XI	4920	0.04649258566081198
XII	4920	0.13746444229472526
XIII	4920	0.05105843486425704
XIV	4920	0.10697752102742075
XV	4920	0.11680935699094008
XVI	4920	0.2051312883280278
I	4925	0.2720725573152403
II	4925	0.08626214977176137
III	4925	0.1332798902747203
IV	4925	0.13520956856468266
V	4925	0.06811845782630584
VI	4925	0.14980326546022557
VII	4925	0.1740654848112637
VIII	4925	0.18924788898111236
IX	4925	0.10449478048957916
X	4925	0.132096369967992
XI	4925	0.04649258566081198
XII	4925	0.13746444229472526
XIII	4925	0.05105843486425704
XIV	4925	0.10697752102742075
XV	4925	0.11680935699094008
XVI	4925	0.2051312883280278
I	4930	0.2720725573152403
II	4930	0.08626214977176137
III	4930	0.1332798902747203
IV	4930	0.13520956856468266
V	4930	0.06811845782630584
VI	4930	0.14980326546022557
VII	4930	0.1740654848112637
VIII	4930	0.18924788898111236
IX	4930	0.10449478048957916
X	4930	0.132096369967992
XI	4930	0.04649258566081198
XII	4930	0.13746444229472526
XIII	4930	0.05105843486425704
XIV	4930	0.10697752102742075
XV	4930	0.11680935699094008
XVI	4930	0.2051312883280278
I	4935	0.2720725573152403
II	4935	0.08626214977176137
III	4935	0.1332798902747203
IV	4935	0.13520956856468266
V	4935	0.06811845782630584
VI	4935	0.14980326546022557
VII	4935	0.1740654848112637
VIII	4935	0.18924788898111236
IX	4935	0.10449478048957916
X	4935	0.132096369967992
XI	4935	0.04649258566081198
XII	4935	0.13746444229472526
XIII	4935	0.05105843486425704
XIV	4935	0.10697752102742075
XV	4935	0.11680935699094008
XVI	4935	0.2051312883280278
I	4940	0.2720725573152403
II	4940	0.08626214977176137
III	4940	0.1332798902747203
IV	4940	0.13520956856468266
V	4940	0.06811845782630584
VI	4940	0.14980326546022557
VII	4940	0.1740654848112637
VIII	4940	0.18924788898111236
IX	4940	0.10449478048957916
X	4940	0.132096369967992
XI	4940	0.04649258566081198
XII	4940	0.13746444229472526
XIII	4940	0.05105843486425704
XIV	4940	0.10697752102742075
XV	4940	0.11680935699094008
XVI	4940	0.2051312883280278
I	4945	0.2720725573152403
II	4945	0.08626214977176137
III	4945	0.1332798902747203
IV	4945	0.13520956856468266
V	4945	0.06811845782630584
VI	4945	0.14980326546022557
VII	4945	0.1740654848112637
VIII	4945	0.18924788898111236
IX	4945	0.10449478048957916
X	4945	0.132096369967992
XI	4945	0.04649258566081198
XII	4945	0.13288170680695285
XIII	4945	0.05105843486425704
XIV	4945	0.10697752102742075
XV	4945	0.11680935699094008
XVI	4945	0.2051312883280278
I	4950	0.2720725573152403
II	4950	0.08626214977176137
III	4950	0.1332798902747203
IV	4950	0.13520956856468266
V	4950	0.06811845782630584
VI	4950	0.14980326546022557
VII	4950	0.1740654848112637
VIII	4950	0.18924788898111236
IX	4950	0.10449478048957916
X	4950	0.132096369967992
XI	4950	0.04649258566081198
XII	4950	0.13288170680695285
XIII	4950	0.05105843486425704
XIV	4950	0.10697752102742075
XV	4950	0.11680935699094008
XVI	4950	0.2051312883280278
I	4955	0.2720725573152403
II	4955	0.08626214977176137
III	4955	0.1332798902747203
IV	4955	0.13520956856468266
V	4955	0.06811845782630584
VI	4955	0.14980326546022557
VII	4955	0.1740654848112637
VIII	4955	0.18924788898111236
IX	4955	0.10449478048957916
X	4955	0.132096369967992
XI	4955	0.04649258566081198
XII	4955	0.13288170680695285
XIII	4955	0.05105843486425704
XIV	4955	0.10697752102742075
XV	4955	0.11680935699094008
XVI	4955	0.2051312883280278
I	4960	0.2720725573152403
II	4960	0.08626214977176137
III	4960	0.1332798902747203
IV	4960	0.13520956856468266
V	4960	0.06811845782630584
VI	4960	0.14980326546022557
VII	4960	0.1740654848112637
VIII	4960	0.18924788898111236
IX	4960	0.10449478048957916
X	4960	0.132096369967992
XI	4960	0.04649258566081198
XII	4960	0.13288170680695285
XIII	4960	0.05105843486425704
XIV	4960	0.10697752102742075
XV	4960	0.11680935699094008
XVI	4960	0.2051312883280278
I	4965	0.2720725573152403
II	4965	0.08626214977176137
III	4965	0.1332798902747203
IV	4965	0.13520956856468266
V	4965	0.06811845782630584
VI	4965	0.14980326546022557
VII	4965	0.1740654848112637
VIII	4965	0.18924788898111236
IX	4965	0.10449478048957916
X	4965	0.132096369967992
XI	4965	0.04649258566081198
XII	4965	0.13288170680695285
XIII	4965	0.05105843486425704
XIV	4965	0.10697752102742075
XV	4965	0.11680935699094008
XVI	4965	0.2051312883280278
I	4970	0.2720725573152403
II	4970	0.08626214977176137
III	4970	0.1332798902747203
IV	4970	0.13520956856468266
V	4970	0.06811845782630584
VI	4970	0.14980326546022557
VII	4970	0.1740654848112637
VIII	4970	0.18924788898111236
IX	4970	0.10449478048957916
X	4970	0.132096369967992
XI	4970	0.04649258566081198
XII	4970	0.13288170680695285
XIII	4970	0.05105843486425704
XIV	4970	0.10697752102742075
XV	4970	0.11680935699094008
XVI	4970	0.2051312883280278
I	4975	0.2720725573152403
II	4975	0.08626214977176137
III	4975	0.1332798902747203
IV	4975	0.13520956856468266
V	4975	0.06811845782630584
VI	4975	0.14980326546022557
VII	4975	0.1740654848112637
VIII	4975	0.18924788898111236
IX	4975	0.10449478048957916
X	4975	0.132096369967992
XI	4975	0.04649258566081198
XII	4975	0.13288170680695285
XIII	4975	0.05105843486425704
XIV	4975	0.10697752102742075
XV	4975	0.11680935699094008
XVI	4975	0.2051312883280278
I	4980	0.2720725573152403
II	4980	0.08626214977176137
III	4980	0.1332798902747203
IV	4980	0.13520956856468266
V	4980	0.06811845782630584
VI	4980	0.14980326546022557
VII	4980	0.1740654848112637
VIII	4980	0.18924788898111236
IX	4980	0.10449478048957916
X	4980	0.132096369967992
XI	4980	0.04649258566081198
XII	4980	0.13288170680695285
XIII	4980	0.05105843486425704
XIV	4980	0.10697752102742075
XV	4980	0.11680935699094008
XVI	4980	0.19988165380891204
I	4985	0.2720725573152403
II	4985	0.08626214977176137
III	4985	0.1332798902747203
IV	4985	0.13520956856468266
V	4985	0.06811845782630584
VI	4985	0.14980326546022557
VII	4985	0.1740654848112637
VIII	4985	0.18924788898111236
IX	4985	0.10449478048957916
X	4985	0.132096369967992
XI	4985	0.04649258566081198
XII	4985	0.13288170680695285
XIII	4985	0.05105843486425704
XIV	4985	0.10697752102742075
XV	4985	0.11680935699094008
XVI	4985	0.19988165380891204
I	4990	0.2720725573152403
II	4990	0.08626214977176137
III	4990	0.1332798902747203
IV	4990	0.13520956856468266
V	4990	0.06811845782630584
VI	4990	0.14980326546022557
VII	4990	0.1740654848112637
VIII	4990	0.18924788898111236
IX	4990	0.10449478048957916
X	4990	0.132096369967992
XI	4990	0.04649258566081198
XII	4990	0.13288170680695285
XIII	4990	0.05105843486425704
XIV	4990	0.10697752102742075
XV	4990	0.11680935699094008
XVI	4990	0.19988165380891204
I	4995	0.2720725573152403
II	4995	0.08626214977176137
III	4995	0.1332798902747203
IV	4995	0.13520956856468266
V	4995	0.06811845782630584
VI	4995	0.14980326546022557
VII	4995	0.1740654848112637
VIII	4995	0.18924788898111236
IX	4995	0.10449478048957916
X	4995	0.132096369967992
XI	4995	0.04649258566081198
XII	4995	0.13288170680695285
XIII	4995	0.05105843486425704
XIV	4995	0.10697752102742075
XV	4995	0.11680935699094008
XVI	4995	0.19988165380891204
